"num","domain_name","query_time","create_date","update_date","expiry_date","domain_registrar_id","domain_registrar_name","domain_registrar_whois","domain_registrar_url","registrant_name","registrant_company","registrant_address","registrant_city","registrant_state","registrant_zip","registrant_country","registrant_email","registrant_phone","registrant_fax","administrative_name","administrative_company","administrative_address","administrative_city","administrative_state","administrative_zip","administrative_country","administrative_email","administrative_phone","administrative_fax","technical_name","technical_company","technical_address","technical_city","technical_state","technical_zip","technical_country","technical_email","technical_phone","technical_fax","billing_name","billing_company","billing_address","billing_city","billing_state","billing_zip","billing_country","billing_email","billing_phone","billing_fax","name_server_1","name_server_2","name_server_3","name_server_4","domain_status_1","domain_status_2","domain_status_3","domain_status_4"
"1","3666515.com","2019-12-03 18:37:39","2019-12-02","2019-12-02","2020-12-02","1387","1API GmbH","whois.1api.net","http://www.1api.net","REDACTED FOR PRIVACY","REDACTED FOR PRIVACY","REDACTED FOR PRIVACY","REDACTED FOR PRIVACY","Beijing","REDACTED FOR PRIVACY","Afghanistan","","REDACTED FOR PRIVACY","","REDACTED FOR PRIVACY","REDACTED FOR PRIVACY","REDACTED FOR PRIVACY","REDACTED FOR PRIVACY","REDACTED FOR PRIVACY","REDACTED FOR PRIVACY","REDACTED FOR PRIVACY","","REDACTED FOR PRIVACY","","REDACTED FOR PRIVACY","REDACTED FOR PRIVACY","REDACTED FOR PRIVACY","REDACTED FOR PRIVACY","REDACTED FOR PRIVACY","REDACTED FOR PRIVACY","REDACTED FOR PRIVACY","","REDACTED FOR PRIVACY","","","","","","","","","","","","ns1.ispapi.net","ns2.ispapi.net","ns3.ispapi.net","","clientTransferProhibited","","",""
"2","5666522.com","2019-12-03 15:57:20","2019-12-02","2019-12-02","2020-12-02","1387","1API GmbH","whois.1api.net","http://www.1api.net","REDACTED FOR PRIVACY","REDACTED FOR PRIVACY","REDACTED FOR PRIVACY","REDACTED FOR PRIVACY","Beijing","REDACTED FOR PRIVACY","Afghanistan","","REDACTED FOR PRIVACY","","REDACTED FOR PRIVACY","REDACTED FOR PRIVACY","REDACTED FOR PRIVACY","REDACTED FOR PRIVACY","REDACTED FOR PRIVACY","REDACTED FOR PRIVACY","REDACTED FOR PRIVACY","","REDACTED FOR PRIVACY","","REDACTED FOR PRIVACY","REDACTED FOR PRIVACY","REDACTED FOR PRIVACY","REDACTED FOR PRIVACY","REDACTED FOR PRIVACY","REDACTED FOR PRIVACY","REDACTED FOR PRIVACY","","REDACTED FOR PRIVACY","","","","","","","","","","","","ns1.ispapi.net","ns2.ispapi.net","ns3.ispapi.net","","clientTransferProhibited","","",""
"3","agahteam.com","2019-12-03 18:56:39","2019-12-02","2019-12-02","2020-12-02","1647","Hosting Concepts B.V. dba Openprovider","whois.registrar.eu","http://www.openprovider.com","REDACTED FOR PRIVACY","","REDACTED FOR PRIVACY","REDACTED FOR PRIVACY","tehran","REDACTED FOR PRIVACY","Afghanistan","","REDACTED FOR PRIVACY","REDACTED FOR PRIVACY","REDACTED FOR PRIVACY","REDACTED FOR PRIVACY","REDACTED FOR PRIVACY","REDACTED FOR PRIVACY","REDACTED FOR PRIVACY","REDACTED FOR PRIVACY","REDACTED FOR PRIVACY","","REDACTED FOR PRIVACY","REDACTED FOR PRIVACY","REDACTED FOR PRIVACY","REDACTED FOR PRIVACY","REDACTED FOR PRIVACY","REDACTED FOR PRIVACY","REDACTED FOR PRIVACY","REDACTED FOR PRIVACY","REDACTED FOR PRIVACY","","REDACTED FOR PRIVACY","REDACTED FOR PRIVACY","","","","","","","","","","","ns43.persiantools.com","ns44.persiantools.com","","","clientTransferProhibited","ok","",""
"4","airiphone.com","2019-12-03 16:15:02","2019-12-02","2019-12-01","2020-12-01","1868","Eranet International Limited","whois.eranet.com","http://www.eranet.com","REDACTED FOR PRIVACY","","REDACTED FOR PRIVACY","REDACTED FOR PRIVACY","sdvc","REDACTED FOR PRIVACY","Afghanistan","","REDACTED FOR PRIVACY","REDACTED FOR PRIVACY","REDACTED FOR PRIVACY","REDACTED FOR PRIVACY","REDACTED FOR PRIVACY","REDACTED FOR PRIVACY","REDACTED FOR PRIVACY","REDACTED FOR PRIVACY","REDACTED FOR PRIVACY","","REDACTED FOR PRIVACY","REDACTED FOR PRIVACY","REDACTED FOR PRIVACY","REDACTED FOR PRIVACY","REDACTED FOR PRIVACY","REDACTED FOR PRIVACY","REDACTED FOR PRIVACY","REDACTED FOR PRIVACY","REDACTED FOR PRIVACY","","REDACTED FOR PRIVACY","REDACTED FOR PRIVACY","","","","","","","","","","","now1.dns.com","now2.dns.com","","","clientTransferProhibited","","",""
"5","bigbitehotsauce.com","2019-12-03 18:40:38","2019-12-02","2019-12-02","2020-12-02","303","PDR Ltd. d/b/a PublicDomainRegistry.com","whois.publicdomainregistry.com","http://www.publicdomainregistry.com","Masoud Hashmi","Success Global Academy","kulula poshta burj barq shamsi plaza forth flour","Kabul","Kab","1001","Afghanistan","jahishgroup@outlook.com","+93.93794101111","","Masoud Hashmi","Success Global Academy","kulula poshta burj barq shamsi plaza forth flour","Kabul","Kab","1001","Afghanistan","jahishgroup@outlook.com","+93.93794101111","","Masoud Hashmi","Success Global Academy","kulula poshta burj barq shamsi plaza forth flour","Kabul","Kab","1001","Afghanistan","jahishgroup@outlook.com","+93.93794101111","","","","","","","","","","","","dns6.pamirwebhost.com","dns7.pamirwebhost.com","dns8.pamirwebhost.com","dns9.pamirwebhost.com","clientTransferProhibited","","",""
"6","dawtalabi.com","2019-12-03 16:25:48","2019-12-02","2019-12-02","2020-12-02","303","PDR Ltd. d/b/a PublicDomainRegistry.com","whois.publicdomainregistry.com","http://www.publicdomainregistry.com","Akmal Arzhang","Next.af","Taimani, 4th Street","Kabul","Kabul","1001","Afghanistan","akmalarzhang@gmail.com","+93.786220770","","Akmal Arzhang","Next.af","Taimani, 4th Street","Kabul","Kabul","1001","Afghanistan","akmalarzhang@gmail.com","+93.786220770","","Akmal Arzhang","Next.af","Taimani, 4th Street","Kabul","Kabul","1001","Afghanistan","akmalarzhang@gmail.com","+93.786220770","","","","","","","","","","","","ns1.tonext-dns.org","ns2.tonext-dns.org","","","clientTransferProhibited","","",""
"7","djdjys.com","2019-12-03 17:48:43","2019-12-03","2019-12-03","2020-12-03","146","GoDaddy.com, LLC","whois.godaddy.com","http://registrar.godaddy.com","","","","","rosming","","Afghanistan","","","","","","","","","","","","","","","","","","","","","","","","","","","","","","","","","","ns21.domaincontrol.com","ns22.domaincontrol.com","","","clientDeleteProhibited","clientRenewProhibited","clientTransferProhibited","clientUpdateProhibited"
"8","doctorsharafi.com","2019-12-03 18:20:00","2019-12-01","2019-12-01","2020-12-01","82","OnlineNIC, Inc.","whois.onlinenic.com","http://www.onlinenic.com","Mehrdad Eslam","Teh","No 3,Gordafarin St,Kianshahr St","Teh","Teh","123456789","Afghanistan","mehrdadeslam@yahoo.com","+93.33895538","+93.33895538","Mehrdad Eslam","Teh","No 3,Gordafarin St,Kianshahr St","Teh","Teh","123456789","Afghanistan","mehrdadeslam@yahoo.com","+93.33895538","+93.33895538","Mehrdad Eslam","Teh","No 3,Gordafarin St,Kianshahr St","Teh","Teh","123456789","Afghanistan","mehrdadeslam@yahoo.com","+93.33895538","+93.33895538","","","","","","","","","","","ns4.sgnetway.net","ns5.sgnetway.net","","","clientTransferProhibited","","",""
"9","evapic.com","2019-12-03 16:29:43","2019-12-02","2019-12-02","2021-12-02","146","GoDaddy.com, LLC","whois.godaddy.com","http://registrar.godaddy.com","","","","","","","Afghanistan","","","","","","","","","","","","","","","","","","","","","","","","","","","","","","","","","","ns27.domaincontrol.com","ns28.domaincontrol.com","","","clientDeleteProhibited","clientRenewProhibited","clientTransferProhibited","clientUpdateProhibited"
"10","gapplecleaning.com","2019-12-03 17:52:16","2019-12-02","2019-12-02","2020-12-02","303","PDR Ltd. d/b/a PublicDomainRegistry.com","whois.publicdomainregistry.com","http://www.publicdomainregistry.com","Mohammad Zafar Shafaq","iDevelop Software Solution","Karte Chahar, Oruj Computer Plaza","Kabul","Kabul","1000","Afghanistan","idevelop.solution@gmail.com","+93.0784689192","","Mohammad Zafar Shafaq","iDevelop Software Solution","Karte Chahar, Oruj Computer Plaza","Kabul","Kabul","1000","Afghanistan","idevelop.solution@gmail.com","+93.0784689192","","Mohammad Zafar Shafaq","iDevelop Software Solution","Karte Chahar, Oruj Computer Plaza","Kabul","Kabul","1000","Afghanistan","idevelop.solution@gmail.com","+93.0784689192","","","","","","","","","","","","ns1.idevelopgroup.com","ns2.idevelopgroup.com","","","clientTransferProhibited","","",""
"11","hungnonghome.com","2019-12-03 18:06:04","2019-12-02","2019-12-02","2020-12-02","82","OnlineNIC, Inc.","whois.onlinenic.com","http://www.onlinenic.com","hungnonghome","hungnonghome","Ha Noi","Ha Noi","Ha Noi","1000","Afghanistan","hotr0@webmienphi.vn","+84.941181119","+84.941181119","hungnonghome","hungnonghome","Ha Noi","Ha Noi","Ha Noi","1000","Afghanistan","hotr0@webmienphi.vn","+84.941181119","+84.941181119","hungnonghome","hungnonghome","Ha Noi","Ha Noi","Ha Noi","1000","Afghanistan","hotr0@webmienphi.vn","+84.941181119","+84.941181119","","","","","","","","","","","ns1.dns-diy.net","ns2.dns-diy.net","","","clientTransferProhibited","","",""
"12","icloudrin.com","2019-12-03 16:10:29","2019-12-02","2019-12-01","2020-12-01","1868","Eranet International Limited","whois.eranet.com","http://www.eranet.com","REDACTED FOR PRIVACY","","REDACTED FOR PRIVACY","REDACTED FOR PRIVACY","sdvc","REDACTED FOR PRIVACY","Afghanistan","","REDACTED FOR PRIVACY","REDACTED FOR PRIVACY","REDACTED FOR PRIVACY","REDACTED FOR PRIVACY","REDACTED FOR PRIVACY","REDACTED FOR PRIVACY","REDACTED FOR PRIVACY","REDACTED FOR PRIVACY","REDACTED FOR PRIVACY","","REDACTED FOR PRIVACY","REDACTED FOR PRIVACY","REDACTED FOR PRIVACY","REDACTED FOR PRIVACY","REDACTED FOR PRIVACY","REDACTED FOR PRIVACY","REDACTED FOR PRIVACY","REDACTED FOR PRIVACY","REDACTED FOR PRIVACY","","REDACTED FOR PRIVACY","REDACTED FOR PRIVACY","","","","","","","","","","","now1.dns.com","now2.dns.com","","","clientTransferProhibited","","",""
"13","kacopic.com","2019-12-03 19:10:29","2019-12-02","2019-12-02","2020-12-02","82","OnlineNIC, Inc.","whois.onlinenic.com","http://www.onlinenic.com","Hosein kakavand","kacopic","Hove","Hove","East Sussex","51789","Afghanistan","ho.kakavand@gmail.com","+44.1273271660","+44.1273271660","Hosein kakavand","kacopic","Hove","Hove","East Sussex","51789","Afghanistan","ho.kakavand@gmail.com","+44.1273271660","+44.1273271660","Hosein kakavand","kacopic","Hove","Hove","East Sussex","51789","Afghanistan","ho.kakavand@gmail.com","+44.1273271660","+44.1273271660","","","","","","","","","","","ns1.sudonic.com","ns2.sudonic.com","","","OK","","",""
"14","maryamkhoshnod.com","2019-12-03 14:29:31","2019-12-02","2019-12-02","2020-12-02","1647","Hosting Concepts B.V. dba Openprovider","whois.registrar.eu","http://www.openprovider.com","REDACTED FOR PRIVACY","","REDACTED FOR PRIVACY","REDACTED FOR PRIVACY","tehran","REDACTED FOR PRIVACY","Afghanistan","","REDACTED FOR PRIVACY","REDACTED FOR PRIVACY","REDACTED FOR PRIVACY","REDACTED FOR PRIVACY","REDACTED FOR PRIVACY","REDACTED FOR PRIVACY","REDACTED FOR PRIVACY","REDACTED FOR PRIVACY","REDACTED FOR PRIVACY","","REDACTED FOR PRIVACY","REDACTED FOR PRIVACY","REDACTED FOR PRIVACY","REDACTED FOR PRIVACY","REDACTED FOR PRIVACY","REDACTED FOR PRIVACY","REDACTED FOR PRIVACY","REDACTED FOR PRIVACY","REDACTED FOR PRIVACY","","REDACTED FOR PRIVACY","REDACTED FOR PRIVACY","","","","","","","","","","","ns39.persiantools.com","ns40.persiantools.com","","","clientTransferProhibited","ok","",""
"15","maryamkhoshnoud.com","2019-12-03 14:46:45","2019-12-02","2019-12-02","2020-12-02","1647","Hosting Concepts B.V. dba Openprovider","whois.registrar.eu","http://www.openprovider.com","REDACTED FOR PRIVACY","","REDACTED FOR PRIVACY","REDACTED FOR PRIVACY","tehran","REDACTED FOR PRIVACY","Afghanistan","","REDACTED FOR PRIVACY","REDACTED FOR PRIVACY","REDACTED FOR PRIVACY","REDACTED FOR PRIVACY","REDACTED FOR PRIVACY","REDACTED FOR PRIVACY","REDACTED FOR PRIVACY","REDACTED FOR PRIVACY","REDACTED FOR PRIVACY","","REDACTED FOR PRIVACY","REDACTED FOR PRIVACY","REDACTED FOR PRIVACY","REDACTED FOR PRIVACY","REDACTED FOR PRIVACY","REDACTED FOR PRIVACY","REDACTED FOR PRIVACY","REDACTED FOR PRIVACY","REDACTED FOR PRIVACY","","REDACTED FOR PRIVACY","REDACTED FOR PRIVACY","","","","","","","","","","","ns39.persiantools.com","ns40.persiantools.com","","","clientTransferProhibited","ok","",""
"16","maryamkhoshnud.com","2019-12-03 16:31:44","2019-12-02","2019-12-02","2020-12-02","1647","Hosting Concepts B.V. dba Openprovider","whois.registrar.eu","http://www.openprovider.com","REDACTED FOR PRIVACY","","REDACTED FOR PRIVACY","REDACTED FOR PRIVACY","tehran","REDACTED FOR PRIVACY","Afghanistan","","REDACTED FOR PRIVACY","REDACTED FOR PRIVACY","REDACTED FOR PRIVACY","REDACTED FOR PRIVACY","REDACTED FOR PRIVACY","REDACTED FOR PRIVACY","REDACTED FOR PRIVACY","REDACTED FOR PRIVACY","REDACTED FOR PRIVACY","","REDACTED FOR PRIVACY","REDACTED FOR PRIVACY","REDACTED FOR PRIVACY","REDACTED FOR PRIVACY","REDACTED FOR PRIVACY","REDACTED FOR PRIVACY","REDACTED FOR PRIVACY","REDACTED FOR PRIVACY","REDACTED FOR PRIVACY","","REDACTED FOR PRIVACY","REDACTED FOR PRIVACY","","","","","","","","","","","ns39.persiantools.com","ns40.persiantools.com","","","clientTransferProhibited","ok","",""
"17","modernjsc.com","2019-12-03 19:09:16","2019-12-02","2019-12-02","2020-12-02","82","OnlineNIC, Inc.","whois.onlinenic.com","http://www.onlinenic.com","Mihan","information Technology","1 Queen Caroline Close","Hove","East Sussex","BN3 7GS","Afghanistan","mazandarany@yahoo.com","+44.1273271660","+44.1273271660","Mihan","information Technology","1 Queen Caroline Close","Hove","East Sussex","BN3 7GS","Afghanistan","mazandarany@yahoo.com","+44.1273271660","+44.1273271660","Mihan","information Technology","1 Queen Caroline Close","Hove","East Sussex","BN3 7GS","Afghanistan","mazandarany@yahoo.com","+44.1273271660","+44.1273271660","","","","","","","","","","","dns1.serverfreak.biz","dns2.serverfreak.biz","","","OK","","",""
"18","naqdefarhang.com","2019-12-03 15:25:37","2019-12-02","2019-12-02","2020-12-02","82","OnlineNIC, Inc.","whois.onlinenic.com","http://www.onlinenic.com","Gholamreza Baqeri","home","Narmak St.ayat 75","Hove","East Sussex","1646794963","Afghanistan","reza.baqeri@gmail.com","+44.1273271660","+44.1273271660","Gholamreza Baqeri","Naqde Farhang","Narmak St.ayat 75","Hove","East Sussex","1646794963","Afghanistan","reza.baqeri@gmail.com","+44.1273271660","+44.1273271660","Gholamreza Baqeri","home","Narmak St.ayat 75","Hove","East Sussex","1646794963","Afghanistan","reza.baqeri@gmail.com","+44.1273271660","+44.1273271660","","","","","","","","","","","ns259.mihanwebhost.com","ns260.mihanwebhost.com","","","OK","","",""
"19","roydadroz.com","2019-12-03 16:35:23","2019-12-02","2019-12-02","2020-12-02","886","Domain.com, LLC","whois.domain.com","http://www.domain.com","REDACTED FOR PRIVACY","REDACTED FOR PRIVACY","REDACTED FOR PRIVACY","REDACTED FOR PRIVACY","NA","REDACTED FOR PRIVACY","Afghanistan","","REDACTED FOR PRIVACY","REDACTED FOR PRIVACY","REDACTED FOR PRIVACY","REDACTED FOR PRIVACY","REDACTED FOR PRIVACY","REDACTED FOR PRIVACY","REDACTED FOR PRIVACY","REDACTED FOR PRIVACY","REDACTED FOR PRIVACY","","REDACTED FOR PRIVACY","REDACTED FOR PRIVACY","REDACTED FOR PRIVACY","REDACTED FOR PRIVACY","REDACTED FOR PRIVACY","REDACTED FOR PRIVACY","REDACTED FOR PRIVACY","REDACTED FOR PRIVACY","REDACTED FOR PRIVACY","","REDACTED FOR PRIVACY","REDACTED FOR PRIVACY","","","","","","","","","","","ns1.domain.com","ns2.domain.com","","","","","",""
"20","shunqar.com","2019-12-03 18:28:48","2019-12-02","2019-12-02","2020-12-02","303","PDR Ltd. d/b/a PublicDomainRegistry.com","whois.publicdomainregistry.com","http://www.publicdomainregistry.com","Akmal Arzhang","Next.af","Taimani, 4th Street","Kabul","Kabul","1001","Afghanistan","akmalarzhang@gmail.com","+93.786220770","","Akmal Arzhang","Next.af","Taimani, 4th Street","Kabul","Kabul","1001","Afghanistan","akmalarzhang@gmail.com","+93.786220770","","Akmal Arzhang","Next.af","Taimani, 4th Street","Kabul","Kabul","1001","Afghanistan","akmalarzhang@gmail.com","+93.786220770","","","","","","","","","","","","ns1.tonext-dns.org","ns2.tonext-dns.org","","","clientTransferProhibited","","",""
"21","spine.land","2019-12-03 18:59:29","2019-12-02","2019-12-02","2020-12-02","113","CSL Computer Service Langenbach GmbH d/b/a joker.com","whois.joker.com","http://www.joker.com","REDACTED FOR PRIVACY","banian","REDACTED FOR PRIVACY","REDACTED FOR PRIVACY","thran","REDACTED FOR PRIVACY","Afghanistan","","REDACTED FOR PRIVACY","REDACTED FOR PRIVACY","","","","","","","","","","","","","","","","","","","","","","","","","","","","","","","","","","","addPeriod","clientTransferProhibited","",""
"22","tawanaservice.com","2019-12-03 15:17:40","2019-12-02","2019-12-02","2020-12-02","1154","FastDomain Inc.","whois.fastdomain.com","http://www.fastdomain.com","SALIM KARIGAR","SALIM KARIGAR","KOTESANGI","KABUL CITY","NA","1006","Afghanistan","salimkarigar22@gmail.com","+93.798720999","","SALIM KARIGAR","SALIM KARIGAR","KOTESANGI","KABUL CITY","NA","1006","Afghanistan","salimkarigar22@gmail.com","+93.798720999","","BLUEHOST INC","BLUEHOST.COM","550 E TIMPANOGOS PKWY","OREM","UTAH","84097","United States","support-domain@bluehost.com","+1.8017659400","+1.8017651992","","","","","","","","","","","ns1.bluehost.com","ns2.bluehost.com","","","clientTransferProhibited","","",""
"23","thorkauxiliares.com","2019-12-03 18:40:27","2019-12-02","2019-12-02","2020-12-02","379","Arsys Internet, S.L. dba NICLINE.COM","whois.nicline.com","http://www.nicline.com","REDACTED FOR PRIVACY","THORK AUXILIARES SLU","REDACTED FOR PRIVACY","REDACTED FOR PRIVACY","N A","REDACTED FOR PRIVACY","Afghanistan","whoiscontact@domainconnection.info","REDACTED FOR PRIVACY","REDACTED FOR PRIVACY","REDACTED FOR PRIVACY","REDACTED FOR PRIVACY","REDACTED FOR PRIVACY","REDACTED FOR PRIVACY","REDACTED FOR PRIVACY","REDACTED FOR PRIVACY","REDACTED FOR PRIVACY","whoiscontact@domainconnection.info","REDACTED FOR PRIVACY","REDACTED FOR PRIVACY","REDACTED FOR PRIVACY","REDACTED FOR PRIVACY","REDACTED FOR PRIVACY","REDACTED FOR PRIVACY","REDACTED FOR PRIVACY","REDACTED FOR PRIVACY","REDACTED FOR PRIVACY","whoiscontact@domainconnection.info","REDACTED FOR PRIVACY","REDACTED FOR PRIVACY","","","","","","","","","","","dns45.servidoresdns.net","dns46.servidoresdns.net","","","addPeriod","clientTransferProhibited","",""
"24","tytyyw.com","2019-12-03 17:12:56","2019-12-03","2019-12-03","2020-12-03","146","GoDaddy.com, LLC","whois.godaddy.com","http://registrar.godaddy.com","","","","","rosming","","Afghanistan","","","","","","","","","","","","","","","","","","","","","","","","","","","","","","","","","","ns21.domaincontrol.com","ns22.domaincontrol.com","","","clientDeleteProhibited","clientRenewProhibited","clientTransferProhibited","clientUpdateProhibited"
"25","upgradesuite.com","2019-12-03 16:34:22","2019-12-02","2019-12-02","2020-12-02","3817","Wix.com Ltd.","","","Rahimullah Shahi","upgradesuite.com","Malalai square, Jamal din mina, Bagrami district K","Kabul","","0101","Afghanistan","upgradesuite.com@wix-domains.com","+1.4159496022","","Rahimullah Shahi","upgradesuite.com","Malalai square, Jamal din mina, Bagrami district K","Kabul","","0101","Afghanistan","rahimullahshahi10@gmail.com","+92.744005908","","Rahimullah Shahi","upgradesuite.com","Malalai square, Jamal din mina, Bagrami district K","Kabul","","0101","Afghanistan","rahimullahshahi10@gmail.com","+92.744005908","","","","","","","","","","","","ns10.wixdns.net","ns11.wixdns.net","","","clientTransferProhibited","clientUpdateProhibited","",""
"26","woodaf.com","2019-12-03 18:38:49","2019-12-02","2019-12-02","2020-12-02","303","PDR Ltd. d/b/a PublicDomainRegistry.com","whois.publicdomainregistry.com","http://www.publicdomainregistry.com","Amir Shah","Shah Host","Office 128, 2nd Floor, Daudzai Business Center, Foriegen Menistr","Kabul","Kabul","1009","Afghanistan","amirshah.093@gmail.com","+93.706464661","","Amir Shah","Shah Host","Office 128, 2nd Floor, Daudzai Business Center, Foriegen Menistr","Kabul","Kabul","1009","Afghanistan","amirshah.093@gmail.com","+93.706464661","","Amir Shah","Shah Host","Office 128, 2nd Floor, Daudzai Business Center, Foriegen Menistr","Kabul","Kabul","1009","Afghanistan","amirshah.093@gmail.com","+93.706464661","","","","","","","","","","","","ns1.shahoster.com","ns2.shahoster.com","ns3.shahoster.com","ns4.shahoster.com","clientTransferProhibited","","",""