"num","domain_name","query_time","create_date","update_date","expiry_date","domain_registrar_id","domain_registrar_name","domain_registrar_whois","domain_registrar_url","registrant_name","registrant_company","registrant_address","registrant_city","registrant_state","registrant_zip","registrant_country","registrant_email","registrant_phone","registrant_fax","administrative_name","administrative_company","administrative_address","administrative_city","administrative_state","administrative_zip","administrative_country","administrative_email","administrative_phone","administrative_fax","technical_name","technical_company","technical_address","technical_city","technical_state","technical_zip","technical_country","technical_email","technical_phone","technical_fax","billing_name","billing_company","billing_address","billing_city","billing_state","billing_zip","billing_country","billing_email","billing_phone","billing_fax","name_server_1","name_server_2","name_server_3","name_server_4","domain_status_1","domain_status_2","domain_status_3","domain_status_4"
"1","alnovus.com","2019-12-03 18:43:45","2019-12-01","2019-12-01","2020-12-01","303","PDR Ltd. d/b/a PublicDomainRegistry.com","whois.publicdomainregistry.com","http://www.publicdomainregistry.com","Amarda Ramazani","Amuse","Albania null null","Tirane","71","1001","Albania","amarda.ramazani@hotmail.com","+355.0696346990","","Amarda Ramazani","Amuse","Albania null null","Tirane","71","1001","Albania","amarda.ramazani@hotmail.com","+355.0696346990","","Amarda Ramazani","Amuse","Albania null null","Tirane","71","1001","Albania","amarda.ramazani@hotmail.com","+355.0696346990","","","","","","","","","","","","dns3.parkpage.foundationapi.com","dns4.parkpage.foundationapi.com","","","clientTransferProhibited","","",""
"2","artbestclass.com","2019-12-03 14:29:29","2019-12-01","2019-12-01","2020-12-01","1636","Hostinger, UAB","whois.hostinger.com","http://www.hostinger.com","Denis Shkullaku Shkullaku","Denis Shkullaku Shkullaku","Kont urrani","Tirana","Tirana","1001","Albania","shkullakud@yahoo.com","+355.694409231","","Denis Shkullaku Shkullaku","Denis Shkullaku Shkullaku","Kont urrani","Tirana","Tirana","1001","Albania","shkullakud@yahoo.com","+355.694409231","","Denis Shkullaku Shkullaku","Denis Shkullaku Shkullaku","Kont urrani","Tirana","Tirana","1001","Albania","shkullakud@yahoo.com","+355.694409231","","","","","","","","","","","","ns1.dns-parking.com","ns2.dns-parking.com","","","clientTransferProhibited","","",""
"3","auto-flori.com","2019-12-03 14:45:34","2019-12-02","2019-12-02","2020-12-02","1636","Hostinger, UAB","whois.hostinger.com","http://www.hostinger.com","Ervin Kapri","Ervin Kapri","Rruga Don Bosko, Lagja Pallati i deputeteve","Tirane","Albania, Tirane","1001","Albania","ervinkapri@gmail.com","+355.692140006","","Ervin Kapri","Ervin Kapri","Rruga Don Bosko, Lagja Pallati i deputeteve","Tirane","Albania, Tirane","1001","Albania","ervinkapri@gmail.com","+355.692140006","","Ervin Kapri","Ervin Kapri","Rruga Don Bosko, Lagja Pallati i deputeteve","Tirane","Albania, Tirane","1001","Albania","ervinkapri@gmail.com","+355.692140006","","","","","","","","","","","","ns1.dns-parking.com","ns2.dns-parking.com","","","clientTransferProhibited","","",""
"4","bio-alb.com","2019-12-03 18:37:25","2019-12-02","2019-12-02","2020-12-02","69","Tucows Domains Inc.","whois.tucows.com","http://domainhelp.opensrs.net","REDACTED FOR PRIVACY","REDACTED FOR PRIVACY","REDACTED FOR PRIVACY","REDACTED FOR PRIVACY","XX","REDACTED FOR PRIVACY","Albania","","REDACTED FOR PRIVACY","REDACTED FOR PRIVACY","REDACTED FOR PRIVACY","REDACTED FOR PRIVACY","REDACTED FOR PRIVACY","REDACTED FOR PRIVACY","REDACTED FOR PRIVACY","REDACTED FOR PRIVACY","REDACTED FOR PRIVACY","","REDACTED FOR PRIVACY","REDACTED FOR PRIVACY","REDACTED FOR PRIVACY","REDACTED FOR PRIVACY","REDACTED FOR PRIVACY","REDACTED FOR PRIVACY","REDACTED FOR PRIVACY","REDACTED FOR PRIVACY","REDACTED FOR PRIVACY","","REDACTED FOR PRIVACY","REDACTED FOR PRIVACY","","","","","","","","","","","ns1.es1007.siteground.eu","ns2.es1007.siteground.eu","","","clientTransferProhibited","clientUpdateProhibited","",""
"5","contacto-chevrolet.com","2019-12-03 15:58:05","2019-12-01","2019-12-01","2020-12-01","146","GoDaddy.com, LLC","whois.godaddy.com","http://registrar.godaddy.com","","","","","","","Albania","","","","","","","","","","","","","","","","","","","","","","","","","","","","","","","","","","ns1.spro6.fcomet.com","ns2.spro6.fcomet.com","","","clientDeleteProhibited","clientRenewProhibited","clientTransferProhibited","clientUpdateProhibited"
"6","elfawaid.com","2019-12-03 16:42:11","2019-12-01","2019-12-01","2020-12-01","1636","Hostinger, UAB","whois.hostinger.com","http://www.hostinger.com","Benard Sulejmani","Benard Sulejmani","Rruga e Kavajes, Tirane","Tirana","Albania","1001","Albania","benardel.info@gmail.com","+355.676106186","","Benard Sulejmani","Benard Sulejmani","Rruga e Kavajes, Tirane","Tirana","Albania","1001","Albania","benardel.info@gmail.com","+355.676106186","","Benard Sulejmani","Benard Sulejmani","Rruga e Kavajes, Tirane","Tirana","Albania","1001","Albania","benardel.info@gmail.com","+355.676106186","","","","","","","","","","","","ns1.dns-parking.com","ns2.dns-parking.com","","","clientTransferProhibited","","",""
"7","gazeta-flash.com","2019-12-03 17:24:50","2019-12-01","2019-12-01","2020-12-01","146","GoDaddy.com, LLC","whois.godaddy.com","http://registrar.godaddy.com","","","","","Kosovo","","Albania","","","","","","","","","","","","","","","","","","","","","","","","","","","","","","","","","","ns1.bluehost.com","ns2.bluehost.com","","","clientDeleteProhibited","clientRenewProhibited","clientTransferProhibited","clientUpdateProhibited"
"8","gazetamomenti.com","2019-12-03 14:56:11","2019-12-01","2019-12-01","2020-12-01","146","GoDaddy.com, LLC","whois.godaddy.com","http://registrar.godaddy.com","","","","","Kosove","","Albania","","","","","","","","","","","","","","","","","","","","","","","","","","","","","","","","","","ns27.domaincontrol.com","ns28.domaincontrol.com","","","clientDeleteProhibited","clientRenewProhibited","clientTransferProhibited","clientUpdateProhibited"
"9","integratedtech.club","2019-12-03 19:10:28","2019-12-02","2019-12-02","2020-12-02","146","GoDaddy.com, LLC","whois.godaddy.com","http://registrar.godaddy.com","INTEGRATED TECHNOLOGY SERVICES SH.P.K.","INTEGRATED TECHNOLOGY SERVICES SH.P.K.","","","AL","","Albania","","","","","","","","","","","","","","","","","","","","","","","","","","","","","","","","","","ns27.domaincontrol.com","ns28.domaincontrol.com","","","addPeriod","clientDeleteProhibited","clientRenewProhibited","clientTransferProhibited"
"10","joqalbania.biz","2019-12-03 18:44:03","2019-11-29","2019-11-29","2020-11-29","146","GoDaddy.com, LLC","whois.godaddy.com","http://registrar.godaddy.com","","","","","Tirana","","Albania","","","","","","","","","","","","","","","","","","","","","","","","","","","","","","","","","","ns05.domaincontrol.com","ns06.domaincontrol.com","","","addPeriod","clientDeleteProhibited","clientRenewProhibited","clientTransferProhibited"
"11","matiascarrental.com","2019-12-03 15:56:06","2019-12-02","2019-12-02","2020-12-02","955","Launchpad, Inc.","whois.launchpad.com","http://www.launchpad.com","Reinald Licaj","None","Vlore","Vlore","12","2002","Albania","reinald.licaj@gmail.com","+355.692832584","","Reinald Licaj","None","Vlore","Vlore","12","2002","Albania","reinald.licaj@gmail.com","+355.692832584","","Reinald Licaj","None","Vlore","Vlore","12","2002","Albania","reinald.licaj@gmail.com","+355.692832584","","","","","","","","","","","","ns8213.hostgator.com","ns8214.hostgator.com","","","clientTransferProhibited","","",""
"12","salianjiandismaili.com","2019-12-03 15:35:56","2019-12-02","2019-12-02","2020-12-02","146","GoDaddy.com, LLC","whois.godaddy.com","http://registrar.godaddy.com","Armata Collective","Armata Collective","","","Tirane","","Albania","","","","","","","","","","","","","","","","","","","","","","","","","","","","","","","","","","ns27.domaincontrol.com","ns28.domaincontrol.com","","","clientDeleteProhibited","clientRenewProhibited","clientTransferProhibited","clientUpdateProhibited"
"13","sportelite.net","2019-12-03 18:26:50","2019-12-02","2019-12-02","2020-12-02","1636","Hostinger, UAB","whois.hostinger.com","http://www.hostinger.com","ilir prenku prenku","ilir prenku prenku","kosovo","ob","Pristina","1500","Albania","argjenta.st1@live.com","+355.45755558","","ilir prenku prenku","ilir prenku prenku","kosovo","ob","Pristina","1500","Albania","argjenta.st1@live.com","+355.45755558","","ilir prenku prenku","ilir prenku prenku","kosovo","ob","Pristina","1500","Albania","argjenta.st1@live.com","+355.45755558","","","","","","","","","","","","ns1.dns-parking.com","ns2.dns-parking.com","","","clientTransferProhibited","","",""
"14","tydolla.com","2019-12-03 17:18:33","2019-12-01","2019-12-01","2020-12-01","146","GoDaddy.com, LLC","whois.godaddy.com","http://registrar.godaddy.com","","","","","akai","","Albania","","","","","","","","","","","","","","","","","","","","","","","","","","","","","","","","","","ns27.domaincontrol.com","ns28.domaincontrol.com","","","clientDeleteProhibited","clientRenewProhibited","clientTransferProhibited","clientUpdateProhibited"
"15","vasilllukmani.com","2019-12-03 14:23:04","2019-12-01","2019-12-01","2020-12-01","1636","Hostinger, UAB","whois.hostinger.com","http://www.hostinger.com","Vasil Llukmani","Vasil Llukmani","Rr. Fortuzi","Tirane","Albania","1001","Albania","llukmani.v@gmail.com","+355.676415774","","Vasil Llukmani","Vasil Llukmani","Rr. Fortuzi","Tirane","Albania","1001","Albania","llukmani.v@gmail.com","+355.676415774","","Vasil Llukmani","Vasil Llukmani","Rr. Fortuzi","Tirane","Albania","1001","Albania","llukmani.v@gmail.com","+355.676415774","","","","","","","","","","","","jerry.ns.cloudflare.com","ullis.ns.cloudflare.com","","","clientTransferProhibited","","",""