"num","domain_name","query_time","create_date","update_date","expiry_date","domain_registrar_id","domain_registrar_name","domain_registrar_whois","domain_registrar_url","registrant_name","registrant_company","registrant_address","registrant_city","registrant_state","registrant_zip","registrant_country","registrant_email","registrant_phone","registrant_fax","administrative_name","administrative_company","administrative_address","administrative_city","administrative_state","administrative_zip","administrative_country","administrative_email","administrative_phone","administrative_fax","technical_name","technical_company","technical_address","technical_city","technical_state","technical_zip","technical_country","technical_email","technical_phone","technical_fax","billing_name","billing_company","billing_address","billing_city","billing_state","billing_zip","billing_country","billing_email","billing_phone","billing_fax","name_server_1","name_server_2","name_server_3","name_server_4","domain_status_1","domain_status_2","domain_status_3","domain_status_4"
"1","97chaopeng1.com","2019-12-03 15:03:15","2019-12-02","2019-12-02","2020-12-02","146","GoDaddy.com, LLC","whois.godaddy.com","http://registrar.godaddy.com","Dui Fang Shui Dian Fei","Dui Fang Shui Dian Fei","","","AR","","Algeria","","","","","","","","","","","","","","","","","","","","","","","","","","","","","","","","","","ns27.domaincontrol.com","ns28.domaincontrol.com","","","clientDeleteProhibited","clientRenewProhibited","clientTransferProhibited","clientUpdateProhibited"
"2","97chaopeng2.com","2019-12-03 19:09:42","2019-12-02","2019-12-02","2020-12-02","146","GoDaddy.com, LLC","whois.godaddy.com","http://registrar.godaddy.com","Dui Fang Shui Dian Fei","Dui Fang Shui Dian Fei","","","AR","","Algeria","","","","","","","","","","","","","","","","","","","","","","","","","","","","","","","","","","ns27.domaincontrol.com","ns28.domaincontrol.com","","","clientDeleteProhibited","clientRenewProhibited","clientTransferProhibited","clientUpdateProhibited"
"3","abmfabgroup.com","2019-12-03 18:00:09","2019-12-02","2019-12-02","2020-12-02","1630","Ligne Web Services SARL","whois.nic.fr","http://www.ait.com","","","","","","","Algeria","f7c34ee125b6373806da5213561d104e@whois-anonymous.com","","","","","","","","","Algeria","f7c34ee125b6373806da5213561d104e@whois-anonymous.com","","","","","","","","","Algeria","f7c34ee125b6373806da5213561d104e@whois-anonymous.com","","","","","","","","","Algeria","f7c34ee125b6373806da5213561d104e@whois-anonymous.com","","","","","","","More","clientTransferProhibited","informations","on"
"4","adamzde-zad.com","2019-12-03 14:21:59","2019-12-02","2019-12-02","2020-12-02","146","GoDaddy.com, LLC","whois.godaddy.com","http://registrar.godaddy.com","algeria","algeria","","","algeria","","Algeria","","","","","","","","","","","","","","","","","","","","","","","","","","","","","","","","","","ns21.domaincontrol.com","ns22.domaincontrol.com","","","clientDeleteProhibited","clientRenewProhibited","clientTransferProhibited","clientUpdateProhibited"
"5","allianceassurances.net","2019-12-03 18:47:33","2019-12-02","2019-12-02","2020-12-02","303","PDR Ltd. d/b/a PublicDomainRegistry.com","whois.publicdomainregistry.com","http://www.publicdomainregistry.com","DJILALI EL MEDJADJI","Alliance Assurances SPA","Centre Commercial EL QODS CHERAGA","Alger","Alger","16002","Algeria","delmedjadji@allianceassurances.com.dz","+213.021344646","","DJILALI EL MEDJADJI","Alliance Assurances SPA","Centre Commercial EL QODS CHERAGA","Alger","Alger","16002","Algeria","delmedjadji@allianceassurances.com.dz","+213.021344646","","DJILALI EL MEDJADJI","Alliance Assurances SPA","Centre Commercial EL QODS CHERAGA","Alger","Alger","16002","Algeria","delmedjadji@allianceassurances.com.dz","+213.021344646","","","","","","","","","","","","bailey.ns.cloudflare.com","kenneth.ns.cloudflare.com","","","clientTransferProhibited","","",""
"6","anehp.com","2019-12-03 14:43:09","2019-12-02","2019-12-02","2020-12-02","303","PDR Ltd. d/b/a PublicDomainRegistry.com","whois.publicdomainregistry.com","http://www.publicdomainregistry.com","Octenium Support","Octenium","Rue Miloudi moussa N:02","Zeralda","Alger","16000","Algeria","support@octenium.com","+213.23325429","","Octenium Support","Octenium","Rue Miloudi moussa N:02","Zeralda","Alger","16000","Algeria","support@octenium.com","+213.23325429","","Octenium Support","Octenium","Rue Miloudi moussa N:02","Zeralda","Alger","16000","Algeria","support@octenium.com","+213.23325429","","","","","","","","","","","","ns1.octenium.net","ns2.octenium.net","","","clientTransferProhibited","","",""
"7","auto-dz.com","2019-12-03 14:22:08","2019-12-02","2019-12-02","2021-12-02","146","GoDaddy.com, LLC","whois.godaddy.com","http://registrar.godaddy.com","","","","","Batna","","Algeria","","","","","","","","","","","","","","","","","","","","","","","","","","","","","","","","","","ns27.domaincontrol.com","ns28.domaincontrol.com","","","clientDeleteProhibited","clientRenewProhibited","clientTransferProhibited","clientUpdateProhibited"
"8","bag4sc.com","2019-12-03 17:03:11","2019-12-01","2019-12-02","2020-12-01","1636","Hostinger, UAB","whois.hostinger.com","http://www.hostinger.com","bouziane Abdelghani","bouziane Abdelghani","50 logement universitaire Bloc E N 2","NAAMA","Naama","45000","Algeria","ghani_ab1@yahoo.fr","+213.671529962","","bouziane Abdelghani","bouziane Abdelghani","50 logement universitaire Bloc E N 2","NAAMA","Naama","45000","Algeria","ghani_ab1@yahoo.fr","+213.671529962","","bouziane Abdelghani","bouziane Abdelghani","50 logement universitaire Bloc E N 2","NAAMA","Naama","45000","Algeria","ghani_ab1@yahoo.fr","+213.671529962","","","","","","","","","","","","ns1.dns-parking.com","ns2.dns-parking.com","","","clientTransferProhibited","","",""
"9","bayou-atelier.com","2019-12-03 14:22:03","2019-12-02","2019-12-02","2020-12-02","303","PDR Ltd. d/b/a PublicDomainRegistry.com","whois.publicdomainregistry.com","http://www.publicdomainregistry.com","Octenium Support","Octenium","Rue Miloudi moussa N:02","Zeralda","Alger","16000","Algeria","support@octenium.com","+213.23325429","","Octenium Support","Octenium","Rue Miloudi moussa N:02","Zeralda","Alger","16000","Algeria","support@octenium.com","+213.23325429","","Octenium Support","Octenium","Rue Miloudi moussa N:02","Zeralda","Alger","16000","Algeria","support@octenium.com","+213.23325429","","","","","","","","","","","","ns1.octenium.net","ns2.octenium.net","","","clientTransferProhibited","","",""
"10","beautyandbio.net","2019-12-03 14:16:07","2019-12-02","2019-12-02","2020-12-02","146","GoDaddy.com, LLC","whois.godaddy.com","http://registrar.godaddy.com","","","","","Alger","","Algeria","","","","","","","","","","","","","","","","","","","","","","","","","","","","","","","","","","ns27.domaincontrol.com","ns28.domaincontrol.com","","","clientDeleteProhibited","clientRenewProhibited","clientTransferProhibited","clientUpdateProhibited"
"11","bigbang5.com","2019-12-03 18:23:38","2019-12-01","2019-12-01","2020-12-01","146","GoDaddy.com, LLC","whois.godaddy.com","http://registrar.godaddy.com","","","","","Bordj bou arreridj","","Algeria","","","","","","","","","","","","","","","","","","","","","","","","","","","","","","","","","","ns1.dnsflexy.net","ns2.dnsflexy.net","ns3.dnsflexy.net","ns4.dnsflexy.net","clientDeleteProhibited","clientRenewProhibited","clientTransferProhibited","clientUpdateProhibited"
"12","boojako.com","2019-12-03 17:04:43","2019-12-01","2019-12-01","2020-12-01","1636","Hostinger, UAB","whois.hostinger.com","http://www.hostinger.com","AHMED DEV makouf","AHMED DEV makouf","hai el moudjahidine rue melah ali 49","biskra","biskra","07000","Algeria","makpro0007@gmail.com","+213.659205220","","AHMED DEV makouf","AHMED DEV makouf","hai el moudjahidine rue melah ali 49","biskra","biskra","07000","Algeria","makpro0007@gmail.com","+213.659205220","","AHMED DEV makouf","AHMED DEV makouf","hai el moudjahidine rue melah ali 49","biskra","biskra","07000","Algeria","makpro0007@gmail.com","+213.659205220","","","","","","","","","","","","ns1.stablehost.com","ns2.stablehost.com","","","clientTransferProhibited","","",""
"13","bouguerrouche.com","2019-12-03 18:08:55","2019-12-02","2019-12-02","2020-12-02","433","OVH sas","whois.ovh.com","http://www.ovh.com","Bouguerrouche Travel Services","Bouguerrouche Travel Services","","","","","Algeria","kjit67yaiw6s381zbcrl@m.o-w-o.info","","","","","","","","","","drm8py1w9wzwifcqmf38@l.o-w-o.info","","","","","","","","","","3dvtpovnbxudl3jqaykw@d.o-w-o.info","","","","","","","","","","","","","dns1.zenhosting.info","dns2.zenhosting.info","dns3.zenhosting.info","dns4.zenhosting.info","clientDeleteProhibited","clientTransferProhibited","",""
"14","celco-dz.com","2019-12-03 17:35:52","2019-12-02","2019-12-02","2020-12-02","303","PDR Ltd. d/b/a PublicDomainRegistry.com","whois.publicdomainregistry.com","http://www.publicdomainregistry.com","Brahim HABIS","ABC COMMUNICATION","5 R Hamani Arezki ex-charasse, 2e et","Alger","Alger","16000","Algeria","abc.communication@hotmail.com","+213.559038483","","Brahim HABIS","ABC COMMUNICATION","5 R Hamani Arezki ex-charasse, 2e et","Alger","Alger","16000","Algeria","abc.communication@hotmail.com","+213.559038483","","Brahim HABIS","ABC COMMUNICATION","5 R Hamani Arezki ex-charasse, 2e et","Alger","Alger","16000","Algeria","abc.communication@hotmail.com","+213.559038483","","","","","","","","","","","","ns106.dzhoster.net","ns2.dzhoster.net","","","clientTransferProhibited","","",""
"15","cfcsud.com","2019-12-03 18:30:07","2019-12-02","2019-12-02","2020-12-02","955","Launchpad, Inc.","whois.launchpad.com","http://www.launchpad.com","zemoura mohamed","None","02 Allees Saleh Nezzar","Batna","05","05000","Algeria","mohzam@gmail.com","+213.658484848","","zemoura mohamed","None","02 Allees Saleh Nezzar","Batna","05","05000","Algeria","mohzam@gmail.com","+213.658484848","","zemoura mohamed","None","02 Allees Saleh Nezzar","Batna","05","05000","Algeria","mohzam@gmail.com","+213.658484848","","","","","","","","","","","","ns7999.hostgator.com","ns8000.hostgator.com","","","clientTransferProhibited","","",""
"16","chipalgi-dz.com","2019-12-03 17:24:59","2019-12-02","2019-12-02","2020-12-02","151","PSI-USA, Inc. dba Domain Robot","whois.psi-usa.info","http://www.psi-usa.info","REDACTED FOR PRIVACY","Build And Secure Networks","REDACTED FOR PRIVACY","REDACTED FOR PRIVACY","Bir Mourad Rais","REDACTED FOR PRIVACY","Algeria","","REDACTED FOR PRIVACY","REDACTED FOR PRIVACY","REDACTED FOR PRIVACY","REDACTED FOR PRIVACY","REDACTED FOR PRIVACY","REDACTED FOR PRIVACY","REDACTED FOR PRIVACY","REDACTED FOR PRIVACY","REDACTED FOR PRIVACY","","REDACTED FOR PRIVACY","REDACTED FOR PRIVACY","REDACTED FOR PRIVACY","REDACTED FOR PRIVACY","REDACTED FOR PRIVACY","REDACTED FOR PRIVACY","REDACTED FOR PRIVACY","REDACTED FOR PRIVACY","REDACTED FOR PRIVACY","","REDACTED FOR PRIVACY","REDACTED FOR PRIVACY","","","","","","","","","","","ns1.smartsolutions.network","ns2.smartsolutions.network","","","clientTransferProhibited","","",""
"17","costa-dz.com","2019-12-03 17:58:15","2019-12-02","2019-12-02","2020-12-02","433","OVH sas","whois.ovh.com","http://www.ovh.com","","","","","","","Algeria","hlce0ebuktpx0kn0u9kr@j.o-w-o.info","","","","","","","","","","843mnyzoimtnm2ouqv2v@i.o-w-o.info","","","","","","","","","","843mnyzoimtnm2ouqv2v@i.o-w-o.info","","","","","","","","","","","","","dns105.ovh.net","ns105.ovh.net","","","clientDeleteProhibited","clientTransferProhibited","",""
"18","debbana.com","2019-12-03 18:59:27","2019-12-01","2019-12-01","2020-12-01","433","OVH sas","whois.ovh.com","http://www.ovh.com","","","","","","","Algeria","kh13hkq4j6sitrh3eq8x@j.o-w-o.info","","","","","","","","","","ecjyr7zxtaly5g75lm6p@p.o-w-o.info","","","","","","","","","","ecjyr7zxtaly5g75lm6p@p.o-w-o.info","","","","","","","","","","","","","dns105.ovh.net","ns105.ovh.net","","","clientDeleteProhibited","clientTransferProhibited","",""
"19","doopalo.com","2019-12-03 16:11:45","2019-12-01","2019-12-01","2020-12-01","1636","Hostinger, UAB","whois.hostinger.com","http://www.hostinger.com","AHMED DEV makouf","AHMED DEV makouf","hai el moudjahidine rue melah ali 49","biskra","biskra","07000","Algeria","makpro0007@gmail.com","+213.659205220","","AHMED DEV makouf","AHMED DEV makouf","hai el moudjahidine rue melah ali 49","biskra","biskra","07000","Algeria","makpro0007@gmail.com","+213.659205220","","AHMED DEV makouf","AHMED DEV makouf","hai el moudjahidine rue melah ali 49","biskra","biskra","07000","Algeria","makpro0007@gmail.com","+213.659205220","","","","","","","","","","","","ns1.stablehost.com","ns2.stablehost.com","","","clientTransferProhibited","","",""
"20","drweet.com","2019-12-03 16:37:10","2019-12-02","2019-12-02","2020-12-02","146","GoDaddy.com, LLC","whois.godaddy.com","http://registrar.godaddy.com","","","","","Algeria","","Algeria","","","","","","","","","","","","","","","","","","","","","","","","","","","","","","","","","","dns1.namecheaphosting.com","dns2.namecheaphosting.com","","","clientDeleteProhibited","clientRenewProhibited","clientTransferProhibited","clientUpdateProhibited"
"21","eldis-dz.com","2019-12-03 14:36:48","2019-12-02","2019-12-02","2020-12-02","303","PDR Ltd. d/b/a PublicDomainRegistry.com","whois.publicdomainregistry.com","http://www.publicdomainregistry.com","Brahim HABIS","ABC COMMUNICATION","5 R Hamani Arezki ex-charasse, 2e et","Alger","Alger","16000","Algeria","abc.communication@hotmail.com","+213.559038483","","Brahim HABIS","ABC COMMUNICATION","5 R Hamani Arezki ex-charasse, 2e et","Alger","Alger","16000","Algeria","abc.communication@hotmail.com","+213.559038483","","Brahim HABIS","ABC COMMUNICATION","5 R Hamani Arezki ex-charasse, 2e et","Alger","Alger","16000","Algeria","abc.communication@hotmail.com","+213.559038483","","","","","","","","","","","","ns106.dzhoster.net","ns2.dzhoster.net","","","clientTransferProhibited","","",""
"22","eqisante.com","2019-12-03 17:42:45","2019-12-02","2019-12-02","2020-12-02","303","PDR Ltd. d/b/a PublicDomainRegistry.com","whois.publicdomainregistry.com","http://www.publicdomainregistry.com","Loubna Lahmici","Sarl SENSE CONSEIL","10 lot Kouach El Achour","Ager","Alger","16000","Algeria","hello@senseconseil.com","+213.21480321","","Loubna Lahmici","Sarl SENSE CONSEIL","10 lot Kouach El Achour","Ager","Alger","16000","Algeria","hello@senseconseil.com","+213.21480321","","Loubna Lahmici","Sarl SENSE CONSEIL","10 lot Kouach El Achour","Ager","Alger","16000","Algeria","hello@senseconseil.com","+213.21480321","","","","","","","","","","","","ns.datagix.net","ns317.datagix.net","","","clientTransferProhibited","","",""
"23","foot-goals.com","2019-12-03 15:21:59","2019-12-02","2019-12-02","2020-12-02","146","GoDaddy.com, LLC","whois.godaddy.com","http://registrar.godaddy.com","berrim","berrim","","","Algerie","","Algeria","","","","","","","","","","","","","","","","","","","","","","","","","","","","","","","","","","ns27.domaincontrol.com","ns28.domaincontrol.com","","","clientDeleteProhibited","clientRenewProhibited","clientTransferProhibited","clientUpdateProhibited"
"24","gestimum-algerie.com","2019-12-03 15:28:06","2019-12-02","2019-12-02","2020-12-02","433","OVH sas","whois.ovh.com","http://www.ovh.com","","","","","","","Algeria","z6ufen9j6uh0gx4ssa7h@z.o-w-o.info","","","","","","","","","","gtqmnhvk47v0xdq6a5vl@g.o-w-o.info","","","","","","","","","","gtqmnhvk47v0xdq6a5vl@g.o-w-o.info","","","","","","","","","","","","","ns1.contabo.net","ns2.contabo.net","ns3.contabo.net","","clientDeleteProhibited","clientTransferProhibited","",""
"25","giga-fitness.com","2019-12-03 14:45:46","2019-12-02","2019-12-02","2020-12-02","303","PDR Ltd. d/b/a PublicDomainRegistry.com","whois.publicdomainregistry.com","http://www.publicdomainregistry.com","rostom","rosalcom","berriane","ghardaia","Ghardaia","47003","Algeria","info@rosalcom.com","+213.663429916","","rostom","rosalcom","berriane","ghardaia","Ghardaia","47003","Algeria","info@rosalcom.com","+213.663429916","","rostom","rosalcom","berriane","ghardaia","Ghardaia","47003","Algeria","info@rosalcom.com","+213.663429916","","","","","","","","","","","","ns1.rosalcom.com","ns2.rosalcom.com","ns3.rosalcom.com","ns4.rosalcom.com","clientTransferProhibited","","",""
"26","goldenpalm-dz.com","2019-12-03 17:07:06","2019-12-02","2019-12-02","2020-12-02","303","PDR Ltd. d/b/a PublicDomainRegistry.com","whois.publicdomainregistry.com","http://www.publicdomainregistry.com","HANNI ABDREZAK REDAOUIA","H-SOFTWARE","KOUBA","KOUBA","KOUBA","16006","Algeria","h.informatique7@gmail.com","+213.783773657","","HANNI ABDREZAK REDAOUIA","H-SOFTWARE","KOUBA","KOUBA","KOUBA","16006","Algeria","h.informatique7@gmail.com","+213.783773657","","HANNI ABDREZAK REDAOUIA","H-SOFTWARE","KOUBA","KOUBA","KOUBA","16006","Algeria","h.informatique7@gmail.com","+213.783773657","","","","","","","","","","","","ns106.dzhoster.net","ns2.dzhoster.net","","","clientTransferProhibited","","",""
"27","h-software.net","2019-12-03 18:16:18","2019-12-02","2019-12-02","2020-12-02","303","PDR Ltd. d/b/a PublicDomainRegistry.com","whois.publicdomainregistry.com","http://www.publicdomainregistry.com","HANNI ABDREZAK REDAOUIA","H-SOFTWARE","KOUBA","KOUBA","KOUBA","16006","Algeria","h.informatique7@gmail.com","+213.783773657","","HANNI ABDREZAK REDAOUIA","H-SOFTWARE","KOUBA","KOUBA","KOUBA","16006","Algeria","h.informatique7@gmail.com","+213.783773657","","HANNI ABDREZAK REDAOUIA","H-SOFTWARE","KOUBA","KOUBA","KOUBA","16006","Algeria","h.informatique7@gmail.com","+213.783773657","","","","","","","","","","","","ns1.dzhoster.com","ns2.dzhoster.com","","","clientTransferProhibited","","",""
"28","hdlsol.com","2019-12-03 15:09:53","2019-12-02","2019-12-02","2020-12-02","303","PDR Ltd. d/b/a PublicDomainRegistry.com","whois.publicdomainregistry.com","http://www.publicdomainregistry.com","Amine Rouchiche","","cite 200 villas","Tizi-ouzou","Tizi Ouzou","15000","Algeria","busyfire@hotmail.com","+213.26228298","","Amine Rouchiche","","cite 200 villas","Tizi-ouzou","Tizi Ouzou","15000","Algeria","busyfire@hotmail.com","+213.26228298","","Amine Rouchiche","","cite 200 villas","Tizi-ouzou","Tizi Ouzou","15000","Algeria","busyfire@hotmail.com","+213.26228298","","","","","","","","","","","","ns1.supercp.com","ns2.supercp.com","","","clientTransferProhibited","","",""
"29","hygienealgerie.com","2019-12-03 18:30:12","2019-12-02","2019-12-02","2020-12-02","69","Tucows Domains Inc.","whois.tucows.com","http://domainhelp.opensrs.net","REDACTED FOR PRIVACY","REDACTED FOR PRIVACY","REDACTED FOR PRIVACY","REDACTED FOR PRIVACY","ORAN","REDACTED FOR PRIVACY","Algeria","","REDACTED FOR PRIVACY","REDACTED FOR PRIVACY","REDACTED FOR PRIVACY","REDACTED FOR PRIVACY","REDACTED FOR PRIVACY","REDACTED FOR PRIVACY","REDACTED FOR PRIVACY","REDACTED FOR PRIVACY","REDACTED FOR PRIVACY","","REDACTED FOR PRIVACY","REDACTED FOR PRIVACY","REDACTED FOR PRIVACY","REDACTED FOR PRIVACY","REDACTED FOR PRIVACY","REDACTED FOR PRIVACY","REDACTED FOR PRIVACY","REDACTED FOR PRIVACY","REDACTED FOR PRIVACY","","REDACTED FOR PRIVACY","REDACTED FOR PRIVACY","","","","","","","","","","","ns1.hostdz.website","ns2.hostdz.website","ns3.hostdz.website","ns4.hostdz.website","clientTransferProhibited","clientUpdateProhibited","",""
"30","libetudiant.com","2019-12-03 14:40:01","2019-12-01","2019-12-01","2020-12-01","1154","FastDomain Inc.","whois.fastdomain.com","http://www.fastdomain.com","NACER EDDINE EL BRAZZI","NACER EDDINE EL BRAZZI","VILLEG EL HOUARI AHMED SAHL","BOURKIKA","NA","42061","Algeria","jazayrei1212@gmail.com","+213.673781468","","NACER EDDINE EL BRAZZI","NACER EDDINE EL BRAZZI","VILLEG EL HOUARI AHMED SAHL","BOURKIKA","NA","42061","Algeria","jazayrei1212@gmail.com","+213.673781468","","BLUEHOST INC","BLUEHOST.COM","550 E TIMPANOGOS PKWY","OREM","UTAH","84097","United States","support-domain@bluehost.com","+1.8017659400","+1.8017651992","","","","","","","","","","","ns1.bluehost.com","ns2.bluehost.com","","","clientTransferProhibited","","",""
"31","loopapo.com","2019-12-03 15:36:38","2019-12-01","2019-12-01","2020-12-01","1636","Hostinger, UAB","whois.hostinger.com","http://www.hostinger.com","AHMED DEV makouf","AHMED DEV makouf","hai el moudjahidine rue melah ali 49","biskra","biskra","07000","Algeria","makpro0007@gmail.com","+213.659205220","","AHMED DEV makouf","AHMED DEV makouf","hai el moudjahidine rue melah ali 49","biskra","biskra","07000","Algeria","makpro0007@gmail.com","+213.659205220","","AHMED DEV makouf","AHMED DEV makouf","hai el moudjahidine rue melah ali 49","biskra","biskra","07000","Algeria","makpro0007@gmail.com","+213.659205220","","","","","","","","","","","","ns1.stablehost.com","ns2.stablehost.com","","","clientTransferProhibited","","",""
"32","nicethumb.com","2019-12-03 19:06:33","2019-12-02","2019-12-02","2020-12-02","146","GoDaddy.com, LLC","whois.godaddy.com","http://registrar.godaddy.com","","","","","Alger","","Algeria","","","","","","","","","","","","","","","","","","","","","","","","","","","","","","","","","","dns1.namecheaphosting.com","dns2.namecheaphosting.com","","","clientDeleteProhibited","clientRenewProhibited","clientTransferProhibited","clientUpdateProhibited"
"33","pandastuffs.com","2019-12-03 15:07:06","2019-12-02","2019-12-02","2020-12-02","69","Tucows Domains Inc.","whois.tucows.com","http://domainhelp.opensrs.net","REDACTED FOR PRIVACY","REDACTED FOR PRIVACY","REDACTED FOR PRIVACY","REDACTED FOR PRIVACY","Alger","REDACTED FOR PRIVACY","Algeria","","REDACTED FOR PRIVACY","REDACTED FOR PRIVACY","REDACTED FOR PRIVACY","REDACTED FOR PRIVACY","REDACTED FOR PRIVACY","REDACTED FOR PRIVACY","REDACTED FOR PRIVACY","REDACTED FOR PRIVACY","REDACTED FOR PRIVACY","","REDACTED FOR PRIVACY","REDACTED FOR PRIVACY","REDACTED FOR PRIVACY","REDACTED FOR PRIVACY","REDACTED FOR PRIVACY","REDACTED FOR PRIVACY","REDACTED FOR PRIVACY","REDACTED FOR PRIVACY","REDACTED FOR PRIVACY","","REDACTED FOR PRIVACY","REDACTED FOR PRIVACY","","","","","","","","","","","dns2003a.trouble-free.net","dns2003b.trouble-free.net","","","","","",""
"34","papasimo.com","2019-12-03 15:21:41","2019-12-02","2019-12-02","2020-12-02","433","OVH sas","whois.ovh.com","http://www.ovh.com","WeAnalyze","WeAnalyze","","","","","Algeria","x1wqqct8c9134b7zmp5c@r.o-w-o.info","","","","","","","","","","yqit3iympn07q7csb3qd@o.o-w-o.info","","","","","","","","","","yqit3iympn07q7csb3qd@o.o-w-o.info","","","","","","","","","","","","","ns1.digitalocean.com","ns2.digitalocean.com","ns3.digitalocean.com","","clientDeleteProhibited","clientTransferProhibited","",""
"35","piqjob.com","2019-12-03 17:21:15","2019-12-01","2019-12-01","2020-12-01","146","GoDaddy.com, LLC","whois.godaddy.com","http://registrar.godaddy.com","Trips destination","Trips destination","","","Chlef","","Algeria","","","","","","","","","","","","","","","","","","","","","","","","","","","","","","","","","","ns27.domaincontrol.com","ns28.domaincontrol.com","","","clientDeleteProhibited","clientRenewProhibited","clientTransferProhibited","clientUpdateProhibited"
"36","setifs.com","2019-12-03 14:23:24","2019-12-01","2019-12-01","2020-12-01","1154","FastDomain Inc.","whois.fastdomain.com","http://www.fastdomain.com","LAIB DERRADJI","LAIB DERRADJI","BENAMER HOUCINE","MANSOURA","","34008","Algeria","drllaib@gmail.com","+213.0668888581","","LAIB DERRADJI","LAIB DERRADJI","BENAMER HOUCINE","MANSOURA","","34008","Algeria","drllaib@gmail.com","+213.0668888581","","BLUEHOST INC","BLUEHOST.COM","550 E TIMPANOGOS PKWY","OREM","UTAH","84097","United States","support-domain@bluehost.com","+1.8017659400","+1.8017651992","","","","","","","","","","","ns1.bluehost.com","ns2.bluehost.com","","","clientTransferProhibited","","",""
"37","thetravelp.com","2019-12-03 17:20:39","2019-12-02","2019-12-02","2020-12-02","146","GoDaddy.com, LLC","whois.godaddy.com","http://registrar.godaddy.com","","","","","biskra","","Algeria","","","","","","","","","","","","","","","","","","","","","","","","","","","","","","","","","","ns27.domaincontrol.com","ns28.domaincontrol.com","","","clientDeleteProhibited","clientRenewProhibited","clientTransferProhibited","clientUpdateProhibited"
"38","trust-dz.com","2019-12-03 15:24:04","2019-12-01","2019-12-01","2020-12-01","433","OVH sas","whois.ovh.com","http://www.ovh.com","KYO Conseil","KYO Conseil","","","","","Algeria","ebjn5i47f05113o1bj6t@v.o-w-o.info","","","","","","","","","","h4blg1oy3kb6sqikv4m8@s.o-w-o.info","","","","","","","","","","h4blg1oy3kb6sqikv4m8@s.o-w-o.info","","","","","","","","","","","","","dns105.ovh.net","ns105.ovh.net","","","clientDeleteProhibited","clientTransferProhibited","",""
"39","vie-lab.com","2019-12-03 18:32:33","2019-12-02","2019-12-02","2020-12-02","303","PDR Ltd. d/b/a PublicDomainRegistry.com","whois.publicdomainregistry.com","http://www.publicdomainregistry.com","Zineddine  Abdou","sfida technlogy solutions","el biar","el biar","it","16000","Algeria","zineabdou91@gmail.com","+213.541561987","","Zineddine  Abdou","sfida technlogy solutions","el biar","el biar","it","16000","Algeria","zineabdou91@gmail.com","+213.541561987","","Zineddine  Abdou","sfida technlogy solutions","el biar","el biar","it","16000","Algeria","zineabdou91@gmail.com","+213.541561987","","","","","","","","","","","","ns106.dzhoster.net","ns2.dzhoster.net","","","clientTransferProhibited","","",""
"40","vinatribe.com","2019-12-03 14:35:34","2019-12-01","2019-12-01","2021-12-01","146","GoDaddy.com, LLC","whois.godaddy.com","http://registrar.godaddy.com","","","","","algiers","","Algeria","","","","","","","","","","","","","","","","","","","","","","","","","","","","","","","","","","ns27.domaincontrol.com","ns28.domaincontrol.com","","","clientDeleteProhibited","clientRenewProhibited","clientTransferProhibited","clientUpdateProhibited"
"41","wimegatv.net","2019-12-03 15:50:45","2019-12-01","2019-12-01","2020-12-01","1443","Vautron Rechenzentrum AG","whois.antagus.de","http://www.vautron.de","","","","","","","Algeria","abs5zzo1nr@domprivacy.de","","","","","","","","","","abs5zzo1nr@domprivacy.de","","","","","","","","","","a4o7tygxoo@domprivacy.de","","","","","","","","","","","","","ns1.contabo.net","ns2.contabo.net","ns3.contabo.net","","OK","","",""
"42","woroude.com","2019-12-03 17:14:18","2019-12-02","2019-12-02","2020-12-02","1630","Ligne Web Services SARL","whois.nic.fr","http://www.ait.com","","","","","","","Algeria","04856a54a0d434ce772989ef9dffb6f3@whois-anonymous.com","","","","","","","","","Algeria","04856a54a0d434ce772989ef9dffb6f3@whois-anonymous.com","","","","","","","","","Algeria","04856a54a0d434ce772989ef9dffb6f3@whois-anonymous.com","","","","","","","","","Algeria","04856a54a0d434ce772989ef9dffb6f3@whois-anonymous.com","","","","","","","More","clientTransferProhibited","informations","on"
"43","zabankar.com","2019-12-03 18:30:46","2019-12-02","2019-12-02","2020-12-02","69","Tucows Domains Inc.","whois.tucows.com","http://domainhelp.opensrs.net","REDACTED FOR PRIVACY","REDACTED FOR PRIVACY","REDACTED FOR PRIVACY","REDACTED FOR PRIVACY","Tehran","REDACTED FOR PRIVACY","Algeria","","REDACTED FOR PRIVACY","REDACTED FOR PRIVACY","REDACTED FOR PRIVACY","REDACTED FOR PRIVACY","REDACTED FOR PRIVACY","REDACTED FOR PRIVACY","REDACTED FOR PRIVACY","REDACTED FOR PRIVACY","REDACTED FOR PRIVACY","","REDACTED FOR PRIVACY","REDACTED FOR PRIVACY","REDACTED FOR PRIVACY","REDACTED FOR PRIVACY","REDACTED FOR PRIVACY","REDACTED FOR PRIVACY","REDACTED FOR PRIVACY","REDACTED FOR PRIVACY","REDACTED FOR PRIVACY","","REDACTED FOR PRIVACY","REDACTED FOR PRIVACY","","","","","","","","","","","ns85.talahost.com","ns86.talahost.com","","","clientTransferProhibited","clientUpdateProhibited","",""