"num","domain_name","query_time","create_date","update_date","expiry_date","domain_registrar_id","domain_registrar_name","domain_registrar_whois","domain_registrar_url","registrant_name","registrant_company","registrant_address","registrant_city","registrant_state","registrant_zip","registrant_country","registrant_email","registrant_phone","registrant_fax","administrative_name","administrative_company","administrative_address","administrative_city","administrative_state","administrative_zip","administrative_country","administrative_email","administrative_phone","administrative_fax","technical_name","technical_company","technical_address","technical_city","technical_state","technical_zip","technical_country","technical_email","technical_phone","technical_fax","billing_name","billing_company","billing_address","billing_city","billing_state","billing_zip","billing_country","billing_email","billing_phone","billing_fax","name_server_1","name_server_2","name_server_3","name_server_4","domain_status_1","domain_status_2","domain_status_3","domain_status_4"
"1","casaisghana.com","2019-12-03 18:43:39","2019-12-02","2019-12-02","2022-12-02","151","PSI-USA, Inc. dba Domain Robot","whois.psi-usa.info","http://www.psi-usa.info","REDACTED FOR PRIVACY","Casais Angola - Eng e Const. SA","REDACTED FOR PRIVACY","REDACTED FOR PRIVACY","Luanda","REDACTED FOR PRIVACY","Angola","","REDACTED FOR PRIVACY","REDACTED FOR PRIVACY","REDACTED FOR PRIVACY","REDACTED FOR PRIVACY","REDACTED FOR PRIVACY","REDACTED FOR PRIVACY","REDACTED FOR PRIVACY","REDACTED FOR PRIVACY","REDACTED FOR PRIVACY","","REDACTED FOR PRIVACY","REDACTED FOR PRIVACY","REDACTED FOR PRIVACY","REDACTED FOR PRIVACY","REDACTED FOR PRIVACY","REDACTED FOR PRIVACY","REDACTED FOR PRIVACY","REDACTED FOR PRIVACY","REDACTED FOR PRIVACY","","REDACTED FOR PRIVACY","REDACTED FOR PRIVACY","","","","","","","","","","","dns1.ibername.com","dns2.ibername.com","dns3.ibername.net","dns4.ibername.net","clientTransferProhibited","","",""
"2","crcbuilt.com","2019-12-03 14:59:47","2019-12-02","2019-12-02","2021-12-02","146","GoDaddy.com, LLC","whois.godaddy.com","http://registrar.godaddy.com","CRC","Expoafrica, Lda","Area industrial da makanka","Lubango","Luanda","","Angola","web@crcaluminios.com","+244.261228620","","CRC","Expoafrica, Lda","Area industrial da makanka","Lubango","Luanda","","Angola","web@crcaluminios.com","+244.261228620","","CRC","Expoafrica, Lda","Area industrial da makanka","Lubango","Luanda","","Angola","web@crcaluminios.com","+244.261228620","","","","","","","","","","","","ns27.domaincontrol.com","ns28.domaincontrol.com","","","clientDeleteProhibited","clientRenewProhibited","clientTransferProhibited","clientUpdateProhibited"
"3","edgarmuzik.com","2019-12-03 18:52:42","2019-12-01","2019-12-01","2020-12-01","1636","Hostinger, UAB","whois.hostinger.com","http://www.hostinger.com","Luciano site Oficial","Luciano site Oficial","Fonsecaaugustofonseca@gmail.com","Luanda","AC","00244","Angola","lucianositeoficial@gmail.com","+244.929463597","","Luciano site Oficial","Luciano site Oficial","Fonsecaaugustofonseca@gmail.com","Luanda","AC","00244","Angola","lucianositeoficial@gmail.com","+244.929463597","","Luciano site Oficial","Luciano site Oficial","Fonsecaaugustofonseca@gmail.com","Luanda","AC","00244","Angola","lucianositeoficial@gmail.com","+244.929463597","","","","","","","","","","","","ns1.dns-parking.com","ns2.dns-parking.com","","","clientTransferProhibited","","",""
"4","emdosupply.com","2019-12-03 16:25:53","2019-12-02","2019-12-02","2020-12-02","1472","LiquidNet Ltd.","whois.liquidnetlimited.com","http://www.liquidnetlimited.com","REDACTED FOR PRIVACY","REDACTED FOR PRIVACY","REDACTED FOR PRIVACY","REDACTED FOR PRIVACY","LUANDA","REDACTED FOR PRIVACY","Angola","","REDACTED FOR PRIVACY","REDACTED FOR PRIVACY","REDACTED FOR PRIVACY","REDACTED FOR PRIVACY","REDACTED FOR PRIVACY","REDACTED FOR PRIVACY","REDACTED FOR PRIVACY","REDACTED FOR PRIVACY","REDACTED FOR PRIVACY","","REDACTED FOR PRIVACY","REDACTED FOR PRIVACY","REDACTED FOR PRIVACY","REDACTED FOR PRIVACY","REDACTED FOR PRIVACY","REDACTED FOR PRIVACY","REDACTED FOR PRIVACY","REDACTED FOR PRIVACY","REDACTED FOR PRIVACY","","REDACTED FOR PRIVACY","REDACTED FOR PRIVACY","","","","","","","","","","","dns1.supremedns.com","dns2.supremedns.com","dns3.supremedns.com","dns4.supremedns.com","clientTransferProhibited","","",""
"5","goodbold.com","2019-12-03 17:00:27","2019-12-02","2019-12-02","2020-12-02","48","eNom, Inc.","whois.enom.com","http://www.enom.com","REDACTED FOR PRIVACY","REDACTED FOR PRIVACY","REDACTED FOR PRIVACY","REDACTED FOR PRIVACY","LUANDA","REDACTED FOR PRIVACY","Angola","","REDACTED FOR PRIVACY","REDACTED FOR PRIVACY","REDACTED FOR PRIVACY","REDACTED FOR PRIVACY","REDACTED FOR PRIVACY","REDACTED FOR PRIVACY","REDACTED FOR PRIVACY","REDACTED FOR PRIVACY","REDACTED FOR PRIVACY","","REDACTED FOR PRIVACY","REDACTED FOR PRIVACY","REDACTED FOR PRIVACY","REDACTED FOR PRIVACY","REDACTED FOR PRIVACY","REDACTED FOR PRIVACY","REDACTED FOR PRIVACY","REDACTED FOR PRIVACY","REDACTED FOR PRIVACY","","REDACTED FOR PRIVACY","REDACTED FOR PRIVACY","","","","","","","","","","","ns10.angoweb.biz","ns11.angoweb.biz","","","addPeriod","clientTransferProhibited","",""
"6","mulherescriativass.com","2019-12-03 18:10:21","2019-12-01","2019-12-01","2020-12-01","303","PDR Ltd. d/b/a PublicDomainRegistry.com","whois.publicdomainregistry.com","http://www.publicdomainregistry.com","evora texeira","Mulheres Criativas","luanda","Luanda","Luanda","","Angola","evorateixeira@gmail.com","+34.690081841","","evora texeira","Mulheres Criativas","luanda","Luanda","Luanda","","Angola","evorateixeira@gmail.com","+34.690081841","","evora texeira","Mulheres Criativas","luanda","Luanda","Luanda","","Angola","evorateixeira@gmail.com","+34.690081841","","","","","","","","","","","","ns1.md-6.webhostbox.net","ns2.md-6.webhostbox.net","","","clientTransferProhibited","","",""
"7","offshoresshipmanagement.com","2019-12-03 16:18:50","2019-12-02","2019-12-02","2020-12-02","168","Register.it SPA","whois.register.it","http://we.register.it","REDACTED FOR PRIVACY","Offshores Marine Services Lda","REDACTED FOR PRIVACY","REDACTED FOR PRIVACY","Luanda","REDACTED FOR PRIVACY","Angola","","REDACTED.FORPRIVACY","REDACTED.FORPRIVACY","REDACTED FOR PRIVACY","REDACTED FOR PRIVACY","REDACTED FOR PRIVACY","REDACTED FOR PRIVACY","Luanda","REDACTED FOR PRIVACY","Angola","","REDACTED.FORPRIVACY","REDACTED.FORPRIVACY","REDACTED FOR PRIVACY","REDACTED FOR PRIVACY","REDACTED FOR PRIVACY","REDACTED FOR PRIVACY","Faro","REDACTED FOR PRIVACY","Portugal","","REDACTED.FORPRIVACY","REDACTED.FORPRIVACY","","","","","","","","","","","dns1.host-redirect.com","dns2.host-redirect.com","dns3.host-redirect.com","dns4.host-redirect.com","clientDeleteProhibited","clientTransferProhibited","clientUpdateProhibited",""
"8","senirmendonca.net","2019-12-03 14:49:32","2019-12-02","2019-12-02","2020-12-02","303","PDR Ltd. d/b/a PublicDomainRegistry.com","whois.publicdomainregistry.com","http://www.publicdomainregistry.com","senir mendonca","","bairro da Mapunda, perto casa mae mapunda","lubango","huila","193","Angola","senirmendonca@gmail.com","+244.244923529002","","senir mendonca","","bairro da Mapunda, perto casa mae mapunda","lubango","huila","193","Angola","senirmendonca@gmail.com","+244.244923529002","","senir mendonca","","bairro da Mapunda, perto casa mae mapunda","lubango","huila","193","Angola","senirmendonca@gmail.com","+244.244923529002","","","","","","","","","","","","ns1.reservado.hostgator.com.br","ns2.reservado.hostgator.com.br","","","clientTransferProhibited","","",""
"9","tvcidades.com","2019-12-03 16:24:32","2019-12-01","2019-12-01","2024-12-01","2","Network Solutions, LLC","whois.networksolutions.com","http://networksolutions.com","Viana, Francisco","Fundo Viana - Sociedade de Fomento Empresarial Lda","Estrada de Catete, km 20 complexo world T","Luanda","Luanda","0000","Angola","viana888@gmail.com","+244.923788889","+244.8387","Viana, Francisco","Fundo Viana - Sociedade de Fomento Empresarial Lda","Estrada de Catete, km 20 complexo world T","Luanda","Luanda","0000","Angola","viana888@gmail.com","+244.923788889","+244.8387","Viana, Francisco","Fundo Viana - Sociedade de Fomento Empresarial Lda","Estrada de Catete, km 20 complexo world T","Luanda","Luanda","0000","Angola","viana888@gmail.com","+244.923788889","+244.8387","","","","","","","","","","","ns89.worldnic.com","ns90.worldnic.com","","","clientTransferProhibited","","",""
"10","tvnegocios.net","2019-12-03 14:45:11","2019-12-01","2019-12-01","2024-12-01","2","Network Solutions, LLC","whois.networksolutions.com","http://networksolutions.com","Viana, Francisco","Fundo Viana - Sociedade de Fomento Empresarial Lda","Estrada de Catete, km 20 complexo world T","Luanda","Luanda","0000","Angola","viana888@gmail.com","+244.923788889","+244.8387","Viana, Francisco","Fundo Viana - Sociedade de Fomento Empresarial Lda","Estrada de Catete, km 20 complexo world T","Luanda","Luanda","0000","Angola","viana888@gmail.com","+244.923788889","+244.8387","Viana, Francisco","Fundo Viana - Sociedade de Fomento Empresarial Lda","Estrada de Catete, km 20 complexo world T","Luanda","Luanda","0000","Angola","viana888@gmail.com","+244.923788889","+244.8387","","","","","","","","","","","ns17.worldnic.com","ns18.worldnic.com","","","clientTransferProhibited","","",""