"num","domain_name","query_time","create_date","update_date","expiry_date","domain_registrar_id","domain_registrar_name","domain_registrar_whois","domain_registrar_url","registrant_name","registrant_company","registrant_address","registrant_city","registrant_state","registrant_zip","registrant_country","registrant_email","registrant_phone","registrant_fax","administrative_name","administrative_company","administrative_address","administrative_city","administrative_state","administrative_zip","administrative_country","administrative_email","administrative_phone","administrative_fax","technical_name","technical_company","technical_address","technical_city","technical_state","technical_zip","technical_country","technical_email","technical_phone","technical_fax","billing_name","billing_company","billing_address","billing_city","billing_state","billing_zip","billing_country","billing_email","billing_phone","billing_fax","name_server_1","name_server_2","name_server_3","name_server_4","domain_status_1","domain_status_2","domain_status_3","domain_status_4"
"1","armeniandomains.com","2019-12-03 18:10:08","2019-12-02","2019-12-02","2020-12-02","1443","Vautron Rechenzentrum AG","whois.antagus.de","http://www.vautron.de","","","","","","","Armenia","asfth5sy2r@domprivacy.de","","","","","","","","","","asfth5sy2r@domprivacy.de","","","","","","","","","","asfth5sy2r@domprivacy.de","","","","","","","","","","","","","ns1.contabo.net","ns2.contabo.net","ns3.contabo.net","","OK","","",""
"2","insiderpoints.guide","2019-12-03 17:28:05","2019-12-02","2019-12-02","2020-12-02","146","GoDaddy.com, LLC","whois.godaddy.com","http://registrar.godaddy.com","REDACTED FOR PRIVACY","","REDACTED FOR PRIVACY","REDACTED FOR PRIVACY","Yerevan","REDACTED FOR PRIVACY","Armenia","","REDACTED FOR PRIVACY","REDACTED FOR PRIVACY","","","","","","","","","","","","","","","","","","","","","","","","","","","","","","","","","","","addPeriod","clientDeleteProhibited","clientRenewProhibited","clientTransferProhibited"
"3","kancleader.com","2019-12-03 16:05:26","2019-12-02","2019-12-02","2021-12-02","146","GoDaddy.com, LLC","whois.godaddy.com","http://registrar.godaddy.com","","","","","\u0535\u0580\u0565\u057e\u0561\u0576","","Armenia","","","","","","","","","","","","","","","","","","","","","","","","","","","","","","","","","","nelci.ns.cloudflare.com","ram.ns.cloudflare.com","","","clientDeleteProhibited","clientRenewProhibited","clientTransferProhibited","clientUpdateProhibited"
"4","project-canary.com","2019-12-03 15:06:39","2019-12-01","2019-12-01","2020-12-01","146","GoDaddy.com, LLC","whois.godaddy.com","http://registrar.godaddy.com","","","","","\u0535\u0580\u0565\u057e\u0561\u0576","","Armenia","","","","","","","","","","","","","","","","","","","","","","","","","","","","","","","","","","ns27.domaincontrol.com","ns28.domaincontrol.com","","","clientDeleteProhibited","clientRenewProhibited","clientTransferProhibited","clientUpdateProhibited"
"5","voltvanberg.com","2019-12-03 14:19:09","2019-12-02","2019-12-02","2020-12-02","1250","Trunkoz Technologies Pvt Ltd. d/b/a OwnRegistrar.com","whois.ownregistrar.com","http://www.ownregistrar.com","Anna Ter Esayan","NA","Nersisyan 2, ap 40","Yerevan","Other","0034","Armenia","annateresayan1985@gmail.com","+374.77003695","","Anna Ter Esayan","NA","Nersisyan 2, ap 40","Yerevan","Other","0034","Armenia","annateresayan1985@gmail.com","+374-77003695","","Anna Ter Esayan","NA","Nersisyan 2, ap 40","Yerevan","Other","0034","Armenia","annateresayan1985@gmail.com","+374-77003695","","","","","","","","","","","","ns1.hayhost.net","ns2.hayhost.net","","","OK","","",""
"6","woolen.works","2019-12-03 17:38:02","2019-12-02","2019-12-02","2020-12-02","625","Name.com, Inc.","whois.name.com","http://www.name.com","Gevorg Aznauryan","Gevorg Aznauryan","Komitas 45/1, appt 60","Yerevan","Yerevan","0014","Armenia","gaz@sitemax.am","+374.55747472","","Gevorg Aznauryan","Gevorg Aznauryan","Komitas 45/1, appt 60","Yerevan","Yerevan","0014","Armenia","gaz@sitemax.am","+374.55747472","","Gevorg Aznauryan","Gevorg Aznauryan","Komitas 45/1, appt 60","Yerevan","Yerevan","0014","Armenia","gaz@sitemax.am","+374.55747472","","","","","","","","","","","","","","","","addPeriod","clientTransferProhibited","",""