"num","domain_name","query_time","create_date","update_date","expiry_date","domain_registrar_id","domain_registrar_name","domain_registrar_whois","domain_registrar_url","registrant_name","registrant_company","registrant_address","registrant_city","registrant_state","registrant_zip","registrant_country","registrant_email","registrant_phone","registrant_fax","administrative_name","administrative_company","administrative_address","administrative_city","administrative_state","administrative_zip","administrative_country","administrative_email","administrative_phone","administrative_fax","technical_name","technical_company","technical_address","technical_city","technical_state","technical_zip","technical_country","technical_email","technical_phone","technical_fax","billing_name","billing_company","billing_address","billing_city","billing_state","billing_zip","billing_country","billing_email","billing_phone","billing_fax","name_server_1","name_server_2","name_server_3","name_server_4","domain_status_1","domain_status_2","domain_status_3","domain_status_4"
"1","4edis.com","2019-12-03 17:20:39","2019-12-02","2019-12-02","2020-12-02","151","PSI-USA, Inc. dba Domain Robot","whois.psi-usa.info","http://www.psi-usa.info","REDACTED FOR PRIVACY","","REDACTED FOR PRIVACY","REDACTED FOR PRIVACY","n.a.","REDACTED FOR PRIVACY","Austria","","REDACTED FOR PRIVACY","REDACTED FOR PRIVACY","REDACTED FOR PRIVACY","REDACTED FOR PRIVACY","REDACTED FOR PRIVACY","REDACTED FOR PRIVACY","REDACTED FOR PRIVACY","REDACTED FOR PRIVACY","REDACTED FOR PRIVACY","","REDACTED FOR PRIVACY","REDACTED FOR PRIVACY","REDACTED FOR PRIVACY","REDACTED FOR PRIVACY","REDACTED FOR PRIVACY","REDACTED FOR PRIVACY","REDACTED FOR PRIVACY","REDACTED FOR PRIVACY","REDACTED FOR PRIVACY","","REDACTED FOR PRIVACY","REDACTED FOR PRIVACY","","","","","","","","","","","ns33.tophost.ch","ns34.tophost.ch","","","clientTransferProhibited","","",""
"2","agllity.com","2019-12-03 18:02:39","2019-12-02","2019-12-02","2020-12-02","303","PDR Ltd. d/b/a PublicDomainRegistry.com","whois.publicdomainregistry.com","http://www.publicdomainregistry.com","GDPR Masked","GDPR Masked","GDPR Masked GDPR Masked GDPR Masked","GDPR Masked","Carinthia","GDPR Masked","Austria","gdpr-masking@gdpr-masked.com","+GDPR Masked.GDPR Masked","+GDPR Masked.GDPR Masked","GDPR Masked","GDPR Masked","GDPR Masked GDPR Masked GDPR Masked","GDPR Masked","Carinthia","GDPR Masked","Austria","gdpr-masking@gdpr-masked.com","+GDPR Masked.GDPR Masked","+GDPR Masked.GDPR Masked","GDPR Masked","GDPR Masked","GDPR Masked GDPR Masked GDPR Masked","GDPR Masked","Carinthia","GDPR Masked","Austria","gdpr-masking@gdpr-masked.com","+GDPR Masked.GDPR Masked","+GDPR Masked.GDPR Masked","","","","","","","","","","","monovm.earth.orderbox-dns.com","monovm.mars.orderbox-dns.com","monovm.mercury.orderbox-dns.com","monovm.venus.orderbox-dns.com","clientTransferProhibited","","",""
"3","ameg-international.com","2019-12-03 18:13:43","2019-12-02","2019-12-02","2022-12-02","3817","Wix.com Ltd.","","","Statutory Masking Enabled","Statutory Masking Enabled","Statutory Masking Enabled","Statutory Masking Enabled","7","Statutory Masking Enabled","Austria","ameg-international.com@wix-domains.com","Statutory Masking Enabled","Statutory Masking Enabled","Statutory Masking Enabled","Statutory Masking Enabled","Statutory Masking Enabled","Statutory Masking Enabled","7","Statutory Masking Enabled","Austria","lukas.mott@icloud.com","Statutory Masking Enabled","Statutory Masking Enabled","Statutory Masking Enabled","Statutory Masking Enabled","Statutory Masking Enabled","Statutory Masking Enabled","7","Statutory Masking Enabled","Austria","lukas.mott@icloud.com","Statutory Masking Enabled","Statutory Masking Enabled","","","","","","","","","","","ns10.wixdns.net","ns11.wixdns.net","","","clientTransferProhibited","clientUpdateProhibited","",""
"4","bim4real.com","2019-12-03 14:23:33","2019-12-01","2019-12-01","2020-12-01","113","CSL Computer Service Langenbach GmbH d/b/a joker.com","whois.joker.com","http://www.joker.com","","","","","","","Austria","","","","","","","","","","","","","","","","","","","","","","","","","","","","","","","","","","x.ns.joker.com","y.ns.joker.com","z.ns.joker.com","","clientTransferProhibited","","",""
"5","bitcoin-vault.com","2019-12-03 18:16:16","2019-12-01","2019-12-02","2020-12-01","656","eNom656, Inc.","whois.enom.com","http://www.enom656.com","Statutory Masking Enabled","Statutory Masking Enabled","Statutory Masking Enabled","Statutory Masking Enabled","AT","Statutory Masking Enabled","Austria","abuse@web.com","Statutory Masking Enabled","Statutory Masking Enabled","Statutory Masking Enabled","Statutory Masking Enabled","Statutory Masking Enabled","Statutory Masking Enabled","Statutory Masking Enabled","Statutory Masking Enabled","Statutory Masking Enabled","abuse@web.com","Statutory Masking Enabled","Statutory Masking Enabled","Statutory Masking Enabled","Statutory Masking Enabled","Statutory Masking Enabled","Statutory Masking Enabled","Statutory Masking Enabled","Statutory Masking Enabled","Statutory Masking Enabled","abuse@web.com","Statutory Masking Enabled","Statutory Masking Enabled","","","","","","","","","","","ns37.worldnic.com","ns38.worldnic.com","","","clientTransferProhibited","","",""
"6","christianfleck.com","2019-12-03 19:13:57","2019-12-02","2019-12-02","2020-12-02","1476","World4You Internet Services GmbH","whois.world4you.com","http://www.world4you.com","REDACTED FOR PRIVACY","Christian Fleck","REDACTED FOR PRIVACY","REDACTED FOR PRIVACY","AT","REDACTED FOR PRIVACY","Austria","","REDACTED FOR PRIVACY","REDACTED FOR PRIVACY","REDACTED FOR PRIVACY","REDACTED FOR PRIVACY","REDACTED FOR PRIVACY","REDACTED FOR PRIVACY","REDACTED FOR PRIVACY","REDACTED FOR PRIVACY","REDACTED FOR PRIVACY","","REDACTED FOR PRIVACY","REDACTED FOR PRIVACY","REDACTED FOR PRIVACY","REDACTED FOR PRIVACY","REDACTED FOR PRIVACY","REDACTED FOR PRIVACY","REDACTED FOR PRIVACY","REDACTED FOR PRIVACY","REDACTED FOR PRIVACY","","REDACTED FOR PRIVACY","REDACTED FOR PRIVACY","","","","","","","","","","","ns1.world4you.at","ns2.world4you.at","","","clientTransferProhibited","","",""
"7","circular-experiences.com","2019-12-03 17:31:39","2019-12-02","2019-12-02","2020-12-02","1390","Mesh Digital Limited","whois.meshdigital.com","http://www.meshdigital.com","REDACTED FOR PRIVACY","","REDACTED FOR PRIVACY","REDACTED FOR PRIVACY","unknown","REDACTED FOR PRIVACY","Austria","","REDACTED FOR PRIVACY","REDACTED FOR PRIVACY","","","","","","","","","","","","","","","","","","","","","","","","","","","","","","","ns1.hans.hosteurope.de","ns2.hans.hosteurope.de","","","OK","","",""
"8","circularexperiences.com","2019-12-03 14:35:26","2019-12-02","2019-12-02","2020-12-02","1390","Mesh Digital Limited","whois.meshdigital.com","http://www.meshdigital.com","REDACTED FOR PRIVACY","","REDACTED FOR PRIVACY","REDACTED FOR PRIVACY","unknown","REDACTED FOR PRIVACY","Austria","","REDACTED FOR PRIVACY","REDACTED FOR PRIVACY","","","","","","","","","","","","","","","","","","","","","","","","","","","","","","","ns1.hans.hosteurope.de","ns2.hans.hosteurope.de","","","OK","","",""
"9","constant-finanzierung.com","2019-12-03 19:09:57","2019-12-02","2019-12-02","2020-12-02","1476","World4You Internet Services GmbH","whois.world4you.com","http://www.world4you.com","REDACTED FOR PRIVACY","Constant Solution","REDACTED FOR PRIVACY","REDACTED FOR PRIVACY","AT","REDACTED FOR PRIVACY","Austria","","REDACTED FOR PRIVACY","REDACTED FOR PRIVACY","REDACTED FOR PRIVACY","REDACTED FOR PRIVACY","REDACTED FOR PRIVACY","REDACTED FOR PRIVACY","REDACTED FOR PRIVACY","REDACTED FOR PRIVACY","REDACTED FOR PRIVACY","","REDACTED FOR PRIVACY","REDACTED FOR PRIVACY","REDACTED FOR PRIVACY","REDACTED FOR PRIVACY","REDACTED FOR PRIVACY","REDACTED FOR PRIVACY","REDACTED FOR PRIVACY","REDACTED FOR PRIVACY","REDACTED FOR PRIVACY","","REDACTED FOR PRIVACY","REDACTED FOR PRIVACY","","","","","","","","","","","ns1.world4you.at","ns2.world4you.at","","","clientTransferProhibited","","",""
"10","darfseinbisserlmordsein.com","2019-12-03 18:46:52","2019-12-02","2019-12-02","2020-12-02","3817","Wix.com Ltd.","","","Statutory Masking Enabled","Statutory Masking Enabled","Statutory Masking Enabled","Statutory Masking Enabled","9","Statutory Masking Enabled","Austria","darfseinbisserlmordsein.com@wix-domains.com","Statutory Masking Enabled","Statutory Masking Enabled","Statutory Masking Enabled","Statutory Masking Enabled","Statutory Masking Enabled","Statutory Masking Enabled","9","Statutory Masking Enabled","Austria","franny.singer@gmail.com","Statutory Masking Enabled","Statutory Masking Enabled","Statutory Masking Enabled","Statutory Masking Enabled","Statutory Masking Enabled","Statutory Masking Enabled","9","Statutory Masking Enabled","Austria","franny.singer@gmail.com","Statutory Masking Enabled","Statutory Masking Enabled","","","","","","","","","","","ns12.wixdns.net","ns13.wixdns.net","","","clientTransferProhibited","clientUpdateProhibited","",""
"11","datacycle.cloud","2019-12-03 14:35:54","2019-12-02","2019-12-02","2020-12-02","809","Ledl.net GmbH","whois.ledl.net","http://www.domaintechnik.at","dataCycle GmbH","dataCycle GmbH","","","","","Austria","","","","","","","","","","","","","","","","","","","","","","","","","","","","","","","","","","ns1.domaintechnik.at","ns2.domaintechnik.at","ns3.domaintechnik.at","ns4.domaintechnik.at","addPeriod","clientDeleteProhibited","clientTransferProhibited",""
"12","derstandard.works","2019-12-03 16:03:58","2019-12-02","2019-12-02","2020-12-02","81","Gandi SAS","whois.gandi.net","http://www.gandi.net","Alexander Mitteraecker","Standard Verlagsgesellschaft m.b.H.","Vordere Zollamtstrasse 13Vordere Zollamtstrasse 13","Vienna","","1030","Austria","domains@derstandard.at","43153170600","43153170482","Alexander Mitteraecker","Standard Verlagsgesellschaft m.b.H.","Vordere Zollamtstrasse 13Vordere Zollamtstrasse 13","Vienna","","1030","Austria","domains@derstandard.at","43153170600","43153170482","TCS Hostmaster","Tele2 Telecommunication GmbH","Vordere Zollamtstrasse 13Donau-City-Strasse 11Vordere Zollamtstrasse 13","Vienna","","1220","Austria","hostmaster@at.tele2.com","43505003647","43505003967","","","","","","","","","","","","","","","addPeriod","clientTransferProhibited","",""
"13","diebeautyinsel.com","2019-12-03 14:27:05","2019-12-02","2019-12-02","2020-12-02","83","1&1 Internet AG","whois.schlund.info","http://1and1.com","REDACTED FOR PRIVACY","","REDACTED FOR PRIVACY","REDACTED FOR PRIVACY","","REDACTED FOR PRIVACY","Austria","dataprivacyprotected@1und1.de","REDACTED FOR PRIVACY","REDACTED FOR PRIVACY","REDACTED FOR PRIVACY","REDACTED FOR PRIVACY","REDACTED FOR PRIVACY","REDACTED FOR PRIVACY","REDACTED FOR PRIVACY","REDACTED FOR PRIVACY","REDACTED FOR PRIVACY","dataprivacyprotected@1und1.de","REDACTED FOR PRIVACY","REDACTED FOR PRIVACY","REDACTED FOR PRIVACY","REDACTED FOR PRIVACY","REDACTED FOR PRIVACY","REDACTED FOR PRIVACY","REDACTED FOR PRIVACY","REDACTED FOR PRIVACY","REDACTED FOR PRIVACY","dataprivacyprotected@1und1.de","REDACTED FOR PRIVACY","REDACTED FOR PRIVACY","","","","","","","","","","","ns1031.ui-dns.biz","ns1058.ui-dns.de","ns1063.ui-dns.org","ns1078.ui-dns.com","addPeriod","clientTransferProhibited","",""
"14","digilinks.net","2019-12-03 19:03:57","2019-12-01","2019-12-01","2020-12-01","1476","World4You Internet Services GmbH","whois.world4you.com","http://www.world4you.com","REDACTED FOR PRIVACY","","REDACTED FOR PRIVACY","REDACTED FOR PRIVACY","AT","REDACTED FOR PRIVACY","Austria","","REDACTED FOR PRIVACY","REDACTED FOR PRIVACY","REDACTED FOR PRIVACY","REDACTED FOR PRIVACY","REDACTED FOR PRIVACY","REDACTED FOR PRIVACY","REDACTED FOR PRIVACY","REDACTED FOR PRIVACY","REDACTED FOR PRIVACY","","REDACTED FOR PRIVACY","REDACTED FOR PRIVACY","REDACTED FOR PRIVACY","REDACTED FOR PRIVACY","REDACTED FOR PRIVACY","REDACTED FOR PRIVACY","REDACTED FOR PRIVACY","REDACTED FOR PRIVACY","REDACTED FOR PRIVACY","","REDACTED FOR PRIVACY","REDACTED FOR PRIVACY","","","","","","","","","","","ns1.world4you.at","ns2.world4you.at","","","clientTransferProhibited","","",""
"15","don-kes.com","2019-12-03 14:38:50","2019-12-02","2019-12-02","2020-12-02","1476","World4You Internet Services GmbH","whois.world4you.com","http://www.world4you.com","REDACTED FOR PRIVACY","","REDACTED FOR PRIVACY","REDACTED FOR PRIVACY","AT","REDACTED FOR PRIVACY","Austria","","REDACTED FOR PRIVACY","REDACTED FOR PRIVACY","REDACTED FOR PRIVACY","REDACTED FOR PRIVACY","REDACTED FOR PRIVACY","REDACTED FOR PRIVACY","REDACTED FOR PRIVACY","REDACTED FOR PRIVACY","REDACTED FOR PRIVACY","","REDACTED FOR PRIVACY","REDACTED FOR PRIVACY","REDACTED FOR PRIVACY","REDACTED FOR PRIVACY","REDACTED FOR PRIVACY","REDACTED FOR PRIVACY","REDACTED FOR PRIVACY","REDACTED FOR PRIVACY","REDACTED FOR PRIVACY","","REDACTED FOR PRIVACY","REDACTED FOR PRIVACY","","","","","","","","","","","ns1.world4you.at","ns2.world4you.at","","","clientTransferProhibited","","",""
"16","edelbeschichtung.com","2019-12-03 14:36:38","2019-12-02","2019-12-02","2020-12-02","1476","World4You Internet Services GmbH","whois.world4you.com","http://www.world4you.com","REDACTED FOR PRIVACY","","REDACTED FOR PRIVACY","REDACTED FOR PRIVACY","AT","REDACTED FOR PRIVACY","Austria","","REDACTED FOR PRIVACY","REDACTED FOR PRIVACY","REDACTED FOR PRIVACY","REDACTED FOR PRIVACY","REDACTED FOR PRIVACY","REDACTED FOR PRIVACY","REDACTED FOR PRIVACY","REDACTED FOR PRIVACY","REDACTED FOR PRIVACY","","REDACTED FOR PRIVACY","REDACTED FOR PRIVACY","REDACTED FOR PRIVACY","REDACTED FOR PRIVACY","REDACTED FOR PRIVACY","REDACTED FOR PRIVACY","REDACTED FOR PRIVACY","REDACTED FOR PRIVACY","REDACTED FOR PRIVACY","","REDACTED FOR PRIVACY","REDACTED FOR PRIVACY","","","","","","","","","","","ns1.world4you.at","ns2.world4you.at","","","clientTransferProhibited","","",""
"17","edelbeschichtungen.com","2019-12-03 16:45:12","2019-12-02","2019-12-02","2020-12-02","1476","World4You Internet Services GmbH","whois.world4you.com","http://www.world4you.com","REDACTED FOR PRIVACY","","REDACTED FOR PRIVACY","REDACTED FOR PRIVACY","AT","REDACTED FOR PRIVACY","Austria","","REDACTED FOR PRIVACY","REDACTED FOR PRIVACY","REDACTED FOR PRIVACY","REDACTED FOR PRIVACY","REDACTED FOR PRIVACY","REDACTED FOR PRIVACY","REDACTED FOR PRIVACY","REDACTED FOR PRIVACY","REDACTED FOR PRIVACY","","REDACTED FOR PRIVACY","REDACTED FOR PRIVACY","REDACTED FOR PRIVACY","REDACTED FOR PRIVACY","REDACTED FOR PRIVACY","REDACTED FOR PRIVACY","REDACTED FOR PRIVACY","REDACTED FOR PRIVACY","REDACTED FOR PRIVACY","","REDACTED FOR PRIVACY","REDACTED FOR PRIVACY","","","","","","","","","","","ns1.world4you.at","ns2.world4you.at","","","clientTransferProhibited","","",""
"18","eduinquest.com","2019-12-03 15:11:10","2019-12-01","2019-12-01","2024-12-01","886","Domain.com, LLC","whois.domain.com","http://www.domain.com","REDACTED FOR PRIVACY","REDACTED FOR PRIVACY","REDACTED FOR PRIVACY","REDACTED FOR PRIVACY","NA","REDACTED FOR PRIVACY","Austria","","REDACTED FOR PRIVACY","REDACTED FOR PRIVACY","REDACTED FOR PRIVACY","REDACTED FOR PRIVACY","REDACTED FOR PRIVACY","REDACTED FOR PRIVACY","REDACTED FOR PRIVACY","REDACTED FOR PRIVACY","REDACTED FOR PRIVACY","","REDACTED FOR PRIVACY","REDACTED FOR PRIVACY","REDACTED FOR PRIVACY","REDACTED FOR PRIVACY","REDACTED FOR PRIVACY","REDACTED FOR PRIVACY","REDACTED FOR PRIVACY","REDACTED FOR PRIVACY","REDACTED FOR PRIVACY","","REDACTED FOR PRIVACY","REDACTED FOR PRIVACY","","","","","","","","","","","ns1.domaincom-default.domainparkingserver.net","ns2.domaincom-default.domainparkingserver.net","","","","","",""
"19","efglux.com","2019-12-03 16:01:37","2019-12-02","2019-12-02","2020-12-02","1387","1API GmbH","whois.1api.net","http://www.1api.net","REDACTED FOR PRIVACY","REDACTED FOR PRIVACY","REDACTED FOR PRIVACY","REDACTED FOR PRIVACY","","REDACTED FOR PRIVACY","Austria","","REDACTED FOR PRIVACY","","REDACTED FOR PRIVACY","REDACTED FOR PRIVACY","REDACTED FOR PRIVACY","REDACTED FOR PRIVACY","REDACTED FOR PRIVACY","REDACTED FOR PRIVACY","REDACTED FOR PRIVACY","","REDACTED FOR PRIVACY","","REDACTED FOR PRIVACY","REDACTED FOR PRIVACY","REDACTED FOR PRIVACY","REDACTED FOR PRIVACY","REDACTED FOR PRIVACY","REDACTED FOR PRIVACY","REDACTED FOR PRIVACY","","REDACTED FOR PRIVACY","","","","","","","","","","","","ns1.webspace-verkauf.de","ns2.webspace-verkauf.de","ns3.webspace-verkauf.de","","clientTransferProhibited","","",""
"20","evaskreativseite.com","2019-12-03 15:28:44","2019-12-01","2019-12-01","2020-12-01","625","Name.com, Inc.","whois.name.com","http://www.name.com","Non-Public Data","Eva`s Kreativseite","Non-Public Data","Non-Public Data","","00000","Austria","","+00.0000000","","Non-Public Data","Non-Public Data","Non-Public Data","Non-Public Data","Non-Public Data","00000","","","+00.0000000","","Non-Public Data","Non-Public Data","Non-Public Data","Non-Public Data","Non-Public Data","00000","","","+00.0000000","","","","","","","","","","","","ns11.jimdo.com","ns12.jimdo.com","","","addPeriod","clientTransferProhibited","",""
"21","fahrnichtfortkaufimort.com","2019-12-03 15:46:19","2019-12-02","2019-12-02","2020-12-02","151","PSI-USA, Inc. dba Domain Robot","whois.psi-usa.info","http://www.psi-usa.info","REDACTED FOR PRIVACY","","REDACTED FOR PRIVACY","REDACTED FOR PRIVACY","AT","REDACTED FOR PRIVACY","Austria","","REDACTED FOR PRIVACY","REDACTED FOR PRIVACY","REDACTED FOR PRIVACY","REDACTED FOR PRIVACY","REDACTED FOR PRIVACY","REDACTED FOR PRIVACY","REDACTED FOR PRIVACY","REDACTED FOR PRIVACY","REDACTED FOR PRIVACY","","REDACTED FOR PRIVACY","REDACTED FOR PRIVACY","REDACTED FOR PRIVACY","REDACTED FOR PRIVACY","REDACTED FOR PRIVACY","REDACTED FOR PRIVACY","REDACTED FOR PRIVACY","REDACTED FOR PRIVACY","REDACTED FOR PRIVACY","","REDACTED FOR PRIVACY","REDACTED FOR PRIVACY","","","","","","","","","","","ns1.webgo.de","ns2.webgo.de","ns3.webgo.de","ns4.webgo.de","clientTransferProhibited","","",""
"22","find-iphone-us.biz","2019-12-03 14:43:12","2019-11-30","2019-12-01","2020-11-30","1564","TLD Registrar Solutions Ltd.","whois.tldregistrarsolutions.com","http://www.tldregistrarsolutions.com","ok","ok","","","","","Austria","","","","","","","","","","","","","","","","","","","","","","","","","","","","","","","","","","ns1.euhost.site","ns2.euhost.site","","","addPeriod","clientTransferProhibited","",""
"23","flaschenband.com","2019-12-03 15:06:34","2019-12-02","2019-12-02","2020-12-02","625","Name.com, Inc.","whois.name.com","http://www.name.com","Non-Public Data","Flaschenband","Non-Public Data","Non-Public Data","","00000","Austria","","+00.0000000","","Non-Public Data","Non-Public Data","Non-Public Data","Non-Public Data","Non-Public Data","00000","","","+00.0000000","","Non-Public Data","Non-Public Data","Non-Public Data","Non-Public Data","Non-Public Data","00000","","","+00.0000000","","","","","","","","","","","","ns11.jimdo.com","ns12.jimdo.com","","","addPeriod","clientTransferProhibited","",""
"24","fotowelt.net","2019-12-03 15:50:50","2019-12-02","2019-12-02","2020-12-02","625","Name.com, Inc.","whois.name.com","http://www.name.com","Non-Public Data","","Non-Public Data","Non-Public Data","","00000","Austria","","+00.0000000","","Non-Public Data","Non-Public Data","Non-Public Data","Non-Public Data","Non-Public Data","00000","","","+00.0000000","","Non-Public Data","Non-Public Data","Non-Public Data","Non-Public Data","Non-Public Data","00000","","","+00.0000000","","","","","","","","","","","","ns11.jimdo.com","ns12.jimdo.com","","","addPeriod","clientTransferProhibited","",""
"25","fullsendoptics.com","2019-12-03 14:19:12","2019-12-02","2019-12-02","2020-12-02","3817","Wix.com Ltd.","","","Statutory Masking Enabled","Statutory Masking Enabled","Statutory Masking Enabled","Statutory Masking Enabled","7","Statutory Masking Enabled","Austria","fullsendoptics.com@wix-domains.com","Statutory Masking Enabled","Statutory Masking Enabled","Statutory Masking Enabled","Statutory Masking Enabled","Statutory Masking Enabled","Statutory Masking Enabled","7","Statutory Masking Enabled","Austria","marktriendl98@gmail.com","Statutory Masking Enabled","Statutory Masking Enabled","Statutory Masking Enabled","Statutory Masking Enabled","Statutory Masking Enabled","Statutory Masking Enabled","7","Statutory Masking Enabled","Austria","marktriendl98@gmail.com","Statutory Masking Enabled","Statutory Masking Enabled","","","","","","","","","","","ns10.wixdns.net","ns11.wixdns.net","","","clientTransferProhibited","clientUpdateProhibited","",""
"26","gredata.group","2019-12-03 14:23:33","2019-12-02","2019-12-02","2020-12-02","1390","Mesh Digital Limited","whois.meshdigital.com","http://www.meshdigital.com","REDACTED FOR PRIVACY","gredata IT-Solutions e.U.","REDACTED FOR PRIVACY","REDACTED FOR PRIVACY","unknown","REDACTED FOR PRIVACY","Austria","","REDACTED FOR PRIVACY","REDACTED FOR PRIVACY","","","","","","","","","","","","","","","","","","","","","","","","","","","","","","","","","","","addPeriod","","",""
"27","hahnenkamm-shop.com","2019-12-03 17:59:17","2019-12-02","2019-12-02","2020-12-02","69","Tucows Domains Inc.","whois.tucows.com","http://domainhelp.opensrs.net","REDACTED FOR PRIVACY","REDACTED FOR PRIVACY","REDACTED FOR PRIVACY","REDACTED FOR PRIVACY","","REDACTED FOR PRIVACY","Austria","","REDACTED FOR PRIVACY","REDACTED FOR PRIVACY","REDACTED FOR PRIVACY","REDACTED FOR PRIVACY","REDACTED FOR PRIVACY","REDACTED FOR PRIVACY","REDACTED FOR PRIVACY","REDACTED FOR PRIVACY","REDACTED FOR PRIVACY","","REDACTED FOR PRIVACY","REDACTED FOR PRIVACY","REDACTED FOR PRIVACY","REDACTED FOR PRIVACY","REDACTED FOR PRIVACY","REDACTED FOR PRIVACY","REDACTED FOR PRIVACY","REDACTED FOR PRIVACY","REDACTED FOR PRIVACY","","REDACTED FOR PRIVACY","REDACTED FOR PRIVACY","","","","","","","","","","","ns1.mybizcloud.at","ns2.mybizcloud.at","","","OK","","",""
"28","handelsagentur-christian-toth.com","2019-12-03 17:52:04","2019-12-02","2019-12-02","2020-12-02","83","1&1 Internet AG","whois.schlund.info","http://1and1.com","REDACTED FOR PRIVACY","","REDACTED FOR PRIVACY","REDACTED FOR PRIVACY","","REDACTED FOR PRIVACY","Austria","dataprivacyprotected@1und1.de","REDACTED FOR PRIVACY","REDACTED FOR PRIVACY","REDACTED FOR PRIVACY","REDACTED FOR PRIVACY","REDACTED FOR PRIVACY","REDACTED FOR PRIVACY","REDACTED FOR PRIVACY","REDACTED FOR PRIVACY","REDACTED FOR PRIVACY","dataprivacyprotected@1und1.de","REDACTED FOR PRIVACY","REDACTED FOR PRIVACY","REDACTED FOR PRIVACY","REDACTED FOR PRIVACY","REDACTED FOR PRIVACY","REDACTED FOR PRIVACY","REDACTED FOR PRIVACY","REDACTED FOR PRIVACY","REDACTED FOR PRIVACY","dataprivacyprotected@1und1.de","REDACTED FOR PRIVACY","REDACTED FOR PRIVACY","","","","","","","","","","","ns1022.ui-dns.com","ns1042.ui-dns.biz","ns1095.ui-dns.de","ns1126.ui-dns.org","addPeriod","clientTransferProhibited","",""
"29","harmincfashion.com","2019-12-03 18:22:47","2019-12-02","2019-12-02","2020-12-02","69","Tucows Domains Inc.","whois.tucows.com","http://domainhelp.opensrs.net","REDACTED FOR PRIVACY","REDACTED FOR PRIVACY","REDACTED FOR PRIVACY","REDACTED FOR PRIVACY","AG","REDACTED FOR PRIVACY","Austria","","REDACTED FOR PRIVACY","REDACTED FOR PRIVACY","REDACTED FOR PRIVACY","REDACTED FOR PRIVACY","REDACTED FOR PRIVACY","REDACTED FOR PRIVACY","REDACTED FOR PRIVACY","REDACTED FOR PRIVACY","REDACTED FOR PRIVACY","","REDACTED FOR PRIVACY","REDACTED FOR PRIVACY","REDACTED FOR PRIVACY","REDACTED FOR PRIVACY","REDACTED FOR PRIVACY","REDACTED FOR PRIVACY","REDACTED FOR PRIVACY","REDACTED FOR PRIVACY","REDACTED FOR PRIVACY","","REDACTED FOR PRIVACY","REDACTED FOR PRIVACY","","","","","","","","","","","ns1.criticalcase.com","ns2.criticalcase.com","ns3.criticalcase.com","ns4.criticalcase.com","clientTransferProhibited","clientUpdateProhibited","",""
"30","harz-fuchs.com","2019-12-03 16:18:07","2019-12-02","2019-12-02","2020-12-02","1390","Mesh Digital Limited","whois.meshdigital.com","http://www.meshdigital.com","REDACTED FOR PRIVACY","","REDACTED FOR PRIVACY","REDACTED FOR PRIVACY","","REDACTED FOR PRIVACY","Austria","","REDACTED FOR PRIVACY","REDACTED FOR PRIVACY","","","","","","","","","","","","","","","","","","","","","","","","","","","","","","","ns.namespace4you.com","ns2.namespace4you.com","","","clientDeleteProhibited","clientTransferProhibited","clientUpdateProhibited",""
"31","hirschhornringe.com","2019-12-03 18:10:48","2019-12-02","2019-12-02","2020-12-02","1443","Vautron Rechenzentrum AG","whois.antagus.de","http://www.vautron.de","","","","","na","","Austria","azchxsvicn@domprivacy.de","","","","","","","","","","azchxsvicn@domprivacy.de","","","","","","","","","","a09nktijsr@domprivacy.de","","","","","","","","","","","","","ns1.hostprofis.com","ns2.hostprofis.com","","","OK","","",""
"32","houseofexperiences.com","2019-12-03 14:17:13","2019-12-01","2019-12-01","2020-12-01","1476","World4You Internet Services GmbH","whois.world4you.com","http://www.world4you.com","REDACTED FOR PRIVACY","","REDACTED FOR PRIVACY","REDACTED FOR PRIVACY","AT","REDACTED FOR PRIVACY","Austria","","REDACTED FOR PRIVACY","REDACTED FOR PRIVACY","REDACTED FOR PRIVACY","REDACTED FOR PRIVACY","REDACTED FOR PRIVACY","REDACTED FOR PRIVACY","REDACTED FOR PRIVACY","REDACTED FOR PRIVACY","REDACTED FOR PRIVACY","","REDACTED FOR PRIVACY","REDACTED FOR PRIVACY","REDACTED FOR PRIVACY","REDACTED FOR PRIVACY","REDACTED FOR PRIVACY","REDACTED FOR PRIVACY","REDACTED FOR PRIVACY","REDACTED FOR PRIVACY","REDACTED FOR PRIVACY","","REDACTED FOR PRIVACY","REDACTED FOR PRIVACY","","","","","","","","","","","ns1.world4you.at","ns2.world4you.at","","","clientTransferProhibited","","",""
"33","illustrations.farm","2019-12-03 15:16:48","2019-12-02","2019-12-02","2020-12-02","151","PSI-USA, Inc. dba Domain Robot","whois.psi-usa.info","http://www.psi-usa.info","REDACTED FOR PRIVACY","Kerstin Heymach","REDACTED FOR PRIVACY","REDACTED FOR PRIVACY","AT","REDACTED FOR PRIVACY","Austria","","REDACTED FOR PRIVACY","REDACTED FOR PRIVACY","","","","","","","","","","","","","","","","","","","","","","","","","","","","","","","","","","","addPeriod","clientTransferProhibited","",""
"34","immobilienrente.net","2019-12-03 16:09:11","2019-12-02","2019-12-02","2020-12-02","1476","World4You Internet Services GmbH","whois.world4you.com","http://www.world4you.com","REDACTED FOR PRIVACY","3SI Immogroup GmbH","REDACTED FOR PRIVACY","REDACTED FOR PRIVACY","AT","REDACTED FOR PRIVACY","Austria","","REDACTED FOR PRIVACY","REDACTED FOR PRIVACY","REDACTED FOR PRIVACY","REDACTED FOR PRIVACY","REDACTED FOR PRIVACY","REDACTED FOR PRIVACY","REDACTED FOR PRIVACY","REDACTED FOR PRIVACY","REDACTED FOR PRIVACY","","REDACTED FOR PRIVACY","REDACTED FOR PRIVACY","REDACTED FOR PRIVACY","REDACTED FOR PRIVACY","REDACTED FOR PRIVACY","REDACTED FOR PRIVACY","REDACTED FOR PRIVACY","REDACTED FOR PRIVACY","REDACTED FOR PRIVACY","","REDACTED FOR PRIVACY","REDACTED FOR PRIVACY","","","","","","","","","","","ns1.world4you.at","ns2.world4you.at","","","clientTransferProhibited","","",""
"35","isabelinhoven.com","2019-12-03 15:27:54","2019-12-02","2019-12-02","2020-12-02","83","1&1 Internet AG","whois.schlund.info","http://1and1.com","REDACTED FOR PRIVACY","","REDACTED FOR PRIVACY","REDACTED FOR PRIVACY","","REDACTED FOR PRIVACY","Austria","dataprivacyprotected@1und1.de","REDACTED FOR PRIVACY","REDACTED FOR PRIVACY","REDACTED FOR PRIVACY","REDACTED FOR PRIVACY","REDACTED FOR PRIVACY","REDACTED FOR PRIVACY","REDACTED FOR PRIVACY","REDACTED FOR PRIVACY","REDACTED FOR PRIVACY","dataprivacyprotected@1und1.de","REDACTED FOR PRIVACY","REDACTED FOR PRIVACY","REDACTED FOR PRIVACY","REDACTED FOR PRIVACY","REDACTED FOR PRIVACY","REDACTED FOR PRIVACY","REDACTED FOR PRIVACY","REDACTED FOR PRIVACY","REDACTED FOR PRIVACY","dataprivacyprotected@1und1.de","REDACTED FOR PRIVACY","REDACTED FOR PRIVACY","","","","","","","","","","","ns1033.ui-dns.de","ns1067.ui-dns.org","ns1102.ui-dns.biz","ns1112.ui-dns.com","addPeriod","clientTransferProhibited","",""
"36","jam2night.com","2019-12-03 16:15:13","2019-12-02","2019-12-02","2020-12-02","1476","World4You Internet Services GmbH","whois.world4you.com","http://www.world4you.com","REDACTED FOR PRIVACY","","REDACTED FOR PRIVACY","REDACTED FOR PRIVACY","AT","REDACTED FOR PRIVACY","Austria","","REDACTED FOR PRIVACY","REDACTED FOR PRIVACY","REDACTED FOR PRIVACY","REDACTED FOR PRIVACY","REDACTED FOR PRIVACY","REDACTED FOR PRIVACY","REDACTED FOR PRIVACY","REDACTED FOR PRIVACY","REDACTED FOR PRIVACY","","REDACTED FOR PRIVACY","REDACTED FOR PRIVACY","REDACTED FOR PRIVACY","REDACTED FOR PRIVACY","REDACTED FOR PRIVACY","REDACTED FOR PRIVACY","REDACTED FOR PRIVACY","REDACTED FOR PRIVACY","REDACTED FOR PRIVACY","","REDACTED FOR PRIVACY","REDACTED FOR PRIVACY","","","","","","","","","","","ns1.world4you.at","ns2.world4you.at","","","clientTransferProhibited","","",""
"37","julian-guba.com","2019-12-03 18:30:36","2019-12-02","2019-12-02","2020-12-02","106","Ascio Technologies, Inc. Danmark - Filial af Ascio technologies, Inc. USA","whois.ascio.com","http://www.ascio.com","Not Disclosed","Not Disclosed","Not Disclosed","Not Disclosed","","Not Disclosed","Austria","","Not Disclosed","Not Disclosed","Not Disclosed","Not Disclosed","Not Disclosed","Not Disclosed","Not Disclosed","Not Disclosed","Not Disclosed","","Not Disclosed","Not Disclosed","Not Disclosed","Not Disclosed","Not Disclosed","Not Disclosed","Not Disclosed","Not Disclosed","Not Disclosed","","Not Disclosed","Not Disclosed","","","","","","","","","","","ns1.edis.at","ns2.edis.at","ns5.edis.at","ns6.edis.at","OK","","",""
"38","kaiserring.com","2019-12-03 16:56:35","2019-12-02","2019-12-02","2020-12-02","1443","Vautron Rechenzentrum AG","whois.antagus.de","http://www.vautron.de","","","","","na","","Austria","azchxsvicn@domprivacy.de","","","","","","","","","","azchxsvicn@domprivacy.de","","","","","","","","","","a09nktijsr@domprivacy.de","","","","","","","","","","","","","ns1.hostprofis.com","ns2.hostprofis.com","","","OK","","",""
"39","kaiserringe.com","2019-12-03 15:17:44","2019-12-02","2019-12-02","2020-12-02","1443","Vautron Rechenzentrum AG","whois.antagus.de","http://www.vautron.de","","","","","na","","Austria","azchxsvicn@domprivacy.de","","","","","","","","","","azchxsvicn@domprivacy.de","","","","","","","","","","a09nktijsr@domprivacy.de","","","","","","","","","","","","","ns1.hostprofis.com","ns2.hostprofis.com","","","OK","","",""
"40","karim-al-rahal.com","2019-12-03 15:02:05","2019-12-02","2019-12-02","2020-12-02","1387","1API GmbH","whois.1api.net","http://www.1api.net","REDACTED FOR PRIVACY","REDACTED FOR PRIVACY","REDACTED FOR PRIVACY","REDACTED FOR PRIVACY","","REDACTED FOR PRIVACY","Austria","","REDACTED FOR PRIVACY","","REDACTED FOR PRIVACY","REDACTED FOR PRIVACY","REDACTED FOR PRIVACY","REDACTED FOR PRIVACY","REDACTED FOR PRIVACY","REDACTED FOR PRIVACY","REDACTED FOR PRIVACY","","REDACTED FOR PRIVACY","","REDACTED FOR PRIVACY","REDACTED FOR PRIVACY","REDACTED FOR PRIVACY","REDACTED FOR PRIVACY","REDACTED FOR PRIVACY","REDACTED FOR PRIVACY","REDACTED FOR PRIVACY","","REDACTED FOR PRIVACY","","","","","","","","","","","","dns.typo3server.com","ns2.typo3server.com","ns3.dnsmittwald.de","","clientDeleteProhibited","clientTransferProhibited","",""
"41","kluckner-bau.com","2019-12-03 17:55:36","2019-12-02","2019-12-02","2020-12-02","1390","Mesh Digital Limited","whois.meshdigital.com","http://www.meshdigital.com","REDACTED FOR PRIVACY","","REDACTED FOR PRIVACY","REDACTED FOR PRIVACY","","REDACTED FOR PRIVACY","Austria","","REDACTED FOR PRIVACY","REDACTED FOR PRIVACY","","","","","","","","","","","","","","","","","","","","","","","","","","","","","","","ns.namespace4you.com","ns2.namespace4you.com","","","clientDeleteProhibited","clientTransferProhibited","clientUpdateProhibited",""
"42","leierhof.com","2019-12-03 16:04:29","2019-12-01","2019-12-01","2020-12-01","1476","World4You Internet Services GmbH","whois.world4you.com","http://www.world4you.com","REDACTED FOR PRIVACY","Leierhof","REDACTED FOR PRIVACY","REDACTED FOR PRIVACY","AT","REDACTED FOR PRIVACY","Austria","","REDACTED FOR PRIVACY","REDACTED FOR PRIVACY","REDACTED FOR PRIVACY","REDACTED FOR PRIVACY","REDACTED FOR PRIVACY","REDACTED FOR PRIVACY","REDACTED FOR PRIVACY","REDACTED FOR PRIVACY","REDACTED FOR PRIVACY","","REDACTED FOR PRIVACY","REDACTED FOR PRIVACY","REDACTED FOR PRIVACY","REDACTED FOR PRIVACY","REDACTED FOR PRIVACY","REDACTED FOR PRIVACY","REDACTED FOR PRIVACY","REDACTED FOR PRIVACY","REDACTED FOR PRIVACY","","REDACTED FOR PRIVACY","REDACTED FOR PRIVACY","","","","","","","","","","","ns1.world4you.at","ns2.world4you.at","","","clientTransferProhibited","","",""
"43","lexyblog.com","2019-12-03 14:24:59","2019-12-02","2019-12-02","2020-12-02","151","PSI-USA, Inc. dba Domain Robot","whois.psi-usa.info","http://www.psi-usa.info","REDACTED FOR PRIVACY","","REDACTED FOR PRIVACY","REDACTED FOR PRIVACY","AT","REDACTED FOR PRIVACY","Austria","","REDACTED FOR PRIVACY","REDACTED FOR PRIVACY","REDACTED FOR PRIVACY","REDACTED FOR PRIVACY","REDACTED FOR PRIVACY","REDACTED FOR PRIVACY","REDACTED FOR PRIVACY","REDACTED FOR PRIVACY","REDACTED FOR PRIVACY","","REDACTED FOR PRIVACY","REDACTED FOR PRIVACY","REDACTED FOR PRIVACY","REDACTED FOR PRIVACY","REDACTED FOR PRIVACY","REDACTED FOR PRIVACY","REDACTED FOR PRIVACY","REDACTED FOR PRIVACY","REDACTED FOR PRIVACY","","REDACTED FOR PRIVACY","REDACTED FOR PRIVACY","","","","","","","","","","","ns1.webgo.de","ns2.webgo.de","ns3.webgo.de","ns4.webgo.de","clientTransferProhibited","","",""
"44","liltoys-blog.net","2019-12-03 15:57:39","2019-12-02","2019-12-02","2021-12-02","3817","Wix.com Ltd.","","","Statutory Masking Enabled","Statutory Masking Enabled","Statutory Masking Enabled","Statutory Masking Enabled","8","Statutory Masking Enabled","Austria","liltoys-blog.net@wix-domains.com","Statutory Masking Enabled","Statutory Masking Enabled","Statutory Masking Enabled","Statutory Masking Enabled","Statutory Masking Enabled","Statutory Masking Enabled","8","Statutory Masking Enabled","Austria","wimmer.dominik@web.de","Statutory Masking Enabled","Statutory Masking Enabled","Statutory Masking Enabled","Statutory Masking Enabled","Statutory Masking Enabled","Statutory Masking Enabled","8","Statutory Masking Enabled","Austria","wimmer.dominik@web.de","Statutory Masking Enabled","Statutory Masking Enabled","","","","","","","","","","","ns0.wixdns.net","ns1.wixdns.net","","","clientTransferProhibited","clientUpdateProhibited","",""
"45","lourisse.com","2019-12-03 18:47:30","2019-12-02","2019-12-02","2020-12-02","146","GoDaddy.com, LLC","whois.godaddy.com","http://registrar.godaddy.com","herstyle","herstyle","","","Wien","","Austria","","","","","","","","","","","","","","","","","","","","","","","","","","","","","","","","","","ns27.domaincontrol.com","ns28.domaincontrol.com","","","clientDeleteProhibited","clientRenewProhibited","clientTransferProhibited","clientUpdateProhibited"
"46","lowendbazar.com","2019-12-03 14:16:46","2019-12-02","2019-12-02","2020-12-02","76","Nominalia Internet S.L.","whois.nominalia.com","http://www.nominalia.com","REDACTED FOR PRIVACY","REDACTED FOR PRIVACY","REDACTED FOR PRIVACY","REDACTED FOR PRIVACY","Wien","REDACTED FOR PRIVACY","Austria","","REDACTED.FORPRIVACY","REDACTED.FORPRIVACY","REDACTED FOR PRIVACY","REDACTED FOR PRIVACY","REDACTED FOR PRIVACY","REDACTED FOR PRIVACY","Wien","REDACTED FOR PRIVACY","Austria","","REDACTED.FORPRIVACY","REDACTED.FORPRIVACY","REDACTED FOR PRIVACY","REDACTED FOR PRIVACY","REDACTED FOR PRIVACY","REDACTED FOR PRIVACY","Barcelona","REDACTED FOR PRIVACY","Spain","","REDACTED.FORPRIVACY","REDACTED.FORPRIVACY","","","","","","","","","","","dns1.nominalia.com","dns2.nominalia.com","","","OK","","",""
"47","ls-landservice.com","2019-12-03 18:30:32","2019-12-02","2019-12-02","2021-12-02","3817","Wix.com Ltd.","","","Statutory Masking Enabled","Statutory Masking Enabled","Statutory Masking Enabled","Statutory Masking Enabled","6","Statutory Masking Enabled","Austria","ls-landservice.com@wix-domains.com","Statutory Masking Enabled","Statutory Masking Enabled","Statutory Masking Enabled","Statutory Masking Enabled","Statutory Masking Enabled","Statutory Masking Enabled","6","Statutory Masking Enabled","Austria","office@steinkellner-landtechnik.at","Statutory Masking Enabled","Statutory Masking Enabled","Statutory Masking Enabled","Statutory Masking Enabled","Statutory Masking Enabled","Statutory Masking Enabled","6","Statutory Masking Enabled","Austria","office@steinkellner-landtechnik.at","Statutory Masking Enabled","Statutory Masking Enabled","","","","","","","","","","","ns0.wixdns.net","ns1.wixdns.net","","","clientTransferProhibited","clientUpdateProhibited","",""
"48","luciendavis.com","2019-12-03 19:10:48","2019-12-02","2019-12-02","2020-12-02","83","1&1 Internet AG","whois.schlund.info","http://1and1.com","REDACTED FOR PRIVACY","","REDACTED FOR PRIVACY","REDACTED FOR PRIVACY","","REDACTED FOR PRIVACY","Austria","dataprivacyprotected@1und1.de","REDACTED FOR PRIVACY","REDACTED FOR PRIVACY","REDACTED FOR PRIVACY","REDACTED FOR PRIVACY","REDACTED FOR PRIVACY","REDACTED FOR PRIVACY","REDACTED FOR PRIVACY","REDACTED FOR PRIVACY","REDACTED FOR PRIVACY","dataprivacyprotected@1und1.de","REDACTED FOR PRIVACY","REDACTED FOR PRIVACY","REDACTED FOR PRIVACY","REDACTED FOR PRIVACY","REDACTED FOR PRIVACY","REDACTED FOR PRIVACY","REDACTED FOR PRIVACY","REDACTED FOR PRIVACY","REDACTED FOR PRIVACY","dataprivacyprotected@1und1.de","REDACTED FOR PRIVACY","REDACTED FOR PRIVACY","","","","","","","","","","","ns1031.ui-dns.biz","ns1058.ui-dns.de","ns1063.ui-dns.org","ns1078.ui-dns.com","addPeriod","clientTransferProhibited","",""
"49","manufactum-ferrum.com","2019-12-03 15:03:21","2019-12-01","2019-12-01","2020-12-01","1476","World4You Internet Services GmbH","whois.world4you.com","http://www.world4you.com","REDACTED FOR PRIVACY","Manufactum Ferrum Bernhard Noitz e.U.","REDACTED FOR PRIVACY","REDACTED FOR PRIVACY","AT","REDACTED FOR PRIVACY","Austria","","REDACTED FOR PRIVACY","REDACTED FOR PRIVACY","REDACTED FOR PRIVACY","REDACTED FOR PRIVACY","REDACTED FOR PRIVACY","REDACTED FOR PRIVACY","REDACTED FOR PRIVACY","REDACTED FOR PRIVACY","REDACTED FOR PRIVACY","","REDACTED FOR PRIVACY","REDACTED FOR PRIVACY","REDACTED FOR PRIVACY","REDACTED FOR PRIVACY","REDACTED FOR PRIVACY","REDACTED FOR PRIVACY","REDACTED FOR PRIVACY","REDACTED FOR PRIVACY","REDACTED FOR PRIVACY","","REDACTED FOR PRIVACY","REDACTED FOR PRIVACY","","","","","","","","","","","ns1.world4you.at","ns2.world4you.at","","","clientTransferProhibited","","",""
"50","manufactumferrum.com","2019-12-03 16:59:15","2019-12-01","2019-12-01","2020-12-01","1476","World4You Internet Services GmbH","whois.world4you.com","http://www.world4you.com","REDACTED FOR PRIVACY","Manufactum Ferrum Bernhard Noitz e.U.","REDACTED FOR PRIVACY","REDACTED FOR PRIVACY","AT","REDACTED FOR PRIVACY","Austria","","REDACTED FOR PRIVACY","REDACTED FOR PRIVACY","REDACTED FOR PRIVACY","REDACTED FOR PRIVACY","REDACTED FOR PRIVACY","REDACTED FOR PRIVACY","REDACTED FOR PRIVACY","REDACTED FOR PRIVACY","REDACTED FOR PRIVACY","","REDACTED FOR PRIVACY","REDACTED FOR PRIVACY","REDACTED FOR PRIVACY","REDACTED FOR PRIVACY","REDACTED FOR PRIVACY","REDACTED FOR PRIVACY","REDACTED FOR PRIVACY","REDACTED FOR PRIVACY","REDACTED FOR PRIVACY","","REDACTED FOR PRIVACY","REDACTED FOR PRIVACY","","","","","","","","","","","ns1.world4you.at","ns2.world4you.at","","","clientTransferProhibited","","",""
"51","matigcon.com","2019-12-03 18:52:47","2019-12-02","2019-12-02","2020-12-02","1476","World4You Internet Services GmbH","whois.world4you.com","http://www.world4you.com","REDACTED FOR PRIVACY","","REDACTED FOR PRIVACY","REDACTED FOR PRIVACY","AT","REDACTED FOR PRIVACY","Austria","","REDACTED FOR PRIVACY","REDACTED FOR PRIVACY","REDACTED FOR PRIVACY","REDACTED FOR PRIVACY","REDACTED FOR PRIVACY","REDACTED FOR PRIVACY","REDACTED FOR PRIVACY","REDACTED FOR PRIVACY","REDACTED FOR PRIVACY","","REDACTED FOR PRIVACY","REDACTED FOR PRIVACY","REDACTED FOR PRIVACY","REDACTED FOR PRIVACY","REDACTED FOR PRIVACY","REDACTED FOR PRIVACY","REDACTED FOR PRIVACY","REDACTED FOR PRIVACY","REDACTED FOR PRIVACY","","REDACTED FOR PRIVACY","REDACTED FOR PRIVACY","","","","","","","","","","","ns1.world4you.at","ns2.world4you.at","","","clientTransferProhibited","","",""
"52","megaporntube.net","2019-12-03 16:01:34","2019-12-02","2019-12-02","2020-12-02","1476","World4You Internet Services GmbH","whois.world4you.com","http://www.world4you.com","REDACTED FOR PRIVACY","","REDACTED FOR PRIVACY","REDACTED FOR PRIVACY","AT","REDACTED FOR PRIVACY","Austria","","REDACTED FOR PRIVACY","REDACTED FOR PRIVACY","REDACTED FOR PRIVACY","REDACTED FOR PRIVACY","REDACTED FOR PRIVACY","REDACTED FOR PRIVACY","REDACTED FOR PRIVACY","REDACTED FOR PRIVACY","REDACTED FOR PRIVACY","","REDACTED FOR PRIVACY","REDACTED FOR PRIVACY","REDACTED FOR PRIVACY","REDACTED FOR PRIVACY","REDACTED FOR PRIVACY","REDACTED FOR PRIVACY","REDACTED FOR PRIVACY","REDACTED FOR PRIVACY","REDACTED FOR PRIVACY","","REDACTED FOR PRIVACY","REDACTED FOR PRIVACY","","","","","","","","","","","ns1.world4you.at","ns2.world4you.at","","","clientTransferProhibited","","",""
"53","menorca-grundstuecke.com","2019-12-03 18:33:13","2019-12-02","2019-12-02","2020-12-02","1239","CPS-Datensysteme GmbH","whois.cps-datensysteme.de","http://www.cps-datensysteme.de","REDACTED FOR PRIVACY","REDACTED FOR PRIVACY","REDACTED FOR PRIVACY","REDACTED FOR PRIVACY","NA","REDACTED FOR PRIVACY","Austria","","REDACTED FOR PRIVACY","REDACTED FOR PRIVACY","REDACTED FOR PRIVACY","REDACTED FOR PRIVACY","REDACTED FOR PRIVACY","REDACTED FOR PRIVACY","NA","REDACTED FOR PRIVACY","Austria","","REDACTED FOR PRIVACY","REDACTED FOR PRIVACY","REDACTED FOR PRIVACY","REDACTED FOR PRIVACY","REDACTED FOR PRIVACY","REDACTED FOR PRIVACY","Nordrhein-Westfalen","REDACTED FOR PRIVACY","Germany","","REDACTED FOR PRIVACY","REDACTED FOR PRIVACY","","","","","","","","","","","q1.dnsservice.net","q2.dnsservice.net","","","clientTransferLock","ok","serverTransferLockPeriod",""
"54","mia-anton.com","2019-12-03 14:16:49","2019-12-02","2019-12-02","2020-12-02","625","Name.com, Inc.","whois.name.com","http://www.name.com","Non-Public Data","","Non-Public Data","Non-Public Data","","00000","Austria","","+00.0000000","","Non-Public Data","Non-Public Data","Non-Public Data","Non-Public Data","Non-Public Data","00000","","","+00.0000000","","Non-Public Data","Non-Public Data","Non-Public Data","Non-Public Data","Non-Public Data","00000","","","+00.0000000","","","","","","","","","","","","ns11.jimdo.com","ns12.jimdo.com","","","addPeriod","clientTransferProhibited","",""
"55","musmig.com","2019-12-03 14:19:48","2019-12-01","2019-12-01","2020-12-01","1476","World4You Internet Services GmbH","whois.world4you.com","http://www.world4you.com","REDACTED FOR PRIVACY","Kulturraum10 Verein fuer Alltags- und Bezirkskultur","REDACTED FOR PRIVACY","REDACTED FOR PRIVACY","AT","REDACTED FOR PRIVACY","Austria","","REDACTED FOR PRIVACY","REDACTED FOR PRIVACY","REDACTED FOR PRIVACY","REDACTED FOR PRIVACY","REDACTED FOR PRIVACY","REDACTED FOR PRIVACY","REDACTED FOR PRIVACY","REDACTED FOR PRIVACY","REDACTED FOR PRIVACY","","REDACTED FOR PRIVACY","REDACTED FOR PRIVACY","REDACTED FOR PRIVACY","REDACTED FOR PRIVACY","REDACTED FOR PRIVACY","REDACTED FOR PRIVACY","REDACTED FOR PRIVACY","REDACTED FOR PRIVACY","REDACTED FOR PRIVACY","","REDACTED FOR PRIVACY","REDACTED FOR PRIVACY","","","","","","","","","","","ns1.world4you.at","ns2.world4you.at","","","clientTransferProhibited","","",""
"56","musmig.net","2019-12-03 14:32:00","2019-12-01","2019-12-01","2020-12-01","1476","World4You Internet Services GmbH","whois.world4you.com","http://www.world4you.com","REDACTED FOR PRIVACY","Kulturraum10 Verein fuer Alltags- und Bezirkskultur","REDACTED FOR PRIVACY","REDACTED FOR PRIVACY","AT","REDACTED FOR PRIVACY","Austria","","REDACTED FOR PRIVACY","REDACTED FOR PRIVACY","REDACTED FOR PRIVACY","REDACTED FOR PRIVACY","REDACTED FOR PRIVACY","REDACTED FOR PRIVACY","REDACTED FOR PRIVACY","REDACTED FOR PRIVACY","REDACTED FOR PRIVACY","","REDACTED FOR PRIVACY","REDACTED FOR PRIVACY","REDACTED FOR PRIVACY","REDACTED FOR PRIVACY","REDACTED FOR PRIVACY","REDACTED FOR PRIVACY","REDACTED FOR PRIVACY","REDACTED FOR PRIVACY","REDACTED FOR PRIVACY","","REDACTED FOR PRIVACY","REDACTED FOR PRIVACY","","","","","","","","","","","ns1.world4you.at","ns2.world4you.at","","","clientTransferProhibited","","",""
"57","neuroleading-lab.com","2019-12-03 16:01:43","2019-12-02","2019-12-02","2021-12-02","3817","Wix.com Ltd.","","","Statutory Masking Enabled","Statutory Masking Enabled","Statutory Masking Enabled","Statutory Masking Enabled","6","Statutory Masking Enabled","Austria","neuroleading-lab.com@wix-domains.com","Statutory Masking Enabled","Statutory Masking Enabled","Statutory Masking Enabled","Statutory Masking Enabled","Statutory Masking Enabled","Statutory Masking Enabled","6","Statutory Masking Enabled","Austria","neuroleading@gmx.at","Statutory Masking Enabled","Statutory Masking Enabled","Statutory Masking Enabled","Statutory Masking Enabled","Statutory Masking Enabled","Statutory Masking Enabled","6","Statutory Masking Enabled","Austria","neuroleading@gmx.at","Statutory Masking Enabled","Statutory Masking Enabled","","","","","","","","","","","ns4.wixdns.net","ns5.wixdns.net","","","clientTransferProhibited","clientUpdateProhibited","",""
"58","ollipolli.com","2019-12-03 14:36:29","2019-12-02","2019-12-02","2020-12-02","1476","World4You Internet Services GmbH","whois.world4you.com","http://www.world4you.com","REDACTED FOR PRIVACY","","REDACTED FOR PRIVACY","REDACTED FOR PRIVACY","AT","REDACTED FOR PRIVACY","Austria","","REDACTED FOR PRIVACY","REDACTED FOR PRIVACY","REDACTED FOR PRIVACY","REDACTED FOR PRIVACY","REDACTED FOR PRIVACY","REDACTED FOR PRIVACY","REDACTED FOR PRIVACY","REDACTED FOR PRIVACY","REDACTED FOR PRIVACY","","REDACTED FOR PRIVACY","REDACTED FOR PRIVACY","REDACTED FOR PRIVACY","REDACTED FOR PRIVACY","REDACTED FOR PRIVACY","REDACTED FOR PRIVACY","REDACTED FOR PRIVACY","REDACTED FOR PRIVACY","REDACTED FOR PRIVACY","","REDACTED FOR PRIVACY","REDACTED FOR PRIVACY","","","","","","","","","","","ns1.world4you.at","ns2.world4you.at","","","clientTransferProhibited","","",""
"59","pabepafit.club","2019-12-03 16:26:35","2019-12-02","2019-12-02","2020-12-02","146","GoDaddy.com, LLC","whois.godaddy.com","http://registrar.godaddy.com","","","","","Wien","","Austria","","","","","","","","","","","","","","","","","","","","","","","","","","","","","","","","","","arya.ns.cloudflare.com","gabe.ns.cloudflare.com","","","addPeriod","clientDeleteProhibited","clientRenewProhibited","clientTransferProhibited"
"60","pridnestrovian.wine","2019-12-03 15:14:19","2019-12-02","2019-12-02","2020-12-02","1345","Key-Systems, LLC","whois.nic.uk","http://www.key-systems.net/","REDACTED FOR PRIVACY","","REDACTED FOR PRIVACY","REDACTED FOR PRIVACY","","REDACTED FOR PRIVACY","Austria","","REDACTED FOR PRIVACY","REDACTED FOR PRIVACY","","","","","","","","","","","","","","","","","","","","","","","","","","","","","","","","","","","addPeriod","","",""
"61","pridnestrovie.network","2019-12-03 15:25:21","2019-12-02","2019-12-02","2020-12-02","1345","Key-Systems, LLC","whois.nic.uk","http://www.key-systems.net/","REDACTED FOR PRIVACY","","REDACTED FOR PRIVACY","REDACTED FOR PRIVACY","","REDACTED FOR PRIVACY","Austria","","REDACTED FOR PRIVACY","REDACTED FOR PRIVACY","","","","","","","","","","","","","","","","","","","","","","","","","","","","","","","","","","","addPeriod","","",""
"62","pridnestrovie.wine","2019-12-03 16:17:28","2019-12-02","2019-12-02","2020-12-02","1345","Key-Systems, LLC","whois.nic.uk","http://www.key-systems.net/","REDACTED FOR PRIVACY","","REDACTED FOR PRIVACY","REDACTED FOR PRIVACY","","REDACTED FOR PRIVACY","Austria","","REDACTED FOR PRIVACY","REDACTED FOR PRIVACY","","","","","","","","","","","","","","","","","","","","","","","","","","","","","","","","","","","addPeriod","","",""
"63","probushof.com","2019-12-03 17:06:46","2019-12-02","2019-12-02","2020-12-02","1390","Mesh Digital Limited","whois.meshdigital.com","http://www.meshdigital.com","REDACTED FOR PRIVACY","CE-Holding GmbH (Das Grafengut)","REDACTED FOR PRIVACY","REDACTED FOR PRIVACY","unknown","REDACTED FOR PRIVACY","Austria","","REDACTED FOR PRIVACY","REDACTED FOR PRIVACY","","","","","","","","","","","","","","","","","","","","","","","","","","","","","","","ns1.hans.hosteurope.de","ns2.hans.hosteurope.de","","","OK","","",""
"64","pumpenheinzi.com","2019-12-03 18:48:45","2019-12-01","2019-12-01","2020-12-01","1476","World4You Internet Services GmbH","whois.world4you.com","http://www.world4you.com","REDACTED FOR PRIVACY","Pumpenheinzi - Rene Wildner e.U.","REDACTED FOR PRIVACY","REDACTED FOR PRIVACY","AT","REDACTED FOR PRIVACY","Austria","","REDACTED FOR PRIVACY","REDACTED FOR PRIVACY","REDACTED FOR PRIVACY","REDACTED FOR PRIVACY","REDACTED FOR PRIVACY","REDACTED FOR PRIVACY","REDACTED FOR PRIVACY","REDACTED FOR PRIVACY","REDACTED FOR PRIVACY","","REDACTED FOR PRIVACY","REDACTED FOR PRIVACY","REDACTED FOR PRIVACY","REDACTED FOR PRIVACY","REDACTED FOR PRIVACY","REDACTED FOR PRIVACY","REDACTED FOR PRIVACY","REDACTED FOR PRIVACY","REDACTED FOR PRIVACY","","REDACTED FOR PRIVACY","REDACTED FOR PRIVACY","","","","","","","","","","","ns1.world4you.at","ns2.world4you.at","","","clientTransferProhibited","","",""
"65","qpture.com","2019-12-03 17:27:18","2019-12-01","2019-12-01","2020-12-01","146","GoDaddy.com, LLC","whois.godaddy.com","http://registrar.godaddy.com","","","","","OberosterreichOO","","Austria","","","","","","","","","","","","","","","","","","","","","","","","","","","","","","","","","","ns27.domaincontrol.com","ns28.domaincontrol.com","","","clientDeleteProhibited","clientRenewProhibited","clientTransferProhibited","clientUpdateProhibited"
"66","roland-schwarz-photography.com","2019-12-03 17:01:08","2019-12-02","2019-12-02","2020-12-02","1476","World4You Internet Services GmbH","whois.world4you.com","http://www.world4you.com","REDACTED FOR PRIVACY","","REDACTED FOR PRIVACY","REDACTED FOR PRIVACY","AT","REDACTED FOR PRIVACY","Austria","","REDACTED FOR PRIVACY","REDACTED FOR PRIVACY","REDACTED FOR PRIVACY","REDACTED FOR PRIVACY","REDACTED FOR PRIVACY","REDACTED FOR PRIVACY","REDACTED FOR PRIVACY","REDACTED FOR PRIVACY","REDACTED FOR PRIVACY","","REDACTED FOR PRIVACY","REDACTED FOR PRIVACY","REDACTED FOR PRIVACY","REDACTED FOR PRIVACY","REDACTED FOR PRIVACY","REDACTED FOR PRIVACY","REDACTED FOR PRIVACY","REDACTED FOR PRIVACY","REDACTED FOR PRIVACY","","REDACTED FOR PRIVACY","REDACTED FOR PRIVACY","","","","","","","","","","","ns1.world4you.at","ns2.world4you.at","","","clientTransferProhibited","","",""
"67","rrr.institute","2019-12-03 18:34:15","2019-12-02","2019-12-02","2020-12-02","151","PSI-USA, Inc. dba Domain Robot","whois.psi-usa.info","http://www.psi-usa.info","REDACTED FOR PRIVACY","","REDACTED FOR PRIVACY","REDACTED FOR PRIVACY","AT","REDACTED FOR PRIVACY","Austria","","REDACTED FOR PRIVACY","REDACTED FOR PRIVACY","","","","","","","","","","","","","","","","","","","","","","","","","","","","","","","","","","","addPeriod","clientTransferProhibited","",""
"68","rueckgrat.gmbh","2019-12-03 16:43:34","2019-12-02","2019-12-02","2020-12-02","1257","Variomedia AG dba puredomain.com","whois.puredomain.com","http://www.puredomain.com","REDACTED FOR PRIVACY","","REDACTED FOR PRIVACY","REDACTED FOR PRIVACY","","REDACTED FOR PRIVACY","Austria","","REDACTED FOR PRIVACY","REDACTED FOR PRIVACY","","","","","","","","","","","","","","","","","","","","","","","","","","","","","","","","","","","addPeriod","","",""
"69","sascocon.biz","2019-12-03 15:53:24","2019-11-29","","2020-11-29","1443","Vautron Rechenzentrum AG","whois.antagus.de","http://www.vautron.de","Sascocon GmbH","Sascocon GmbH","","","na","","Austria","","","","","","","","","","","","","","","","","","","","","","","","","","","","","","","","","","ns1.hostprofis.com","ns2.hostprofis.com","","","addPeriod","ok","",""
"70","satnightcitybeat.com","2019-12-03 17:25:00","2019-12-02","2019-12-02","2021-12-02","3817","Wix.com Ltd.","","","Statutory Masking Enabled","Statutory Masking Enabled","Statutory Masking Enabled","Statutory Masking Enabled","4","Statutory Masking Enabled","Austria","satnightcitybeat.com@wix-domains.com","Statutory Masking Enabled","Statutory Masking Enabled","Statutory Masking Enabled","Statutory Masking Enabled","Statutory Masking Enabled","Statutory Masking Enabled","4","Statutory Masking Enabled","Austria","satnight.citybeat@gmail.com","Statutory Masking Enabled","Statutory Masking Enabled","Statutory Masking Enabled","Statutory Masking Enabled","Statutory Masking Enabled","Statutory Masking Enabled","4","Statutory Masking Enabled","Austria","satnight.citybeat@gmail.com","Statutory Masking Enabled","Statutory Masking Enabled","","","","","","","","","","","ns14.wixdns.net","ns15.wixdns.net","","","clientTransferProhibited","clientUpdateProhibited","",""
"71","schnabl.pro","2019-12-03 14:40:09","2019-12-02","","2020-12-02","269","Key-Systems GmbH","whois.rrpproxy.net","http://www.key-systems.net","DIE YACHTSCHULE","DIE YACHTSCHULE","","","","","Austria","","","","","","","","","","","","","","","","","","","","","","","","","","","","","","","","","","ns1.world4you.at","ns2.world4you.at","","","addPeriod","serverTransferProhibited","",""
"72","sexy-brandy.com","2019-12-03 18:00:02","2019-12-02","2019-12-02","2020-12-02","809","Ledl.net GmbH","whois.ledl.net","http://www.domaintechnik.at","","","","","","","Austria","","","","","","","","","","","","","","","","","","","","","","","","","","","","","","","","","","ns1.domaintechnik.at","ns2.domaintechnik.at","ns3.domaintechnik.at","ns4.domaintechnik.at","clientDeleteProhibited","clientTransferProhibited","",""
"73","steckdichtungen.com","2019-12-03 15:58:00","2019-12-02","2019-12-02","2020-12-02","625","Name.com, Inc.","whois.name.com","http://www.name.com","Non-Public Data","KuK Service GmbH","Non-Public Data","Non-Public Data","","00000","Austria","","+00.0000000","","Non-Public Data","Non-Public Data","Non-Public Data","Non-Public Data","Non-Public Data","00000","","","+00.0000000","","Non-Public Data","Non-Public Data","Non-Public Data","Non-Public Data","Non-Public Data","00000","","","+00.0000000","","","","","","","","","","","","ns11.jimdo.com","ns12.jimdo.com","","","addPeriod","clientTransferProhibited","",""
"74","summa.world","2019-12-03 16:50:04","2019-12-02","2019-12-02","2021-12-02","146","GoDaddy.com, LLC","whois.godaddy.com","http://registrar.godaddy.com","REDACTED FOR PRIVACY","","REDACTED FOR PRIVACY","REDACTED FOR PRIVACY","Vienna","REDACTED FOR PRIVACY","Austria","","REDACTED FOR PRIVACY","REDACTED FOR PRIVACY","","","","","","","","","","","","","","","","","","","","","","","","","","","","","","","","","","","addPeriod","clientDeleteProhibited","clientRenewProhibited","clientTransferProhibited"
"75","susannehof.com","2019-12-03 17:18:41","2019-12-02","2019-12-02","2020-12-02","1390","Mesh Digital Limited","whois.meshdigital.com","http://www.meshdigital.com","REDACTED FOR PRIVACY","","REDACTED FOR PRIVACY","REDACTED FOR PRIVACY","","REDACTED FOR PRIVACY","Austria","","REDACTED FOR PRIVACY","REDACTED FOR PRIVACY","","","","","","","","","","","","","","","","","","","","","","","","","","","","","","","ns.namespace4you.com","ns2.namespace4you.com","","","clientDeleteProhibited","clientTransferProhibited","clientUpdateProhibited",""
"76","teasercardxpert.com","2019-12-03 15:10:31","2019-12-01","2019-12-01","2020-12-01","83","1&1 Internet AG","whois.schlund.info","http://1and1.com","REDACTED FOR PRIVACY","DI Mardaus J\u00F6rg","REDACTED FOR PRIVACY","REDACTED FOR PRIVACY","","REDACTED FOR PRIVACY","Austria","dataprivacyprotected@1und1.de","REDACTED FOR PRIVACY","REDACTED FOR PRIVACY","REDACTED FOR PRIVACY","REDACTED FOR PRIVACY","REDACTED FOR PRIVACY","REDACTED FOR PRIVACY","REDACTED FOR PRIVACY","REDACTED FOR PRIVACY","REDACTED FOR PRIVACY","dataprivacyprotected@1und1.de","REDACTED FOR PRIVACY","REDACTED FOR PRIVACY","REDACTED FOR PRIVACY","REDACTED FOR PRIVACY","REDACTED FOR PRIVACY","REDACTED FOR PRIVACY","REDACTED FOR PRIVACY","REDACTED FOR PRIVACY","REDACTED FOR PRIVACY","dataprivacyprotected@1und1.de","REDACTED FOR PRIVACY","REDACTED FOR PRIVACY","","","","","","","","","","","ns1049.ui-dns.de","ns1053.ui-dns.org","ns1056.ui-dns.com","ns1100.ui-dns.biz","addPeriod","clientTransferProhibited","",""
"77","thermenchalet.com","2019-12-03 16:00:52","2019-12-02","2019-12-02","2020-12-02","168","Register.it SPA","whois.register.it","http://we.register.it","REDACTED FOR PRIVACY","REDACTED FOR PRIVACY","REDACTED FOR PRIVACY","REDACTED FOR PRIVACY","SP","REDACTED FOR PRIVACY","Austria","","REDACTED.FORPRIVACY","REDACTED.FORPRIVACY","REDACTED FOR PRIVACY","REDACTED FOR PRIVACY","REDACTED FOR PRIVACY","REDACTED FOR PRIVACY","SP","REDACTED FOR PRIVACY","Austria","","REDACTED.FORPRIVACY","REDACTED.FORPRIVACY","REDACTED FOR PRIVACY","REDACTED FOR PRIVACY","REDACTED FOR PRIVACY","REDACTED FOR PRIVACY","FI","REDACTED FOR PRIVACY","Italy","","REDACTED.FORPRIVACY","REDACTED.FORPRIVACY","","","","","","","","","","","ns1.register.it","ns2.register.it","","","OK","","",""
"78","tipp4you.com","2019-12-03 16:41:29","2019-12-02","2019-12-02","2020-12-02","1476","World4You Internet Services GmbH","whois.world4you.com","http://www.world4you.com","REDACTED FOR PRIVACY","","REDACTED FOR PRIVACY","REDACTED FOR PRIVACY","AT","REDACTED FOR PRIVACY","Austria","","REDACTED FOR PRIVACY","REDACTED FOR PRIVACY","REDACTED FOR PRIVACY","REDACTED FOR PRIVACY","REDACTED FOR PRIVACY","REDACTED FOR PRIVACY","REDACTED FOR PRIVACY","REDACTED FOR PRIVACY","REDACTED FOR PRIVACY","","REDACTED FOR PRIVACY","REDACTED FOR PRIVACY","REDACTED FOR PRIVACY","REDACTED FOR PRIVACY","REDACTED FOR PRIVACY","REDACTED FOR PRIVACY","REDACTED FOR PRIVACY","REDACTED FOR PRIVACY","REDACTED FOR PRIVACY","","REDACTED FOR PRIVACY","REDACTED FOR PRIVACY","","","","","","","","","","","ns1.world4you.at","ns2.world4you.at","","","clientTransferProhibited","","",""
"79","versicherung-tirol.com","2019-12-03 16:33:26","2019-12-02","2019-12-02","2020-12-02","1476","World4You Internet Services GmbH","whois.world4you.com","http://www.world4you.com","Laurin Egger","Freihand GmbH","Reichenauer Strasse 40","Innsbruck","","6020","Austria","eingangsrechnungen@freihand.at","+43.512332223","","Laurin Egger","Freihand GmbH","Reichenauer Strasse 40","Innsbruck","","6020","Austria","eingangsrechnungen@freihand.at","+43.512332223","","Hostmaster EINSUNDEINS","1&1 Internet AG","Brauerstr. 48","Karlsruhe","","76135","Germany","hostmaster@1und1.de","+49.7219600","+49.72191374248","","","","","","","","","","","ns1.world4you.at","ns2.world4you.at","","","clientTransferProhibited","","",""
"80","vraleague.com","2019-12-03 15:17:29","2019-12-02","2019-12-02","2020-12-02","146","GoDaddy.com, LLC","whois.godaddy.com","http://registrar.godaddy.com","","","","","Wien","","Austria","","","","","","","","","","","","","","","","","","","","","","","","","","","","","","","","","","ns27.domaincontrol.com","ns28.domaincontrol.com","","","clientDeleteProhibited","clientRenewProhibited","clientTransferProhibited","clientUpdateProhibited"
"81","xn--constant-vermgen-ywb.com","2019-12-03 17:17:28","2019-12-02","2019-12-02","2020-12-02","1476","World4You Internet Services GmbH","whois.world4you.com","http://www.world4you.com","REDACTED FOR PRIVACY","Constant Solution","REDACTED FOR PRIVACY","REDACTED FOR PRIVACY","AT","REDACTED FOR PRIVACY","Austria","","REDACTED FOR PRIVACY","REDACTED FOR PRIVACY","REDACTED FOR PRIVACY","REDACTED FOR PRIVACY","REDACTED FOR PRIVACY","REDACTED FOR PRIVACY","REDACTED FOR PRIVACY","REDACTED FOR PRIVACY","REDACTED FOR PRIVACY","","REDACTED FOR PRIVACY","REDACTED FOR PRIVACY","REDACTED FOR PRIVACY","REDACTED FOR PRIVACY","REDACTED FOR PRIVACY","REDACTED FOR PRIVACY","REDACTED FOR PRIVACY","REDACTED FOR PRIVACY","REDACTED FOR PRIVACY","","REDACTED FOR PRIVACY","REDACTED FOR PRIVACY","","","","","","","","","","","ns1.world4you.at","ns2.world4you.at","","","clientTransferProhibited","","",""
"82","zittig.com","2019-12-03 15:10:24","2019-12-02","2019-12-02","2020-12-02","1476","World4You Internet Services GmbH","whois.world4you.com","http://www.world4you.com","REDACTED FOR PRIVACY","FH-AP","REDACTED FOR PRIVACY","REDACTED FOR PRIVACY","AT","REDACTED FOR PRIVACY","Austria","","REDACTED FOR PRIVACY","REDACTED FOR PRIVACY","REDACTED FOR PRIVACY","REDACTED FOR PRIVACY","REDACTED FOR PRIVACY","REDACTED FOR PRIVACY","REDACTED FOR PRIVACY","REDACTED FOR PRIVACY","REDACTED FOR PRIVACY","","REDACTED FOR PRIVACY","REDACTED FOR PRIVACY","REDACTED FOR PRIVACY","REDACTED FOR PRIVACY","REDACTED FOR PRIVACY","REDACTED FOR PRIVACY","REDACTED FOR PRIVACY","REDACTED FOR PRIVACY","REDACTED FOR PRIVACY","","REDACTED FOR PRIVACY","REDACTED FOR PRIVACY","","","","","","","","","","","ns1.world4you.at","ns2.world4you.at","","","clientTransferProhibited","","",""