"num","domain_name","query_time","create_date","update_date","expiry_date","domain_registrar_id","domain_registrar_name","domain_registrar_whois","domain_registrar_url","registrant_name","registrant_company","registrant_address","registrant_city","registrant_state","registrant_zip","registrant_country","registrant_email","registrant_phone","registrant_fax","administrative_name","administrative_company","administrative_address","administrative_city","administrative_state","administrative_zip","administrative_country","administrative_email","administrative_phone","administrative_fax","technical_name","technical_company","technical_address","technical_city","technical_state","technical_zip","technical_country","technical_email","technical_phone","technical_fax","billing_name","billing_company","billing_address","billing_city","billing_state","billing_zip","billing_country","billing_email","billing_phone","billing_fax","name_server_1","name_server_2","name_server_3","name_server_4","domain_status_1","domain_status_2","domain_status_3","domain_status_4"
"1","c6cafe.com","2019-12-03 18:31:02","2019-12-02","2019-12-02","2021-12-02","146","GoDaddy.com, LLC","whois.godaddy.com","http://registrar.godaddy.com","","","","","13","","Bahrain","","","","","","","","","","","","","","","","","","","","","","","","","","","","","","","","","","ns27.domaincontrol.com","ns28.domaincontrol.com","","","clientDeleteProhibited","clientRenewProhibited","clientTransferProhibited","clientUpdateProhibited"
"2","gulfbayan.com","2019-12-03 16:38:01","2019-12-02","2019-12-02","2020-12-02","69","Tucows Domains Inc.","whois.tucows.com","http://domainhelp.opensrs.net","REDACTED FOR PRIVACY","REDACTED FOR PRIVACY","REDACTED FOR PRIVACY","REDACTED FOR PRIVACY","Bahrain","REDACTED FOR PRIVACY","Bahrain","","REDACTED FOR PRIVACY","REDACTED FOR PRIVACY","REDACTED FOR PRIVACY","REDACTED FOR PRIVACY","REDACTED FOR PRIVACY","REDACTED FOR PRIVACY","REDACTED FOR PRIVACY","REDACTED FOR PRIVACY","REDACTED FOR PRIVACY","","REDACTED FOR PRIVACY","REDACTED FOR PRIVACY","REDACTED FOR PRIVACY","REDACTED FOR PRIVACY","REDACTED FOR PRIVACY","REDACTED FOR PRIVACY","REDACTED FOR PRIVACY","REDACTED FOR PRIVACY","REDACTED FOR PRIVACY","","REDACTED FOR PRIVACY","REDACTED FOR PRIVACY","","","","","","","","","","","yns1.yahoo.com","yns2.yahoo.com","","","clientTransferProhibited","clientUpdateProhibited","",""
"3","myinvestpro.com","2019-12-03 17:39:23","2019-12-01","2019-12-01","2021-12-01","146","GoDaddy.com, LLC","whois.godaddy.com","http://registrar.godaddy.com","","","","","Seef","","Bahrain","","","","","","","","","","","","","","","","","","","","","","","","","","","","","","","","","","ns27.domaincontrol.com","ns28.domaincontrol.com","","","clientDeleteProhibited","clientRenewProhibited","clientTransferProhibited","clientUpdateProhibited"
"4","myjamri.com","2019-12-03 18:02:19","2019-12-02","2019-12-02","2020-12-02","303","PDR Ltd. d/b/a PublicDomainRegistry.com","whois.publicdomainregistry.com","http://www.publicdomainregistry.com","aridha","aridha","695","arad","Al Muharraq","242","Bahrain","aridha@aridha.com","+973.36508809","","aridha","aridha","695","arad","Al Muharraq","242","Bahrain","aridha@aridha.com","+973.36508809","","aridha","aridha","695","arad","Al Muharraq","242","Bahrain","aridha@aridha.com","+973.36508809","","","","","","","","","","","","ns1.cp-51.webhostbox.net","ns2.cp-51.webhostbox.net","","","clientTransferProhibited","","",""
"5","netkhana.com","2019-12-03 16:26:10","2019-12-02","2019-12-02","2020-12-02","146","GoDaddy.com, LLC","whois.godaddy.com","http://registrar.godaddy.com","","","","","","","Bahrain","","","","","","","","","","","","","","","","","","","","","","","","","","","","","","","","","","ns27.domaincontrol.com","ns28.domaincontrol.com","","","clientDeleteProhibited","clientRenewProhibited","clientTransferProhibited","clientUpdateProhibited"
"6","newflashmedia.com","2019-12-03 19:03:51","2019-12-02","2019-12-02","2020-12-02","1636","Hostinger, UAB","whois.hostinger.com","http://www.hostinger.com","Mohammed Al-Matry","Mohammed Al-Matry","Manama","Manama","00000","307","Bahrain","info@newflashmedia.com","+973.36363799","","Mohammed Al-Matry","Mohammed Al-Matry","Manama","Manama","00000","307","Bahrain","info@newflashmedia.com","+973.36363799","","Mohammed Al-Matry","Mohammed Al-Matry","Manama","Manama","00000","307","Bahrain","info@newflashmedia.com","+973.36363799","","","","","","","","","","","","ignat.ns.cloudflare.com","meg.ns.cloudflare.com","","","clientTransferProhibited","","",""
"7","ottawasecrets.com","2019-12-03 14:33:19","2019-12-01","2019-12-01","2020-12-01","146","GoDaddy.com, LLC","whois.godaddy.com","http://registrar.godaddy.com","","","","","manama","","Bahrain","","","","","","","","","","","","","","","","","","","","","","","","","","","","","","","","","","ns27.domaincontrol.com","ns28.domaincontrol.com","","","clientDeleteProhibited","clientRenewProhibited","clientTransferProhibited","clientUpdateProhibited"
"8","searchcraftlabs.com","2019-12-03 18:00:01","2019-12-02","2019-12-02","2020-12-02","146","GoDaddy.com, LLC","whois.godaddy.com","http://registrar.godaddy.com","","","","","manama","","Bahrain","","","","","","","","","","","","","","","","","","","","","","","","","","","","","","","","","","ns27.domaincontrol.com","ns28.domaincontrol.com","","","clientDeleteProhibited","clientRenewProhibited","clientTransferProhibited","clientUpdateProhibited"
"9","skoday.com","2019-12-03 18:03:29","2019-12-02","2019-12-02","2020-12-02","303","PDR Ltd. d/b/a PublicDomainRegistry.com","whois.publicdomainregistry.com","http://www.publicdomainregistry.com","Vipin VS","Creator Imprint","Flat 25, Bldg 550, Road 1413","Al Naim","Manama","323","Bahrain","vipin.vs1987@gmail.com","+973.34438412","","Vipin VS","Creator Imprint","Flat 25, Bldg 550, Road 1413","Al Naim","Manama","323","Bahrain","vipin.vs1987@gmail.com","+973.34438412","","Vipin VS","Creator Imprint","Flat 25, Bldg 550, Road 1413","Al Naim","Manama","323","Bahrain","vipin.vs1987@gmail.com","+973.34438412","","","","","","","","","","","","ns305.tvmserver.com","ns306.tvmserver.com","ns307.tvmserver.com","","clientTransferProhibited","","",""