"num","domain_name","query_time","create_date","update_date","expiry_date","domain_registrar_id","domain_registrar_name","domain_registrar_whois","domain_registrar_url","registrant_name","registrant_company","registrant_address","registrant_city","registrant_state","registrant_zip","registrant_country","registrant_email","registrant_phone","registrant_fax","administrative_name","administrative_company","administrative_address","administrative_city","administrative_state","administrative_zip","administrative_country","administrative_email","administrative_phone","administrative_fax","technical_name","technical_company","technical_address","technical_city","technical_state","technical_zip","technical_country","technical_email","technical_phone","technical_fax","billing_name","billing_company","billing_address","billing_city","billing_state","billing_zip","billing_country","billing_email","billing_phone","billing_fax","name_server_1","name_server_2","name_server_3","name_server_4","domain_status_1","domain_status_2","domain_status_3","domain_status_4"
"1","academietk.com","2019-12-03 17:02:59","2019-12-02","2019-12-02","2020-12-02","1630","Ligne Web Services SARL","whois.nic.fr","http://www.ait.com","GOHOUE Marie","","Abomey Calavi","COTONOU","","2328","Benin","rosetechnologie@gmail.com","+229.97144976","","GOHOUE Marie","","Abomey Calavi","COTONOU","","2328","Benin","rosetechnologie@gmail.com","+229.97144976","","GOHOUE Marie","","Abomey Calavi","COTONOU","","2328","Benin","rosetechnologie@gmail.com","+229.97144976","","GOHOUE Marie","","Abomey Calavi","COTONOU","","2328","Benin","rosetechnologie@gmail.com","+229.97144976","","ns1.contabo.net","ns2.contabo.net","ns3.contabo.net","","More","clientTransferProhibited","informations","on"
"2","barcelofinance.com","2019-12-03 17:56:17","2019-12-02","2019-12-02","2020-12-02","303","PDR Ltd. d/b/a PublicDomainRegistry.com","whois.publicdomainregistry.com","http://www.publicdomainregistry.com","Pacome SENNOU","SENNOU","381 Chemin Ligne Berthaud","Saint Gilles les Hauts","Atlantique","","Benin","sennoupacome@gmail.com","+229.68294895","","Pacome SENNOU","SENNOU","381 Chemin Ligne Berthaud","Saint Gilles les Hauts","Atlantique","","Benin","sennoupacome@gmail.com","+229.68294895","","Pacome SENNOU","SENNOU","381 Chemin Ligne Berthaud","Saint Gilles les Hauts","Atlantique","","Benin","sennoupacome@gmail.com","+229.68294895","","","","","","","","","","","","ns1.cp-34.webhostbox.net","ns2.cp-34.webhostbox.net","","","clientTransferProhibited","","",""
"3","boaafrica.net","2019-12-03 16:26:11","2019-12-02","2019-12-02","2020-12-02","433","OVH sas","whois.ovh.com","http://www.ovh.com","","","","","","","Benin","v29dcvbjnqxge4vp1ht7@e.o-w-o.info","","","","","","","","","","vt8wjgtdjybrmjq2g41a@q.o-w-o.info","","","","","","","","","","vt8wjgtdjybrmjq2g41a@q.o-w-o.info","","","","","","","","","","","","","dns105.ovh.net","ns105.ovh.net","","","clientDeleteProhibited","clientTransferProhibited","",""
"4","cooperation-officielle.com","2019-12-03 16:38:52","2019-12-02","2019-12-02","2020-12-02","1636","Hostinger, UAB","whois.hostinger.com","http://www.hostinger.com","Baudelaire KOUKPAKO","Baudelaire KOUKPAKO","Cotonou Benin","Cotonou","Littoral","7728","Benin","gtecotan@gmail.com","+229.66227976","","Baudelaire KOUKPAKO","Baudelaire KOUKPAKO","Cotonou Benin","Cotonou","Littoral","7728","Benin","gtecotan@gmail.com","+229.66227976","","Baudelaire KOUKPAKO","Baudelaire KOUKPAKO","Cotonou Benin","Cotonou","Littoral","7728","Benin","gtecotan@gmail.com","+229.66227976","","","","","","","","","","","","ns1.dns-parking.com","ns2.dns-parking.com","","","clientTransferProhibited","","",""
"5","cse-ved.com","2019-12-03 19:13:56","2019-12-02","2019-12-02","2020-12-02","1630","Ligne Web Services SARL","whois.nic.fr","http://www.ait.com","","","","","","","Benin","3218276783c012e35f0ed278a950a1fd@whois-anonymous.com","","","","","","","","","Benin","3218276783c012e35f0ed278a950a1fd@whois-anonymous.com","","","","","","","","","Benin","3218276783c012e35f0ed278a950a1fd@whois-anonymous.com","","","","","","","","","Benin","3218276783c012e35f0ed278a950a1fd@whois-anonymous.com","","","","","","","More","clientTransferProhibited","informations","on"
"6","express-krediet.com","2019-12-03 15:21:13","2019-12-02","2019-12-02","2020-12-02","303","PDR Ltd. d/b/a PublicDomainRegistry.com","whois.publicdomainregistry.com","http://www.publicdomainregistry.com","Mongo","","Parakou","Parakou","Borgou","","Benin","mongosidoine@gmail.com","+229.66069461","","Mongo","","Parakou","Parakou","Borgou","","Benin","mongosidoine@gmail.com","+229.66069461","","Mongo","","Parakou","Parakou","Borgou","","Benin","mongosidoine@gmail.com","+229.66069461","","","","","","","","","","","","ns1.cp-ht-11.webhostbox.net","ns2.cp-ht-11.webhostbox.net","","","clientTransferProhibited","","",""
"7","finans-bankonline.com","2019-12-03 17:49:08","2019-12-02","2019-12-02","2020-12-02","625","Name.com, Inc.","whois.name.com","http://www.name.com","mariam angelique","tankpinnou","03bp3245, 07","Cotonou","cotonou","2356","Benin","angeliquemariajulliennejuvelle@gmail.com","+229.95978569","","mariam angelique","tankpinnou","03bp3245, 07","Cotonou","cotonou","2356","Benin","angeliquemariajulliennejuvelle@gmail.com","+229.95978569","","mariam angelique","tankpinnou","03bp3245, 07","Cotonou","cotonou","2356","Benin","angeliquemariajulliennejuvelle@gmail.com","+229.95978569","","","","","","","","","","","","ns1.hobohost.com","ns2.hobohost.com","","","addPeriod","clientTransferProhibited","",""
"8","gm-salon.com","2019-12-03 15:51:00","2019-12-01","2019-12-01","2020-12-01","69","Tucows Domains Inc.","whois.tucows.com","http://domainhelp.opensrs.net","REDACTED FOR PRIVACY","REDACTED FOR PRIVACY","REDACTED FOR PRIVACY","REDACTED FOR PRIVACY","LI","REDACTED FOR PRIVACY","Benin","","REDACTED FOR PRIVACY","REDACTED FOR PRIVACY","REDACTED FOR PRIVACY","REDACTED FOR PRIVACY","REDACTED FOR PRIVACY","REDACTED FOR PRIVACY","REDACTED FOR PRIVACY","REDACTED FOR PRIVACY","REDACTED FOR PRIVACY","","REDACTED FOR PRIVACY","REDACTED FOR PRIVACY","REDACTED FOR PRIVACY","REDACTED FOR PRIVACY","REDACTED FOR PRIVACY","REDACTED FOR PRIVACY","REDACTED FOR PRIVACY","REDACTED FOR PRIVACY","REDACTED FOR PRIVACY","","REDACTED FOR PRIVACY","REDACTED FOR PRIVACY","","","","","","","","","","","ns1.webhostinghub.com","ns2.webhostinghub.com","","","","","",""
"9","labonnechose.com","2019-12-03 14:23:01","2019-12-01","2019-12-01","2020-12-01","1630","Ligne Web Services SARL","whois.nic.fr","http://www.ait.com","","","","","","","Benin","43d36967cc58538e91b4e0b31639fa30@whois-anonymous.com","","","","","","","","","Benin","43d36967cc58538e91b4e0b31639fa30@whois-anonymous.com","","","","","","","","","Benin","43d36967cc58538e91b4e0b31639fa30@whois-anonymous.com","","","","","","","","","Benin","43d36967cc58538e91b4e0b31639fa30@whois-anonymous.com","","","","","","","More","clientTransferProhibited","informations","on"
"10","onesie-mart.com","2019-12-03 15:53:52","2019-12-02","2019-12-02","2020-12-02","146","GoDaddy.com, LLC","whois.godaddy.com","http://registrar.godaddy.com","","","","","littoral","","Benin","","","","","","","","","","","","","","","","","","","","","","","","","","","","","","","","","","ns27.domaincontrol.com","ns28.domaincontrol.com","","","clientDeleteProhibited","clientRenewProhibited","clientTransferProhibited","clientUpdateProhibited"
"11","ongsabes-benin.com","2019-12-03 15:30:53","2019-12-01","2019-12-01","2020-12-01","303","PDR Ltd. d/b/a PublicDomainRegistry.com","whois.publicdomainregistry.com","http://www.publicdomainregistry.com","IMELA","IMELA HOSTING","C/1266 Ste Rita","Cotonou","Atlantique","","Benin","admin@imela.net","+229.97285828","","IMELA","IMELA HOSTING","C/1266 Ste Rita","Cotonou","Atlantique","","Benin","admin@imela.net","+229.97285828","","IMELA","IMELA HOSTING","C/1266 Ste Rita","Cotonou","Atlantique","","Benin","admin@imela.net","+229.97285828","","","","","","","","","","","","ns1.bh-69.webhostbox.net","ns2.bh-69.webhostbox.net","","","clientTransferProhibited","","",""
"12","partners-bankonline.com","2019-12-03 16:18:31","2019-12-02","2019-12-02","2020-12-02","625","Name.com, Inc.","whois.name.com","http://www.name.com","mariam angelique","tankpinnou","03bp3245, 07","Cotonou","cotonou","2356","Benin","angeliquemariajulliennejuvelle@gmail.com","+229.95978569","","mariam angelique","tankpinnou","03bp3245, 07","Cotonou","cotonou","2356","Benin","angeliquemariajulliennejuvelle@gmail.com","+229.95978569","","mariam angelique","tankpinnou","03bp3245, 07","Cotonou","cotonou","2356","Benin","angeliquemariajulliennejuvelle@gmail.com","+229.95978569","","","","","","","","","","","","ns1.hobohost.com","ns2.hobohost.com","","","addPeriod","clientTransferProhibited","",""
"13","realestateimmo.com","2019-12-03 18:37:00","2019-12-01","2019-12-01","2020-12-01","1636","Hostinger, UAB","whois.hostinger.com","http://www.hostinger.com","joshua GUY","joshua GUY","Cotonou, Benin","Cotonou","Calavi","00229","Benin","charlesdheparaiba@gmail.com","+229.97244600","","joshua GUY","joshua GUY","Cotonou, Benin","Cotonou","Calavi","00229","Benin","charlesdheparaiba@gmail.com","+229.97244600","","joshua GUY","joshua GUY","Cotonou, Benin","Cotonou","Calavi","00229","Benin","charlesdheparaiba@gmail.com","+229.97244600","","","","","","","","","","","","ns1.dns-parking.com","ns2.dns-parking.com","","","clientTransferProhibited","","",""
"14","sibiae.com","2019-12-03 16:15:44","2019-12-02","2019-12-02","2020-12-02","1630","Ligne Web Services SARL","whois.nic.fr","http://www.ait.com","GOHOUE Marie","","Abomey Calavi","COTONOU","","2328","Benin","rosetechnologie@gmail.com","+229.97144976","","GOHOUE Marie","","Abomey Calavi","COTONOU","","2328","Benin","rosetechnologie@gmail.com","+229.97144976","","GOHOUE Marie","","Abomey Calavi","COTONOU","","2328","Benin","rosetechnologie@gmail.com","+229.97144976","","GOHOUE Marie","","Abomey Calavi","COTONOU","","2328","Benin","rosetechnologie@gmail.com","+229.97144976","","","","","","More","clientTransferProhibited","informations","on"
"15","southfloridamiraclecenter.com","2019-12-03 14:55:29","2019-12-01","2019-12-01","2020-12-01","146","GoDaddy.com, LLC","whois.godaddy.com","http://registrar.godaddy.com","Church","","6403 Rue Mazarin","Montreal","Borgou","","Benin","churchp52@gmail.com","+229.61005569","","Church","","6403 Rue Mazarin","Montreal","Borgou","","Benin","churchp52@gmail.com","+229.61005569","","Church","","6403 Rue Mazarin","Montreal","Borgou","","Benin","churchp52@gmail.com","+229.61005569","","","","","","","","","","","","ns27.domaincontrol.com","ns28.domaincontrol.com","","","clientDeleteProhibited","clientRenewProhibited","clientTransferProhibited","clientUpdateProhibited"
"16","veli-ved.com","2019-12-03 15:17:47","2019-12-02","2019-12-02","2020-12-02","1630","Ligne Web Services SARL","whois.nic.fr","http://www.ait.com","","","","","","","Benin","3218276783c012e35f0ed278a950a1fd@whois-anonymous.com","","","","","","","","","Benin","3218276783c012e35f0ed278a950a1fd@whois-anonymous.com","","","","","","","","","Benin","3218276783c012e35f0ed278a950a1fd@whois-anonymous.com","","","","","","","","","Benin","3218276783c012e35f0ed278a950a1fd@whois-anonymous.com","","","","","","","More","clientTransferProhibited","informations","on"