"num","domain_name","query_time","create_date","update_date","expiry_date","domain_registrar_id","domain_registrar_name","domain_registrar_whois","domain_registrar_url","registrant_name","registrant_company","registrant_address","registrant_city","registrant_state","registrant_zip","registrant_country","registrant_email","registrant_phone","registrant_fax","administrative_name","administrative_company","administrative_address","administrative_city","administrative_state","administrative_zip","administrative_country","administrative_email","administrative_phone","administrative_fax","technical_name","technical_company","technical_address","technical_city","technical_state","technical_zip","technical_country","technical_email","technical_phone","technical_fax","billing_name","billing_company","billing_address","billing_city","billing_state","billing_zip","billing_country","billing_email","billing_phone","billing_fax","name_server_1","name_server_2","name_server_3","name_server_4","domain_status_1","domain_status_2","domain_status_3","domain_status_4"
"1","bhutanpicturesque.com","2019-12-03 17:27:53","2019-12-02","2019-12-02","2020-12-02","303","PDR Ltd. d/b/a PublicDomainRegistry.com","whois.publicdomainregistry.com","http://www.publicdomainregistry.com","Damchey Lhendup","Green e-Solutions","Changzamtok","Thimphu","Thimphu","00975","Bhutan","domain@drukhost.com","+975.2334557","","Damchey Lhendup","Green e-Solutions","Changzamtok","Thimphu","Thimphu","00975","Bhutan","domain@drukhost.com","+975.2334557","","Damchey Lhendup","Green e-Solutions","Changzamtok","Thimphu","Thimphu","00975","Bhutan","domain@drukhost.com","+975.2334557","","","","","","","","","","","","ns1.drukhost.com","ns2.drukhost.com","","","clientTransferProhibited","","",""
"2","explorabhutantravels.com","2019-12-03 14:48:21","2019-12-02","2019-12-02","2020-12-02","303","PDR Ltd. d/b/a PublicDomainRegistry.com","whois.publicdomainregistry.com","http://www.publicdomainregistry.com","Damchey Lhendup","Green e-Solutions","Changzamtok","Thimphu","Thimphu","00975","Bhutan","domain@drukhost.com","+975.2334557","","Damchey Lhendup","Green e-Solutions","Changzamtok","Thimphu","Thimphu","00975","Bhutan","domain@drukhost.com","+975.2334557","","Damchey Lhendup","Green e-Solutions","Changzamtok","Thimphu","Thimphu","00975","Bhutan","domain@drukhost.com","+975.2334557","","","","","","","","","","","","ns1.drukhost.com","ns2.drukhost.com","","","clientTransferProhibited","","",""
"3","fishisz.com","2019-12-03 14:35:42","2019-12-02","2019-12-02","2020-12-02","146","GoDaddy.com, LLC","whois.godaddy.com","http://registrar.godaddy.com","","","","","North Korilina","","Bhutan","","","","","","","","","","","","","","","","","","","","","","","","","","","","","","","","","","ns27.domaincontrol.com","ns28.domaincontrol.com","","","clientDeleteProhibited","clientRenewProhibited","clientTransferProhibited","clientUpdateProhibited"
"4","futurezs.com","2019-12-03 18:44:10","2019-12-02","2019-12-02","2020-12-02","146","GoDaddy.com, LLC","whois.godaddy.com","http://registrar.godaddy.com","","","","","Tenses","","Bhutan","","","","","","","","","","","","","","","","","","","","","","","","","","","","","","","","","","ns27.domaincontrol.com","ns28.domaincontrol.com","","","clientDeleteProhibited","clientRenewProhibited","clientTransferProhibited","clientUpdateProhibited"
"5","hybirdz.com","2019-12-03 18:07:22","2019-12-01","2019-12-01","2020-12-01","146","GoDaddy.com, LLC","whois.godaddy.com","http://registrar.godaddy.com","","","","","Thimphu","","Bhutan","","","","","","","","","","","","","","","","","","","","","","","","","","","","","","","","","","ns27.domaincontrol.com","ns28.domaincontrol.com","","","clientDeleteProhibited","clientRenewProhibited","clientTransferProhibited","clientUpdateProhibited"
"6","magiccz.com","2019-12-03 14:15:37","2019-12-02","2019-12-02","2020-12-02","146","GoDaddy.com, LLC","whois.godaddy.com","http://registrar.godaddy.com","","","","","Nashvill","","Bhutan","","","","","","","","","","","","","","","","","","","","","","","","","","","","","","","","","","ns21.domaincontrol.com","ns22.domaincontrol.com","","","clientDeleteProhibited","clientRenewProhibited","clientTransferProhibited","clientUpdateProhibited"