"num","domain_name","query_time","create_date","update_date","expiry_date","domain_registrar_id","domain_registrar_name","domain_registrar_whois","domain_registrar_url","registrant_name","registrant_company","registrant_address","registrant_city","registrant_state","registrant_zip","registrant_country","registrant_email","registrant_phone","registrant_fax","administrative_name","administrative_company","administrative_address","administrative_city","administrative_state","administrative_zip","administrative_country","administrative_email","administrative_phone","administrative_fax","technical_name","technical_company","technical_address","technical_city","technical_state","technical_zip","technical_country","technical_email","technical_phone","technical_fax","billing_name","billing_company","billing_address","billing_city","billing_state","billing_zip","billing_country","billing_email","billing_phone","billing_fax","name_server_1","name_server_2","name_server_3","name_server_4","domain_status_1","domain_status_2","domain_status_3","domain_status_4"
"1","bolivia2020.com","2019-12-03 15:00:06","2019-12-02","2019-12-02","2020-12-02","146","GoDaddy.com, LLC","whois.godaddy.com","http://registrar.godaddy.com","","","","","Andres Ibanez","","Bolivia","","","","","","","","","","","","","","","","","","","","","","","","","","","","","","","","","","ns27.domaincontrol.com","ns28.domaincontrol.com","","","clientDeleteProhibited","clientRenewProhibited","clientTransferProhibited","clientUpdateProhibited"
"2","eleccionesbolivia2020.com","2019-12-03 17:04:01","2019-12-02","2019-12-02","2020-12-02","146","GoDaddy.com, LLC","whois.godaddy.com","http://registrar.godaddy.com","","","","","Andres Ibanez","","Bolivia","","","","","","","","","","","","","","","","","","","","","","","","","","","","","","","","","","ns27.domaincontrol.com","ns28.domaincontrol.com","","","clientDeleteProhibited","clientRenewProhibited","clientTransferProhibited","clientUpdateProhibited"
"3","legalteca.com","2019-12-03 18:20:09","2019-12-01","2019-12-01","2020-12-01","303","PDR Ltd. d/b/a PublicDomainRegistry.com","whois.publicdomainregistry.com","http://www.publicdomainregistry.com","Gonzalo Huarachi","","Santa Cruz de la Sierra S/N","Santa Cruz de la Sierra","Santa Cruz","00000","Bolivia","gonzalo.huc@gmail.com","+591.77098754","","Gonzalo Huarachi","","Santa Cruz de la Sierra S/N","Santa Cruz de la Sierra","Santa Cruz","00000","Bolivia","gonzalo.huc@gmail.com","+591.77098754","","Gonzalo Huarachi","","Santa Cruz de la Sierra S/N","Santa Cruz de la Sierra","Santa Cruz","00000","Bolivia","gonzalo.huc@gmail.com","+591.77098754","","","","","","","","","","","","ns3.alojamiento.vip","ns4.alojamiento.vip","","","clientTransferProhibited","","",""
"4","liquidation-usa.com","2019-12-03 14:38:24","2019-12-02","2019-12-02","2020-12-02","886","Domain.com, LLC","whois.domain.com","http://www.domain.com","REDACTED FOR PRIVACY","REDACTED FOR PRIVACY","REDACTED FOR PRIVACY","REDACTED FOR PRIVACY","NA","REDACTED FOR PRIVACY","Bolivia","","REDACTED FOR PRIVACY","REDACTED FOR PRIVACY","REDACTED FOR PRIVACY","REDACTED FOR PRIVACY","REDACTED FOR PRIVACY","REDACTED FOR PRIVACY","REDACTED FOR PRIVACY","REDACTED FOR PRIVACY","REDACTED FOR PRIVACY","","REDACTED FOR PRIVACY","REDACTED FOR PRIVACY","REDACTED FOR PRIVACY","REDACTED FOR PRIVACY","REDACTED FOR PRIVACY","REDACTED FOR PRIVACY","REDACTED FOR PRIVACY","REDACTED FOR PRIVACY","REDACTED FOR PRIVACY","","REDACTED FOR PRIVACY","REDACTED FOR PRIVACY","","","","","","","","","","","ns331.websitewelcome.com","ns332.websitewelcome.com","","","clientTransferProhibited","clientUpdateProhibited","",""
"5","maustoraw.com","2019-12-03 15:53:43","2019-12-02","2019-12-02","2020-12-02","3817","Wix.com Ltd.","","","mauricio mustafa","mauricio mustafa","mallasilla 113","la paz","","1928","Bolivia","maustoraw.com@wix-domains.com","+1.4159496022","","mauricio mustafa","mauricio mustafa","mallasilla 113","la paz","","1928","Bolivia","mausto@mausto.com","+591.73710686","","mauricio mustafa","mauricio mustafa","mallasilla 113","la paz","","1928","Bolivia","mausto@mausto.com","+591.73710686","","","","","","","","","","","","ns12.wixdns.net","ns13.wixdns.net","","","clientTransferProhibited","clientUpdateProhibited","",""
"6","mieldeabejapura.com","2019-12-03 17:21:03","2019-12-01","2019-12-01","2020-12-01","955","Launchpad, Inc.","whois.launchpad.com","http://www.launchpad.com","Omar Choque","","Alto Tejar calle Gregorio Colque 1629","La Paz","La Paz","","Bolivia","leonomar8@gmail.com","+591.69949000","","Omar Choque","","Alto Tejar calle Gregorio Colque 1629","La Paz","La Paz","","Bolivia","leonomar8@gmail.com","+591.69949000","","Omar Choque","","Alto Tejar calle Gregorio Colque 1629","La Paz","La Paz","","Bolivia","leonomar8@gmail.com","+591.69949000","","","","","","","","","","","","ns6561.hostgator.com","ns6562.hostgator.com","","","clientTransferProhibited","","",""
"7","misexyescort.com","2019-12-03 14:28:20","2019-12-02","2019-12-02","2020-12-02","303","PDR Ltd. d/b/a PublicDomainRegistry.com","whois.publicdomainregistry.com","http://www.publicdomainregistry.com","Sergio Ballon","reserhost","jose saravia 1699","la paz","La Paz","591","Bolivia","reserdigital@gmail.com","+591.2487731","","Sergio Ballon","reserhost","jose saravia 1699","la paz","La Paz","591","Bolivia","reserdigital@gmail.com","+591.2487731","","Sergio Ballon","reserhost","jose saravia 1699","la paz","La Paz","591","Bolivia","reserdigital@gmail.com","+591.2487731","","","","","","","","","","","","ns1.bh-72.webhostbox.net","ns2.bh-72.webhostbox.net","","","clientTransferProhibited","","",""
"8","parquedelencuentro.com","2019-12-03 16:07:43","2019-12-02","2019-12-02","2020-12-02","1005","NetEarth One Inc. d/b/a NetEarth","whois.advancedregistrar.com","http://www.netearthone.com","Carlos Daniel Landivar Gutierrez","Servicios Integrales Landivar","Calle Carlos Landivar #100 , Entre Mons. Pena y Mons. Costas Barrio El Trompillo","Santa Cruz","Santa Cruz de la Sierra","00000","Bolivia","clandivar@gmail.com","+591.74163387","","Carlos Daniel Landivar Gutierrez","Servicios Integrales Landivar","Calle Carlos Landivar #100 , Entre Mons. Pena y Mons. Costas Barrio El Trompillo","Santa Cruz","Santa Cruz de la Sierra","00000","Bolivia","clandivar@gmail.com","+591.74163387","","Carlos Daniel Landivar Gutierrez","Servicios Integrales Landivar","Calle Carlos Landivar #100 , Entre Mons. Pena y Mons. Costas Barrio El Trompillo","Santa Cruz","Santa Cruz de la Sierra","00000","Bolivia","clandivar@gmail.com","+591.74163387","","","","","","","","","","","","ns1201.neothek.com","ns1202.neothek.com","","","clientTransferProhibited","","",""
"9","pedrazalegal.com","2019-12-03 17:07:58","2019-12-02","2019-12-02","2020-12-02","303","PDR Ltd. d/b/a PublicDomainRegistry.com","whois.publicdomainregistry.com","http://www.publicdomainregistry.com","Daniel Araki","Daniel Araki","Mutualista 123","Santa Cruz","Santa Cruz","","Bolivia","danielaraki@hotmail.com","+591.77805834","","Daniel Araki","Daniel Araki","Mutualista 123","Santa Cruz","Santa Cruz","","Bolivia","danielaraki@hotmail.com","+591.77805834","","Daniel Araki","Daniel Araki","Mutualista 123","Santa Cruz","Santa Cruz","","Bolivia","danielaraki@hotmail.com","+591.77805834","","","","","","","","","","","","asuntoweb.earth.orderbox-dns.com","asuntoweb.mars.orderbox-dns.com","asuntoweb.mercury.orderbox-dns.com","asuntoweb.venus.orderbox-dns.com","clientTransferProhibited","","",""
"10","pumacho.com","2019-12-03 15:25:11","2019-12-02","2019-12-02","2020-12-02","146","GoDaddy.com, LLC","whois.godaddy.com","http://registrar.godaddy.com","","","","","Andres Ibanez","","Bolivia","","","","","","","","","","","","","","","","","","","","","","","","","","","","","","","","","","ns27.domaincontrol.com","ns28.domaincontrol.com","","","clientDeleteProhibited","clientRenewProhibited","clientTransferProhibited","clientUpdateProhibited"
"11","sictilapaz.com","2019-12-03 15:13:26","2019-12-02","2019-12-02","2020-12-02","1636","Hostinger, UAB","whois.hostinger.com","http://www.hostinger.com","Victor Paco","Victor Paco","Pacajes Caluyo","La Paz","La Paz","591","Bolivia","vic-pf@hotmail.com","+591.79516913","","Victor Paco","Victor Paco","Pacajes Caluyo","La Paz","La Paz","591","Bolivia","vic-pf@hotmail.com","+591.79516913","","Victor Paco","Victor Paco","Pacajes Caluyo","La Paz","La Paz","591","Bolivia","vic-pf@hotmail.com","+591.79516913","","","","","","","","","","","","ns1.dns-parking.com","ns2.dns-parking.com","","","clientTransferProhibited","","",""
"12","themegabuy.com","2019-12-03 18:08:29","2019-12-02","2019-12-02","2020-12-02","146","GoDaddy.com, LLC","whois.godaddy.com","http://registrar.godaddy.com","GlaserTech","GlaserTech","","","Murillo","","Bolivia","","","","","","","","","","","","","","","","","","","","","","","","","","","","","","","","","","dns1.stabletransit.com","dns2.stabletransit.com","","","clientDeleteProhibited","clientRenewProhibited","clientTransferProhibited","clientUpdateProhibited"
"13","veosoluciones.com","2019-12-03 19:10:11","2019-12-01","2019-12-01","2020-12-01","1383","Soluciones Corporativas IP, SLU","whois.scip.es","http://www.dondominio.com","REDACTED FOR PRIVACY","","REDACTED FOR PRIVACY","REDACTED FOR PRIVACY","Cercado","REDACTED FOR PRIVACY","Bolivia","","REDACTED FOR PRIVACY","REDACTED FOR PRIVACY","REDACTED FOR PRIVACY","REDACTED FOR PRIVACY","REDACTED FOR PRIVACY","REDACTED FOR PRIVACY","REDACTED FOR PRIVACY","REDACTED FOR PRIVACY","REDACTED FOR PRIVACY","","REDACTED FOR PRIVACY","REDACTED FOR PRIVACY","REDACTED FOR PRIVACY","REDACTED FOR PRIVACY","REDACTED FOR PRIVACY","REDACTED FOR PRIVACY","REDACTED FOR PRIVACY","REDACTED FOR PRIVACY","REDACTED FOR PRIVACY","","REDACTED FOR PRIVACY","REDACTED FOR PRIVACY","","","","","","","","","","","ns50441.webempresa.eu","ns50442.webempresa.eu","","","OK","","",""
"14","vps1010.net","2019-12-03 17:11:16","2019-12-02","2019-12-02","2020-12-02","1387","1API GmbH","whois.1api.net","http://www.1api.net","REDACTED FOR PRIVACY","REDACTED FOR PRIVACY","REDACTED FOR PRIVACY","REDACTED FOR PRIVACY","bol","REDACTED FOR PRIVACY","Bolivia","","REDACTED FOR PRIVACY","","REDACTED FOR PRIVACY","REDACTED FOR PRIVACY","REDACTED FOR PRIVACY","REDACTED FOR PRIVACY","REDACTED FOR PRIVACY","REDACTED FOR PRIVACY","REDACTED FOR PRIVACY","","REDACTED FOR PRIVACY","","REDACTED FOR PRIVACY","REDACTED FOR PRIVACY","REDACTED FOR PRIVACY","REDACTED FOR PRIVACY","REDACTED FOR PRIVACY","REDACTED FOR PRIVACY","REDACTED FOR PRIVACY","","REDACTED FOR PRIVACY","","","","","","","","","","","","ns10.szhot.com","ns9.szhot.com","","","clientTransferProhibited","","",""
"15","vps300.net","2019-12-03 18:44:00","2019-12-02","2019-12-02","2020-12-02","1387","1API GmbH","whois.1api.net","http://www.1api.net","REDACTED FOR PRIVACY","REDACTED FOR PRIVACY","REDACTED FOR PRIVACY","REDACTED FOR PRIVACY","bol","REDACTED FOR PRIVACY","Bolivia","","REDACTED FOR PRIVACY","","REDACTED FOR PRIVACY","REDACTED FOR PRIVACY","REDACTED FOR PRIVACY","REDACTED FOR PRIVACY","REDACTED FOR PRIVACY","REDACTED FOR PRIVACY","REDACTED FOR PRIVACY","","REDACTED FOR PRIVACY","","REDACTED FOR PRIVACY","REDACTED FOR PRIVACY","REDACTED FOR PRIVACY","REDACTED FOR PRIVACY","REDACTED FOR PRIVACY","REDACTED FOR PRIVACY","REDACTED FOR PRIVACY","","REDACTED FOR PRIVACY","","","","","","","","","","","","ns10.szhot.com","ns9.szhot.com","","","clientTransferProhibited","","",""
"16","vps500.net","2019-12-03 14:53:35","2019-12-02","2019-12-02","2020-12-02","1387","1API GmbH","whois.1api.net","http://www.1api.net","REDACTED FOR PRIVACY","REDACTED FOR PRIVACY","REDACTED FOR PRIVACY","REDACTED FOR PRIVACY","bol","REDACTED FOR PRIVACY","Bolivia","","REDACTED FOR PRIVACY","","REDACTED FOR PRIVACY","REDACTED FOR PRIVACY","REDACTED FOR PRIVACY","REDACTED FOR PRIVACY","REDACTED FOR PRIVACY","REDACTED FOR PRIVACY","REDACTED FOR PRIVACY","","REDACTED FOR PRIVACY","","REDACTED FOR PRIVACY","REDACTED FOR PRIVACY","REDACTED FOR PRIVACY","REDACTED FOR PRIVACY","REDACTED FOR PRIVACY","REDACTED FOR PRIVACY","REDACTED FOR PRIVACY","","REDACTED FOR PRIVACY","","","","","","","","","","","","ns10.szhot.com","ns9.szhot.com","","","clientTransferProhibited","","",""
"17","windsormarcos.com","2019-12-03 17:39:28","2019-12-01","2019-12-01","2020-12-01","69","Tucows Domains Inc.","whois.tucows.com","http://domainhelp.opensrs.net","REDACTED FOR PRIVACY","REDACTED FOR PRIVACY","REDACTED FOR PRIVACY","REDACTED FOR PRIVACY","XX","REDACTED FOR PRIVACY","Bolivia","","REDACTED FOR PRIVACY","REDACTED FOR PRIVACY","REDACTED FOR PRIVACY","REDACTED FOR PRIVACY","REDACTED FOR PRIVACY","REDACTED FOR PRIVACY","REDACTED FOR PRIVACY","REDACTED FOR PRIVACY","REDACTED FOR PRIVACY","","REDACTED FOR PRIVACY","REDACTED FOR PRIVACY","REDACTED FOR PRIVACY","REDACTED FOR PRIVACY","REDACTED FOR PRIVACY","REDACTED FOR PRIVACY","REDACTED FOR PRIVACY","REDACTED FOR PRIVACY","REDACTED FOR PRIVACY","","REDACTED FOR PRIVACY","REDACTED FOR PRIVACY","","","","","","","","","","","ns1.giow1021.siteground.us","ns2.giow1021.siteground.us","","","clientTransferProhibited","clientUpdateProhibited","",""