"num","domain_name","query_time","create_date","update_date","expiry_date","domain_registrar_id","domain_registrar_name","domain_registrar_whois","domain_registrar_url","registrant_name","registrant_company","registrant_address","registrant_city","registrant_state","registrant_zip","registrant_country","registrant_email","registrant_phone","registrant_fax","administrative_name","administrative_company","administrative_address","administrative_city","administrative_state","administrative_zip","administrative_country","administrative_email","administrative_phone","administrative_fax","technical_name","technical_company","technical_address","technical_city","technical_state","technical_zip","technical_country","technical_email","technical_phone","technical_fax","billing_name","billing_company","billing_address","billing_city","billing_state","billing_zip","billing_country","billing_email","billing_phone","billing_fax","name_server_1","name_server_2","name_server_3","name_server_4","domain_status_1","domain_status_2","domain_status_3","domain_status_4"
"1","2earnmoneylab.com","2019-12-03 15:17:36","2019-12-02","2019-12-02","2020-12-02","1591","Promo People inc.","whois.nic.fr","http://www.ait.com","REDACTED FOR PRIVACY","REDACTED FOR PRIVACY","REDACTED FOR PRIVACY","REDACTED FOR PRIVACY","REDACTED FOR PRIVACY","REDACTED FOR PRIVACY","Bosnia and Herzegovina","","REDACTED FOR PRIVACY","REDACTED FOR PRIVACY","REDACTED FOR PRIVACY","REDACTED FOR PRIVACY","REDACTED FOR PRIVACY","REDACTED FOR PRIVACY","REDACTED FOR PRIVACY","REDACTED FOR PRIVACY","REDACTED FOR PRIVACY","","REDACTED FOR PRIVACY","REDACTED FOR PRIVACY","REDACTED FOR PRIVACY","REDACTED FOR PRIVACY","REDACTED FOR PRIVACY","REDACTED FOR PRIVACY","REDACTED FOR PRIVACY","REDACTED FOR PRIVACY","REDACTED FOR PRIVACY","","REDACTED FOR PRIVACY","REDACTED FOR PRIVACY","","","","","","","","","","","ns1.epizy.com","ns2.epizy.com","","","clientTransferProhibited","clientUpdateProhibited","",""
"2","bitboat.net","2019-12-03 18:17:09","2019-12-01","2019-12-01","2020-12-01","3609","DropCatch.com 1400 LLC","","","Admir Tulic","","Izeta Sarajlica E65","Tuzla","Federation of Bosnia and Herzegovina","75000","Bosnia and Herzegovina","atulic007@gmail.com","+387.61941778","","Admir Tulic","","Izeta Sarajlica E65","Tuzla","Federation of Bosnia and Herzegovina","75000","Bosnia and Herzegovina","atulic007@gmail.com","+387.61941778","","Admir Tulic","","Izeta Sarajlica E65","Tuzla","Federation of Bosnia and Herzegovina","75000","Bosnia and Herzegovina","atulic007@gmail.com","+387.61941778","","","","","","","","","","","","","","","","clientTransferProhibited","","",""
"3","chkdup.com","2019-12-03 17:21:24","2019-12-02","2019-12-02","2020-12-02","146","GoDaddy.com, LLC","whois.godaddy.com","http://registrar.godaddy.com","","","","","Republika Srpska","","Bosnia and Herzegovina","","","","","","","","","","","","","","","","","","","","","","","","","","","","","","","","","","ns5.chkdup.com","ns6.chkdup.com","ns7.chkdup.com","ns8.chkdup.com","clientDeleteProhibited","clientRenewProhibited","clientTransferProhibited","clientUpdateProhibited"
"4","custom-bikes-bih.net","2019-12-03 17:45:26","2019-12-02","2019-12-02","2020-12-02","48","eNom, Inc.","whois.enom.com","http://www.enom.com","REDACTED FOR PRIVACY","REDACTED FOR PRIVACY","REDACTED FOR PRIVACY","REDACTED FOR PRIVACY","Federacija BiH","REDACTED FOR PRIVACY","Bosnia and Herzegovina","","REDACTED FOR PRIVACY","REDACTED FOR PRIVACY","REDACTED FOR PRIVACY","REDACTED FOR PRIVACY","REDACTED FOR PRIVACY","REDACTED FOR PRIVACY","REDACTED FOR PRIVACY","REDACTED FOR PRIVACY","REDACTED FOR PRIVACY","","REDACTED FOR PRIVACY","REDACTED FOR PRIVACY","REDACTED FOR PRIVACY","REDACTED FOR PRIVACY","REDACTED FOR PRIVACY","REDACTED FOR PRIVACY","REDACTED FOR PRIVACY","REDACTED FOR PRIVACY","REDACTED FOR PRIVACY","","REDACTED FOR PRIVACY","REDACTED FOR PRIVACY","","","","","","","","","","","ns.au-globaldns.com","ns.cn-globaldns.com","ns.eu-globaldns.com","ns.us-globaldns.com","addPeriod","clientTransferProhibited","",""
"5","designum.net","2019-12-03 18:39:54","2019-12-02","2019-12-03","2020-12-02","886","Domain.com, LLC","whois.domain.com","http://www.domain.com","REDACTED FOR PRIVACY","REDACTED FOR PRIVACY","REDACTED FOR PRIVACY","REDACTED FOR PRIVACY","NA","REDACTED FOR PRIVACY","Bosnia and Herzegovina","","REDACTED FOR PRIVACY","REDACTED FOR PRIVACY","REDACTED FOR PRIVACY","REDACTED FOR PRIVACY","REDACTED FOR PRIVACY","REDACTED FOR PRIVACY","REDACTED FOR PRIVACY","REDACTED FOR PRIVACY","REDACTED FOR PRIVACY","","REDACTED FOR PRIVACY","REDACTED FOR PRIVACY","REDACTED FOR PRIVACY","REDACTED FOR PRIVACY","REDACTED FOR PRIVACY","REDACTED FOR PRIVACY","REDACTED FOR PRIVACY","REDACTED FOR PRIVACY","REDACTED FOR PRIVACY","","REDACTED FOR PRIVACY","REDACTED FOR PRIVACY","","","","","","","","","","","ns1.ipage.com","ns2.ipage.com","","","clientTransferProhibited","clientUpdateProhibited","",""
"6","districtarea.com","2019-12-03 18:47:35","2019-12-02","2019-12-02","2020-12-02","1154","FastDomain Inc.","whois.fastdomain.com","http://www.fastdomain.com","SEAD PAJAZETOVIC","BLOGGING","UL.1MAJA BR 42","VELIKA KLADUSA","","77230","Bosnia and Herzegovina","seadoggybmw@gmail.com","+387.62457463","","SEAD PAJAZETOVIC","BLOGGING","UL.1MAJA BR 42","VELIKA KLADUSA","","77230","Bosnia and Herzegovina","seadoggybmw@gmail.com","+387.62457463","","BLUEHOST INC","BLUEHOST.COM","550 E TIMPANOGOS PKWY","OREM","UTAH","84097","United States","support-domain@bluehost.com","+1.8017659400","+1.8017651992","","","","","","","","","","","ns1.bluehost.com","ns2.bluehost.com","","","clientTransferProhibited","","",""
"7","filipendae.com","2019-12-03 17:56:18","2019-12-02","2019-12-02","2021-12-02","146","GoDaddy.com, LLC","whois.godaddy.com","http://registrar.godaddy.com","","","","","Tuzlanski Kanton","","Bosnia and Herzegovina","","","","","","","","","","","","","","","","","","","","","","","","","","","","","","","","","","ns27.domaincontrol.com","ns28.domaincontrol.com","","","clientDeleteProhibited","clientRenewProhibited","clientTransferProhibited","clientUpdateProhibited"
"8","go-potent.com","2019-12-03 18:36:52","2019-12-02","2019-12-02","2020-12-02","146","GoDaddy.com, LLC","whois.godaddy.com","http://registrar.godaddy.com","MonetizeAd","MonetizeAd","","","Sarajevski Kantonevo","","Bosnia and Herzegovina","","","","","","","","","","","","","","","","","","","","","","","","","","","","","","","","","","alec.ns.cloudflare.com","athena.ns.cloudflare.com","","","clientDeleteProhibited","clientRenewProhibited","clientTransferProhibited","clientUpdateProhibited"
"9","goslimtoday.com","2019-12-03 15:10:10","2019-12-02","2019-12-02","2020-12-02","146","GoDaddy.com, LLC","whois.godaddy.com","http://registrar.godaddy.com","MonetizeAd","MonetizeAd","","","Sarajevski Kantonevo","","Bosnia and Herzegovina","","","","","","","","","","","","","","","","","","","","","","","","","","","","","","","","","","alec.ns.cloudflare.com","athena.ns.cloudflare.com","","","clientDeleteProhibited","clientRenewProhibited","clientTransferProhibited","clientUpdateProhibited"
"10","hellopushworld.com","2019-12-03 17:27:16","2019-12-02","2019-12-02","2020-12-02","146","GoDaddy.com, LLC","whois.godaddy.com","http://registrar.godaddy.com","MonetizeAd","MonetizeAd","","","Sarajevski Kantonevo","","Bosnia and Herzegovina","","","","","","","","","","","","","","","","","","","","","","","","","","","","","","","","","","alec.ns.cloudflare.com","athena.ns.cloudflare.com","","","clientDeleteProhibited","clientRenewProhibited","clientTransferProhibited","clientUpdateProhibited"
"11","mamaza10.com","2019-12-03 19:00:55","2019-12-02","2019-12-02","2020-12-02","146","GoDaddy.com, LLC","whois.godaddy.com","http://registrar.godaddy.com","","","","","BiH","","Bosnia and Herzegovina","","","","","","","","","","","","","","","","","","","","","","","","","","","","","","","","","","ns27.domaincontrol.com","ns28.domaincontrol.com","","","clientDeleteProhibited","clientRenewProhibited","clientTransferProhibited","clientUpdateProhibited"
"12","nakitlux.com","2019-12-03 15:34:26","2019-12-02","2019-12-02","2020-12-02","146","GoDaddy.com, LLC","whois.godaddy.com","http://registrar.godaddy.com","","","","","Republika Srpska","","Bosnia and Herzegovina","","","","","","","","","","","","","","","","","","","","","","","","","","","","","","","","","","amsns13.hostwindsdns.com","amsns14.hostwindsdns.com","","","clientDeleteProhibited","clientRenewProhibited","clientTransferProhibited","clientUpdateProhibited"
"13","nautubone.com","2019-12-03 17:52:18","2019-12-02","2019-12-02","2020-12-02","146","GoDaddy.com, LLC","whois.godaddy.com","http://registrar.godaddy.com","MonetizeAd","MonetizeAd","","","Sarajevski Kantonevo","","Bosnia and Herzegovina","","","","","","","","","","","","","","","","","","","","","","","","","","","","","","","","","","alec.ns.cloudflare.com","athena.ns.cloudflare.com","","","clientDeleteProhibited","clientRenewProhibited","clientTransferProhibited","clientUpdateProhibited"
"14","ortopedijamuharemovic.com","2019-12-03 16:49:27","2019-12-01","2019-12-01","2020-12-01","303","PDR Ltd. d/b/a PublicDomainRegistry.com","whois.publicdomainregistry.com","http://www.publicdomainregistry.com","Kenan Halilovic","Pragmatio doo Sarajevo","Paromlinska 32","Sarajevo","Sarajevo","71000","Bosnia and Herzegovina","khalilovic@gmail.com","+387.61200483","","Kenan Halilovic","Pragmatio doo Sarajevo","Paromlinska 32","Sarajevo","Sarajevo","71000","Bosnia and Herzegovina","khalilovic@gmail.com","+387.61200483","","Kenan Halilovic","Pragmatio doo Sarajevo","Paromlinska 32","Sarajevo","Sarajevo","71000","Bosnia and Herzegovina","khalilovic@gmail.com","+387.61200483","","","","","","","","","","","","resolver.ionzones.com","resolver2.ionzones.com","","","clientTransferProhibited","","",""
"15","panicvaskrsije.com","2019-12-03 18:47:15","2019-12-01","2019-12-01","2020-12-01","146","GoDaddy.com, LLC","whois.godaddy.com","http://registrar.godaddy.com","","","","","Gornji Teslic","","Bosnia and Herzegovina","","","","","","","","","","","","","","","","","","","","","","","","","","","","","","","","","","ns27.domaincontrol.com","ns28.domaincontrol.com","","","clientDeleteProhibited","clientRenewProhibited","clientTransferProhibited","clientUpdateProhibited"
"16","psorizin.com","2019-12-03 16:07:36","2019-12-02","2019-12-02","2020-12-02","146","GoDaddy.com, LLC","whois.godaddy.com","http://registrar.godaddy.com","MonetizeAd","MonetizeAd","","","Sarajevski Kantonevo","","Bosnia and Herzegovina","","","","","","","","","","","","","","","","","","","","","","","","","","","","","","","","","","alec.ns.cloudflare.com","athena.ns.cloudflare.com","","","clientDeleteProhibited","clientRenewProhibited","clientTransferProhibited","clientUpdateProhibited"
"17","pushbestdevice.com","2019-12-03 16:47:13","2019-12-02","2019-12-02","2020-12-02","146","GoDaddy.com, LLC","whois.godaddy.com","http://registrar.godaddy.com","MonetizeAd","MonetizeAd","","","Sarajevski Kantonevo","","Bosnia and Herzegovina","","","","","","","","","","","","","","","","","","","","","","","","","","","","","","","","","","alec.ns.cloudflare.com","athena.ns.cloudflare.com","","","clientDeleteProhibited","clientRenewProhibited","clientTransferProhibited","clientUpdateProhibited"
"18","pushbesttool.com","2019-12-03 18:20:53","2019-12-02","2019-12-02","2020-12-02","146","GoDaddy.com, LLC","whois.godaddy.com","http://registrar.godaddy.com","MonetizeAd","MonetizeAd","","","Sarajevski Kantonevo","","Bosnia and Herzegovina","","","","","","","","","","","","","","","","","","","","","","","","","","","","","","","","","","alec.ns.cloudflare.com","athena.ns.cloudflare.com","","","clientDeleteProhibited","clientRenewProhibited","clientTransferProhibited","clientUpdateProhibited"
"19","pushbesttools.com","2019-12-03 16:24:27","2019-12-02","2019-12-02","2020-12-02","146","GoDaddy.com, LLC","whois.godaddy.com","http://registrar.godaddy.com","MonetizeAd","MonetizeAd","","","Sarajevski Kantonevo","","Bosnia and Herzegovina","","","","","","","","","","","","","","","","","","","","","","","","","","","","","","","","","","alec.ns.cloudflare.com","athena.ns.cloudflare.com","","","clientDeleteProhibited","clientRenewProhibited","clientTransferProhibited","clientUpdateProhibited"
"20","pushworldtool.com","2019-12-03 14:53:49","2019-12-02","2019-12-02","2020-12-02","146","GoDaddy.com, LLC","whois.godaddy.com","http://registrar.godaddy.com","MonetizeAd","MonetizeAd","","","Sarajevski Kantonevo","","Bosnia and Herzegovina","","","","","","","","","","","","","","","","","","","","","","","","","","","","","","","","","","alec.ns.cloudflare.com","athena.ns.cloudflare.com","","","clientDeleteProhibited","clientRenewProhibited","clientTransferProhibited","clientUpdateProhibited"
"21","skutari.biz","2019-12-03 14:31:31","2019-11-29","2019-11-29","2020-11-29","625","Name.com, Inc.","whois.name.com","http://www.name.com","BNC System","BNC System","","","RS","","Bosnia and Herzegovina","","","","","","","","","","","","","","","","","","","","","","","","","","","","","","","","","","ns1000.mochahost.com","ns2000.mochahost.com","","","addPeriod","clientTransferProhibited","",""
"22","starsix.club","2019-12-03 14:25:51","2019-12-02","2019-12-02","2020-12-02","146","GoDaddy.com, LLC","whois.godaddy.com","http://registrar.godaddy.com","","","","","Herzegovina","","Bosnia and Herzegovina","","","","","","","","","","","","","","","","","","","","","","","","","","","","","","","","","","ns1.webhostingpad.com","ns2.webhostingpad.com","","","addPeriod","clientDeleteProhibited","clientRenewProhibited","clientTransferProhibited"
"23","thecellules.com","2019-12-03 15:46:13","2019-12-02","2019-12-02","2020-12-02","146","GoDaddy.com, LLC","whois.godaddy.com","http://registrar.godaddy.com","MonetizeAd","MonetizeAd","","","Sarajevski Kantonevo","","Bosnia and Herzegovina","","","","","","","","","","","","","","","","","","","","","","","","","","","","","","","","","","alec.ns.cloudflare.com","athena.ns.cloudflare.com","","","clientDeleteProhibited","clientRenewProhibited","clientTransferProhibited","clientUpdateProhibited"
"24","travelerion.com","2019-12-03 17:04:46","2019-12-02","2019-12-02","2020-12-02","146","GoDaddy.com, LLC","whois.godaddy.com","http://registrar.godaddy.com","","","","","Kanton Br. 10","","Bosnia and Herzegovina","","","","","","","","","","","","","","","","","","","","","","","","","","","","","","","","","","ns27.domaincontrol.com","ns28.domaincontrol.com","","","clientDeleteProhibited","clientRenewProhibited","clientTransferProhibited","clientUpdateProhibited"
"25","traveltinoo.com","2019-12-03 14:19:38","2019-12-01","2019-12-01","2020-12-01","146","GoDaddy.com, LLC","whois.godaddy.com","http://registrar.godaddy.com","","","","","Kanton Br. 10","","Bosnia and Herzegovina","","","","","","","","","","","","","","","","","","","","","","","","","","","","","","","","","","ns27.domaincontrol.com","ns28.domaincontrol.com","","","clientDeleteProhibited","clientRenewProhibited","clientTransferProhibited","clientUpdateProhibited"
"26","tuzlatransport.com","2019-12-03 17:17:50","2019-12-02","2019-12-02","2020-12-02","48","eNom, Inc.","whois.enom.com","http://www.enom.com","REDACTED FOR PRIVACY","REDACTED FOR PRIVACY","REDACTED FOR PRIVACY","REDACTED FOR PRIVACY","Tuzlanski Kanton","REDACTED FOR PRIVACY","Bosnia and Herzegovina","","REDACTED FOR PRIVACY","REDACTED FOR PRIVACY","REDACTED FOR PRIVACY","REDACTED FOR PRIVACY","REDACTED FOR PRIVACY","REDACTED FOR PRIVACY","REDACTED FOR PRIVACY","REDACTED FOR PRIVACY","REDACTED FOR PRIVACY","","REDACTED FOR PRIVACY","REDACTED FOR PRIVACY","REDACTED FOR PRIVACY","REDACTED FOR PRIVACY","REDACTED FOR PRIVACY","REDACTED FOR PRIVACY","REDACTED FOR PRIVACY","REDACTED FOR PRIVACY","REDACTED FOR PRIVACY","","REDACTED FOR PRIVACY","REDACTED FOR PRIVACY","","","","","","","","","","","dns.fakat.net","dns2.fakat.net","dns3.fakat.net","dns4.fakat.net","addPeriod","clientTransferProhibited","",""
"27","varcosin.com","2019-12-03 18:49:31","2019-12-02","2019-12-02","2020-12-02","146","GoDaddy.com, LLC","whois.godaddy.com","http://registrar.godaddy.com","MonetizeAd","MonetizeAd","","","Sarajevski Kantonevo","","Bosnia and Herzegovina","","","","","","","","","","","","","","","","","","","","","","","","","","","","","","","","","","alec.ns.cloudflare.com","athena.ns.cloudflare.com","","","clientDeleteProhibited","clientRenewProhibited","clientTransferProhibited","clientUpdateProhibited"