"num","domain_name","query_time","create_date","update_date","expiry_date","domain_registrar_id","domain_registrar_name","domain_registrar_whois","domain_registrar_url","registrant_name","registrant_company","registrant_address","registrant_city","registrant_state","registrant_zip","registrant_country","registrant_email","registrant_phone","registrant_fax","administrative_name","administrative_company","administrative_address","administrative_city","administrative_state","administrative_zip","administrative_country","administrative_email","administrative_phone","administrative_fax","technical_name","technical_company","technical_address","technical_city","technical_state","technical_zip","technical_country","technical_email","technical_phone","technical_fax","billing_name","billing_company","billing_address","billing_city","billing_state","billing_zip","billing_country","billing_email","billing_phone","billing_fax","name_server_1","name_server_2","name_server_3","name_server_4","domain_status_1","domain_status_2","domain_status_3","domain_status_4"
"1","aegisbf.com","2019-12-03 16:50:25","2019-12-02","2019-12-02","2020-12-02","1636","Hostinger, UAB","whois.hostinger.com","http://www.hostinger.com","Emerson Yougbare","Emerson Yougbare","Somgande, Secteur 19, rue 25.05","Ouagadougou","Centre","00226","Burkina Faso","mrsnygbr@gmail.com","+226.70598290","","Emerson Yougbare","Emerson Yougbare","Somgande, Secteur 19, rue 25.05","Ouagadougou","Centre","00226","Burkina Faso","mrsnygbr@gmail.com","+226.70598290","","Emerson Yougbare","Emerson Yougbare","Somgande, Secteur 19, rue 25.05","Ouagadougou","Centre","00226","Burkina Faso","mrsnygbr@gmail.com","+226.70598290","","","","","","","","","","","","ns1.dns-parking.com","ns2.dns-parking.com","","","clientTransferProhibited","","",""
"2","afriktel.com","2019-12-03 17:14:26","2019-12-02","2019-12-02","2020-12-02","146","GoDaddy.com, LLC","whois.godaddy.com","http://registrar.godaddy.com","ZEPINTEL SARL","ZEPINTEL SARL","","","Ouagadougou","","Burkina Faso","","","","","","","","","","","","","","","","","","","","","","","","","","","","","","","","","","ns21.domaincontrol.com","ns22.domaincontrol.com","","","clientDeleteProhibited","clientRenewProhibited","clientTransferProhibited","clientUpdateProhibited"
"3","afriktel.net","2019-12-03 14:21:59","2019-12-02","2019-12-02","2020-12-02","146","GoDaddy.com, LLC","whois.godaddy.com","http://registrar.godaddy.com","ZEPINTEL SARL","ZEPINTEL SARL","","","Ouagadougou","","Burkina Faso","","","","","","","","","","","","","","","","","","","","","","","","","","","","","","","","","","ns21.domaincontrol.com","ns22.domaincontrol.com","","","clientDeleteProhibited","clientRenewProhibited","clientTransferProhibited","clientUpdateProhibited"
"4","diasporaburkina.com","2019-12-03 14:45:40","2019-12-02","2019-12-02","2020-12-02","146","GoDaddy.com, LLC","whois.godaddy.com","http://registrar.godaddy.com","","","","","Kadiogo","","Burkina Faso","","","","","","","","","","","","","","","","","","","","","","","","","","","","","","","","","","ns27.domaincontrol.com","ns28.domaincontrol.com","","","clientDeleteProhibited","clientRenewProhibited","clientTransferProhibited","clientUpdateProhibited"
"5","merrillvargoart.com","2019-12-03 16:11:16","2019-12-01","2019-12-01","2020-12-01","440","Wild West Domains, LLC","whois.wildwestdomains.com","http://www.wildwestdomains.com","faso","","ouagadougou","ouagadougou","Kadiogo","","Burkina Faso","g17016@gmail.com","+226.22670208887","","faso","","ouagadougou","ouagadougou","Kadiogo","","Burkina Faso","g17016@gmail.com","+226.22670208887","","faso","","ouagadougou","ouagadougou","Kadiogo","","Burkina Faso","g17016@gmail.com","+226.22670208887","","","","","","","","","","","","ns1.studiotopia.com","ns2.studiotopia.com","ns3.studiotopia.com","","clientDeleteProhibited","clientRenewProhibited","clientTransferProhibited","clientUpdateProhibited"
"6","omzakrevo.net","2019-12-03 16:26:21","2019-12-02","2019-12-02","2020-12-02","1630","Ligne Web Services SARL","whois.nic.fr","http://www.ait.com","","","","","","","Burkina Faso","561c9092e5d600123c5f45837b607c02@whois-anonymous.com","","","","","","","","","Burkina Faso","561c9092e5d600123c5f45837b607c02@whois-anonymous.com","","","","","","","","","Burkina Faso","561c9092e5d600123c5f45837b607c02@whois-anonymous.com","","","","","","","","","Burkina Faso","561c9092e5d600123c5f45837b607c02@whois-anonymous.com","","","","","","","More","informations","on",""
"7","ouedsotransit.com","2019-12-03 17:49:30","2019-12-02","2019-12-02","2020-12-02","433","OVH sas","whois.ovh.com","http://www.ovh.com","","","","","","","Burkina Faso","a62yh2ustcvtt8k03jlt@e.o-w-o.info","","","","","","","","","","jifkhejmsnhqt65qoewb@z.o-w-o.info","","","","","","","","","","jifkhejmsnhqt65qoewb@z.o-w-o.info","","","","","","","","","","","","","dns105.ovh.net","ns105.ovh.net","","","clientDeleteProhibited","clientTransferProhibited","",""
"8","sobutra.com","2019-12-03 17:45:59","2019-12-02","2019-12-02","2020-12-02","48","eNom, Inc.","whois.enom.com","http://www.enom.com","REDACTED FOR PRIVACY","REDACTED FOR PRIVACY","REDACTED FOR PRIVACY","REDACTED FOR PRIVACY","KADIOGO","REDACTED FOR PRIVACY","Burkina Faso","","REDACTED FOR PRIVACY","REDACTED FOR PRIVACY","REDACTED FOR PRIVACY","REDACTED FOR PRIVACY","REDACTED FOR PRIVACY","REDACTED FOR PRIVACY","REDACTED FOR PRIVACY","REDACTED FOR PRIVACY","REDACTED FOR PRIVACY","","REDACTED FOR PRIVACY","REDACTED FOR PRIVACY","REDACTED FOR PRIVACY","REDACTED FOR PRIVACY","REDACTED FOR PRIVACY","REDACTED FOR PRIVACY","REDACTED FOR PRIVACY","REDACTED FOR PRIVACY","REDACTED FOR PRIVACY","","REDACTED FOR PRIVACY","REDACTED FOR PRIVACY","","","","","","","","","","","ns3015.mochahost.com","ns4015.mochahost.com","","","addPeriod","clientTransferProhibited","",""