"num","domain_name","query_time","create_date","update_date","expiry_date","domain_registrar_id","domain_registrar_name","domain_registrar_whois","domain_registrar_url","registrant_name","registrant_company","registrant_address","registrant_city","registrant_state","registrant_zip","registrant_country","registrant_email","registrant_phone","registrant_fax","administrative_name","administrative_company","administrative_address","administrative_city","administrative_state","administrative_zip","administrative_country","administrative_email","administrative_phone","administrative_fax","technical_name","technical_company","technical_address","technical_city","technical_state","technical_zip","technical_country","technical_email","technical_phone","technical_fax","billing_name","billing_company","billing_address","billing_city","billing_state","billing_zip","billing_country","billing_email","billing_phone","billing_fax","name_server_1","name_server_2","name_server_3","name_server_4","domain_status_1","domain_status_2","domain_status_3","domain_status_4"
"1","3d353.com","2019-12-03 15:31:26","2019-12-02","2019-12-02","2020-12-02","146","GoDaddy.com, LLC","whois.godaddy.com","http://registrar.godaddy.com","","","","","Bei Jing Shi","","Cambodia","","","","","","","","","","","","","","","","","","","","","","","","","","","","","","","","","","ns27.domaincontrol.com","ns28.domaincontrol.com","","","clientDeleteProhibited","clientRenewProhibited","clientTransferProhibited","clientUpdateProhibited"
"2","3d552.com","2019-12-03 19:02:29","2019-12-02","2019-12-02","2020-12-02","146","GoDaddy.com, LLC","whois.godaddy.com","http://registrar.godaddy.com","","","","","Bei Jing Shi","","Cambodia","","","","","","","","","","","","","","","","","","","","","","","","","","","","","","","","","","ns27.domaincontrol.com","ns28.domaincontrol.com","","","clientDeleteProhibited","clientRenewProhibited","clientTransferProhibited","clientUpdateProhibited"
"3","3d553.com","2019-12-03 18:53:18","2019-12-02","2019-12-02","2020-12-02","146","GoDaddy.com, LLC","whois.godaddy.com","http://registrar.godaddy.com","","","","","Bei Jing Shi","","Cambodia","","","","","","","","","","","","","","","","","","","","","","","","","","","","","","","","","","ns27.domaincontrol.com","ns28.domaincontrol.com","","","clientDeleteProhibited","clientRenewProhibited","clientTransferProhibited","clientUpdateProhibited"
"4","3d662.com","2019-12-03 14:41:35","2019-12-02","2019-12-02","2020-12-02","146","GoDaddy.com, LLC","whois.godaddy.com","http://registrar.godaddy.com","","","","","Bei Jing Shi","","Cambodia","","","","","","","","","","","","","","","","","","","","","","","","","","","","","","","","","","ns27.domaincontrol.com","ns28.domaincontrol.com","","","clientDeleteProhibited","clientRenewProhibited","clientTransferProhibited","clientUpdateProhibited"
"5","3d707.com","2019-12-03 15:05:45","2019-12-02","2019-12-02","2020-12-02","146","GoDaddy.com, LLC","whois.godaddy.com","http://registrar.godaddy.com","","","","","Bei Jing Shi","","Cambodia","","","","","","","","","","","","","","","","","","","","","","","","","","","","","","","","","","ns27.domaincontrol.com","ns28.domaincontrol.com","","","clientDeleteProhibited","clientRenewProhibited","clientTransferProhibited","clientUpdateProhibited"
"6","3d711.com","2019-12-03 16:53:01","2019-12-02","2019-12-02","2020-12-02","146","GoDaddy.com, LLC","whois.godaddy.com","http://registrar.godaddy.com","","","","","Bei Jing Shi","","Cambodia","","","","","","","","","","","","","","","","","","","","","","","","","","","","","","","","","","ns27.domaincontrol.com","ns28.domaincontrol.com","","","clientDeleteProhibited","clientRenewProhibited","clientTransferProhibited","clientUpdateProhibited"
"7","3d737.com","2019-12-03 14:22:37","2019-12-02","2019-12-02","2020-12-02","146","GoDaddy.com, LLC","whois.godaddy.com","http://registrar.godaddy.com","","","","","Bei Jing Shi","","Cambodia","","","","","","","","","","","","","","","","","","","","","","","","","","","","","","","","","","ns27.domaincontrol.com","ns28.domaincontrol.com","","","clientDeleteProhibited","clientRenewProhibited","clientTransferProhibited","clientUpdateProhibited"
"8","3d772.com","2019-12-03 15:14:17","2019-12-02","2019-12-02","2020-12-02","146","GoDaddy.com, LLC","whois.godaddy.com","http://registrar.godaddy.com","","","","","Bei Jing Shi","","Cambodia","","","","","","","","","","","","","","","","","","","","","","","","","","","","","","","","","","ns27.domaincontrol.com","ns28.domaincontrol.com","","","clientDeleteProhibited","clientRenewProhibited","clientTransferProhibited","clientUpdateProhibited"
"9","3d773.com","2019-12-03 14:56:48","2019-12-02","2019-12-02","2020-12-02","146","GoDaddy.com, LLC","whois.godaddy.com","http://registrar.godaddy.com","","","","","Bei Jing Shi","","Cambodia","","","","","","","","","","","","","","","","","","","","","","","","","","","","","","","","","","ns27.domaincontrol.com","ns28.domaincontrol.com","","","clientDeleteProhibited","clientRenewProhibited","clientTransferProhibited","clientUpdateProhibited"
"10","3d949.com","2019-12-03 15:30:31","2019-12-02","2019-12-02","2020-12-02","146","GoDaddy.com, LLC","whois.godaddy.com","http://registrar.godaddy.com","","","","","Bei Jing Shi","","Cambodia","","","","","","","","","","","","","","","","","","","","","","","","","","","","","","","","","","ns27.domaincontrol.com","ns28.domaincontrol.com","","","clientDeleteProhibited","clientRenewProhibited","clientTransferProhibited","clientUpdateProhibited"
"11","5519652.com","2019-12-03 19:04:25","2019-12-02","2019-12-02","2020-12-02","146","GoDaddy.com, LLC","whois.godaddy.com","http://registrar.godaddy.com","11","11","","","hao","","Cambodia","","","","","","","","","","","","","","","","","","","","","","","","","","","","","","","","","","ns27.domaincontrol.com","ns28.domaincontrol.com","","","clientDeleteProhibited","clientRenewProhibited","clientTransferProhibited","clientUpdateProhibited"
"12","579-0.com","2019-12-03 19:00:18","2019-12-02","2019-12-02","2020-12-02","146","GoDaddy.com, LLC","whois.godaddy.com","http://registrar.godaddy.com","Shang Mao","Shang Mao","","","Jian Bu Zhai","","Cambodia","","","","","","","","","","","","","","","","","","","","","","","","","","","","","","","","","","ns4.dnsdun.com","ns4.dnsdun.net","","","clientDeleteProhibited","clientRenewProhibited","clientTransferProhibited","clientUpdateProhibited"
"13","579-4.com","2019-12-03 19:03:14","2019-12-02","2019-12-02","2020-12-02","146","GoDaddy.com, LLC","whois.godaddy.com","http://registrar.godaddy.com","Shang Mao","Shang Mao","","","Jian Bu Zhai","","Cambodia","","","","","","","","","","","","","","","","","","","","","","","","","","","","","","","","","","ns4.dnsdun.com","ns4.dnsdun.net","","","clientDeleteProhibited","clientRenewProhibited","clientTransferProhibited","clientUpdateProhibited"
"14","6619652.com","2019-12-03 14:46:26","2019-12-02","2019-12-02","2020-12-02","146","GoDaddy.com, LLC","whois.godaddy.com","http://registrar.godaddy.com","11","11","","","hao","","Cambodia","","","","","","","","","","","","","","","","","","","","","","","","","","","","","","","","","","ns27.domaincontrol.com","ns28.domaincontrol.com","","","clientDeleteProhibited","clientRenewProhibited","clientTransferProhibited","clientUpdateProhibited"
"15","8819652.com","2019-12-03 15:06:14","2019-12-02","2019-12-02","2020-12-02","146","GoDaddy.com, LLC","whois.godaddy.com","http://registrar.godaddy.com","11","11","","","hao","","Cambodia","","","","","","","","","","","","","","","","","","","","","","","","","","","","","","","","","","ns27.domaincontrol.com","ns28.domaincontrol.com","","","clientDeleteProhibited","clientRenewProhibited","clientTransferProhibited","clientUpdateProhibited"
"16","analisabagus.com","2019-12-03 15:43:24","2019-12-02","2019-12-02","2020-12-02","440","Wild West Domains, LLC","whois.wildwestdomains.com","http://www.wildwestdomains.com","","","","","Kampong Cham Province","","Cambodia","","","","","","","","","","","","","","","","","","","","","","","","","","","","","","","","","","carol.ns.cloudflare.com","guy.ns.cloudflare.com","","","clientDeleteProhibited","clientRenewProhibited","clientTransferProhibited","clientUpdateProhibited"
"17","analisabaru.com","2019-12-03 19:09:44","2019-12-02","2019-12-02","2020-12-02","440","Wild West Domains, LLC","whois.wildwestdomains.com","http://www.wildwestdomains.com","","","","","Kampong Cham Province","","Cambodia","","","","","","","","","","","","","","","","","","","","","","","","","","","","","","","","","","carol.ns.cloudflare.com","guy.ns.cloudflare.com","","","clientDeleteProhibited","clientRenewProhibited","clientTransferProhibited","clientUpdateProhibited"
"18","analisapoker.com","2019-12-03 19:10:53","2019-12-02","2019-12-02","2020-12-02","440","Wild West Domains, LLC","whois.wildwestdomains.com","http://www.wildwestdomains.com","","","","","Kampong Cham Province","","Cambodia","","","","","","","","","","","","","","","","","","","","","","","","","","","","","","","","","","carol.ns.cloudflare.com","guy.ns.cloudflare.com","","","clientDeleteProhibited","clientRenewProhibited","clientTransferProhibited","clientUpdateProhibited"
"19","bbqp1111.com","2019-12-03 15:28:49","2019-12-02","2019-12-02","2020-12-02","146","GoDaddy.com, LLC","whois.godaddy.com","http://registrar.godaddy.com","Bai Sheng Qi Pai","Bai Sheng Qi Pai","","","Xing Yi Shi","","Cambodia","","","","","","","","","","","","","","","","","","","","","","","","","","","","","","","","","","ns1.dns.com","ns2.dns.com","","","clientDeleteProhibited","clientRenewProhibited","clientTransferProhibited","clientUpdateProhibited"
"20","bbqp2222.com","2019-12-03 14:52:42","2019-12-02","2019-12-02","2020-12-02","146","GoDaddy.com, LLC","whois.godaddy.com","http://registrar.godaddy.com","Bai Sheng Qi Pai","Bai Sheng Qi Pai","","","Xing Yi Shi","","Cambodia","","","","","","","","","","","","","","","","","","","","","","","","","","","","","","","","","","ns1.dns.com","ns2.dns.com","","","clientDeleteProhibited","clientRenewProhibited","clientTransferProhibited","clientUpdateProhibited"
"21","bbqp3333.com","2019-12-03 17:48:49","2019-12-02","2019-12-02","2020-12-02","146","GoDaddy.com, LLC","whois.godaddy.com","http://registrar.godaddy.com","Bai Sheng Qi Pai","Bai Sheng Qi Pai","","","Xing Yi Shi","","Cambodia","","","","","","","","","","","","","","","","","","","","","","","","","","","","","","","","","","ns1.dns.com","ns2.dns.com","","","clientDeleteProhibited","clientRenewProhibited","clientTransferProhibited","clientUpdateProhibited"
"22","bbqp4444.com","2019-12-03 18:10:47","2019-12-02","2019-12-02","2020-12-02","146","GoDaddy.com, LLC","whois.godaddy.com","http://registrar.godaddy.com","Bai Sheng Qi Pai","Bai Sheng Qi Pai","","","Xing Yi Shi","","Cambodia","","","","","","","","","","","","","","","","","","","","","","","","","","","","","","","","","","ns1.dns.com","ns2.dns.com","","","clientDeleteProhibited","clientRenewProhibited","clientTransferProhibited","clientUpdateProhibited"
"23","bbqp5555.com","2019-12-03 17:52:41","2019-12-02","2019-12-02","2020-12-02","146","GoDaddy.com, LLC","whois.godaddy.com","http://registrar.godaddy.com","Bai Sheng Qi Pai","Bai Sheng Qi Pai","","","Xing Yi Shi","","Cambodia","","","","","","","","","","","","","","","","","","","","","","","","","","","","","","","","","","ns1.dns.com","ns2.dns.com","","","clientDeleteProhibited","clientRenewProhibited","clientTransferProhibited","clientUpdateProhibited"
"24","bbqp6666.com","2019-12-03 14:56:28","2019-12-02","2019-12-02","2020-12-02","146","GoDaddy.com, LLC","whois.godaddy.com","http://registrar.godaddy.com","Bai Sheng Qi Pai","Bai Sheng Qi Pai","","","Xing Yi Shi","","Cambodia","","","","","","","","","","","","","","","","","","","","","","","","","","","","","","","","","","ns1.dns.com","ns2.dns.com","","","clientDeleteProhibited","clientRenewProhibited","clientTransferProhibited","clientUpdateProhibited"
"25","bbqp7777.com","2019-12-03 17:45:14","2019-12-02","2019-12-02","2020-12-02","146","GoDaddy.com, LLC","whois.godaddy.com","http://registrar.godaddy.com","Bai Sheng Qi Pai","Bai Sheng Qi Pai","","","Xing Yi Shi","","Cambodia","","","","","","","","","","","","","","","","","","","","","","","","","","","","","","","","","","ns1.dns.com","ns2.dns.com","","","clientDeleteProhibited","clientRenewProhibited","clientTransferProhibited","clientUpdateProhibited"
"26","bbqp8888.com","2019-12-03 15:04:03","2019-12-02","2019-12-02","2020-12-02","146","GoDaddy.com, LLC","whois.godaddy.com","http://registrar.godaddy.com","Bai Sheng Qi Pai","Bai Sheng Qi Pai","","","Xing Yi Shi","","Cambodia","","","","","","","","","","","","","","","","","","","","","","","","","","","","","","","","","","ns1.dns.com","ns2.dns.com","","","clientDeleteProhibited","clientRenewProhibited","clientTransferProhibited","clientUpdateProhibited"
"27","bbqp9999.com","2019-12-03 15:39:55","2019-12-02","2019-12-02","2020-12-02","146","GoDaddy.com, LLC","whois.godaddy.com","http://registrar.godaddy.com","Bai Sheng Qi Pai","Bai Sheng Qi Pai","","","Xing Yi Shi","","Cambodia","","","","","","","","","","","","","","","","","","","","","","","","","","","","","","","","","","ns1.dns.com","ns2.dns.com","","","clientDeleteProhibited","clientRenewProhibited","clientTransferProhibited","clientUpdateProhibited"
"28","betstore88.com","2019-12-03 15:43:14","2019-12-02","2019-12-02","2020-12-02","146","GoDaddy.com, LLC","whois.godaddy.com","http://registrar.godaddy.com","","","","","sihanoukville","","Cambodia","","","","","","","","","","","","","","","","","","","","","","","","","","","","","","","","","","ns27.domaincontrol.com","ns28.domaincontrol.com","","","clientDeleteProhibited","clientRenewProhibited","clientTransferProhibited","clientUpdateProhibited"
"29","bjw009.com","2019-12-03 16:41:39","2019-12-02","2019-12-02","2020-12-02","146","GoDaddy.com, LLC","whois.godaddy.com","http://registrar.godaddy.com","","","","","gvdfg","","Cambodia","","","","","","","","","","","","","","","","","","","","","","","","","","","","","","","","","","ns27.domaincontrol.com","ns28.domaincontrol.com","","","clientDeleteProhibited","clientRenewProhibited","clientTransferProhibited","clientUpdateProhibited"
"30","bjw08.com","2019-12-03 17:17:45","2019-12-02","2019-12-02","2020-12-02","146","GoDaddy.com, LLC","whois.godaddy.com","http://registrar.godaddy.com","","","","","gvdfg","","Cambodia","","","","","","","","","","","","","","","","","","","","","","","","","","","","","","","","","","ns27.domaincontrol.com","ns28.domaincontrol.com","","","clientDeleteProhibited","clientRenewProhibited","clientTransferProhibited","clientUpdateProhibited"
"31","blisspacambodia.com","2019-12-03 18:20:42","2019-12-02","2019-12-02","2020-12-02","146","GoDaddy.com, LLC","whois.godaddy.com","http://registrar.godaddy.com","","","","","PHNOM PENH","","Cambodia","","","","","","","","","","","","","","","","","","","","","","","","","","","","","","","","","","ns27.domaincontrol.com","ns28.domaincontrol.com","","","clientDeleteProhibited","clientRenewProhibited","clientTransferProhibited","clientUpdateProhibited"
"32","camagrirubber.com","2019-12-03 19:13:34","2019-12-02","2019-12-02","2020-12-02","1472","LiquidNet Ltd.","whois.liquidnetlimited.com","http://www.liquidnetlimited.com","REDACTED FOR PRIVACY","REDACTED FOR PRIVACY","REDACTED FOR PRIVACY","REDACTED FOR PRIVACY","KH","REDACTED FOR PRIVACY","Cambodia","","REDACTED FOR PRIVACY","REDACTED FOR PRIVACY","REDACTED FOR PRIVACY","REDACTED FOR PRIVACY","REDACTED FOR PRIVACY","REDACTED FOR PRIVACY","REDACTED FOR PRIVACY","REDACTED FOR PRIVACY","REDACTED FOR PRIVACY","","REDACTED FOR PRIVACY","REDACTED FOR PRIVACY","REDACTED FOR PRIVACY","REDACTED FOR PRIVACY","REDACTED FOR PRIVACY","REDACTED FOR PRIVACY","REDACTED FOR PRIVACY","REDACTED FOR PRIVACY","REDACTED FOR PRIVACY","","REDACTED FOR PRIVACY","REDACTED FOR PRIVACY","","","","","","","","","","","dns1.supremedns.com","dns2.supremedns.com","dns3.supremedns.com","dns4.supremedns.com","clientTransferProhibited","","",""
"33","cbs65.com","2019-12-03 14:38:04","2019-12-02","2019-12-02","2020-12-02","146","GoDaddy.com, LLC","whois.godaddy.com","http://registrar.godaddy.com","","","","","phnompenh","","Cambodia","","","","","","","","","","","","","","","","","","","","","","","","","","","","","","","","","","ns3.dnsdun.com","ns3.dnsdun.net","","","clientDeleteProhibited","clientRenewProhibited","clientTransferProhibited","clientUpdateProhibited"
"34","cbs67.com","2019-12-03 14:45:48","2019-12-02","2019-12-02","2020-12-02","146","GoDaddy.com, LLC","whois.godaddy.com","http://registrar.godaddy.com","","","","","phnompenh","","Cambodia","","","","","","","","","","","","","","","","","","","","","","","","","","","","","","","","","","ns3.dnsdun.com","ns3.dnsdun.net","","","clientDeleteProhibited","clientRenewProhibited","clientTransferProhibited","clientUpdateProhibited"
"35","cbs68.com","2019-12-03 15:31:07","2019-12-02","2019-12-02","2020-12-02","146","GoDaddy.com, LLC","whois.godaddy.com","http://registrar.godaddy.com","","","","","phnompenh","","Cambodia","","","","","","","","","","","","","","","","","","","","","","","","","","","","","","","","","","ns1.dns.com","ns2.dns.com","","","clientDeleteProhibited","clientRenewProhibited","clientTransferProhibited","clientUpdateProhibited"
"36","cbs69.com","2019-12-03 17:59:08","2019-12-02","2019-12-02","2020-12-02","146","GoDaddy.com, LLC","whois.godaddy.com","http://registrar.godaddy.com","","","","","phnompenh","","Cambodia","","","","","","","","","","","","","","","","","","","","","","","","","","","","","","","","","","ns3.dnsdun.com","ns3.dnsdun.net","","","clientDeleteProhibited","clientRenewProhibited","clientTransferProhibited","clientUpdateProhibited"
"37","ccggroups.com","2019-12-03 18:12:56","2019-12-02","2019-12-02","2020-12-02","303","PDR Ltd. d/b/a PublicDomainRegistry.com","whois.publicdomainregistry.com","http://www.publicdomainregistry.com","Sovann","","Phnom Penh","Phnom Penh","Taakaev","00855","Cambodia","sovannrupp@yahoo.com","+855.17539166","","Sovann","","Phnom Penh","Phnom Penh","Taakaev","00855","Cambodia","sovannrupp@yahoo.com","+855.17539166","","Sovann","","Phnom Penh","Phnom Penh","Taakaev","00855","Cambodia","sovannrupp@yahoo.com","+855.17539166","","","","","","","","","","","","ns1.khhosting.asia","ns2.khhosting.asia","ns3.khhosting.asia","ns4.khhosting.asia","clientTransferProhibited","","",""
"38","dd66d.com","2019-12-03 15:00:48","2019-12-02","2019-12-02","2020-12-02","146","GoDaddy.com, LLC","whois.godaddy.com","http://registrar.godaddy.com","","","","","taiguoajina","","Cambodia","","","","","","","","","","","","","","","","","","","","","","","","","","","","","","","","","","ns27.domaincontrol.com","ns28.domaincontrol.com","","","clientDeleteProhibited","clientRenewProhibited","clientTransferProhibited","clientUpdateProhibited"
"39","depoarena77.com","2019-12-03 16:00:12","2019-12-02","2019-12-02","2020-12-02","146","GoDaddy.com, LLC","whois.godaddy.com","http://registrar.godaddy.com","","","","","sihanoukville","","Cambodia","","","","","","","","","","","","","","","","","","","","","","","","","","","","","","","","","","ns27.domaincontrol.com","ns28.domaincontrol.com","","","clientDeleteProhibited","clientRenewProhibited","clientTransferProhibited","clientUpdateProhibited"
"40","depoarena77.net","2019-12-03 18:17:15","2019-12-02","2019-12-02","2020-12-02","146","GoDaddy.com, LLC","whois.godaddy.com","http://registrar.godaddy.com","","","","","sihanoukville","","Cambodia","","","","","","","","","","","","","","","","","","","","","","","","","","","","","","","","","","ns27.domaincontrol.com","ns28.domaincontrol.com","","","clientDeleteProhibited","clientRenewProhibited","clientTransferProhibited","clientUpdateProhibited"
"41","deposit99.com","2019-12-03 18:07:00","2019-12-02","2019-12-02","2020-12-02","146","GoDaddy.com, LLC","whois.godaddy.com","http://registrar.godaddy.com","","","","","sihanoukville","","Cambodia","","","","","","","","","","","","","","","","","","","","","","","","","","","","","","","","","","ns27.domaincontrol.com","ns28.domaincontrol.com","","","clientDeleteProhibited","clientRenewProhibited","clientTransferProhibited","clientUpdateProhibited"
"42","freewatchnewmoviesonline.com","2019-12-03 18:36:07","2019-12-02","2019-12-02","2020-12-02","146","GoDaddy.com, LLC","whois.godaddy.com","http://registrar.godaddy.com","","","","","PHNOM PENH","","Cambodia","","","","","","","","","","","","","","","","","","","","","","","","","","","","","","","","","","ns6233.hostgator.com","ns6234.hostgator.com","","","clientDeleteProhibited","clientRenewProhibited","clientTransferProhibited","clientUpdateProhibited"
"43","gg88g.com","2019-12-03 18:52:29","2019-12-02","2019-12-02","2020-12-02","146","GoDaddy.com, LLC","whois.godaddy.com","http://registrar.godaddy.com","","","","","taiguoajina","","Cambodia","","","","","","","","","","","","","","","","","","","","","","","","","","","","","","","","","","ns27.domaincontrol.com","ns28.domaincontrol.com","","","clientDeleteProhibited","clientRenewProhibited","clientTransferProhibited","clientUpdateProhibited"
"44","goldplay88.com","2019-12-03 14:30:35","2019-12-02","2019-12-02","2020-12-02","146","GoDaddy.com, LLC","whois.godaddy.com","http://registrar.godaddy.com","","","","","sihanoukville","","Cambodia","","","","","","","","","","","","","","","","","","","","","","","","","","","","","","","","","","ns27.domaincontrol.com","ns28.domaincontrol.com","","","clientDeleteProhibited","clientRenewProhibited","clientTransferProhibited","clientUpdateProhibited"
"45","in-300.com","2019-12-03 17:01:32","2019-12-02","2019-12-02","2020-12-02","146","GoDaddy.com, LLC","whois.godaddy.com","http://registrar.godaddy.com","","","","","siemreap","","Cambodia","","","","","","","","","","","","","","","","","","","","","","","","","","","","","","","","","","bill.ns.cloudflare.com","tani.ns.cloudflare.com","","","clientDeleteProhibited","clientRenewProhibited","clientTransferProhibited","clientUpdateProhibited"
"46","in-900.com","2019-12-03 19:14:13","2019-12-02","2019-12-02","2020-12-02","146","GoDaddy.com, LLC","whois.godaddy.com","http://registrar.godaddy.com","","","","","siemreap","","Cambodia","","","","","","","","","","","","","","","","","","","","","","","","","","","","","","","","","","bill.ns.cloudflare.com","tani.ns.cloudflare.com","","","clientDeleteProhibited","clientRenewProhibited","clientTransferProhibited","clientUpdateProhibited"
"47","juragangame.com","2019-12-03 18:03:10","2019-12-02","2019-12-02","2020-12-02","146","GoDaddy.com, LLC","whois.godaddy.com","http://registrar.godaddy.com","","","","","sihanoukville","","Cambodia","","","","","","","","","","","","","","","","","","","","","","","","","","","","","","","","","","ns27.domaincontrol.com","ns28.domaincontrol.com","","","clientDeleteProhibited","clientRenewProhibited","clientTransferProhibited","clientUpdateProhibited"
"48","khmer177.com","2019-12-03 15:00:57","2019-12-02","2019-12-02","2020-12-02","146","GoDaddy.com, LLC","whois.godaddy.com","http://registrar.godaddy.com","cambodia","cambodia","","","phnom penh","","Cambodia","","","","","","","","","","","","","","","","","","","","","","","","","","","","","","","","","","ns27.domaincontrol.com","ns28.domaincontrol.com","","","clientDeleteProhibited","clientRenewProhibited","clientTransferProhibited","clientUpdateProhibited"
"49","kk66k.com","2019-12-03 16:22:08","2019-12-02","2019-12-02","2020-12-02","146","GoDaddy.com, LLC","whois.godaddy.com","http://registrar.godaddy.com","","","","","taiguoajina","","Cambodia","","","","","","","","","","","","","","","","","","","","","","","","","","","","","","","","","","ns27.domaincontrol.com","ns28.domaincontrol.com","","","clientDeleteProhibited","clientRenewProhibited","clientTransferProhibited","clientUpdateProhibited"
"50","luckygclub356.com","2019-12-03 16:50:36","2019-12-02","2019-12-02","2020-12-02","1472","LiquidNet Ltd.","whois.liquidnetlimited.com","http://www.liquidnetlimited.com","REDACTED FOR PRIVACY","REDACTED FOR PRIVACY","REDACTED FOR PRIVACY","REDACTED FOR PRIVACY","KH","REDACTED FOR PRIVACY","Cambodia","","REDACTED FOR PRIVACY","REDACTED FOR PRIVACY","REDACTED FOR PRIVACY","REDACTED FOR PRIVACY","REDACTED FOR PRIVACY","REDACTED FOR PRIVACY","REDACTED FOR PRIVACY","REDACTED FOR PRIVACY","REDACTED FOR PRIVACY","","REDACTED FOR PRIVACY","REDACTED FOR PRIVACY","REDACTED FOR PRIVACY","REDACTED FOR PRIVACY","REDACTED FOR PRIVACY","REDACTED FOR PRIVACY","REDACTED FOR PRIVACY","REDACTED FOR PRIVACY","REDACTED FOR PRIVACY","","REDACTED FOR PRIVACY","REDACTED FOR PRIVACY","","","","","","","","","","","dns1.supremedns.com","dns2.supremedns.com","dns3.supremedns.com","dns4.supremedns.com","clientTransferProhibited","","",""
"51","luckylottord2020.com","2019-12-03 15:53:32","2019-12-02","2019-12-02","2020-12-02","146","GoDaddy.com, LLC","whois.godaddy.com","http://registrar.godaddy.com","","","","","#88","","Cambodia","","","","","","","","","","","","","","","","","","","","","","","","","","","","","","","","","","ns27.domaincontrol.com","ns28.domaincontrol.com","","","clientDeleteProhibited","clientRenewProhibited","clientTransferProhibited","clientUpdateProhibited"
"52","luckyslot356.com","2019-12-03 17:05:01","2019-12-02","2019-12-02","2020-12-02","1472","LiquidNet Ltd.","whois.liquidnetlimited.com","http://www.liquidnetlimited.com","REDACTED FOR PRIVACY","REDACTED FOR PRIVACY","REDACTED FOR PRIVACY","REDACTED FOR PRIVACY","KH","REDACTED FOR PRIVACY","Cambodia","","REDACTED FOR PRIVACY","REDACTED FOR PRIVACY","REDACTED FOR PRIVACY","REDACTED FOR PRIVACY","REDACTED FOR PRIVACY","REDACTED FOR PRIVACY","REDACTED FOR PRIVACY","REDACTED FOR PRIVACY","REDACTED FOR PRIVACY","","REDACTED FOR PRIVACY","REDACTED FOR PRIVACY","REDACTED FOR PRIVACY","REDACTED FOR PRIVACY","REDACTED FOR PRIVACY","REDACTED FOR PRIVACY","REDACTED FOR PRIVACY","REDACTED FOR PRIVACY","REDACTED FOR PRIVACY","","REDACTED FOR PRIVACY","REDACTED FOR PRIVACY","","","","","","","","","","","dns1.supremedns.com","dns2.supremedns.com","dns3.supremedns.com","dns4.supremedns.com","clientTransferProhibited","","",""
"53","panelqq.com","2019-12-03 15:31:19","2019-12-02","2019-12-02","2021-12-02","146","GoDaddy.com, LLC","whois.godaddy.com","http://registrar.godaddy.com","","","","","sihanoukville","","Cambodia","","","","","","","","","","","","","","","","","","","","","","","","","","","","","","","","","","ns27.domaincontrol.com","ns28.domaincontrol.com","","","clientDeleteProhibited","clientRenewProhibited","clientTransferProhibited","clientUpdateProhibited"
"54","pialaceme.club","2019-12-03 15:40:13","2019-12-02","2019-12-02","2020-12-02","146","GoDaddy.com, LLC","whois.godaddy.com","http://registrar.godaddy.com","","","","","sihanoukville","","Cambodia","","","","","","","","","","","","","","","","","","","","","","","","","","","","","","","","","","ns27.domaincontrol.com","ns28.domaincontrol.com","","","addPeriod","clientDeleteProhibited","clientRenewProhibited","clientTransferProhibited"
"55","pialaceme.com","2019-12-03 17:46:35","2019-12-02","2019-12-02","2020-12-02","146","GoDaddy.com, LLC","whois.godaddy.com","http://registrar.godaddy.com","","","","","sihanoukville","","Cambodia","","","","","","","","","","","","","","","","","","","","","","","","","","","","","","","","","","ns27.domaincontrol.com","ns28.domaincontrol.com","","","clientDeleteProhibited","clientRenewProhibited","clientTransferProhibited","clientUpdateProhibited"
"56","pialapoker.club","2019-12-03 15:50:51","2019-12-02","2019-12-02","2020-12-02","146","GoDaddy.com, LLC","whois.godaddy.com","http://registrar.godaddy.com","","","","","sihanoukville","","Cambodia","","","","","","","","","","","","","","","","","","","","","","","","","","","","","","","","","","ns27.domaincontrol.com","ns28.domaincontrol.com","","","addPeriod","clientDeleteProhibited","clientRenewProhibited","clientTransferProhibited"
"57","pialatogel.club","2019-12-03 16:11:38","2019-12-02","2019-12-02","2020-12-02","146","GoDaddy.com, LLC","whois.godaddy.com","http://registrar.godaddy.com","","","","","sihanoukville","","Cambodia","","","","","","","","","","","","","","","","","","","","","","","","","","","","","","","","","","ns27.domaincontrol.com","ns28.domaincontrol.com","","","addPeriod","clientDeleteProhibited","clientRenewProhibited","clientTransferProhibited"
"58","pp88p.com","2019-12-03 18:53:37","2019-12-02","2019-12-02","2020-12-02","146","GoDaddy.com, LLC","whois.godaddy.com","http://registrar.godaddy.com","","","","","taiguoajina","","Cambodia","","","","","","","","","","","","","","","","","","","","","","","","","","","","","","","","","","ns27.domaincontrol.com","ns28.domaincontrol.com","","","clientDeleteProhibited","clientRenewProhibited","clientTransferProhibited","clientUpdateProhibited"
"59","pvpv7799-dahsf.com","2019-12-03 16:18:38","2019-12-02","2019-12-02","2020-12-02","146","GoDaddy.com, LLC","whois.godaddy.com","http://registrar.godaddy.com","Asia/Phnom_Penh","Asia/Phnom_Penh","","","Asia/Phnom_Penh","","Cambodia","","","","","","","","","","","","","","","","","","","","","","","","","","","","","","","","","","ns27.domaincontrol.com","ns28.domaincontrol.com","","","clientDeleteProhibited","clientRenewProhibited","clientTransferProhibited","clientUpdateProhibited"
"60","rsv-kh.com","2019-12-03 14:57:26","2019-12-02","2019-12-02","2020-12-02","48","eNom, Inc.","whois.enom.com","http://www.enom.com","REDACTED FOR PRIVACY","REDACTED FOR PRIVACY","REDACTED FOR PRIVACY","REDACTED FOR PRIVACY","Phnom Penh","REDACTED FOR PRIVACY","Cambodia","","REDACTED FOR PRIVACY","REDACTED FOR PRIVACY","REDACTED FOR PRIVACY","REDACTED FOR PRIVACY","REDACTED FOR PRIVACY","REDACTED FOR PRIVACY","REDACTED FOR PRIVACY","REDACTED FOR PRIVACY","REDACTED FOR PRIVACY","","REDACTED FOR PRIVACY","REDACTED FOR PRIVACY","REDACTED FOR PRIVACY","REDACTED FOR PRIVACY","REDACTED FOR PRIVACY","REDACTED FOR PRIVACY","REDACTED FOR PRIVACY","REDACTED FOR PRIVACY","REDACTED FOR PRIVACY","","REDACTED FOR PRIVACY","REDACTED FOR PRIVACY","","","","","","","","","","","dns1.name-services.com","dns2.name-services.com","dns3.name-services.com","dns4.name-services.com","addPeriod","clientTransferProhibited","",""
"61","rvlgcambodia.com","2019-12-03 14:19:43","2019-12-02","2019-12-02","2020-12-02","146","GoDaddy.com, LLC","whois.godaddy.com","http://registrar.godaddy.com","","","","","PHNOM PENH","","Cambodia","","","","","","","","","","","","","","","","","","","","","","","","","","","","","","","","","","dns1.namecheaphosting.com","dns2.namecheaphosting.com","","","clientDeleteProhibited","clientRenewProhibited","clientTransferProhibited","clientUpdateProhibited"
"62","sanaoungty.com","2019-12-03 17:21:55","2019-12-02","2019-12-02","2020-12-02","886","Domain.com, LLC","whois.domain.com","http://www.domain.com","REDACTED FOR PRIVACY","REDACTED FOR PRIVACY","REDACTED FOR PRIVACY","REDACTED FOR PRIVACY","NA","REDACTED FOR PRIVACY","Cambodia","","REDACTED FOR PRIVACY","REDACTED FOR PRIVACY","REDACTED FOR PRIVACY","REDACTED FOR PRIVACY","REDACTED FOR PRIVACY","REDACTED FOR PRIVACY","REDACTED FOR PRIVACY","REDACTED FOR PRIVACY","REDACTED FOR PRIVACY","","REDACTED FOR PRIVACY","REDACTED FOR PRIVACY","REDACTED FOR PRIVACY","REDACTED FOR PRIVACY","REDACTED FOR PRIVACY","REDACTED FOR PRIVACY","REDACTED FOR PRIVACY","REDACTED FOR PRIVACY","REDACTED FOR PRIVACY","","REDACTED FOR PRIVACY","REDACTED FOR PRIVACY","","","","","","","","","","","ns1.ipage-default.domainparkingserver.net","ns2.ipage-default.domainparkingserver.net","","","","","",""
"63","sbo1993.club","2019-12-03 17:59:26","2019-12-02","2019-12-02","2020-12-02","146","GoDaddy.com, LLC","whois.godaddy.com","http://registrar.godaddy.com","","","","","SAMPOV POUN COMMUNE KOH THOM DISTRICT","","Cambodia","","","","","","","","","","","","","","","","","","","","","","","","","","","","","","","","","","ns21.domaincontrol.com","ns22.domaincontrol.com","","","addPeriod","clientDeleteProhibited","clientRenewProhibited","clientTransferProhibited"
"64","sphdating.com","2019-12-03 15:47:06","2019-12-02","2019-12-02","2020-12-02","146","GoDaddy.com, LLC","whois.godaddy.com","http://registrar.godaddy.com","","","","","05","","Cambodia","","","","","","","","","","","","","","","","","","","","","","","","","","","","","","","","","","ns27.domaincontrol.com","ns28.domaincontrol.com","","","clientDeleteProhibited","clientRenewProhibited","clientTransferProhibited","clientUpdateProhibited"
"65","st-200.com","2019-12-03 17:38:04","2019-12-02","2019-12-02","2020-12-02","146","GoDaddy.com, LLC","whois.godaddy.com","http://registrar.godaddy.com","","","","","siemreap","","Cambodia","","","","","","","","","","","","","","","","","","","","","","","","","","","","","","","","","","bill.ns.cloudflare.com","tani.ns.cloudflare.com","","","clientDeleteProhibited","clientRenewProhibited","clientTransferProhibited","clientUpdateProhibited"
"66","svayrienguniversity.com","2019-12-03 17:53:32","2019-12-02","2019-12-02","2020-12-02","69","Tucows Domains Inc.","whois.tucows.com","http://domainhelp.opensrs.net","REDACTED FOR PRIVACY","REDACTED FOR PRIVACY","REDACTED FOR PRIVACY","REDACTED FOR PRIVACY","XX","REDACTED FOR PRIVACY","Cambodia","","REDACTED FOR PRIVACY","REDACTED FOR PRIVACY","REDACTED FOR PRIVACY","REDACTED FOR PRIVACY","REDACTED FOR PRIVACY","REDACTED FOR PRIVACY","REDACTED FOR PRIVACY","REDACTED FOR PRIVACY","REDACTED FOR PRIVACY","","REDACTED FOR PRIVACY","REDACTED FOR PRIVACY","REDACTED FOR PRIVACY","REDACTED FOR PRIVACY","REDACTED FOR PRIVACY","REDACTED FOR PRIVACY","REDACTED FOR PRIVACY","REDACTED FOR PRIVACY","REDACTED FOR PRIVACY","","REDACTED FOR PRIVACY","REDACTED FOR PRIVACY","","","","","","","","","","","ns1.gsgp1001.siteground.asia","ns2.gsgp1001.siteground.asia","","","clientTransferProhibited","clientUpdateProhibited","",""
"67","time2lookme.com","2019-12-03 16:14:07","2019-12-02","2019-12-02","2020-12-02","146","GoDaddy.com, LLC","whois.godaddy.com","http://registrar.godaddy.com","DomainRegistration","DomainRegistration","#168. Steet 2009  Phnom Penh","Phnom Penh","Phnom Penh","12310","Cambodia","rikray@live.com","+855.85507508","","DomainRegistration","DomainRegistration","#168. Steet 2009  Phnom Penh","Phnom Penh","Phnom Penh","12310","Cambodia","rikray@live.com","+855.85507508","","DomainRegistration","DomainRegistration","#168. Steet 2009  Phnom Penh","Phnom Penh","Phnom Penh","12310","Cambodia","rikray@live.com","+855.85507508","","","","","","","","","","","","ns1.cyon.ch","ns2.cyon.ch","","","clientDeleteProhibited","clientRenewProhibited","clientTransferProhibited","clientUpdateProhibited"
"68","vv66v.com","2019-12-03 19:06:53","2019-12-02","2019-12-02","2020-12-02","146","GoDaddy.com, LLC","whois.godaddy.com","http://registrar.godaddy.com","","","","","taiguoajina","","Cambodia","","","","","","","","","","","","","","","","","","","","","","","","","","","","","","","","","","ns27.domaincontrol.com","ns28.domaincontrol.com","","","clientDeleteProhibited","clientRenewProhibited","clientTransferProhibited","clientUpdateProhibited"
"69","xycpapp666.com","2019-12-03 15:43:20","2019-12-02","2019-12-02","2020-12-02","146","GoDaddy.com, LLC","whois.godaddy.com","http://registrar.godaddy.com","","","","","fei","","Cambodia","","","","","","","","","","","","","","","","","","","","","","","","","","","","","","","","","","ns4.dnsdun.com","ns4.dnsdun.net","","","clientDeleteProhibited","clientRenewProhibited","clientTransferProhibited","clientUpdateProhibited"