"num","domain_name","query_time","create_date","update_date","expiry_date","domain_registrar_id","domain_registrar_name","domain_registrar_whois","domain_registrar_url","registrant_name","registrant_company","registrant_address","registrant_city","registrant_state","registrant_zip","registrant_country","registrant_email","registrant_phone","registrant_fax","administrative_name","administrative_company","administrative_address","administrative_city","administrative_state","administrative_zip","administrative_country","administrative_email","administrative_phone","administrative_fax","technical_name","technical_company","technical_address","technical_city","technical_state","technical_zip","technical_country","technical_email","technical_phone","technical_fax","billing_name","billing_company","billing_address","billing_city","billing_state","billing_zip","billing_country","billing_email","billing_phone","billing_fax","name_server_1","name_server_2","name_server_3","name_server_4","domain_status_1","domain_status_2","domain_status_3","domain_status_4"
"1","accessoriesbytania.com","2019-12-03 16:46:02","2019-12-02","2019-12-02","2020-12-02","1630","Ligne Web Services SARL","whois.nic.fr","http://www.ait.com","","","","","","","Cameroon","0412607e6cfacfac07fab61afede28a8@whois-anonymous.com","","","","","","","","","Cameroon","0412607e6cfacfac07fab61afede28a8@whois-anonymous.com","","","","","","","","","Cameroon","0412607e6cfacfac07fab61afede28a8@whois-anonymous.com","","","","","","","","","Cameroon","0412607e6cfacfac07fab61afede28a8@whois-anonymous.com","","","","","","","More","clientTransferProhibited","informations","on"
"2","big-data-solution.com","2019-12-03 18:23:38","2019-12-02","2019-12-02","2020-12-02","303","PDR Ltd. d/b/a PublicDomainRegistry.com","whois.publicdomainregistry.com","http://www.publicdomainregistry.com","Guy Charly Menounga","Big Data Solution","face Ambassade","Yaounde","","","Cameroon","guycharlym@gmail.com","+237.698987577","","Achille Frankie Ndjimi","CAMOO SARL","Rue 7001, Melen","Yaounde","","3891","Cameroon","domains@camoo.sarl","+237.222312027","","Achille Frankie Ndjimi","CAMOO SARL","Rue 7001, Melen","Yaounde","","3891","Cameroon","domains@camoo.sarl","+237.222312027","","","","","","","","","","","","ns1.camoogroup.com","ns2.camoogroup.com","","","clientTransferProhibited","","",""
"3","cccczaf.com","2019-12-03 18:50:10","2019-12-02","2019-12-02","2020-12-02","1005","NetEarth One Inc. d/b/a NetEarth","whois.advancedregistrar.com","http://www.netearthone.com","CAMPUS CRUSADE FOR CHRIST CAMEROON","","Biyem-Assi Carrefour Opposite the old guaranti 653045344 - 677331876","Yaounde","Centre","237","Cameroon","campuscam2020@gmail.com","+237.677488175","","CAMPUS CRUSADE FOR CHRIST CAMEROON","","Biyem-Assi Carrefour Opposite the old guaranti 653045344 - 677331876","Yaounde","Centre","237","Cameroon","campuscam2020@gmail.com","+237.677488175","","CAMPUS CRUSADE FOR CHRIST CAMEROON","","Biyem-Assi Carrefour Opposite the old guaranti 653045344 - 677331876","Yaounde","Centre","237","Cameroon","campuscam2020@gmail.com","+237.677488175","","","","","","","","","","","","ns1.globexcamhost.com","ns2.globexcamhost.com","","","clientTransferProhibited","","",""
"4","cliniqueprovidence.com","2019-12-03 14:49:51","2019-12-02","2019-12-02","2020-12-02","1630","Ligne Web Services SARL","whois.nic.fr","http://www.ait.com","","","","","","","Cameroon","548aa80544acc293475edec2e4773549@whois-anonymous.com","","","","","","","","","Cameroon","548aa80544acc293475edec2e4773549@whois-anonymous.com","","","","","","","","","Cameroon","548aa80544acc293475edec2e4773549@whois-anonymous.com","","","","","","","","","Cameroon","548aa80544acc293475edec2e4773549@whois-anonymous.com","","","","","","","More","clientTransferProhibited","informations","on"
"5","einkauf.biz","2019-12-03 17:48:53","2019-11-30","2019-11-30","2020-11-30","1005","NetEarth One Inc. d/b/a NetEarth","whois.advancedregistrar.com","http://www.netearthone.com","Einkauf","Einkauf","","","Centre","","Cameroon","","","","","","","","","","","","","","","","","","","","","","","","","","","","","","","","","","ns1.globexcamhost.com","ns2.globexcamhost.com","","","addPeriod","clientTransferProhibited","",""
"6","etracobtp-international.com","2019-12-03 17:46:14","2019-12-02","2019-12-02","2020-12-02","303","PDR Ltd. d/b/a PublicDomainRegistry.com","whois.publicdomainregistry.com","http://www.publicdomainregistry.com","Nkameni Thierry","Nguetisolutions","Mendong","Yaounde","","30241","Cameroon","nkamenithierry@gmail.com","+237.675669753","","Achille Frankie Ndjimi","CAMOO SARL","Rue 7001, Melen","Yaounde","","3891","Cameroon","domains@camoo.sarl","+237.222312027","","Achille Frankie Ndjimi","CAMOO SARL","Rue 7001, Melen","Yaounde","","3891","Cameroon","domains@camoo.sarl","+237.222312027","","","","","","","","","","","","ns1.camoogroup.com","ns2.camoogroup.com","","","clientTransferProhibited","","",""
"7","gexco-partner.com","2019-12-03 18:29:54","2019-12-02","2019-12-02","2020-12-02","1630","Ligne Web Services SARL","whois.nic.fr","http://www.ait.com","","","","","","","Cameroon","588745087c89b225b157d33f28ea73f0@whois-anonymous.com","","","","","","","","","Cameroon","588745087c89b225b157d33f28ea73f0@whois-anonymous.com","","","","","","","","","Cameroon","588745087c89b225b157d33f28ea73f0@whois-anonymous.com","","","","","","","","","Cameroon","588745087c89b225b157d33f28ea73f0@whois-anonymous.com","","","","","","","More","clientTransferProhibited","informations","on"
"8","itcservices.net","2019-12-03 17:39:25","2019-12-01","2019-12-01","2020-12-01","1630","Ligne Web Services SARL","whois.nic.fr","http://www.ait.com","","","","","","","Cameroon","de8a628b932750682072168b11e2e87b@whois-anonymous.com","","","","","","","","","Cameroon","de8a628b932750682072168b11e2e87b@whois-anonymous.com","","","","","","","","","Cameroon","de8a628b932750682072168b11e2e87b@whois-anonymous.com","","","","","","","","","Cameroon","de8a628b932750682072168b11e2e87b@whois-anonymous.com","","","dns2028a.trouble-free.net","dns2028b.trouble-free.net","","","More","informations","on",""
"9","jakendyimmo.com","2019-12-03 17:01:26","2019-12-02","2019-12-02","2020-12-02","1630","Ligne Web Services SARL","whois.nic.fr","http://www.ait.com","Rodit MBIA","SOCOOPRACAM","BP 14609","Yaounde","","00237","Cameroon","socoopracam@gmail.com","+237.677894022","","Rodit MBIA","SOCOOPRACAM","BP 14609","Yaounde","","00237","Cameroon","socoopracam@gmail.com","+237.677894022","","Rodit MBIA","SOCOOPRACAM","BP 14609","Yaounde","","00237","Cameroon","socoopracam@gmail.com","+237.677894022","","Rodit MBIA","SOCOOPRACAM","BP 14609","Yaounde","","00237","Cameroon","socoopracam@gmail.com","+237.677894022","","ns5.lwsdns.com","ns6.lwsdns.com","ns7.lwsdns.com","ns8.lwsdns.com","More","clientTransferProhibited","informations","on"
"10","macaws.biz","2019-12-03 17:28:29","2019-11-30","2019-11-30","2020-11-30","146","GoDaddy.com, LLC","whois.godaddy.com","http://registrar.godaddy.com","","","","","Centre","","Cameroon","","","","","","","","","","","","","","","","","","","","","","","","","","","","","","","","","","ns1.bluehost.com","ns2.bluehost.com","","","addPeriod","clientDeleteProhibited","clientRenewProhibited","clientTransferProhibited"
"11","machibel.com","2019-12-03 16:15:29","2019-12-02","2019-12-02","2020-12-02","1636","Hostinger, UAB","whois.hostinger.com","http://www.hostinger.com","Machibel MACHIBEL","MACHIBEL SARL","Etoudi , Yaounde","Yaounde","Centre","10065","Cameroon","sinclaireric60@gmail.com","+237.699863049","","Machibel MACHIBEL","MACHIBEL SARL","Etoudi , Yaounde","Yaounde","Centre","10065","Cameroon","sinclaireric60@gmail.com","+237.699863049","","Machibel MACHIBEL","MACHIBEL SARL","Etoudi , Yaounde","Yaounde","Centre","10065","Cameroon","sinclaireric60@gmail.com","+237.699863049","","","","","","","","","","","","ns1.dns-parking.com","ns2.dns-parking.com","","","clientTransferProhibited","","",""
"12","madein237.com","2019-12-03 18:33:03","2019-12-02","2019-12-02","2020-12-02","48","eNom, Inc.","whois.enom.com","http://www.enom.com","REDACTED FOR PRIVACY","REDACTED FOR PRIVACY","REDACTED FOR PRIVACY","REDACTED FOR PRIVACY","REDACTED FOR PRIVACY","REDACTED FOR PRIVACY","Cameroon","","REDACTED FOR PRIVACY","REDACTED FOR PRIVACY","REDACTED FOR PRIVACY","REDACTED FOR PRIVACY","REDACTED FOR PRIVACY","REDACTED FOR PRIVACY","REDACTED FOR PRIVACY","REDACTED FOR PRIVACY","REDACTED FOR PRIVACY","","REDACTED FOR PRIVACY","REDACTED FOR PRIVACY","REDACTED FOR PRIVACY","REDACTED FOR PRIVACY","REDACTED FOR PRIVACY","REDACTED FOR PRIVACY","REDACTED FOR PRIVACY","REDACTED FOR PRIVACY","REDACTED FOR PRIVACY","","REDACTED FOR PRIVACY","REDACTED FOR PRIVACY","","","","","","","","","","","ns1.mtnbusiness.cm","ns2.mtnbusiness.cm","","","addPeriod","clientTransferProhibited","",""
"13","medisoftcare.com","2019-12-03 17:29:24","2019-12-02","2019-12-02","2020-12-02","1443","Vautron Rechenzentrum AG","whois.antagus.de","http://www.vautron.de","","","","","","","Cameroon","ab1k429945@domprivacy.de","","","","","","","","","","ab1k429945@domprivacy.de","","","","","","","","","","a4o7tygxoo@domprivacy.de","","","","","","","","","","","","","ns1.contabo.net","ns2.contabo.net","ns3.contabo.net","","OK","","",""
"14","mlv2020.com","2019-12-03 17:55:41","2019-12-02","2019-12-02","2020-12-02","81","Gandi SAS","whois.gandi.net","http://www.gandi.net","REDACTED FOR PRIVACY","","REDACTED FOR PRIVACY","REDACTED FOR PRIVACY","","REDACTED FOR PRIVACY","Cameroon","fdbbcda8b037dc92aa8bede52db8c860-16364783@contact.gandi.net","REDACTED FOR PRIVACY","REDACTED FOR PRIVACY","REDACTED FOR PRIVACY","REDACTED FOR PRIVACY","REDACTED FOR PRIVACY","REDACTED FOR PRIVACY","REDACTED FOR PRIVACY","REDACTED FOR PRIVACY","REDACTED FOR PRIVACY","fdbbcda8b037dc92aa8bede52db8c860-16364783@contact.gandi.net","REDACTED FOR PRIVACY","REDACTED FOR PRIVACY","REDACTED FOR PRIVACY","REDACTED FOR PRIVACY","REDACTED FOR PRIVACY","REDACTED FOR PRIVACY","REDACTED FOR PRIVACY","REDACTED FOR PRIVACY","REDACTED FOR PRIVACY","fdbbcda8b037dc92aa8bede52db8c860-16364783@contact.gandi.net","REDACTED FOR PRIVACY","REDACTED FOR PRIVACY","","","","","","","","","","","ns-180-a.gandi.net","ns-221-b.gandi.net","ns-31-c.gandi.net","","clientTransferProhibited","","",""
"15","molarpro.com","2019-12-03 17:34:38","2019-12-02","2019-12-02","2020-12-02","1387","1API GmbH","whois.1api.net","http://www.1api.net","REDACTED FOR PRIVACY","REDACTED FOR PRIVACY","REDACTED FOR PRIVACY","REDACTED FOR PRIVACY","Center","REDACTED FOR PRIVACY","Cameroon","","REDACTED FOR PRIVACY","","REDACTED FOR PRIVACY","REDACTED FOR PRIVACY","REDACTED FOR PRIVACY","REDACTED FOR PRIVACY","REDACTED FOR PRIVACY","REDACTED FOR PRIVACY","REDACTED FOR PRIVACY","","REDACTED FOR PRIVACY","","REDACTED FOR PRIVACY","REDACTED FOR PRIVACY","REDACTED FOR PRIVACY","REDACTED FOR PRIVACY","REDACTED FOR PRIVACY","REDACTED FOR PRIVACY","REDACTED FOR PRIVACY","","REDACTED FOR PRIVACY","","","","","","","","","","","","cloud1.blogvisa.com","cloud2.blogvisa.com","","","clientTransferProhibited","","",""
"16","mscabran.com","2019-12-03 17:56:27","2019-12-02","2019-12-02","2020-12-02","1387","1API GmbH","whois.1api.net","http://www.1api.net","REDACTED FOR PRIVACY","REDACTED FOR PRIVACY","REDACTED FOR PRIVACY","REDACTED FOR PRIVACY","Center","REDACTED FOR PRIVACY","Cameroon","","REDACTED FOR PRIVACY","","REDACTED FOR PRIVACY","REDACTED FOR PRIVACY","REDACTED FOR PRIVACY","REDACTED FOR PRIVACY","REDACTED FOR PRIVACY","REDACTED FOR PRIVACY","REDACTED FOR PRIVACY","","REDACTED FOR PRIVACY","","REDACTED FOR PRIVACY","REDACTED FOR PRIVACY","REDACTED FOR PRIVACY","REDACTED FOR PRIVACY","REDACTED FOR PRIVACY","REDACTED FOR PRIVACY","REDACTED FOR PRIVACY","","REDACTED FOR PRIVACY","","","","","","","","","","","","cloud1.blogvisa.com","cloud2.blogvisa.com","","","clientTransferProhibited","","",""
"17","painmeds.biz","2019-12-03 14:20:03","2019-11-30","2019-11-30","2020-11-30","146","GoDaddy.com, LLC","whois.godaddy.com","http://registrar.godaddy.com","","","","","Centre","","Cameroon","","","","","","","","","","","","","","","","","","","","","","","","","","","","","","","","","","ns1.bluehost.com","ns2.bluehost.com","","","addPeriod","clientDeleteProhibited","clientRenewProhibited","clientTransferProhibited"
"18","relaisinfos.com","2019-12-03 16:14:12","2019-12-02","2019-12-02","2020-12-02","1630","Ligne Web Services SARL","whois.nic.fr","http://www.ait.com","","","","","","","Cameroon","fab9622b5a8115bcbe73e334a842cfd9@whois-anonymous.com","","","","","","","","","Cameroon","fab9622b5a8115bcbe73e334a842cfd9@whois-anonymous.com","","","","","","","","","Cameroon","fab9622b5a8115bcbe73e334a842cfd9@whois-anonymous.com","","","","","","","","","Cameroon","fab9622b5a8115bcbe73e334a842cfd9@whois-anonymous.com","","","ns0.unlimited.uk.net","ns1.unlimited.uk.net","","","More","clientTransferProhibited","informations","on"
"19","safcosarl.com","2019-12-03 16:39:18","2019-12-02","2019-12-02","2020-12-02","146","GoDaddy.com, LLC","whois.godaddy.com","http://registrar.godaddy.com","","","","","Littoral","","Cameroon","","","","","","","","","","","","","","","","","","","","","","","","","","","","","","","","","","ns27.domaincontrol.com","ns28.domaincontrol.com","","","clientDeleteProhibited","clientRenewProhibited","clientTransferProhibited","clientUpdateProhibited"
"20","safcosarl.net","2019-12-03 17:13:09","2019-12-02","2019-12-02","2020-12-02","81","Gandi SAS","whois.gandi.net","http://www.gandi.net","REDACTED FOR PRIVACY","ONE TECH SARL","REDACTED FOR PRIVACY","REDACTED FOR PRIVACY","","REDACTED FOR PRIVACY","Cameroon","30927a57418947cebfdbcc1512fbbd6b-16368607@contact.gandi.net","REDACTED FOR PRIVACY","REDACTED FOR PRIVACY","REDACTED FOR PRIVACY","REDACTED FOR PRIVACY","REDACTED FOR PRIVACY","REDACTED FOR PRIVACY","REDACTED FOR PRIVACY","REDACTED FOR PRIVACY","REDACTED FOR PRIVACY","30927a57418947cebfdbcc1512fbbd6b-16368607@contact.gandi.net","REDACTED FOR PRIVACY","REDACTED FOR PRIVACY","REDACTED FOR PRIVACY","REDACTED FOR PRIVACY","REDACTED FOR PRIVACY","REDACTED FOR PRIVACY","REDACTED FOR PRIVACY","REDACTED FOR PRIVACY","REDACTED FOR PRIVACY","30927a57418947cebfdbcc1512fbbd6b-16368607@contact.gandi.net","REDACTED FOR PRIVACY","REDACTED FOR PRIVACY","","","","","","","","","","","ns-111-a.gandi.net","ns-45-c.gandi.net","ns-85-b.gandi.net","","clientTransferProhibited","","",""
"21","vsyhosting.com","2019-12-03 15:11:08","2019-12-02","2019-12-02","2020-12-02","303","PDR Ltd. d/b/a PublicDomainRegistry.com","whois.publicdomainregistry.com","http://www.publicdomainregistry.com","Martin MBONDA","VISIBILITY","Tsinga","Yaounde","Centre","00237","Cameroon","martin.mbonda@gmail.com","+237.675272629","","Martin MBONDA","VISIBILITY","Tsinga","Yaounde","Centre","00237","Cameroon","martin.mbonda@gmail.com","+237.675272629","","Martin MBONDA","VISIBILITY","Tsinga","Yaounde","Centre","00237","Cameroon","martin.mbonda@gmail.com","+237.675272629","","","","","","","","","","","","dns1.supremepanel.com","dns2.supremepanel.com","dns3.supremepanel.com","dns4.supremepanel.com","clientTransferProhibited","","",""