"num","domain_name","query_time","create_date","update_date","expiry_date","domain_registrar_id","domain_registrar_name","domain_registrar_whois","domain_registrar_url","registrant_name","registrant_company","registrant_address","registrant_city","registrant_state","registrant_zip","registrant_country","registrant_email","registrant_phone","registrant_fax","administrative_name","administrative_company","administrative_address","administrative_city","administrative_state","administrative_zip","administrative_country","administrative_email","administrative_phone","administrative_fax","technical_name","technical_company","technical_address","technical_city","technical_state","technical_zip","technical_country","technical_email","technical_phone","technical_fax","billing_name","billing_company","billing_address","billing_city","billing_state","billing_zip","billing_country","billing_email","billing_phone","billing_fax","name_server_1","name_server_2","name_server_3","name_server_4","domain_status_1","domain_status_2","domain_status_3","domain_status_4"
"1","abatejidos.com","2019-12-03 15:57:35","2019-12-01","2019-12-01","2020-12-01","1647","Hosting Concepts B.V. dba Openprovider","whois.registrar.eu","http://www.openprovider.com","REDACTED FOR PRIVACY","","REDACTED FOR PRIVACY","REDACTED FOR PRIVACY","las condes","REDACTED FOR PRIVACY","Chile","","REDACTED FOR PRIVACY","REDACTED FOR PRIVACY","REDACTED FOR PRIVACY","REDACTED FOR PRIVACY","REDACTED FOR PRIVACY","REDACTED FOR PRIVACY","REDACTED FOR PRIVACY","REDACTED FOR PRIVACY","REDACTED FOR PRIVACY","","REDACTED FOR PRIVACY","REDACTED FOR PRIVACY","REDACTED FOR PRIVACY","REDACTED FOR PRIVACY","REDACTED FOR PRIVACY","REDACTED FOR PRIVACY","REDACTED FOR PRIVACY","REDACTED FOR PRIVACY","REDACTED FOR PRIVACY","","REDACTED FOR PRIVACY","REDACTED FOR PRIVACY","","","","","","","","","","","ns1.ioh.cl","ns2.ioh.cl","","","clientTransferProhibited","ok","",""
"2","acensoresmagnaret.com","2019-12-03 17:59:59","2019-12-02","2019-12-02","2020-12-02","303","PDR Ltd. d/b/a PublicDomainRegistry.com","whois.publicdomainregistry.com","http://www.publicdomainregistry.com","sandro paujil","","bronw six , 3238 macul","Macul","RM","7180000","Chile","vergeljordan9@gmail.com","+56.928773388","","sandro paujil","","bronw six , 3238 macul","Macul","RM","7180000","Chile","vergeljordan9@gmail.com","+56.928773388","","sandro paujil","","bronw six , 3238 macul","Macul","RM","7180000","Chile","vergeljordan9@gmail.com","+56.928773388","","","","","","","","","","","","ns16.hostgator.cl","ns17.hostgator.cl","","","clientTransferProhibited","","",""
"3","akin.red","2019-12-03 17:49:31","2019-12-02","2019-12-02","2020-12-02","81","Gandi SAS","whois.gandi.net","http://www.gandi.net","","","","","","","Chile","","","","","","","","","","","","","","","","","","","","","","","","","","","","","","","","","","ns-1324.awsdns-37.org","ns-2046.awsdns-63.co.uk","ns-55.awsdns-06.com","ns-712.awsdns-25.net","addPeriod","clientTransferProhibited","serverTransferProhibited",""
"4","apokgamer.com","2019-12-03 16:08:13","2019-12-02","2019-12-02","2020-12-02","3817","Wix.com Ltd.","","","Jonathan Andrades Delgado","ApokGamer","Blanco","Quillota","VS","0000234","Chile","apokgamer.com@wix-domains.com","+1.4159496022","","Jonathan Andrades Delgado","ApokGamer","Blanco","Quillota","VS","0000234","Chile","apokplayer@gmail.com","+56.985119974","","Jonathan Andrades Delgado","ApokGamer","Blanco","Quillota","VS","0000234","Chile","apokplayer@gmail.com","+56.985119974","","","","","","","","","","","","ns4.wixdns.net","ns5.wixdns.net","","","clientTransferProhibited","clientUpdateProhibited","",""
"5","aramoanasports.com","2019-12-03 18:43:07","2019-12-02","2019-12-02","2020-12-02","146","GoDaddy.com, LLC","whois.godaddy.com","http://registrar.godaddy.com","","","","","Las Condes","","Chile","","","","","","","","","","","","","","","","","","","","","","","","","","","","","","","","","","ns27.domaincontrol.com","ns28.domaincontrol.com","","","clientDeleteProhibited","clientRenewProhibited","clientTransferProhibited","clientUpdateProhibited"
"6","artechilegallery.com","2019-12-03 16:53:53","2019-12-02","2019-12-02","2020-12-02","146","GoDaddy.com, LLC","whois.godaddy.com","http://registrar.godaddy.com","","","","","Region Metropolitana (Santiago)","","Chile","","","","","","","","","","","","","","","","","","","","","","","","","","","","","","","","","","ns27.domaincontrol.com","ns28.domaincontrol.com","","","clientDeleteProhibited","clientRenewProhibited","clientTransferProhibited","clientUpdateProhibited"
"7","artesanografico.com","2019-12-03 15:29:06","2019-12-02","2019-12-02","2020-12-02","303","PDR Ltd. d/b/a PublicDomainRegistry.com","whois.publicdomainregistry.com","http://www.publicdomainregistry.com","esteban ithal","","El Roble, 221 RECOLETA","Recoleta","RM","8320000","Chile","esteban.ithal@gmail.com","+56.930974401","","esteban ithal","","El Roble, 221 RECOLETA","Recoleta","RM","8320000","Chile","esteban.ithal@gmail.com","+56.930974401","","esteban ithal","","El Roble, 221 RECOLETA","Recoleta","RM","8320000","Chile","esteban.ithal@gmail.com","+56.930974401","","","","","","","","","","","","ns16.hostgator.cl","ns17.hostgator.cl","","","clientTransferProhibited","","",""
"8","asesoradomicilio.com","2019-12-03 16:14:13","2019-12-02","2019-12-02","2020-12-02","303","PDR Ltd. d/b/a PublicDomainRegistry.com","whois.publicdomainregistry.com","http://www.publicdomainregistry.com","Angel  Luis Reyes","Louis Asesores SpA","Pje. Manquemapu 1073, Maipu","SANTIAGO","XIII METROPOLITANA","8580000","Chile","louisasesores@gmail.com","+56.993269346","","Angel  Luis Reyes","Louis Asesores SpA","Pje. Manquemapu 1073, Maipu","SANTIAGO","XIII METROPOLITANA","8580000","Chile","louisasesores@gmail.com","+56.993269346","","Angel  Luis Reyes","Louis Asesores SpA","Pje. Manquemapu 1073, Maipu","SANTIAGO","XIII METROPOLITANA","8580000","Chile","louisasesores@gmail.com","+56.993269346","","","","","","","","","","","","ns7.fullxhosting.com","ns8.fullxhosting.com","","","clientTransferProhibited","","",""
"9","astrotouratacama.com","2019-12-03 16:50:25","2019-12-02","2019-12-02","2020-12-02","1647","Hosting Concepts B.V. dba Openprovider","whois.registrar.eu","http://www.openprovider.com","REDACTED FOR PRIVACY","asesorias y gestion en turismo araucarias SPA","REDACTED FOR PRIVACY","REDACTED FOR PRIVACY","loa","REDACTED FOR PRIVACY","Chile","","REDACTED FOR PRIVACY","REDACTED FOR PRIVACY","REDACTED FOR PRIVACY","REDACTED FOR PRIVACY","REDACTED FOR PRIVACY","REDACTED FOR PRIVACY","REDACTED FOR PRIVACY","REDACTED FOR PRIVACY","REDACTED FOR PRIVACY","","REDACTED FOR PRIVACY","REDACTED FOR PRIVACY","REDACTED FOR PRIVACY","REDACTED FOR PRIVACY","REDACTED FOR PRIVACY","REDACTED FOR PRIVACY","REDACTED FOR PRIVACY","REDACTED FOR PRIVACY","REDACTED FOR PRIVACY","","REDACTED FOR PRIVACY","REDACTED FOR PRIVACY","","","","","","","","","","","ns1.openprovider.nl","ns2.openprovider.be","ns3.openprovider.eu","","clientTransferProhibited","ok","",""
"10","asyscon.com","2019-12-03 17:14:40","2019-12-01","2019-12-01","2020-12-01","303","PDR Ltd. d/b/a PublicDomainRegistry.com","whois.publicdomainregistry.com","http://www.publicdomainregistry.com","Ana Donoso Aravena","Asyscon Ltda.","Pedro Herrera , 1172 Coquimbo","Coquimbo","CO","1791973","Chile","asyscon.limitada@gmail.com","+56.952126362","","Ana Donoso Aravena","Asyscon Ltda.","Pedro Herrera , 1172 Coquimbo","Coquimbo","CO","1791973","Chile","asyscon.limitada@gmail.com","+56.952126362","","Ana Donoso Aravena","Asyscon Ltda.","Pedro Herrera , 1172 Coquimbo","Coquimbo","CO","1791973","Chile","asyscon.limitada@gmail.com","+56.952126362","","","","","","","","","","","","ns16.hostgator.cl","ns17.hostgator.cl","","","clientTransferProhibited","","",""
"11","australup.com","2019-12-03 15:10:21","2019-12-02","2019-12-02","2020-12-02","146","GoDaddy.com, LLC","whois.godaddy.com","http://registrar.godaddy.com","Fundacion Mas Ciencia","Fundacion Mas Ciencia","","","RM","","Chile","","","","","","","","","","","","","","","","","","","","","","","","","","","","","","","","","","ns21.domaincontrol.com","ns22.domaincontrol.com","","","clientDeleteProhibited","clientRenewProhibited","clientTransferProhibited","clientUpdateProhibited"
"12","boletasiimple.com","2019-12-03 16:05:31","2019-12-01","2019-12-01","2020-12-01","146","GoDaddy.com, LLC","whois.godaddy.com","http://registrar.godaddy.com","","","","","Chile","","Chile","","","","","","","","","","","","","","","","","","","","","","","","","","","","","","","","","","becky.ns.cloudflare.com","carlos.ns.cloudflare.com","","","clientDeleteProhibited","clientRenewProhibited","clientTransferProhibited","clientUpdateProhibited"
"13","buhomania.com","2019-12-03 19:10:18","2019-12-02","2019-12-02","2020-12-02","303","PDR Ltd. d/b/a PublicDomainRegistry.com","whois.publicdomainregistry.com","http://www.publicdomainregistry.com","Claudio Rossi","WebPatagonica","Barros Arana 492, oficina 78","Concepcion","Bio Bio","4030000","Chile","cer9200@gmail.com","+56.967416715","","Claudio Rossi","WebPatagonica","Barros Arana 492, oficina 78","Concepcion","Bio Bio","4030000","Chile","cer9200@gmail.com","+56.967416715","","Claudio Rossi","WebPatagonica","Barros Arana 492, oficina 78","Concepcion","Bio Bio","4030000","Chile","cer9200@gmail.com","+56.967416715","","","","","","","","","","","","ns1.lanubevirtual.eu","ns2.lanubevirtual.eu","","","clientTransferProhibited","","",""
"14","carludiveandtravel.com","2019-12-03 15:35:33","2019-12-02","2019-12-02","2020-12-02","3817","Wix.com Ltd.","","","juan carlos donoso","juan carlos donoso","cruchagamontt 632","santiago","RM","8500900","Chile","carludiveandtravel.com@wix-domains.com","+1.4159496022","","juan carlos donoso","juan carlos donoso","cruchagamontt 632","santiago","RM","8500900","Chile","carludive@gmail.com","+56.941777757","","juan carlos donoso","juan carlos donoso","cruchagamontt 632","santiago","RM","8500900","Chile","carludive@gmail.com","+56.941777757","","","","","","","","","","","","ns4.wixdns.net","ns5.wixdns.net","","","clientTransferProhibited","clientUpdateProhibited","",""
"15","catsulu.com","2019-12-03 16:14:10","2019-12-02","2019-12-02","2020-12-02","146","GoDaddy.com, LLC","whois.godaddy.com","http://registrar.godaddy.com","","","","","santiago","","Chile","","","","","","","","","","","","","","","","","","","","","","","","","","","","","","","","","","ns27.domaincontrol.com","ns28.domaincontrol.com","","","clientDeleteProhibited","clientRenewProhibited","clientTransferProhibited","clientUpdateProhibited"
"16","clickyagenda.com","2019-12-03 14:38:03","2019-12-02","2019-12-02","2020-12-02","69","Tucows Domains Inc.","whois.tucows.com","http://domainhelp.opensrs.net","REDACTED FOR PRIVACY","REDACTED FOR PRIVACY","REDACTED FOR PRIVACY","REDACTED FOR PRIVACY","XX","REDACTED FOR PRIVACY","Chile","","REDACTED FOR PRIVACY","REDACTED FOR PRIVACY","REDACTED FOR PRIVACY","REDACTED FOR PRIVACY","REDACTED FOR PRIVACY","REDACTED FOR PRIVACY","REDACTED FOR PRIVACY","REDACTED FOR PRIVACY","REDACTED FOR PRIVACY","","REDACTED FOR PRIVACY","REDACTED FOR PRIVACY","REDACTED FOR PRIVACY","REDACTED FOR PRIVACY","REDACTED FOR PRIVACY","REDACTED FOR PRIVACY","REDACTED FOR PRIVACY","REDACTED FOR PRIVACY","REDACTED FOR PRIVACY","","REDACTED FOR PRIVACY","REDACTED FOR PRIVACY","","","","","","","","","","","ns1.us164.siteground.us","ns2.us164.siteground.us","","","clientTransferProhibited","clientUpdateProhibited","",""
"17","clickyencuesta.com","2019-12-03 14:18:51","2019-12-02","2019-12-02","2020-12-02","69","Tucows Domains Inc.","whois.tucows.com","http://domainhelp.opensrs.net","REDACTED FOR PRIVACY","REDACTED FOR PRIVACY","REDACTED FOR PRIVACY","REDACTED FOR PRIVACY","XX","REDACTED FOR PRIVACY","Chile","","REDACTED FOR PRIVACY","REDACTED FOR PRIVACY","REDACTED FOR PRIVACY","REDACTED FOR PRIVACY","REDACTED FOR PRIVACY","REDACTED FOR PRIVACY","REDACTED FOR PRIVACY","REDACTED FOR PRIVACY","REDACTED FOR PRIVACY","","REDACTED FOR PRIVACY","REDACTED FOR PRIVACY","REDACTED FOR PRIVACY","REDACTED FOR PRIVACY","REDACTED FOR PRIVACY","REDACTED FOR PRIVACY","REDACTED FOR PRIVACY","REDACTED FOR PRIVACY","REDACTED FOR PRIVACY","","REDACTED FOR PRIVACY","REDACTED FOR PRIVACY","","","","","","","","","","","ns1.us164.siteground.us","ns2.us164.siteground.us","","","clientTransferProhibited","clientUpdateProhibited","",""
"18","clinicadentalados.com","2019-12-03 14:42:23","2019-12-01","2019-12-01","2020-12-01","146","GoDaddy.com, LLC","whois.godaddy.com","http://registrar.godaddy.com","dental alvaro sierra eirl","dental alvaro sierra eirl","","","metropolitana","","Chile","","","","","","","","","","","","","","","","","","","","","","","","","","","","","","","","","","ns27.domaincontrol.com","ns28.domaincontrol.com","","","clientDeleteProhibited","clientRenewProhibited","clientTransferProhibited","clientUpdateProhibited"
"19","dymontrip.com","2019-12-03 18:43:57","2019-12-02","2019-12-02","2020-12-02","1591","Promo People inc.","whois.nic.fr","http://www.ait.com","REDACTED FOR PRIVACY","REDACTED FOR PRIVACY","REDACTED FOR PRIVACY","REDACTED FOR PRIVACY","REDACTED FOR PRIVACY","REDACTED FOR PRIVACY","Chile","","REDACTED FOR PRIVACY","REDACTED FOR PRIVACY","REDACTED FOR PRIVACY","REDACTED FOR PRIVACY","REDACTED FOR PRIVACY","REDACTED FOR PRIVACY","REDACTED FOR PRIVACY","REDACTED FOR PRIVACY","REDACTED FOR PRIVACY","","REDACTED FOR PRIVACY","REDACTED FOR PRIVACY","REDACTED FOR PRIVACY","REDACTED FOR PRIVACY","REDACTED FOR PRIVACY","REDACTED FOR PRIVACY","REDACTED FOR PRIVACY","REDACTED FOR PRIVACY","REDACTED FOR PRIVACY","","REDACTED FOR PRIVACY","REDACTED FOR PRIVACY","","","","","","","","","","","ns1.hostpapa.com","ns2.hostpapa.com","","","clientTransferProhibited","clientUpdateProhibited","",""
"20","elceliaco.com","2019-12-03 14:17:32","2019-12-01","2019-12-01","2021-12-01","146","GoDaddy.com, LLC","whois.godaddy.com","http://registrar.godaddy.com","","","","","Region Metropolitana","","Chile","","","","","","","","","","","","","","","","","","","","","","","","","","","","","","","","","","ns27.domaincontrol.com","ns28.domaincontrol.com","","","clientDeleteProhibited","clientRenewProhibited","clientTransferProhibited","clientUpdateProhibited"
"21","elpuertosaboresdelmundo.com","2019-12-03 15:54:06","2019-12-01","2019-12-01","2021-12-01","146","GoDaddy.com, LLC","whois.godaddy.com","http://registrar.godaddy.com","","","","","Metropolitana","","Chile","","","","","","","","","","","","","","","","","","","","","","","","","","","","","","","","","","ns27.domaincontrol.com","ns28.domaincontrol.com","","","clientDeleteProhibited","clientRenewProhibited","clientTransferProhibited","clientUpdateProhibited"
"22","entoposxfn.com","2019-12-03 17:46:36","2019-12-02","2019-12-02","2020-12-02","303","PDR Ltd. d/b/a PublicDomainRegistry.com","whois.publicdomainregistry.com","http://www.publicdomainregistry.com","Alan atricio","","Olivillos , 267 San pedro","Concepcion","BI","4030000","Chile","alancastro2099@gmail.com","+56.973643547","","Alan atricio","","Olivillos , 267 San pedro","Concepcion","BI","4030000","Chile","alancastro2099@gmail.com","+56.973643547","","Alan atricio","","Olivillos , 267 San pedro","Concepcion","BI","4030000","Chile","alancastro2099@gmail.com","+56.973643547","","","","","","","","","","","","ns1-09.azure-dns.com","ns2-09.azure-dns.net","ns3-09.azure-dns.org","ns4-09.azure-dns.info","clientTransferProhibited","","",""
"23","epicawine.com","2019-12-03 15:14:31","2019-12-02","2019-12-02","2020-12-02","1086","Marcaria.com International, Inc.","whois.melbourneit.com","http://www.melbourneit.com","Domain Manager","VINA SAN PEDRO TARAPACA S.A.","VITACURA 2670, PISO 25","Santiago","Region Metropilitana","7550611","Chile","dominios@sargent.cl","+56.223683500","","Domain Manager","VINA SAN PEDRO TARAPACA S.A.","VITACURA 2670, PISO 25","Santiago","Region Metropilitana","7550611","Chile","dominios@sargent.cl","+56.223683500","","Domain Manager","Marcaria.com LLC","8345 NW 66 ST #B1673","Miami","Florida","33195","United States","domains@marcaria.com","+1.3054348621","","","","","","","","","","","","ns01.trademarkarea.com","ns02.trademarkarea.com","ns03.trademarkarea.com","","clientTransferProhibited","","",""
"24","estudiocontablesyd.com","2019-12-03 14:22:11","2019-12-02","2019-12-02","2020-12-02","146","GoDaddy.com, LLC","whois.godaddy.com","http://registrar.godaddy.com","","","","","PUENT ALTO","","Chile","","","","","","","","","","","","","","","","","","","","","","","","","","","","","","","","","","ns27.domaincontrol.com","ns28.domaincontrol.com","","","clientDeleteProhibited","clientRenewProhibited","clientTransferProhibited","clientUpdateProhibited"
"25","estupidoysensualmarketing.com","2019-12-03 17:01:03","2019-12-01","2019-12-01","2020-12-01","955","Launchpad, Inc.","whois.launchpad.com","http://www.launchpad.com","Giancarlo Persico","None","Vicuna Mackenna 54, 301","Providencia","RM","7500909","Chile","giancarlo.persico@gmail.com","+56.993230335","","Giancarlo Persico","None","Vicuna Mackenna 54, 301","Providencia","RM","7500909","Chile","giancarlo.persico@gmail.com","+56.993230335","","Giancarlo Persico","None","Vicuna Mackenna 54, 301","Providencia","RM","7500909","Chile","giancarlo.persico@gmail.com","+56.993230335","","","","","","","","","","","","ns3703.hostgator.com","ns3704.hostgator.com","","","clientTransferProhibited","","",""
"26","fundacionolivo.com","2019-12-03 14:26:45","2019-12-02","2019-12-02","2021-12-02","146","GoDaddy.com, LLC","whois.godaddy.com","http://registrar.godaddy.com","","","","","lo barnechea","","Chile","","","","","","","","","","","","","","","","","","","","","","","","","","","","","","","","","","ns27.domaincontrol.com","ns28.domaincontrol.com","","","clientDeleteProhibited","clientRenewProhibited","clientTransferProhibited","clientUpdateProhibited"
"27","gabrielcordero.net","2019-12-03 18:43:18","2019-12-02","2019-12-02","2020-12-02","3817","Wix.com Ltd.","","","gabriel cordero","DVDMEDIOS","echenique 4942","santiago","RM","7790446","Chile","gabrielcordero.net@wix-domains.com","+1.4159496022","","gabriel cordero","DVDMEDIOS","echenique 4942","santiago","RM","7790446","Chile","gabrielcordero@gmail.com","+56.996899606","","gabriel cordero","DVDMEDIOS","echenique 4942","santiago","RM","7790446","Chile","gabrielcordero@gmail.com","+56.996899606","","","","","","","","","","","","ns10.wixdns.net","ns11.wixdns.net","","","clientTransferProhibited","clientUpdateProhibited","",""
"28","gamacaur.com","2019-12-03 17:28:12","2019-12-02","2019-12-02","2021-12-02","146","GoDaddy.com, LLC","whois.godaddy.com","http://registrar.godaddy.com","","","","","Region Metropolitana","","Chile","","","","","","","","","","","","","","","","","","","","","","","","","","","","","","","","","","ns27.domaincontrol.com","ns28.domaincontrol.com","","","clientDeleteProhibited","clientRenewProhibited","clientTransferProhibited","clientUpdateProhibited"
"29","gelking.guru","2019-12-03 14:32:21","2019-12-02","2019-12-02","2020-12-02","303","PDR Ltd. d/b/a PublicDomainRegistry.com","whois.publicdomainregistry.com","http://www.publicdomainregistry.com","REDACTED FOR PRIVACY","","REDACTED FOR PRIVACY","REDACTED FOR PRIVACY","chile","REDACTED FOR PRIVACY","Chile","","REDACTED FOR PRIVACY","REDACTED FOR PRIVACY","","","","","","","","","","","","","","","","","","","","","","","","","","","","","","","","","","","addPeriod","clientTransferProhibited","",""
"30","geo-mas.com","2019-12-03 14:17:22","2019-12-02","2019-12-02","2020-12-02","303","PDR Ltd. d/b/a PublicDomainRegistry.com","whois.publicdomainregistry.com","http://www.publicdomainregistry.com","Ana Moreno Switt","PAGINA V SPA","Ernesto Pinto Lagarrigue, 805 san pedro de la paz","Concepcion","BI","4602318","Chile","dflores@paginav.cl","+56.949884457","","Ana Moreno Switt","PAGINA V SPA","Ernesto Pinto Lagarrigue, 805 san pedro de la paz","Concepcion","BI","4602318","Chile","dflores@paginav.cl","+56.949884457","","Ana Moreno Switt","PAGINA V SPA","Ernesto Pinto Lagarrigue, 805 san pedro de la paz","Concepcion","BI","4602318","Chile","dflores@paginav.cl","+56.949884457","","","","","","","","","","","","ns10.hostgator.cl","ns11.hostgator.cl","","","clientTransferProhibited","","",""
"31","glitchglitch.com","2019-12-03 15:00:40","2019-12-02","2019-12-02","2020-12-02","886","Domain.com, LLC","whois.domain.com","http://www.domain.com","REDACTED FOR PRIVACY","REDACTED FOR PRIVACY","REDACTED FOR PRIVACY","REDACTED FOR PRIVACY","NA","REDACTED FOR PRIVACY","Chile","","REDACTED FOR PRIVACY","REDACTED FOR PRIVACY","REDACTED FOR PRIVACY","REDACTED FOR PRIVACY","REDACTED FOR PRIVACY","REDACTED FOR PRIVACY","REDACTED FOR PRIVACY","REDACTED FOR PRIVACY","REDACTED FOR PRIVACY","","REDACTED FOR PRIVACY","REDACTED FOR PRIVACY","REDACTED FOR PRIVACY","REDACTED FOR PRIVACY","REDACTED FOR PRIVACY","REDACTED FOR PRIVACY","REDACTED FOR PRIVACY","REDACTED FOR PRIVACY","REDACTED FOR PRIVACY","","REDACTED FOR PRIVACY","REDACTED FOR PRIVACY","","","","","","","","","","","ns1.domain.com","ns2.domain.com","","","","","",""
"32","globalinmobiliario.com","2019-12-03 14:26:35","2019-12-01","2019-12-01","2020-12-01","69","Tucows Domains Inc.","whois.tucows.com","http://domainhelp.opensrs.net","REDACTED FOR PRIVACY","REDACTED FOR PRIVACY","REDACTED FOR PRIVACY","REDACTED FOR PRIVACY","Providencia","REDACTED FOR PRIVACY","Chile","","REDACTED FOR PRIVACY","REDACTED FOR PRIVACY","REDACTED FOR PRIVACY","REDACTED FOR PRIVACY","REDACTED FOR PRIVACY","REDACTED FOR PRIVACY","REDACTED FOR PRIVACY","REDACTED FOR PRIVACY","REDACTED FOR PRIVACY","","REDACTED FOR PRIVACY","REDACTED FOR PRIVACY","REDACTED FOR PRIVACY","REDACTED FOR PRIVACY","REDACTED FOR PRIVACY","REDACTED FOR PRIVACY","REDACTED FOR PRIVACY","REDACTED FOR PRIVACY","REDACTED FOR PRIVACY","","REDACTED FOR PRIVACY","REDACTED FOR PRIVACY","","","","","","","","","","","dns1.tuhosting.cl","dns2.tuhosting.cl","","","clientTransferProhibited","clientUpdateProhibited","",""
"33","hipno-terapia.com","2019-12-03 18:02:26","2019-12-01","2019-12-01","2020-12-01","1600","Estrategias WebSite S.L.","whois2.virtualname.es","http://www.virtualpyme.com/","Fernando Gregorio","","Matilde Salamanca 910 Depto 705  Providencia","Santiago","Select A State","7500000","Chile","fernandogregorio35@gmail.com","+56.977077750","","Fernando Gregorio","","Matilde Salamanca 910 Depto 705  Providencia","Santiago","Select A State","7500000","Chile","fernandogregorio35@gmail.com","+56.977077750","","Fernando Gregorio","","Matilde Salamanca 910 Depto 705  Providencia","Santiago","Select A State","7500000","Chile","fernandogregorio35@gmail.com","+56.977077750","","","","","","","","","","","","ns5141.webempresa.eu","ns5142.webempresa.eu","","","clientTransferProhibited","","",""
"34","hydraulicdemining.com","2019-12-03 15:57:34","2019-12-02","2019-12-02","2020-12-02","48","eNom, Inc.","whois.enom.com","http://www.enom.com","REDACTED FOR PRIVACY","REDACTED FOR PRIVACY","REDACTED FOR PRIVACY","REDACTED FOR PRIVACY","CL","REDACTED FOR PRIVACY","Chile","","REDACTED FOR PRIVACY","REDACTED FOR PRIVACY","REDACTED FOR PRIVACY","REDACTED FOR PRIVACY","REDACTED FOR PRIVACY","REDACTED FOR PRIVACY","REDACTED FOR PRIVACY","REDACTED FOR PRIVACY","REDACTED FOR PRIVACY","","REDACTED FOR PRIVACY","REDACTED FOR PRIVACY","REDACTED FOR PRIVACY","REDACTED FOR PRIVACY","REDACTED FOR PRIVACY","REDACTED FOR PRIVACY","REDACTED FOR PRIVACY","REDACTED FOR PRIVACY","REDACTED FOR PRIVACY","","REDACTED FOR PRIVACY","REDACTED FOR PRIVACY","","","","","","","","","","","dns1.ihost.cl","dns2.ihost.cl","","","addPeriod","clientTransferProhibited","",""
"35","iaparatodos.club","2019-12-03 18:01:39","2019-12-02","2019-12-02","2020-12-02","146","GoDaddy.com, LLC","whois.godaddy.com","http://registrar.godaddy.com","Smart Dreams Corp","Smart Dreams Corp","","","Los Rios","","Chile","","","","","","","","","","","","","","","","","","","","","","","","","","","","","","","","","","ns21.domaincontrol.com","ns22.domaincontrol.com","","","addPeriod","clientDeleteProhibited","clientRenewProhibited","clientTransferProhibited"
"36","jesuskastillo.com","2019-12-03 15:20:09","2019-12-02","2019-12-02","2020-12-02","146","GoDaddy.com, LLC","whois.godaddy.com","http://registrar.godaddy.com","","","","","Metropolitana","","Chile","","","","","","","","","","","","","","","","","","","","","","","","","","","","","","","","","","ns27.domaincontrol.com","ns28.domaincontrol.com","","","clientDeleteProhibited","clientRenewProhibited","clientTransferProhibited","clientUpdateProhibited"
"37","jolenschile.com","2019-12-03 16:05:14","2019-12-01","2019-12-01","2020-12-01","303","PDR Ltd. d/b/a PublicDomainRegistry.com","whois.publicdomainregistry.com","http://www.publicdomainregistry.com","contacto HosTerCms","HosTerCms","Chile RM","Santiago","RM","8340422","Chile","contacto@hostercms.com","+56.999375722","","contacto HosTerCms","HosTerCms","Chile RM","Santiago","RM","8340422","Chile","contacto@hostercms.com","+56.999375722","","contacto HosTerCms","HosTerCms","Chile RM","Santiago","RM","8340422","Chile","contacto@hostercms.com","+56.999375722","","","","","","","","","","","","ns1.dnsmisitio.net","ns2.dnsmisitio.net","ns3.dnsmisitio.net","","clientTransferProhibited","","",""
"38","josefinaasesoradeimagen.com","2019-12-03 14:57:10","2019-12-02","2019-12-02","2020-12-02","146","GoDaddy.com, LLC","whois.godaddy.com","http://registrar.godaddy.com","","","","","Metropolitana","","Chile","","","","","","","","","","","","","","","","","","","","","","","","","","","","","","","","","","ns27.domaincontrol.com","ns28.domaincontrol.com","","","clientDeleteProhibited","clientRenewProhibited","clientTransferProhibited","clientUpdateProhibited"
"39","lagomkreativo.com","2019-12-03 16:38:00","2019-12-01","2019-12-01","2020-12-01","303","PDR Ltd. d/b/a PublicDomainRegistry.com","whois.publicdomainregistry.com","http://www.publicdomainregistry.com","MARIA GABRIELA SOSA GUTIERREZ","","AV GUILLERMO ULRIKSEN, 1781 LA SERENA","La Serena","CO","1700000","Chile","lagomkreativo@gmail.com","+56.974013962","","MARIA GABRIELA SOSA GUTIERREZ","","AV GUILLERMO ULRIKSEN, 1781 LA SERENA","La Serena","CO","1700000","Chile","lagomkreativo@gmail.com","+56.974013962","","MARIA GABRIELA SOSA GUTIERREZ","","AV GUILLERMO ULRIKSEN, 1781 LA SERENA","La Serena","CO","1700000","Chile","lagomkreativo@gmail.com","+56.974013962","","","","","","","","","","","","ns16.hostgator.cl","ns17.hostgator.cl","","","clientTransferProhibited","","",""
"40","laskapturadoras.com","2019-12-03 15:36:35","2019-12-02","2019-12-02","2020-12-02","146","GoDaddy.com, LLC","whois.godaddy.com","http://registrar.godaddy.com","las kapturadoras","las kapturadoras","","","Region Metropolitana de Santiago","","Chile","","","","","","","","","","","","","","","","","","","","","","","","","","","","","","","","","","ns27.domaincontrol.com","ns28.domaincontrol.com","","","clientDeleteProhibited","clientRenewProhibited","clientTransferProhibited","clientUpdateProhibited"
"41","laskapturadorasdetrafico.com","2019-12-03 19:06:05","2019-12-01","2019-12-01","2020-12-01","69","Tucows Domains Inc.","whois.tucows.com","http://domainhelp.opensrs.net","REDACTED FOR PRIVACY","REDACTED FOR PRIVACY","REDACTED FOR PRIVACY","REDACTED FOR PRIVACY","Region Metropolitana","REDACTED FOR PRIVACY","Chile","","REDACTED FOR PRIVACY","REDACTED FOR PRIVACY","REDACTED FOR PRIVACY","REDACTED FOR PRIVACY","REDACTED FOR PRIVACY","REDACTED FOR PRIVACY","REDACTED FOR PRIVACY","REDACTED FOR PRIVACY","REDACTED FOR PRIVACY","","REDACTED FOR PRIVACY","REDACTED FOR PRIVACY","REDACTED FOR PRIVACY","REDACTED FOR PRIVACY","REDACTED FOR PRIVACY","REDACTED FOR PRIVACY","REDACTED FOR PRIVACY","REDACTED FOR PRIVACY","REDACTED FOR PRIVACY","","REDACTED FOR PRIVACY","REDACTED FOR PRIVACY","","","","","","","","","","","ns.inmotionhosting.com","ns2.inmotionhosting.com","","","","","",""
"42","ldxvplay.com","2019-12-03 15:03:33","2019-12-01","2019-12-01","2020-12-01","146","GoDaddy.com, LLC","whois.godaddy.com","http://registrar.godaddy.com","","","","","Metropolitana","","Chile","","","","","","","","","","","","","","","","","","","","","","","","","","","","","","","","","","ns27.domaincontrol.com","ns28.domaincontrol.com","","","clientDeleteProhibited","clientRenewProhibited","clientTransferProhibited","clientUpdateProhibited"
"43","loesencialdeti.com","2019-12-03 15:47:29","2019-12-02","2019-12-02","2020-12-02","1383","Soluciones Corporativas IP, SLU","whois.scip.es","http://www.dondominio.com","REDACTED FOR PRIVACY","","REDACTED FOR PRIVACY","REDACTED FOR PRIVACY","SANTIAGO","REDACTED FOR PRIVACY","Chile","","REDACTED FOR PRIVACY","REDACTED FOR PRIVACY","REDACTED FOR PRIVACY","REDACTED FOR PRIVACY","REDACTED FOR PRIVACY","REDACTED FOR PRIVACY","REDACTED FOR PRIVACY","REDACTED FOR PRIVACY","REDACTED FOR PRIVACY","","REDACTED FOR PRIVACY","REDACTED FOR PRIVACY","REDACTED FOR PRIVACY","REDACTED FOR PRIVACY","REDACTED FOR PRIVACY","REDACTED FOR PRIVACY","REDACTED FOR PRIVACY","REDACTED FOR PRIVACY","REDACTED FOR PRIVACY","","REDACTED FOR PRIVACY","REDACTED FOR PRIVACY","","","","","","","","","","","ns5141.webempresa.eu","ns5142.webempresa.eu","","","OK","","",""
"44","losdexvideos.com","2019-12-03 16:42:05","2019-12-02","2019-12-02","2020-12-02","146","GoDaddy.com, LLC","whois.godaddy.com","http://registrar.godaddy.com","","","","","Metropolitana","","Chile","","","","","","","","","","","","","","","","","","","","","","","","","","","","","","","","","","ns27.domaincontrol.com","ns28.domaincontrol.com","","","clientDeleteProhibited","clientRenewProhibited","clientTransferProhibited","clientUpdateProhibited"
"45","martinaolivares.com","2019-12-03 19:09:17","2019-12-02","2019-12-02","2020-12-02","1647","Hosting Concepts B.V. dba Openprovider","whois.registrar.eu","http://www.openprovider.com","REDACTED FOR PRIVACY","","REDACTED FOR PRIVACY","REDACTED FOR PRIVACY","","REDACTED FOR PRIVACY","Chile","","REDACTED FOR PRIVACY","REDACTED FOR PRIVACY","REDACTED FOR PRIVACY","REDACTED FOR PRIVACY","REDACTED FOR PRIVACY","REDACTED FOR PRIVACY","REDACTED FOR PRIVACY","REDACTED FOR PRIVACY","REDACTED FOR PRIVACY","","REDACTED FOR PRIVACY","REDACTED FOR PRIVACY","REDACTED FOR PRIVACY","REDACTED FOR PRIVACY","REDACTED FOR PRIVACY","REDACTED FOR PRIVACY","REDACTED FOR PRIVACY","REDACTED FOR PRIVACY","REDACTED FOR PRIVACY","","REDACTED FOR PRIVACY","REDACTED FOR PRIVACY","","","","","","","","","","","ns1.hostname.cl","ns2.hostname.cl","ns3.hostname.cl","ns4.hostname.cl","clientTransferProhibited","ok","",""
"46","mejorencrucero.com","2019-12-03 14:16:37","2019-12-01","2019-12-01","2021-12-01","146","GoDaddy.com, LLC","whois.godaddy.com","http://registrar.godaddy.com","","","","","Metropolitana","","Chile","","","","","","","","","","","","","","","","","","","","","","","","","","","","","","","","","","ns27.domaincontrol.com","ns28.domaincontrol.com","","","clientDeleteProhibited","clientRenewProhibited","clientTransferProhibited","clientUpdateProhibited"
"47","mitrueke.com","2019-12-03 17:52:41","2019-12-02","2019-12-02","2020-12-02","1086","Marcaria.com International, Inc.","whois.melbourneit.com","http://www.melbourneit.com","Claudio Palacios","","Cristobal Colon 7.000 Depto.L63","Las Condes","Region Metropolitana","7570416","Chile","claudiopalaciosnebot@gmail.com","+56.997334455","","Claudio Palacios","","Cristobal Colon 7.000 Depto.L63","Las Condes","Region Metropolitana","7570416","Chile","claudiopalaciosnebot@gmail.com","+56.997334455","","Domain Manager","Marcaria.com LLC","8345 NW 66 ST #B1673","Miami","Florida","33195","United States","domains@marcaria.com","+1.3054348621","","","","","","","","","","","","ns01.trademarkarea.com","ns02.trademarkarea.com","ns03.trademarkarea.com","","clientTransferProhibited","","",""
"48","mulatinolatam.com","2019-12-03 14:41:37","2019-12-02","2019-12-02","2020-12-02","146","GoDaddy.com, LLC","whois.godaddy.com","http://registrar.godaddy.com","Servidor Mu Online","Servidor Mu Online","","","Arica y Parinacota","","Chile","","","","","","","","","","","","","","","","","","","","","","","","","","","","","","","","","","ns1.dns-premium.net","ns2.dns-premium.net","","","clientDeleteProhibited","clientRenewProhibited","clientTransferProhibited","clientUpdateProhibited"
"49","nelmoy.com","2019-12-03 14:29:26","2019-12-02","2019-12-02","2020-12-02","146","GoDaddy.com, LLC","whois.godaddy.com","http://registrar.godaddy.com","","","","","Metropolitana","","Chile","","","","","","","","","","","","","","","","","","","","","","","","","","","","","","","","","","ns27.domaincontrol.com","ns28.domaincontrol.com","","","clientDeleteProhibited","clientRenewProhibited","clientTransferProhibited","clientUpdateProhibited"
"50","nuevochile.com","2019-12-03 14:20:30","2019-12-02","2019-12-02","2020-12-02","146","GoDaddy.com, LLC","whois.godaddy.com","http://registrar.godaddy.com","","","","","RM","","Chile","","","","","","","","","","","","","","","","","","","","","","","","","","","","","","","","","","ns27.domaincontrol.com","ns28.domaincontrol.com","","","clientDeleteProhibited","clientRenewProhibited","clientTransferProhibited","clientUpdateProhibited"
"51","nuevopactoverde.com","2019-12-03 18:43:22","2019-12-02","2019-12-02","2021-12-02","146","GoDaddy.com, LLC","whois.godaddy.com","http://registrar.godaddy.com","Empresa Neptuno Ind. Com. Ltda.","Empresa Neptuno Ind. Com. Ltda.","","","Tarapaca","","Chile","","","","","","","","","","","","","","","","","","","","","","","","","","","","","","","","","","ns27.domaincontrol.com","ns28.domaincontrol.com","","","clientDeleteProhibited","clientRenewProhibited","clientTransferProhibited","clientUpdateProhibited"
"52","nuno.guru","2019-12-03 17:10:22","2019-12-02","2019-12-02","2020-12-02","146","GoDaddy.com, LLC","whois.godaddy.com","http://registrar.godaddy.com","REDACTED FOR PRIVACY","","REDACTED FOR PRIVACY","REDACTED FOR PRIVACY","metropolitana","REDACTED FOR PRIVACY","Chile","","REDACTED FOR PRIVACY","REDACTED FOR PRIVACY","","","","","","","","","","","","","","","","","","","","","","","","","","","","","","","","","","","addPeriod","clientDeleteProhibited","clientRenewProhibited","clientTransferProhibited"
"53","nutrisoluciones.com","2019-12-03 14:29:53","2019-12-02","2019-12-02","2020-12-02","303","PDR Ltd. d/b/a PublicDomainRegistry.com","whois.publicdomainregistry.com","http://www.publicdomainregistry.com","Josefa Catalina Melendez Aravena","","Santa elvira , 8384 La florida","La Florida","RM","8150215","Chile","josefa.melendez.a@gmail.com","+56.984272570","","Josefa Catalina Melendez Aravena","","Santa elvira , 8384 La florida","La Florida","RM","8150215","Chile","josefa.melendez.a@gmail.com","+56.984272570","","Josefa Catalina Melendez Aravena","","Santa elvira , 8384 La florida","La Florida","RM","8150215","Chile","josefa.melendez.a@gmail.com","+56.984272570","","","","","","","","","","","","ns16.hostgator.cl","ns17.hostgator.cl","","","clientTransferProhibited","","",""
"54","oncocel.com","2019-12-03 16:34:53","2019-12-01","2019-12-01","2020-12-01","1086","Marcaria.com International, Inc.","whois.melbourneit.com","http://www.melbourneit.com","Domain Manager","BIOCLAS","San Martin 870, of 102","Concepcion","BIOBIO","4070143","Chile","drg@bioclas.cl","+41.2747330","","Domain Manager","BIOCLAS","San Martin 870, of 102","Concepcion","BIOBIO","4070143","Chile","drg@bioclas.cl","+41.2747330","","Domain Manager","Marcaria.com LLC","8345 NW 66 ST #B1673","Miami","Florida","33195","United States","domains@marcaria.com","+1.3054348621","","","","","","","","","","","","ns1.bluehost.com","ns2.bluehost.com","","","clientTransferProhibited","","",""
"55","oncocit.com","2019-12-03 18:53:57","2019-12-01","2019-12-01","2020-12-01","1086","Marcaria.com International, Inc.","whois.melbourneit.com","http://www.melbourneit.com","Domain Manager","BIOCLAS","San Martin 870, of 102","Concepcion","BIOBIO","4070143","Chile","drg@bioclas.cl","+41.2747330","","Domain Manager","BIOCLAS","San Martin 870, of 102","Concepcion","BIOBIO","4070143","Chile","drg@bioclas.cl","+41.2747330","","Domain Manager","Marcaria.com LLC","8345 NW 66 ST #B1673","Miami","Florida","33195","United States","domains@marcaria.com","+1.3054348621","","","","","","","","","","","","ns1.bluehost.com","ns2.bluehost.com","","","clientTransferProhibited","","",""
"56","oncogenica.com","2019-12-03 18:13:12","2019-12-01","2019-12-01","2020-12-01","1086","Marcaria.com International, Inc.","whois.melbourneit.com","http://www.melbourneit.com","Domain Manager","BIOCLAS","San Martin 870, of 102","Concepcion","BIOBIO","4070143","Chile","drg@bioclas.cl","+41.2747330","","Domain Manager","BIOCLAS","San Martin 870, of 102","Concepcion","BIOBIO","4070143","Chile","drg@bioclas.cl","+41.2747330","","Domain Manager","Marcaria.com LLC","8345 NW 66 ST #B1673","Miami","Florida","33195","United States","domains@marcaria.com","+1.3054348621","","","","","","","","","","","","ns1.bluehost.com","ns2.bluehost.com","","","clientTransferProhibited","","",""
"57","oncomol.com","2019-12-03 17:43:00","2019-12-01","2019-12-01","2020-12-01","1086","Marcaria.com International, Inc.","whois.melbourneit.com","http://www.melbourneit.com","Domain Manager","BIOCLAS","San Martin 870, of 102","Concepcion","BIOBIO","4070143","Chile","drg@bioclas.cl","+41.2747330","","Domain Manager","BIOCLAS","San Martin 870, of 102","Concepcion","BIOBIO","4070143","Chile","drg@bioclas.cl","+41.2747330","","Domain Manager","Marcaria.com LLC","8345 NW 66 ST #B1673","Miami","Florida","33195","United States","domains@marcaria.com","+1.3054348621","","","","","","","","","","","","ns1.bluehost.com","ns2.bluehost.com","","","clientTransferProhibited","","",""
"58","paginaswebschile.com","2019-12-03 14:46:23","2019-12-01","2019-12-01","2020-12-01","146","GoDaddy.com, LLC","whois.godaddy.com","http://registrar.godaddy.com","Bump Media","Bump Media","","","Metropolitana","","Chile","","","","","","","","","","","","","","","","","","","","","","","","","","","","","","","","","","ns1.miwebdns.net","ns2.miwebdns.net","ns3.miwebdns.net","","clientDeleteProhibited","clientRenewProhibited","clientTransferProhibited","clientUpdateProhibited"
"59","pindemosweb.com","2019-12-03 15:13:27","2019-12-02","2019-12-02","2020-12-02","886","Domain.com, LLC","whois.domain.com","http://www.domain.com","REDACTED FOR PRIVACY","REDACTED FOR PRIVACY","REDACTED FOR PRIVACY","REDACTED FOR PRIVACY","NA","REDACTED FOR PRIVACY","Chile","","REDACTED FOR PRIVACY","REDACTED FOR PRIVACY","REDACTED FOR PRIVACY","REDACTED FOR PRIVACY","REDACTED FOR PRIVACY","REDACTED FOR PRIVACY","REDACTED FOR PRIVACY","REDACTED FOR PRIVACY","REDACTED FOR PRIVACY","","REDACTED FOR PRIVACY","REDACTED FOR PRIVACY","REDACTED FOR PRIVACY","REDACTED FOR PRIVACY","REDACTED FOR PRIVACY","REDACTED FOR PRIVACY","REDACTED FOR PRIVACY","REDACTED FOR PRIVACY","REDACTED FOR PRIVACY","","REDACTED FOR PRIVACY","REDACTED FOR PRIVACY","","","","","","","","","","","ns1.domain.com","ns2.domain.com","","","","","",""
"60","protecsportjm.com","2019-12-03 19:12:24","2019-12-02","2019-12-02","2020-12-02","3817","Wix.com Ltd.","","","Marcelina Aillapan","Marcelina Aillapan","Diagonal los castanos 5836","Santiago","RM","7591538","Chile","protecsportjm.com@wix-domains.com","+1.4159496022","","Marcelina Aillapan","Marcelina Aillapan","Diagonal los castanos 5836","Santiago","RM","7591538","Chile","jorgemartinez@live.cl","+56.995250664","","Marcelina Aillapan","Marcelina Aillapan","Diagonal los castanos 5836","Santiago","RM","7591538","Chile","jorgemartinez@live.cl","+56.995250664","","","","","","","","","","","","ns2.wixdns.net","ns3.wixdns.net","","","clientTransferProhibited","clientUpdateProhibited","",""
"61","pumpsasaservice.com","2019-12-03 16:38:33","2019-12-02","2019-12-02","2021-12-02","146","GoDaddy.com, LLC","whois.godaddy.com","http://registrar.godaddy.com","Empresa Neptuno Ind. Com. Ltda.","Empresa Neptuno Ind. Com. Ltda.","","","Tarapaca","","Chile","","","","","","","","","","","","","","","","","","","","","","","","","","","","","","","","","","ns1.am2.siteground.biz","ns2.am2.siteground.biz","","","clientDeleteProhibited","clientRenewProhibited","clientTransferProhibited","clientUpdateProhibited"
"62","rankmi.biz","2019-12-03 18:53:36","2019-11-29","2019-11-29","2020-11-29","146","GoDaddy.com, LLC","whois.godaddy.com","http://registrar.godaddy.com","Rankmi","Rankmi","","","Santiago","","Chile","","","","","","","","","","","","","","","","","","","","","","","","","","","","","","","","","","ns05.domaincontrol.com","ns06.domaincontrol.com","","","addPeriod","clientDeleteProhibited","clientRenewProhibited","clientTransferProhibited"
"63","renewable.digital","2019-12-03 19:09:10","2019-12-02","2019-12-02","2020-12-02","146","GoDaddy.com, LLC","whois.godaddy.com","http://registrar.godaddy.com","REDACTED FOR PRIVACY","Consultora","REDACTED FOR PRIVACY","REDACTED FOR PRIVACY","Santiago","REDACTED FOR PRIVACY","Chile","","REDACTED FOR PRIVACY","REDACTED FOR PRIVACY","","","","","","","","","","","","","","","","","","","","","","","","","","","","","","","","","","","addPeriod","clientDeleteProhibited","clientRenewProhibited","clientTransferProhibited"
"64","rodrigoramirezpino.com","2019-12-03 15:53:25","2019-12-02","2019-12-02","2021-12-02","3817","Wix.com Ltd.","","","ramiro ramirez","ramiro ramirez","julio prado 2075 depto 306 nunoa","santiago","RM","7500000","Chile","rodrigoramirezpino.com@wix-domains.com","+1.4159496022","","ramiro ramirez","ramiro ramirez","julio prado 2075 depto 306 nunoa","santiago","RM","7500000","Chile","social.inclusion@gmail.com","+56.994694079","","ramiro ramirez","ramiro ramirez","julio prado 2075 depto 306 nunoa","santiago","RM","7500000","Chile","social.inclusion@gmail.com","+56.994694079","","","","","","","","","","","","ns12.wixdns.net","ns13.wixdns.net","","","clientTransferProhibited","clientUpdateProhibited","",""
"65","rodrigoru.com","2019-12-03 15:14:34","2019-12-02","2019-12-02","2020-12-02","303","PDR Ltd. d/b/a PublicDomainRegistry.com","whois.publicdomainregistry.com","http://www.publicdomainregistry.com","Rodrigo Gonzalez","","Villa alemana,  Villa alemana Villa Alemana","Villa Alemana","VS","6500000","Chile","rodrigo.a.gonzalez.ru@gmail.com","+56.07091984","","Rodrigo Gonzalez","","Villa alemana,  Villa alemana Villa Alemana","Villa Alemana","VS","6500000","Chile","rodrigo.a.gonzalez.ru@gmail.com","+56.07091984","","Rodrigo Gonzalez","","Villa alemana,  Villa alemana Villa Alemana","Villa Alemana","VS","6500000","Chile","rodrigo.a.gonzalez.ru@gmail.com","+56.07091984","","","","","","","","","","","","ns16.hostgator.cl","ns17.hostgator.cl","","","clientTransferProhibited","","",""
"66","smartspen.com","2019-12-03 14:45:40","2019-12-02","2019-12-02","2020-12-02","379","Arsys Internet, S.L. dba NICLINE.COM","whois.nicline.com","http://www.nicline.com","REDACTED FOR PRIVACY","DISE\u00D1O PAGINAS WEB","REDACTED FOR PRIVACY","REDACTED FOR PRIVACY","regi\u00F3n metropolitana","REDACTED FOR PRIVACY","Chile","whoiscontact@domainconnection.info","REDACTED FOR PRIVACY","REDACTED FOR PRIVACY","REDACTED FOR PRIVACY","REDACTED FOR PRIVACY","REDACTED FOR PRIVACY","REDACTED FOR PRIVACY","REDACTED FOR PRIVACY","REDACTED FOR PRIVACY","REDACTED FOR PRIVACY","whoiscontact@domainconnection.info","REDACTED FOR PRIVACY","REDACTED FOR PRIVACY","REDACTED FOR PRIVACY","REDACTED FOR PRIVACY","REDACTED FOR PRIVACY","REDACTED FOR PRIVACY","REDACTED FOR PRIVACY","REDACTED FOR PRIVACY","REDACTED FOR PRIVACY","whoiscontact@domainconnection.info","REDACTED FOR PRIVACY","REDACTED FOR PRIVACY","","","","","","","","","","","ns1.dns-principal-17.com","ns2.dns-principal-17.com","","","addPeriod","ok","",""
"67","tamayoworknet.com","2019-12-03 15:04:01","2019-12-01","2019-12-01","2020-12-01","1647","Hosting Concepts B.V. dba Openprovider","whois.registrar.eu","http://www.openprovider.com","REDACTED FOR PRIVACY","Inversiones Tamayo SPA","REDACTED FOR PRIVACY","REDACTED FOR PRIVACY","","REDACTED FOR PRIVACY","Chile","","REDACTED FOR PRIVACY","REDACTED FOR PRIVACY","REDACTED FOR PRIVACY","REDACTED FOR PRIVACY","REDACTED FOR PRIVACY","REDACTED FOR PRIVACY","REDACTED FOR PRIVACY","REDACTED FOR PRIVACY","REDACTED FOR PRIVACY","","REDACTED FOR PRIVACY","REDACTED FOR PRIVACY","REDACTED FOR PRIVACY","REDACTED FOR PRIVACY","REDACTED FOR PRIVACY","REDACTED FOR PRIVACY","REDACTED FOR PRIVACY","REDACTED FOR PRIVACY","REDACTED FOR PRIVACY","","REDACTED FOR PRIVACY","REDACTED FOR PRIVACY","","","","","","","","","","","ns21.v2net.cl","ns22.v2net.cl","","","clientTransferProhibited","ok","",""
"68","tanhaus.com","2019-12-03 18:48:43","2019-12-01","2019-12-01","2020-12-01","69","Tucows Domains Inc.","whois.tucows.com","http://domainhelp.opensrs.net","REDACTED FOR PRIVACY","REDACTED FOR PRIVACY","REDACTED FOR PRIVACY","REDACTED FOR PRIVACY","XX","REDACTED FOR PRIVACY","Chile","","REDACTED FOR PRIVACY","REDACTED FOR PRIVACY","REDACTED FOR PRIVACY","REDACTED FOR PRIVACY","REDACTED FOR PRIVACY","REDACTED FOR PRIVACY","REDACTED FOR PRIVACY","REDACTED FOR PRIVACY","REDACTED FOR PRIVACY","","REDACTED FOR PRIVACY","REDACTED FOR PRIVACY","REDACTED FOR PRIVACY","REDACTED FOR PRIVACY","REDACTED FOR PRIVACY","REDACTED FOR PRIVACY","REDACTED FOR PRIVACY","REDACTED FOR PRIVACY","REDACTED FOR PRIVACY","","REDACTED FOR PRIVACY","REDACTED FOR PRIVACY","","","","","","","","","","","ns1.giow1021.siteground.us","ns2.giow1021.siteground.us","","","clientTransferProhibited","clientUpdateProhibited","",""
"69","whereislana.com","2019-12-03 16:26:00","2019-12-02","2019-12-02","2020-12-02","303","PDR Ltd. d/b/a PublicDomainRegistry.com","whois.publicdomainregistry.com","http://www.publicdomainregistry.com","Eduardo Navarro","","General Jofre 180","Santiago","Metropolitana","8320000","Chile","eduardoy2j@gmail.com","+56.941401600","","Eduardo Navarro","","General Jofre 180","Santiago","Metropolitana","8320000","Chile","eduardoy2j@gmail.com","+56.941401600","","Eduardo Navarro","","General Jofre 180","Santiago","Metropolitana","8320000","Chile","eduardoy2j@gmail.com","+56.941401600","","","","","","","","","","","","ns1.pymedns.net","ns2.pymedns.net","ns3.pymedns.net","","clientTransferProhibited","","",""
"70","xn--tuspestaas-09a.com","2019-12-03 17:18:36","2019-12-02","2019-12-02","2020-12-02","303","PDR Ltd. d/b/a PublicDomainRegistry.com","whois.publicdomainregistry.com","http://www.publicdomainregistry.com","Reinaldo Zurita","Zetalabs.cl","Independencia 740 depto. 218","Santiago","Santiago","8380515","Chile","reinaldo.c.zurita@gmail.com","+56.56990329250","","Reinaldo Zurita","Zetalabs.cl","Independencia 740 depto. 218","Santiago","Santiago","8380515","Chile","reinaldo.c.zurita@gmail.com","+56.56990329250","","Reinaldo Zurita","Zetalabs.cl","Independencia 740 depto. 218","Santiago","Santiago","8380515","Chile","reinaldo.c.zurita@gmail.com","+56.56990329250","","","","","","","","","","","","dns3.parkpage.foundationapi.com","dns4.parkpage.foundationapi.com","","","clientTransferProhibited","","",""
"71","y-innovations.com","2019-12-03 15:53:22","2019-12-01","2019-12-01","2020-12-01","146","GoDaddy.com, LLC","whois.godaddy.com","http://registrar.godaddy.com","y innovations","y innovations","","","Metropolitana","","Chile","","","","","","","","","","","","","","","","","","","","","","","","","","","","","","","","","","ns1.miwebdns.net","ns2.miwebdns.net","ns3.miwebdns.net","","clientDeleteProhibited","clientRenewProhibited","clientTransferProhibited","clientUpdateProhibited"
"72","zonasingluten.com","2019-12-03 14:18:53","2019-12-01","2019-12-01","2020-12-01","146","GoDaddy.com, LLC","whois.godaddy.com","http://registrar.godaddy.com","","","","","Region Metropolitana","","Chile","","","","","","","","","","","","","","","","","","","","","","","","","","","","","","","","","","ns27.domaincontrol.com","ns28.domaincontrol.com","","","clientDeleteProhibited","clientRenewProhibited","clientTransferProhibited","clientUpdateProhibited"