"num","domain_name","query_time","create_date","update_date","expiry_date","domain_registrar_id","domain_registrar_name","domain_registrar_whois","domain_registrar_url","registrant_name","registrant_company","registrant_address","registrant_city","registrant_state","registrant_zip","registrant_country","registrant_email","registrant_phone","registrant_fax","administrative_name","administrative_company","administrative_address","administrative_city","administrative_state","administrative_zip","administrative_country","administrative_email","administrative_phone","administrative_fax","technical_name","technical_company","technical_address","technical_city","technical_state","technical_zip","technical_country","technical_email","technical_phone","technical_fax","billing_name","billing_company","billing_address","billing_city","billing_state","billing_zip","billing_country","billing_email","billing_phone","billing_fax","name_server_1","name_server_2","name_server_3","name_server_4","domain_status_1","domain_status_2","domain_status_3","domain_status_4"
"1","abopins.com","2019-12-03 15:31:35","2019-12-01","2019-12-01","2020-12-01","303","PDR Ltd. d/b/a PublicDomainRegistry.com","whois.publicdomainregistry.com","http://www.publicdomainregistry.com","Erick Jose Solano Diaz","KYBALY","Higuito, Encinales, Barrio San Jose, Calle Laguna. 1 Klm al Sur de la Iglesia Catolica... en Hacienda Laguna.","Desamparados, San Miguel","San Jose","10302","Costa Rica","contacto@erick-solano.com","+506.88222450","","Erick Jose Solano Diaz","KYBALY","Higuito, Encinales, Barrio San Jose, Calle Laguna. 1 Klm al Sur de la Iglesia Catolica... en Hacienda Laguna.","Desamparados, San Miguel","San Jose","10302","Costa Rica","contacto@erick-solano.com","+506.88222450","","Erick Jose Solano Diaz","KYBALY","Higuito, Encinales, Barrio San Jose, Calle Laguna. 1 Klm al Sur de la Iglesia Catolica... en Hacienda Laguna.","Desamparados, San Miguel","San Jose","10302","Costa Rica","contacto@erick-solano.com","+506.88222450","","","","","","","","","","","","ns1.sitiosrapidos.com","ns2.sitiosrapidos.com","","","clientTransferProhibited","","",""
"2","biacr.com","2019-12-03 16:11:39","2019-12-01","2019-12-01","2020-12-01","146","GoDaddy.com, LLC","whois.godaddy.com","http://registrar.godaddy.com","","","","","San Jose","","Costa Rica","","","","","","","","","","","","","","","","","","","","","","","","","","","","","","","","","","ns27.domaincontrol.com","ns28.domaincontrol.com","","","clientDeleteProhibited","clientRenewProhibited","clientTransferProhibited","clientUpdateProhibited"
"3","bonosclimaticos.com","2019-12-03 19:10:30","2019-12-02","2019-12-02","2020-12-02","146","GoDaddy.com, LLC","whois.godaddy.com","http://registrar.godaddy.com","CRIG Golden Lands","CRIG Golden Lands","","","ALAJUELA","","Costa Rica","","","","","","","","","","","","","","","","","","","","","","","","","","","","","","","","","","ns27.domaincontrol.com","ns28.domaincontrol.com","","","clientDeleteProhibited","clientRenewProhibited","clientTransferProhibited","clientUpdateProhibited"
"4","bonosdecambioclimatico.com","2019-12-03 17:52:38","2019-12-02","2019-12-02","2020-12-02","146","GoDaddy.com, LLC","whois.godaddy.com","http://registrar.godaddy.com","CRIG Golden Lands","CRIG Golden Lands","","","ALAJUELA","","Costa Rica","","","","","","","","","","","","","","","","","","","","","","","","","","","","","","","","","","ns27.domaincontrol.com","ns28.domaincontrol.com","","","clientDeleteProhibited","clientRenewProhibited","clientTransferProhibited","clientUpdateProhibited"
"5","calulacr.com","2019-12-03 17:14:13","2019-12-02","2019-12-02","2022-12-02","3817","Wix.com Ltd.","","","lara goldberg","lara goldberg","cruce escazu carretera santa ana","san jose","SJ","10203","Costa Rica","calulacr.com@wix-domains.com","+1.4159496022","","lara goldberg","lara goldberg","cruce escazu carretera santa ana","san jose","SJ","10203","Costa Rica","calulacostarica@gmail.com","+506.88341682","","lara goldberg","lara goldberg","cruce escazu carretera santa ana","san jose","SJ","10203","Costa Rica","calulacostarica@gmail.com","+506.88341682","","","","","","","","","","","","ns14.wixdns.net","ns15.wixdns.net","","","clientTransferProhibited","clientUpdateProhibited","",""
"6","cefalp.com","2019-12-03 14:26:50","2019-12-01","2019-12-01","2021-12-01","146","GoDaddy.com, LLC","whois.godaddy.com","http://registrar.godaddy.com","ELENAfisioterapia","ELENAfisioterapia","","","Alajuela","","Costa Rica","","","","","","","","","","","","","","","","","","","","","","","","","","","","","","","","","","ns27.domaincontrol.com","ns28.domaincontrol.com","","","clientDeleteProhibited","clientRenewProhibited","clientTransferProhibited","clientUpdateProhibited"
"7","ciscosolucionesrd.com","2019-12-03 14:41:33","2019-12-02","2019-12-02","2020-12-02","146","GoDaddy.com, LLC","whois.godaddy.com","http://registrar.godaddy.com","","","","","San Jose","","Costa Rica","","","","","","","","","","","","","","","","","","","","","","","","","","","","","","","","","","ns14.wixdns.net","ns15.wixdns.net","","","clientDeleteProhibited","clientRenewProhibited","clientTransferProhibited","clientUpdateProhibited"
"8","codigus.com","2019-12-03 17:21:00","2019-12-01","2019-12-01","2020-12-01","625","Name.com, Inc.","whois.name.com","http://www.name.com","Ivan Castro","","Heredia","Heredia","Heredia","1000","Costa Rica","decodewarecom@gmail.com","+506.88888888","","Ivan Castro","","Heredia","Heredia","Heredia","1000","Costa Rica","decodewarecom@gmail.com","+506.88888888","","Ivan Castro","","Heredia","Heredia","Heredia","1000","Costa Rica","decodewarecom@gmail.com","+506.88888888","","","","","","","","","","","","ns1.mddservices.com","ns2.mddservices.com","ns3.mddservices.com","","addPeriod","clientTransferProhibited","",""
"9","contacostarica.com","2019-12-03 15:38:58","2019-12-02","2019-12-02","2020-12-02","146","GoDaddy.com, LLC","whois.godaddy.com","http://registrar.godaddy.com","","","","","Costa Rica","","Costa Rica","","","","","","","","","","","","","","","","","","","","","","","","","","","","","","","","","","ns27.domaincontrol.com","ns28.domaincontrol.com","","","clientDeleteProhibited","clientRenewProhibited","clientTransferProhibited","clientUpdateProhibited"
"10","elenafisioterapia.com","2019-12-03 15:43:45","2019-12-01","2019-12-01","2021-12-01","146","GoDaddy.com, LLC","whois.godaddy.com","http://registrar.godaddy.com","ELENAfisioterapia","ELENAfisioterapia","","","Alajuela","","Costa Rica","","","","","","","","","","","","","","","","","","","","","","","","","","","","","","","","","","ns27.domaincontrol.com","ns28.domaincontrol.com","","","clientDeleteProhibited","clientRenewProhibited","clientTransferProhibited","clientUpdateProhibited"
"11","emocionalmentecr.com","2019-12-03 17:41:57","2019-12-02","2019-12-02","2020-12-02","146","GoDaddy.com, LLC","whois.godaddy.com","http://registrar.godaddy.com","","","","","San Jose","","Costa Rica","","","","","","","","","","","","","","","","","","","","","","","","","","","","","","","","","","ns27.domaincontrol.com","ns28.domaincontrol.com","","","clientDeleteProhibited","clientRenewProhibited","clientTransferProhibited","clientUpdateProhibited"
"12","experienciasmkp.com","2019-12-03 14:56:38","2019-12-02","2019-12-02","2020-12-02","146","GoDaddy.com, LLC","whois.godaddy.com","http://registrar.godaddy.com","EL Jocote","EL Jocote","","","San Jose","","Costa Rica","","","","","","","","","","","","","","","","","","","","","","","","","","","","","","","","","","ns27.domaincontrol.com","ns28.domaincontrol.com","","","clientDeleteProhibited","clientRenewProhibited","clientTransferProhibited","clientUpdateProhibited"
"13","experienciatol.com","2019-12-03 16:50:32","2019-12-01","2019-12-01","2020-12-01","146","GoDaddy.com, LLC","whois.godaddy.com","http://registrar.godaddy.com","TOL","TOL","","","SAN JOSE","","Costa Rica","","","","","","","","","","","","","","","","","","","","","","","","","","","","","","","","","","ns27.domaincontrol.com","ns28.domaincontrol.com","","","clientDeleteProhibited","clientRenewProhibited","clientTransferProhibited","clientUpdateProhibited"
"14","gabllery.com","2019-12-03 18:16:00","2019-12-01","2019-12-01","2021-12-01","146","GoDaddy.com, LLC","whois.godaddy.com","http://registrar.godaddy.com","","","","","Cuidad Colon","","Costa Rica","","","","","","","","","","","","","","","","","","","","","","","","","","","","","","","","","","ns27.domaincontrol.com","ns28.domaincontrol.com","","","clientDeleteProhibited","clientRenewProhibited","clientTransferProhibited","clientUpdateProhibited"
"15","getampl.com","2019-12-03 14:36:14","2019-12-02","2019-12-02","2020-12-02","146","GoDaddy.com, LLC","whois.godaddy.com","http://registrar.godaddy.com","","","","","San Jose","","Costa Rica","","","","","","","","","","","","","","","","","","","","","","","","","","","","","","","","","","ns27.domaincontrol.com","ns28.domaincontrol.com","","","clientDeleteProhibited","clientRenewProhibited","clientTransferProhibited","clientUpdateProhibited"
"16","hogarcentrovictorvargas.com","2019-12-03 15:10:34","2019-12-01","2019-12-01","2020-12-01","48","eNom, Inc.","whois.enom.com","http://www.enom.com","REDACTED FOR PRIVACY","REDACTED FOR PRIVACY","REDACTED FOR PRIVACY","REDACTED FOR PRIVACY","Alajuela","REDACTED FOR PRIVACY","Costa Rica","","REDACTED FOR PRIVACY","REDACTED FOR PRIVACY","REDACTED FOR PRIVACY","REDACTED FOR PRIVACY","REDACTED FOR PRIVACY","REDACTED FOR PRIVACY","REDACTED FOR PRIVACY","REDACTED FOR PRIVACY","REDACTED FOR PRIVACY","","REDACTED FOR PRIVACY","REDACTED FOR PRIVACY","REDACTED FOR PRIVACY","REDACTED FOR PRIVACY","REDACTED FOR PRIVACY","REDACTED FOR PRIVACY","REDACTED FOR PRIVACY","REDACTED FOR PRIVACY","REDACTED FOR PRIVACY","","REDACTED FOR PRIVACY","REDACTED FOR PRIVACY","","","","","","","","","","","ns1.a2hosting.com","ns2.a2hosting.com","ns3.a2hosting.com","ns4.a2hosting.com","addPeriod","clientTransferProhibited","",""
"17","iamsowl.com","2019-12-03 17:03:51","2019-12-02","2019-12-02","2020-12-02","146","GoDaddy.com, LLC","whois.godaddy.com","http://registrar.godaddy.com","","","","","San Jose","","Costa Rica","","","","","","","","","","","","","","","","","","","","","","","","","","","","","","","","","","ns27.domaincontrol.com","ns28.domaincontrol.com","","","clientDeleteProhibited","clientRenewProhibited","clientTransferProhibited","clientUpdateProhibited"
"18","imperialdecksandfences.com","2019-12-03 16:46:38","2019-12-02","2019-12-02","2020-12-02","146","GoDaddy.com, LLC","whois.godaddy.com","http://registrar.godaddy.com","","","","","San Jose","","Costa Rica","","","","","","","","","","","","","","","","","","","","","","","","","","","","","","","","","","ns27.domaincontrol.com","ns28.domaincontrol.com","","","clientDeleteProhibited","clientRenewProhibited","clientTransferProhibited","clientUpdateProhibited"
"19","intergroupmail.com","2019-12-03 14:25:21","2019-12-02","2019-12-02","2020-12-02","146","GoDaddy.com, LLC","whois.godaddy.com","http://registrar.godaddy.com","INTERGROUP","INTERGROUP","","","Santo Domingo","","Costa Rica","","","","","","","","","","","","","","","","","","","","","","","","","","","","","","","","","","ns27.domaincontrol.com","ns28.domaincontrol.com","","","clientDeleteProhibited","clientRenewProhibited","clientTransferProhibited","clientUpdateProhibited"
"20","inversionesgycpcs.com","2019-12-03 17:02:48","2019-12-01","2019-12-01","2020-12-01","146","GoDaddy.com, LLC","whois.godaddy.com","http://registrar.godaddy.com","Inversiones GYC PCS","Inversiones GYC PCS","","","Heredia","","Costa Rica","","","","","","","","","","","","","","","","","","","","","","","","","","","","","","","","","","ns27.domaincontrol.com","ns28.domaincontrol.com","","","clientDeleteProhibited","clientRenewProhibited","clientTransferProhibited","clientUpdateProhibited"
"21","lenguinespizza.com","2019-12-03 16:17:34","2019-12-02","2019-12-02","2020-12-02","955","Launchpad, Inc.","whois.launchpad.com","http://www.launchpad.com","Cesar Aguero","None","Santa Ana Pozos","Santa Ana","1","10903","Costa Rica","julaos7777@outlook.com","+506.84335691","","Cesar Aguero","None","Santa Ana Pozos","Santa Ana","1","10903","Costa Rica","julaos7777@outlook.com","+506.84335691","","Cesar Aguero","None","Santa Ana Pozos","Santa Ana","1","10903","Costa Rica","julaos7777@outlook.com","+506.84335691","","","","","","","","","","","","ns3703.hostgator.com","ns3704.hostgator.com","","","clientTransferProhibited","","",""
"22","manuel-alcalde.com","2019-12-03 16:05:29","2019-12-02","2019-12-02","2020-12-02","146","GoDaddy.com, LLC","whois.godaddy.com","http://registrar.godaddy.com","","","","","Heredia","","Costa Rica","","","","","","","","","","","","","","","","","","","","","","","","","","","","","","","","","","ns27.domaincontrol.com","ns28.domaincontrol.com","","","clientDeleteProhibited","clientRenewProhibited","clientTransferProhibited","clientUpdateProhibited"
"23","microwagers.com","2019-12-03 17:00:37","2019-12-01","2019-12-01","2020-12-01","146","GoDaddy.com, LLC","whois.godaddy.com","http://registrar.godaddy.com","United Toledo Trading S.A.","United Toledo Trading S.A.","","","San Jose","","Costa Rica","","","","","","","","","","","","","","","","","","","","","","","","","","","","","","","","","","ns27.domaincontrol.com","ns28.domaincontrol.com","","","clientDeleteProhibited","clientRenewProhibited","clientTransferProhibited","clientUpdateProhibited"
"24","mydentistcr.com","2019-12-03 18:49:19","2019-12-02","2019-12-02","2020-12-02","146","GoDaddy.com, LLC","whois.godaddy.com","http://registrar.godaddy.com","Susana Morales Uribe","Susana Morales Uribe","","","Cartago","","Costa Rica","","","","","","","","","","","","","","","","","","","","","","","","","","","","","","","","","","ns27.domaincontrol.com","ns28.domaincontrol.com","","","clientDeleteProhibited","clientRenewProhibited","clientTransferProhibited","clientUpdateProhibited"
"25","oscarsonco.com","2019-12-03 15:27:49","2019-12-02","2019-12-02","2020-12-02","146","GoDaddy.com, LLC","whois.godaddy.com","http://registrar.godaddy.com","SOLUCIONES INFORMATICAS","","La Uruca, del Hotel Iraza 100 mts Est","San Jose","SJO","776155","Costa Rica","domains@cyberfuel.com","+506.25047094","+506.22049495","Cyberfuel Administrator","Cyberfuel S.A.","Parque Empresarial Forum Edif. E 2do. piso","San Jose","SJO","776155","Costa Rica","domains@cyberfuel.com","+506.22049494","+506.22049495","Cyberfuel Administrator","Cyberfuel S.A.","Parque Empresarial Forum Edif. E 2do. piso","San Jose","SJO","776155","Costa Rica","domains@cyberfuel.com","+506.22049494","+506.22049495","","","","","","","","","","","ns27.domaincontrol.com","ns28.domaincontrol.com","","","clientDeleteProhibited","clientRenewProhibited","clientTransferProhibited","clientUpdateProhibited"
"26","plandenegociosgenerador.com","2019-12-03 15:59:42","2019-12-02","2019-12-02","2020-12-02","1636","Hostinger, UAB","whois.hostinger.com","http://www.hostinger.com","Marta Ivannia","Marta Ivannia Calderon Montero","500 sur de Volcafe","Aserri","San Jose","10106","Costa Rica","cmivannia@gmail.com","+506.83591996","","Marta Ivannia","Marta Ivannia Calderon Montero","500 sur de Volcafe","Aserri","San Jose","10106","Costa Rica","cmivannia@gmail.com","+506.83591996","","Marta Ivannia","Marta Ivannia Calderon Montero","500 sur de Volcafe","Aserri","San Jose","10106","Costa Rica","cmivannia@gmail.com","+506.83591996","","","","","","","","","","","","ns1.dns-parking.com","ns2.dns-parking.com","","","clientTransferProhibited","","",""
"27","prosperidadybienestar.com","2019-12-03 16:30:53","2019-12-02","2019-12-02","2020-12-02","146","GoDaddy.com, LLC","whois.godaddy.com","http://registrar.godaddy.com","SOLUCIONES INFORMATICAS","","La Uruca, del Hotel Iraza 100 mts Est","San Jose","SJO","776155","Costa Rica","domains@cyberfuel.com","+506.25047094","+506.22049495","Cyberfuel Administrator","Cyberfuel S.A.","Parque Empresarial Forum Edif. E 2do. piso","San Jose","SJO","776155","Costa Rica","domains@cyberfuel.com","+506.22049494","+506.22049495","Cyberfuel Administrator","Cyberfuel S.A.","Parque Empresarial Forum Edif. E 2do. piso","San Jose","SJO","776155","Costa Rica","domains@cyberfuel.com","+506.22049494","+506.22049495","","","","","","","","","","","ns27.domaincontrol.com","ns28.domaincontrol.com","","","clientDeleteProhibited","clientRenewProhibited","clientTransferProhibited","clientUpdateProhibited"
"28","push27.com","2019-12-03 15:32:07","2019-12-02","2019-12-02","2020-12-02","955","Launchpad, Inc.","whois.launchpad.com","http://www.launchpad.com","Rosy Chinchilla","None","Calle Faustino, Montes de Oca, Sj, Costa Rica","San Jose","1","11801","Costa Rica","contactopush27@gmail.com","+506.83163254","","Rosy Chinchilla","None","Calle Faustino, Montes de Oca, Sj, Costa Rica","San Jose","1","11801","Costa Rica","contactopush27@gmail.com","+506.83163254","","Rosy Chinchilla","None","Calle Faustino, Montes de Oca, Sj, Costa Rica","San Jose","1","11801","Costa Rica","contactopush27@gmail.com","+506.83163254","","","","","","","","","","","","ns8119.hostgator.com","ns8120.hostgator.com","","","clientTransferProhibited","","",""
"29","retotamaleropan.com","2019-12-03 14:28:31","2019-12-02","2019-12-02","2020-12-02","146","GoDaddy.com, LLC","whois.godaddy.com","http://registrar.godaddy.com","Ideas MCW S.A","Ideas MCW S.A","","","San Jose","","Costa Rica","","","","","","","","","","","","","","","","","","","","","","","","","","","","","","","","","","ns27.domaincontrol.com","ns28.domaincontrol.com","","","clientDeleteProhibited","clientRenewProhibited","clientTransferProhibited","clientUpdateProhibited"
"30","soportfishingtours.com","2019-12-03 14:42:20","2019-12-01","2019-12-01","2020-12-01","955","Launchpad, Inc.","whois.launchpad.com","http://www.launchpad.com","Valentina Peverali","None","villa ferlito Playa Flamingo, Costa Rica","Santa Cruz","5","50304","Costa Rica","tiburonazulflamingo@gmail.com","+506.87012353","","Valentina Peverali","None","villa ferlito Playa Flamingo, Costa Rica","Santa Cruz","5","50304","Costa Rica","tiburonazulflamingo@gmail.com","+506.87012353","","Valentina Peverali","None","villa ferlito Playa Flamingo, Costa Rica","Santa Cruz","5","50304","Costa Rica","tiburonazulflamingo@gmail.com","+506.87012353","","","","","","","","","","","","ns8267.hostgator.com","ns8268.hostgator.com","","","clientTransferProhibited","","",""
"31","stadium8.com","2019-12-03 15:47:02","2019-12-01","2019-12-01","2020-12-01","69","Tucows Domains Inc.","whois.tucows.com","http://domainhelp.opensrs.net","REDACTED FOR PRIVACY","REDACTED FOR PRIVACY","REDACTED FOR PRIVACY","REDACTED FOR PRIVACY","XX","REDACTED FOR PRIVACY","Costa Rica","","REDACTED FOR PRIVACY","REDACTED FOR PRIVACY","REDACTED FOR PRIVACY","REDACTED FOR PRIVACY","REDACTED FOR PRIVACY","REDACTED FOR PRIVACY","REDACTED FOR PRIVACY","REDACTED FOR PRIVACY","REDACTED FOR PRIVACY","","REDACTED FOR PRIVACY","REDACTED FOR PRIVACY","REDACTED FOR PRIVACY","REDACTED FOR PRIVACY","REDACTED FOR PRIVACY","REDACTED FOR PRIVACY","REDACTED FOR PRIVACY","REDACTED FOR PRIVACY","REDACTED FOR PRIVACY","","REDACTED FOR PRIVACY","REDACTED FOR PRIVACY","","","","","","","","","","","ns1.giow1021.siteground.us","ns2.giow1021.siteground.us","","","clientTransferProhibited","clientUpdateProhibited","",""
"32","terrabafilms.com","2019-12-03 18:09:38","2019-12-02","2019-12-02","2020-12-02","146","GoDaddy.com, LLC","whois.godaddy.com","http://registrar.godaddy.com","Allan Guzman","Allan Guzman","","","San Jose","","Costa Rica","","","","","","","","","","","","","","","","","","","","","","","","","","","","","","","","","","ns21.domaincontrol.com","ns22.domaincontrol.com","","","clientDeleteProhibited","clientRenewProhibited","clientTransferProhibited","clientUpdateProhibited"
"33","thecreativessoul.com","2019-12-03 19:11:04","2019-12-02","2019-12-02","2020-12-02","146","GoDaddy.com, LLC","whois.godaddy.com","http://registrar.godaddy.com","Yurika Studio","Yurika Studio","","","Moravia","","Costa Rica","","","","","","","","","","","","","","","","","","","","","","","","","","","","","","","","","","ns21.domaincontrol.com","ns22.domaincontrol.com","","","clientDeleteProhibited","clientRenewProhibited","clientTransferProhibited","clientUpdateProhibited"
"34","ticonomada.com","2019-12-03 15:03:41","2019-12-02","2019-12-02","2020-12-02","146","GoDaddy.com, LLC","whois.godaddy.com","http://registrar.godaddy.com","","","","","Puntarenas","","Costa Rica","","","","","","","","","","","","","","","","","","","","","","","","","","","","","","","","","","ns27.domaincontrol.com","ns28.domaincontrol.com","","","clientDeleteProhibited","clientRenewProhibited","clientTransferProhibited","clientUpdateProhibited"
"35","venteccr.com","2019-12-03 14:54:03","2019-12-02","2019-12-02","2020-12-02","146","GoDaddy.com, LLC","whois.godaddy.com","http://registrar.godaddy.com","","","","","Alajuela","","Costa Rica","","","","","","","","","","","","","","","","","","","","","","","","","","","","","","","","","","ns1.inmotionhosting.com","ns2.inmotionhosting.com","","","clientDeleteProhibited","clientRenewProhibited","clientTransferProhibited","clientUpdateProhibited"
"36","vgescape.com","2019-12-03 16:04:26","2019-12-01","2019-12-02","2020-12-01","3234","iNET CORPORATION","","","matthieu leblanc","","32 caille la nacion","San jose","SAN JOSE","16001","Costa Rica","matthieuleblanc@protonmail.com","+506.84845856","","matthieu leblanc","","32 caille la nacion","San jose","SAN JOSE","16001","Costa Rica","matthieuleblanc@protonmail.com","+506.84845856","","matthieu leblanc","","32 caille la nacion","San jose","SAN JOSE","16001","Costa Rica","matthieuleblanc@protonmail.com","+506.84845856","","","","","","","","","","","","ns1.interimnameserver.com","ns2.interimnameserver.com","","","clientTransferProhibited","","",""