"num","domain_name","query_time","create_date","update_date","expiry_date","domain_registrar_id","domain_registrar_name","domain_registrar_whois","domain_registrar_url","registrant_name","registrant_company","registrant_address","registrant_city","registrant_state","registrant_zip","registrant_country","registrant_email","registrant_phone","registrant_fax","administrative_name","administrative_company","administrative_address","administrative_city","administrative_state","administrative_zip","administrative_country","administrative_email","administrative_phone","administrative_fax","technical_name","technical_company","technical_address","technical_city","technical_state","technical_zip","technical_country","technical_email","technical_phone","technical_fax","billing_name","billing_company","billing_address","billing_city","billing_state","billing_zip","billing_country","billing_email","billing_phone","billing_fax","name_server_1","name_server_2","name_server_3","name_server_4","domain_status_1","domain_status_2","domain_status_3","domain_status_4"
"1","adria-electronic.com","2019-12-03 18:30:15","2019-12-02","2019-12-02","2020-12-02","303","PDR Ltd. d/b/a PublicDomainRegistry.com","whois.publicdomainregistry.com","http://www.publicdomainregistry.com","GDPR Masked","GDPR Masked","GDPR Masked GDPR Masked GDPR Masked","GDPR Masked","","GDPR Masked","Croatia","gdpr-masking@gdpr-masked.com","+GDPR Masked.GDPR Masked","+GDPR Masked.GDPR Masked","GDPR Masked","GDPR Masked","GDPR Masked GDPR Masked GDPR Masked","GDPR Masked","wielkopolskie","GDPR Masked","Poland","gdpr-masking@gdpr-masked.com","+GDPR Masked.GDPR Masked","+GDPR Masked.GDPR Masked","GDPR Masked","GDPR Masked","GDPR Masked GDPR Masked GDPR Masked","GDPR Masked","","GDPR Masked","Croatia","gdpr-masking@gdpr-masked.com","+GDPR Masked.GDPR Masked","+GDPR Masked.GDPR Masked","","","","","","","","","","","dns1.cdn.hr","dns2.cdn.hr","","","clientTransferProhibited","","",""
"2","adriael.com","2019-12-03 17:28:22","2019-12-02","2019-12-02","2020-12-02","303","PDR Ltd. d/b/a PublicDomainRegistry.com","whois.publicdomainregistry.com","http://www.publicdomainregistry.com","GDPR Masked","GDPR Masked","GDPR Masked GDPR Masked GDPR Masked","GDPR Masked","","GDPR Masked","Croatia","gdpr-masking@gdpr-masked.com","+GDPR Masked.GDPR Masked","+GDPR Masked.GDPR Masked","GDPR Masked","GDPR Masked","GDPR Masked GDPR Masked GDPR Masked","GDPR Masked","wielkopolskie","GDPR Masked","Poland","gdpr-masking@gdpr-masked.com","+GDPR Masked.GDPR Masked","+GDPR Masked.GDPR Masked","GDPR Masked","GDPR Masked","GDPR Masked GDPR Masked GDPR Masked","GDPR Masked","","GDPR Masked","Croatia","gdpr-masking@gdpr-masked.com","+GDPR Masked.GDPR Masked","+GDPR Masked.GDPR Masked","","","","","","","","","","","dns1.cdn.hr","dns2.cdn.hr","","","clientTransferProhibited","","",""
"3","afterallpag.com","2019-12-03 14:36:31","2019-12-01","2019-12-01","2020-12-01","69","Tucows Domains Inc.","whois.tucows.com","http://domainhelp.opensrs.net","REDACTED FOR PRIVACY","REDACTED FOR PRIVACY","REDACTED FOR PRIVACY","REDACTED FOR PRIVACY","XX","REDACTED FOR PRIVACY","Croatia","","REDACTED FOR PRIVACY","REDACTED FOR PRIVACY","REDACTED FOR PRIVACY","REDACTED FOR PRIVACY","REDACTED FOR PRIVACY","REDACTED FOR PRIVACY","REDACTED FOR PRIVACY","REDACTED FOR PRIVACY","REDACTED FOR PRIVACY","","REDACTED FOR PRIVACY","REDACTED FOR PRIVACY","REDACTED FOR PRIVACY","REDACTED FOR PRIVACY","REDACTED FOR PRIVACY","REDACTED FOR PRIVACY","REDACTED FOR PRIVACY","REDACTED FOR PRIVACY","REDACTED FOR PRIVACY","","REDACTED FOR PRIVACY","REDACTED FOR PRIVACY","","","","","","","","","","","ns1.gnld1006.siteground.eu","ns2.gnld1006.siteground.eu","","","clientTransferProhibited","clientUpdateProhibited","",""
"4","alsmartmove.net","2019-12-03 16:30:18","2019-12-02","2019-12-02","2021-12-02","291","DNC Holdings, Inc.","whois.directnic.com","http://www.directnic.com","Radikal d.o.o.","Radikal d.o.o.","","","Sesvete","","Croatia","alsmartmove.net-registrant@directnicwhoiscompliance.com","","","","","","","","","","alsmartmove.net-admin@directnicwhoiscompliance.com","","","","","","","","","","alsmartmove.net-tech@directnicwhoiscompliance.com","","","","","","","","","","","","","ns0.directnic.com","ns1.directnic.com","","","addPeriod","clientDeleteProhibited","clientTransferProhibited","clientUpdateProhibited"
"5","aneris-kif.com","2019-12-03 15:47:20","2019-12-01","2019-12-01","2020-12-01","146","GoDaddy.com, LLC","whois.godaddy.com","http://registrar.godaddy.com","Aneris-Kif d.o.o.","Aneris-Kif d.o.o.","","","Krapinsko-Zagorska Zupanija","","Croatia","","","","","","","","","","","","","","","","","","","","","","","","","","","","","","","","","","ns2.wixdns.net","ns3.wixdns.net","","","clientDeleteProhibited","clientRenewProhibited","clientTransferProhibited","clientUpdateProhibited"
"6","apptaxiboatkorcula.com","2019-12-03 14:40:19","2019-12-02","2019-12-02","2020-12-02","303","PDR Ltd. d/b/a PublicDomainRegistry.com","whois.publicdomainregistry.com","http://www.publicdomainregistry.com","GDPR Masked","GDPR Masked","GDPR Masked GDPR Masked GDPR Masked","GDPR Masked","Dubrovacko-neretvanska","GDPR Masked","Croatia","gdpr-masking@gdpr-masked.com","+GDPR Masked.GDPR Masked","+GDPR Masked.GDPR Masked","GDPR Masked","GDPR Masked","GDPR Masked GDPR Masked GDPR Masked","GDPR Masked","Dubrovacko-neretvanska","GDPR Masked","Croatia","gdpr-masking@gdpr-masked.com","+GDPR Masked.GDPR Masked","+GDPR Masked.GDPR Masked","GDPR Masked","GDPR Masked","GDPR Masked GDPR Masked GDPR Masked","GDPR Masked","Dubrovacko-neretvanska","GDPR Masked","Croatia","gdpr-masking@gdpr-masked.com","+GDPR Masked.GDPR Masked","+GDPR Masked.GDPR Masked","","","","","","","","","","","dns1.goodbarber.com","dns2.goodbarber.com","dns3.goodbarber.com","","clientTransferProhibited","","",""
"7","art-of-pr.com","2019-12-03 18:37:46","2019-12-02","2019-12-02","2021-12-02","146","GoDaddy.com, LLC","whois.godaddy.com","http://registrar.godaddy.com","","","","","Karlovacka Zupanija","","Croatia","","","","","","","","","","","","","","","","","","","","","","","","","","","","","","","","","","ns1.mydataknox.com","ns2.mydataknox.com","","","clientDeleteProhibited","clientRenewProhibited","clientTransferProhibited","clientUpdateProhibited"
"8","boljipokloni.com","2019-12-03 15:46:05","2019-12-02","2019-12-02","2020-12-02","303","PDR Ltd. d/b/a PublicDomainRegistry.com","whois.publicdomainregistry.com","http://www.publicdomainregistry.com","GDPR Masked","GDPR Masked","GDPR Masked GDPR Masked GDPR Masked","GDPR Masked","HR","GDPR Masked","Croatia","gdpr-masking@gdpr-masked.com","+GDPR Masked.GDPR Masked","+GDPR Masked.GDPR Masked","GDPR Masked","GDPR Masked","GDPR Masked GDPR Masked GDPR Masked","GDPR Masked","HR","GDPR Masked","Croatia","gdpr-masking@gdpr-masked.com","+GDPR Masked.GDPR Masked","+GDPR Masked.GDPR Masked","GDPR Masked","GDPR Masked","GDPR Masked GDPR Masked GDPR Masked","GDPR Masked","HR","GDPR Masked","Croatia","gdpr-masking@gdpr-masked.com","+GDPR Masked.GDPR Masked","+GDPR Masked.GDPR Masked","","","","","","","","","","","front.storm.hr","polleo-cp.databox.hr","","","clientTransferProhibited","","",""
"9","boljsadarila.com","2019-12-03 17:14:59","2019-12-02","2019-12-02","2020-12-02","303","PDR Ltd. d/b/a PublicDomainRegistry.com","whois.publicdomainregistry.com","http://www.publicdomainregistry.com","GDPR Masked","GDPR Masked","GDPR Masked GDPR Masked GDPR Masked","GDPR Masked","HR","GDPR Masked","Croatia","gdpr-masking@gdpr-masked.com","+GDPR Masked.GDPR Masked","+GDPR Masked.GDPR Masked","GDPR Masked","GDPR Masked","GDPR Masked GDPR Masked GDPR Masked","GDPR Masked","HR","GDPR Masked","Croatia","gdpr-masking@gdpr-masked.com","+GDPR Masked.GDPR Masked","+GDPR Masked.GDPR Masked","GDPR Masked","GDPR Masked","GDPR Masked GDPR Masked GDPR Masked","GDPR Masked","HR","GDPR Masked","Croatia","gdpr-masking@gdpr-masked.com","+GDPR Masked.GDPR Masked","+GDPR Masked.GDPR Masked","","","","","","","","","","","front.storm.hr","polleo-cp.databox.hr","","","clientTransferProhibited","","",""
"10","chicagoconsultingfirm.com","2019-12-03 16:26:32","2019-12-01","2019-12-02","2020-12-01","1479","Namesilo, LLC","whois.namesilo.com","http://www.namesilo.com","Domagoj Rozankovic","","Prigorska 26","Zapresic","Zagrebacka zupanija","10290","Croatia","domagojrozankovic@gmail.com","+385.913205509","","Domagoj Rozankovic","","Prigorska 26","Zapresic","Zagrebacka zupanija","10290","Croatia","domagojrozankovic@gmail.com","+385.913205509","","Domagoj Rozankovic","","Prigorska 26","Zapresic","Zagrebacka zupanija","10290","Croatia","domagojrozankovic@gmail.com","+385.913205509","","","","","","","","","","","","ns1.dnsowl.com","ns2.dnsowl.com","ns3.dnsowl.com","","clientTransferProhibited","","",""
"11","cincinnatimarketingcompany.com","2019-12-03 15:25:19","2019-12-01","2019-12-02","2020-12-01","1479","Namesilo, LLC","whois.namesilo.com","http://www.namesilo.com","Domagoj Rozankovic","","Prigorska 26","Zapresic","Zagrebacka zupanija","10290","Croatia","domagojrozankovic@gmail.com","+385.913205509","","Domagoj Rozankovic","","Prigorska 26","Zapresic","Zagrebacka zupanija","10290","Croatia","domagojrozankovic@gmail.com","+385.913205509","","Domagoj Rozankovic","","Prigorska 26","Zapresic","Zagrebacka zupanija","10290","Croatia","domagojrozankovic@gmail.com","+385.913205509","","","","","","","","","","","","ns1.dnsowl.com","ns2.dnsowl.com","ns3.dnsowl.com","","clientTransferProhibited","","",""
"12","clevelandmasonry.com","2019-12-03 16:01:35","2019-12-01","2019-12-02","2020-12-01","1479","Namesilo, LLC","whois.namesilo.com","http://www.namesilo.com","Domagoj Rozankovic","","Prigorska 26","Zapresic","Zagrebacka zupanija","10290","Croatia","domagojrozankovic@gmail.com","+385.913205509","","Domagoj Rozankovic","","Prigorska 26","Zapresic","Zagrebacka zupanija","10290","Croatia","domagojrozankovic@gmail.com","+385.913205509","","Domagoj Rozankovic","","Prigorska 26","Zapresic","Zagrebacka zupanija","10290","Croatia","domagojrozankovic@gmail.com","+385.913205509","","","","","","","","","","","","ns1.dnsowl.com","ns2.dnsowl.com","ns3.dnsowl.com","","clientTransferProhibited","","",""
"13","concordpaulus.com","2019-12-03 14:16:03","2019-12-02","2019-12-02","2020-12-02","69","Tucows Domains Inc.","whois.tucows.com","http://domainhelp.opensrs.net","REDACTED FOR PRIVACY","REDACTED FOR PRIVACY","REDACTED FOR PRIVACY","REDACTED FOR PRIVACY","REDACTED FOR PRIVACY","REDACTED FOR PRIVACY","Croatia","","REDACTED FOR PRIVACY","REDACTED FOR PRIVACY","REDACTED FOR PRIVACY","REDACTED FOR PRIVACY","REDACTED FOR PRIVACY","REDACTED FOR PRIVACY","REDACTED FOR PRIVACY","REDACTED FOR PRIVACY","REDACTED FOR PRIVACY","","REDACTED FOR PRIVACY","REDACTED FOR PRIVACY","REDACTED FOR PRIVACY","REDACTED FOR PRIVACY","REDACTED FOR PRIVACY","REDACTED FOR PRIVACY","REDACTED FOR PRIVACY","REDACTED FOR PRIVACY","REDACTED FOR PRIVACY","","REDACTED FOR PRIVACY","REDACTED FOR PRIVACY","","","","","","","","","","","ns1.mojsite.com","ns2.mojsite.com","","","clientTransferProhibited","clientUpdateProhibited","",""
"14","concretestainingatlanta.com","2019-12-03 17:51:54","2019-12-01","2019-12-01","2020-12-01","146","GoDaddy.com, LLC","whois.godaddy.com","http://registrar.godaddy.com","Toni Baradic","Toni Baradic","","","Croatia","","Croatia","","","","","","","","","","","","","","","","","","","","","","","","","","","","","","","","","","ns1.dan.com","ns2.dan.com","","","clientDeleteProhibited","clientRenewProhibited","clientTransferProhibited","clientUpdateProhibited"
"15","cro-photo.com","2019-12-03 17:56:32","2019-12-02","2019-12-03","2020-12-02","69","Tucows Domains Inc.","whois.tucows.com","http://domainhelp.opensrs.net","REDACTED FOR PRIVACY","REDACTED FOR PRIVACY","REDACTED FOR PRIVACY","REDACTED FOR PRIVACY","REDACTED FOR PRIVACY","REDACTED FOR PRIVACY","Croatia","","REDACTED FOR PRIVACY","REDACTED FOR PRIVACY","REDACTED FOR PRIVACY","REDACTED FOR PRIVACY","REDACTED FOR PRIVACY","REDACTED FOR PRIVACY","REDACTED FOR PRIVACY","REDACTED FOR PRIVACY","REDACTED FOR PRIVACY","","REDACTED FOR PRIVACY","REDACTED FOR PRIVACY","REDACTED FOR PRIVACY","REDACTED FOR PRIVACY","REDACTED FOR PRIVACY","REDACTED FOR PRIVACY","REDACTED FOR PRIVACY","REDACTED FOR PRIVACY","REDACTED FOR PRIVACY","","REDACTED FOR PRIVACY","REDACTED FOR PRIVACY","","","","","","","","","","","ns1.mojsite.com","ns2.mojsite.com","","","clientTransferProhibited","clientUpdateProhibited","",""
"16","dallasconsultingfirm.com","2019-12-03 18:47:33","2019-12-01","2019-12-02","2020-12-01","1479","Namesilo, LLC","whois.namesilo.com","http://www.namesilo.com","Domagoj Rozankovic","","Prigorska 26","Zapresic","Zagrebacka zupanija","10290","Croatia","domagojrozankovic@gmail.com","+385.913205509","","Domagoj Rozankovic","","Prigorska 26","Zapresic","Zagrebacka zupanija","10290","Croatia","domagojrozankovic@gmail.com","+385.913205509","","Domagoj Rozankovic","","Prigorska 26","Zapresic","Zagrebacka zupanija","10290","Croatia","domagojrozankovic@gmail.com","+385.913205509","","","","","","","","","","","","ns1.dnsowl.com","ns2.dnsowl.com","ns3.dnsowl.com","","clientTransferProhibited","","",""
"17","dcmarketingfirm.com","2019-12-03 18:05:58","2019-12-01","2019-12-02","2020-12-01","1479","Namesilo, LLC","whois.namesilo.com","http://www.namesilo.com","Domagoj Rozankovic","","Prigorska 26","Zapresic","Zagrebacka zupanija","10290","Croatia","domagojrozankovic@gmail.com","+385.913205509","","Domagoj Rozankovic","","Prigorska 26","Zapresic","Zagrebacka zupanija","10290","Croatia","domagojrozankovic@gmail.com","+385.913205509","","Domagoj Rozankovic","","Prigorska 26","Zapresic","Zagrebacka zupanija","10290","Croatia","domagojrozankovic@gmail.com","+385.913205509","","","","","","","","","","","","ns1.dnsowl.com","ns2.dnsowl.com","ns3.dnsowl.com","","clientTransferProhibited","","",""
"18","denverassetmanagement.com","2019-12-03 18:57:27","2019-12-01","2019-12-02","2020-12-01","1479","Namesilo, LLC","whois.namesilo.com","http://www.namesilo.com","Domagoj Rozankovic","","Prigorska 26","Zapresic","Zagrebacka zupanija","10290","Croatia","domagojrozankovic@gmail.com","+385.913205509","","Domagoj Rozankovic","","Prigorska 26","Zapresic","Zagrebacka zupanija","10290","Croatia","domagojrozankovic@gmail.com","+385.913205509","","Domagoj Rozankovic","","Prigorska 26","Zapresic","Zagrebacka zupanija","10290","Croatia","domagojrozankovic@gmail.com","+385.913205509","","","","","","","","","","","","ns1.dnsowl.com","ns2.dnsowl.com","ns3.dnsowl.com","","clientTransferProhibited","","",""
"19","destiniumsailing.com","2019-12-03 17:28:07","2019-12-02","2019-12-02","2020-12-02","303","PDR Ltd. d/b/a PublicDomainRegistry.com","whois.publicdomainregistry.com","http://www.publicdomainregistry.com","GDPR Masked","GDPR Masked","GDPR Masked GDPR Masked GDPR Masked","GDPR Masked","Choose State","GDPR Masked","Croatia","gdpr-masking@gdpr-masked.com","+GDPR Masked.GDPR Masked","+GDPR Masked.GDPR Masked","GDPR Masked","GDPR Masked","GDPR Masked GDPR Masked GDPR Masked","GDPR Masked","Choose State","GDPR Masked","Croatia","gdpr-masking@gdpr-masked.com","+GDPR Masked.GDPR Masked","+GDPR Masked.GDPR Masked","GDPR Masked","GDPR Masked","GDPR Masked GDPR Masked GDPR Masked","GDPR Masked","Choose State","GDPR Masked","Croatia","gdpr-masking@gdpr-masked.com","+GDPR Masked.GDPR Masked","+GDPR Masked.GDPR Masked","","","","","","","","","","","dns1.orbis.hr","dns2.orbis.hr","","","clientTransferProhibited","","",""
"20","digitalknowledge4u.com","2019-12-03 18:03:00","2019-12-01","2019-12-01","2020-12-01","146","GoDaddy.com, LLC","whois.godaddy.com","http://registrar.godaddy.com","","","","","Croatia","","Croatia","","","","","","","","","","","","","","","","","","","","","","","","","","","","","","","","","","ns27.domaincontrol.com","ns28.domaincontrol.com","","","clientDeleteProhibited","clientRenewProhibited","clientTransferProhibited","clientUpdateProhibited"
"21","drdrvko.net","2019-12-03 15:28:16","2019-12-02","2019-12-02","2020-12-02","113","CSL Computer Service Langenbach GmbH d/b/a joker.com","whois.joker.com","http://www.joker.com","","","","","","","Croatia","","","","","","","","","","","","","","","","","","","","","","","","","","","","","","","","","","ns1.mojsite.com","ns2.mojsite.com","","","clientTransferProhibited","","",""
"22","eko-sokovi.com","2019-12-03 18:02:55","2019-12-02","2019-12-02","2020-12-02","1387","1API GmbH","whois.1api.net","http://www.1api.net","REDACTED FOR PRIVACY","REDACTED FOR PRIVACY","REDACTED FOR PRIVACY","REDACTED FOR PRIVACY","NA","REDACTED FOR PRIVACY","Croatia","","REDACTED FOR PRIVACY","","REDACTED FOR PRIVACY","REDACTED FOR PRIVACY","REDACTED FOR PRIVACY","REDACTED FOR PRIVACY","REDACTED FOR PRIVACY","REDACTED FOR PRIVACY","REDACTED FOR PRIVACY","","REDACTED FOR PRIVACY","","REDACTED FOR PRIVACY","REDACTED FOR PRIVACY","REDACTED FOR PRIVACY","REDACTED FOR PRIVACY","REDACTED FOR PRIVACY","REDACTED FOR PRIVACY","REDACTED FOR PRIVACY","","REDACTED FOR PRIVACY","","","","","","","","","","","","ns1.wmd-webprostor.com","ns2.wmd-webprostor.com","","","clientTransferProhibited","","",""
"23","financialadvisorboulder.com","2019-12-03 18:06:38","2019-12-01","2019-12-02","2020-12-01","1479","Namesilo, LLC","whois.namesilo.com","http://www.namesilo.com","Domagoj Rozankovic","","Prigorska 26","Zapresic","Zagrebacka zupanija","10290","Croatia","domagojrozankovic@gmail.com","+385.913205509","","Domagoj Rozankovic","","Prigorska 26","Zapresic","Zagrebacka zupanija","10290","Croatia","domagojrozankovic@gmail.com","+385.913205509","","Domagoj Rozankovic","","Prigorska 26","Zapresic","Zagrebacka zupanija","10290","Croatia","domagojrozankovic@gmail.com","+385.913205509","","","","","","","","","","","","ns1.dnsowl.com","ns2.dnsowl.com","ns3.dnsowl.com","","clientTransferProhibited","","",""
"24","foodpragency.com","2019-12-03 16:31:28","2019-12-01","2019-12-02","2020-12-01","1479","Namesilo, LLC","whois.namesilo.com","http://www.namesilo.com","Domagoj Rozankovic","","Prigorska 26","Zapresic","Zagrebacka zupanija","10290","Croatia","domagojrozankovic@gmail.com","+385.913205509","","Domagoj Rozankovic","","Prigorska 26","Zapresic","Zagrebacka zupanija","10290","Croatia","domagojrozankovic@gmail.com","+385.913205509","","Domagoj Rozankovic","","Prigorska 26","Zapresic","Zagrebacka zupanija","10290","Croatia","domagojrozankovic@gmail.com","+385.913205509","","","","","","","","","","","","ns1.dnsowl.com","ns2.dnsowl.com","ns3.dnsowl.com","","clientTransferProhibited","","",""
"25","fortwaynefinancialadvisor.com","2019-12-03 14:22:29","2019-12-01","2019-12-02","2020-12-01","1479","Namesilo, LLC","whois.namesilo.com","http://www.namesilo.com","Domagoj Rozankovic","","Prigorska 26","Zapresic","Zagrebacka zupanija","10290","Croatia","domagojrozankovic@gmail.com","+385.913205509","","Domagoj Rozankovic","","Prigorska 26","Zapresic","Zagrebacka zupanija","10290","Croatia","domagojrozankovic@gmail.com","+385.913205509","","Domagoj Rozankovic","","Prigorska 26","Zapresic","Zagrebacka zupanija","10290","Croatia","domagojrozankovic@gmail.com","+385.913205509","","","","","","","","","","","","ns1.dnsowl.com","ns2.dnsowl.com","ns3.dnsowl.com","","clientTransferProhibited","","",""
"26","fritule-jeti.com","2019-12-03 18:30:34","2019-12-02","2019-12-02","2020-12-02","113","CSL Computer Service Langenbach GmbH d/b/a joker.com","whois.joker.com","http://www.joker.com","Dafne d.o.o.","Dafne d.o.o.","","","","","Croatia","","","","","","","","","","","","","","","","","","","","","","","","","","","","","","","","","","ns1.mojsite.com","ns2.mojsite.com","","","clientTransferProhibited","","",""
"27","handymanservicesflorida.com","2019-12-03 18:20:54","2019-12-01","2019-12-01","2020-12-01","146","GoDaddy.com, LLC","whois.godaddy.com","http://registrar.godaddy.com","Toni Baradic","Toni Baradic","","","Croatia","","Croatia","","","","","","","","","","","","","","","","","","","","","","","","","","","","","","","","","","ns1.dan.com","ns2.dan.com","","","clientDeleteProhibited","clientRenewProhibited","clientTransferProhibited","clientUpdateProhibited"
"28","illinoishardmoneylenders.com","2019-12-03 17:21:15","2019-12-01","2019-12-02","2020-12-01","1479","Namesilo, LLC","whois.namesilo.com","http://www.namesilo.com","Domagoj Rozankovic","","Prigorska 26","Zapresic","Zagrebacka zupanija","10290","Croatia","domagojrozankovic@gmail.com","+385.913205509","","Domagoj Rozankovic","","Prigorska 26","Zapresic","Zagrebacka zupanija","10290","Croatia","domagojrozankovic@gmail.com","+385.913205509","","Domagoj Rozankovic","","Prigorska 26","Zapresic","Zagrebacka zupanija","10290","Croatia","domagojrozankovic@gmail.com","+385.913205509","","","","","","","","","","","","ns1.dnsowl.com","ns2.dnsowl.com","ns3.dnsowl.com","","clientTransferProhibited","","",""
"29","indianapolismarketingfirm.com","2019-12-03 15:03:02","2019-12-01","2019-12-02","2020-12-01","1479","Namesilo, LLC","whois.namesilo.com","http://www.namesilo.com","Domagoj Rozankovic","","Prigorska 26","Zapresic","Zagrebacka zupanija","10290","Croatia","domagojrozankovic@gmail.com","+385.913205509","","Domagoj Rozankovic","","Prigorska 26","Zapresic","Zagrebacka zupanija","10290","Croatia","domagojrozankovic@gmail.com","+385.913205509","","Domagoj Rozankovic","","Prigorska 26","Zapresic","Zagrebacka zupanija","10290","Croatia","domagojrozankovic@gmail.com","+385.913205509","","","","","","","","","","","","ns1.dnsowl.com","ns2.dnsowl.com","ns3.dnsowl.com","","clientTransferProhibited","","",""
"30","instaflippa.com","2019-12-03 16:47:07","2019-12-01","2019-12-01","2020-12-01","886","Domain.com, LLC","whois.domain.com","http://www.domain.com","REDACTED FOR PRIVACY","REDACTED FOR PRIVACY","REDACTED FOR PRIVACY","REDACTED FOR PRIVACY","NA","REDACTED FOR PRIVACY","Croatia","","REDACTED FOR PRIVACY","REDACTED FOR PRIVACY","REDACTED FOR PRIVACY","REDACTED FOR PRIVACY","REDACTED FOR PRIVACY","REDACTED FOR PRIVACY","REDACTED FOR PRIVACY","REDACTED FOR PRIVACY","REDACTED FOR PRIVACY","","REDACTED FOR PRIVACY","REDACTED FOR PRIVACY","REDACTED FOR PRIVACY","REDACTED FOR PRIVACY","REDACTED FOR PRIVACY","REDACTED FOR PRIVACY","REDACTED FOR PRIVACY","REDACTED FOR PRIVACY","REDACTED FOR PRIVACY","","REDACTED FOR PRIVACY","REDACTED FOR PRIVACY","","","","","","","","","","","ns6309.hostgator.com","ns6310.hostgator.com","","","clientTransferProhibited","clientUpdateProhibited","",""
"31","interiorpaintingchicago.com","2019-12-03 16:08:11","2019-12-01","2019-12-01","2020-12-01","146","GoDaddy.com, LLC","whois.godaddy.com","http://registrar.godaddy.com","Toni Baradic","Toni Baradic","","","Croatia","","Croatia","","","","","","","","","","","","","","","","","","","","","","","","","","","","","","","","","","ns1.dan.com","ns2.dan.com","","","clientDeleteProhibited","clientRenewProhibited","clientTransferProhibited","clientUpdateProhibited"
"32","invita.biz","2019-12-03 15:28:10","2019-11-29","","2020-11-29","269","Key-Systems GmbH","whois.rrpproxy.net","http://www.key-systems.net","InVita d.o.o.","InVita d.o.o.","","","","","Croatia","","","","","","","","","","","","","","","","","","","","","","","","","","","","","","","","","","ns.second-ns.com","ns1.your-server.de","ns3.second-ns.de","","addPeriod","ok","",""
"33","jacksonvillehairsalon.com","2019-12-03 18:10:35","2019-12-01","2019-12-01","2020-12-01","146","GoDaddy.com, LLC","whois.godaddy.com","http://registrar.godaddy.com","Toni Baradic","Toni Baradic","Banjevci 71 100","Zadar","Zadar","23422","Croatia","baradic.toni@gmail.com","+385.3977061744","","Toni Baradic","Toni Baradic","Banjevci 71 100","Zadar","Zadar","23422","Croatia","baradic.toni@gmail.com","+385.3977061744","","Toni Baradic","Toni Baradic","Banjevci 71 100","Zadar","Zadar","23422","Croatia","baradic.toni@gmail.com","+385.3977061744","","","","","","","","","","","","ns1.dan.com","ns2.dan.com","","","clientDeleteProhibited","clientRenewProhibited","clientTransferProhibited","clientUpdateProhibited"
"34","kakogod.com","2019-12-03 16:38:57","2019-12-02","2019-12-02","2020-12-02","3812","Innovadeus Pvt. Ltd.","","","NA","GDPR Masked","GDPR Masked GDPR Masked GDPR Masked","GDPR Masked","Croatia","GDPR Masked","Croatia","gdpr-masking@gdpr-masked.com","+GDPR Masked.GDPR Masked","+GDPR Masked.GDPR Masked","NA","GDPR Masked","GDPR Masked GDPR Masked GDPR Masked","GDPR Masked","Croatia","GDPR Masked","Croatia","gdpr-masking@gdpr-masked.com","+GDPR Masked.GDPR Masked","+GDPR Masked.GDPR Masked","NA","GDPR Masked","GDPR Masked GDPR Masked GDPR Masked","GDPR Masked","Croatia","GDPR Masked","Croatia","gdpr-masking@gdpr-masked.com","+GDPR Masked.GDPR Masked","+GDPR Masked.GDPR Masked","","","","","","","","","","","win1.xeonbd.com","win2.xeonbd.com","win3.xeonbd.net","","clientTransferProhibited","","",""
"35","kavanacorso.com","2019-12-03 17:56:50","2019-12-02","","2020-12-02","15","Corehub, S.R.L.","whois.corehub.net","http://www.corehub.net","Kavana devet d.o.o.","Kavana devet d.o.o.","","","","","Croatia","","","","","","","","","","","","","","REGica.NET d.o.o.","REGica.NET d.o.o.","","","none","","Croatia","","","","","","","","","","","","","","dns.iskon.hr","dns2.iskon.hr","","","OK","","",""
"36","kitchenerwebsitedesign.com","2019-12-03 17:53:26","2019-12-01","2019-12-02","2020-12-01","1479","Namesilo, LLC","whois.namesilo.com","http://www.namesilo.com","Domagoj Rozankovic","","Prigorska 26","Zapresic","Zagrebacka zupanija","10290","Croatia","domagojrozankovic@gmail.com","+385.913205509","","Domagoj Rozankovic","","Prigorska 26","Zapresic","Zagrebacka zupanija","10290","Croatia","domagojrozankovic@gmail.com","+385.913205509","","Domagoj Rozankovic","","Prigorska 26","Zapresic","Zagrebacka zupanija","10290","Croatia","domagojrozankovic@gmail.com","+385.913205509","","","","","","","","","","","","ns1.dnsowl.com","ns2.dnsowl.com","ns3.dnsowl.com","","clientTransferProhibited","","",""
"37","likartceramics.com","2019-12-03 17:48:03","2019-12-02","2019-12-02","2020-12-02","146","GoDaddy.com, LLC","whois.godaddy.com","http://registrar.godaddy.com","","","","","Grad Zagreb","","Croatia","","","","","","","","","","","","","","","","","","","","","","","","","","","","","","","","","","dns1.go-to-top.hr","dns2.go-to-top.hr","","","clientDeleteProhibited","clientRenewProhibited","clientTransferProhibited","clientUpdateProhibited"
"38","losangelesbrandagency.com","2019-12-03 18:03:36","2019-12-01","2019-12-02","2020-12-01","1479","Namesilo, LLC","whois.namesilo.com","http://www.namesilo.com","Domagoj Rozankovic","","Prigorska 26","Zapresic","Zagrebacka zupanija","10290","Croatia","domagojrozankovic@gmail.com","+385.913205509","","Domagoj Rozankovic","","Prigorska 26","Zapresic","Zagrebacka zupanija","10290","Croatia","domagojrozankovic@gmail.com","+385.913205509","","Domagoj Rozankovic","","Prigorska 26","Zapresic","Zagrebacka zupanija","10290","Croatia","domagojrozankovic@gmail.com","+385.913205509","","","","","","","","","","","","ns1.dnsowl.com","ns2.dnsowl.com","ns3.dnsowl.com","","clientTransferProhibited","","",""
"39","m3cha.com","2019-12-03 18:28:49","2019-12-02","2019-12-02","2020-12-02","113","CSL Computer Service Langenbach GmbH d/b/a joker.com","whois.joker.com","http://www.joker.com","","","","","","","Croatia","","","","","","","","","","","","","","","","","","","","","","","","","","","","","","","","","","ns1.mojsite.com","ns2.mojsite.com","","","clientTransferProhibited","","",""
"40","marketingagencyconnecticut.com","2019-12-03 19:00:08","2019-12-01","2019-12-02","2020-12-01","1479","Namesilo, LLC","whois.namesilo.com","http://www.namesilo.com","Domagoj Rozankovic","","Prigorska 26","Zapresic","Zagrebacka zupanija","10290","Croatia","domagojrozankovic@gmail.com","+385.913205509","","Domagoj Rozankovic","","Prigorska 26","Zapresic","Zagrebacka zupanija","10290","Croatia","domagojrozankovic@gmail.com","+385.913205509","","Domagoj Rozankovic","","Prigorska 26","Zapresic","Zagrebacka zupanija","10290","Croatia","domagojrozankovic@gmail.com","+385.913205509","","","","","","","","","","","","ns1.dnsowl.com","ns2.dnsowl.com","ns3.dnsowl.com","","clientTransferProhibited","","",""
"41","matijaperkovic.com","2019-12-03 16:53:13","2019-12-01","2019-12-01","2021-12-01","146","GoDaddy.com, LLC","whois.godaddy.com","http://registrar.godaddy.com","","","","","Primorsko goranska zupanija","","Croatia","","","","","","","","","","","","","","","","","","","","","","","","","","","","","","","","","","ns1.dreamhost.com","ns2.dreamhost.com","ns3.dreamhost.com","","clientDeleteProhibited","clientRenewProhibited","clientTransferProhibited","clientUpdateProhibited"
"42","melbournefinancialadvisor.com","2019-12-03 14:25:54","2019-12-01","2019-12-02","2020-12-01","1479","Namesilo, LLC","whois.namesilo.com","http://www.namesilo.com","Domagoj Rozankovic","","Prigorska 26","Zapresic","Zagrebacka zupanija","10290","Croatia","domagojrozankovic@gmail.com","+385.913205509","","Domagoj Rozankovic","","Prigorska 26","Zapresic","Zagrebacka zupanija","10290","Croatia","domagojrozankovic@gmail.com","+385.913205509","","Domagoj Rozankovic","","Prigorska 26","Zapresic","Zagrebacka zupanija","10290","Croatia","domagojrozankovic@gmail.com","+385.913205509","","","","","","","","","","","","ns1.dnsowl.com","ns2.dnsowl.com","ns3.dnsowl.com","","clientTransferProhibited","","",""
"43","napervillechiropractors.com","2019-12-03 18:26:52","2019-12-01","2019-12-01","2020-12-01","146","GoDaddy.com, LLC","whois.godaddy.com","http://registrar.godaddy.com","Toni Baradic","Toni Baradic","","","Croatia","","Croatia","","","","","","","","","","","","","","","","","","","","","","","","","","","","","","","","","","ns1.dan.com","ns2.dan.com","","","clientDeleteProhibited","clientRenewProhibited","clientTransferProhibited","clientUpdateProhibited"
"44","nycconsultingfirm.com","2019-12-03 14:50:29","2019-12-01","2019-12-02","2020-12-01","1479","Namesilo, LLC","whois.namesilo.com","http://www.namesilo.com","Domagoj Rozankovic","","Prigorska 26","Zapresic","Zagrebacka zupanija","10290","Croatia","domagojrozankovic@gmail.com","+385.913205509","","Domagoj Rozankovic","","Prigorska 26","Zapresic","Zagrebacka zupanija","10290","Croatia","domagojrozankovic@gmail.com","+385.913205509","","Domagoj Rozankovic","","Prigorska 26","Zapresic","Zagrebacka zupanija","10290","Croatia","domagojrozankovic@gmail.com","+385.913205509","","","","","","","","","","","","ns1.dnsowl.com","ns2.dnsowl.com","ns3.dnsowl.com","","clientTransferProhibited","","",""
"45","nycmortgagelenders.com","2019-12-03 16:04:24","2019-12-01","2019-12-02","2020-12-01","1479","Namesilo, LLC","whois.namesilo.com","http://www.namesilo.com","Domagoj Rozankovic","","Prigorska 26","Zapresic","Zagrebacka zupanija","10290","Croatia","domagojrozankovic@gmail.com","+385.913205509","","Domagoj Rozankovic","","Prigorska 26","Zapresic","Zagrebacka zupanija","10290","Croatia","domagojrozankovic@gmail.com","+385.913205509","","Domagoj Rozankovic","","Prigorska 26","Zapresic","Zagrebacka zupanija","10290","Croatia","domagojrozankovic@gmail.com","+385.913205509","","","","","","","","","","","","ns1.dnsowl.com","ns2.dnsowl.com","ns3.dnsowl.com","","clientTransferProhibited","","",""
"46","oaklandwealthmanagement.com","2019-12-03 17:59:15","2019-12-01","2019-12-02","2020-12-01","1479","Namesilo, LLC","whois.namesilo.com","http://www.namesilo.com","Domagoj Rozankovic","","Prigorska 26","Zapresic","Zagrebacka zupanija","10290","Croatia","domagojrozankovic@gmail.com","+385.913205509","","Domagoj Rozankovic","","Prigorska 26","Zapresic","Zagrebacka zupanija","10290","Croatia","domagojrozankovic@gmail.com","+385.913205509","","Domagoj Rozankovic","","Prigorska 26","Zapresic","Zagrebacka zupanija","10290","Croatia","domagojrozankovic@gmail.com","+385.913205509","","","","","","","","","","","","ns1.dnsowl.com","ns2.dnsowl.com","ns3.dnsowl.com","","clientTransferProhibited","","",""
"47","oklahomacityfinancialadvisor.com","2019-12-03 18:40:51","2019-12-01","2019-12-02","2020-12-01","1479","Namesilo, LLC","whois.namesilo.com","http://www.namesilo.com","Domagoj Rozankovic","","Prigorska 26","Zapresic","Zagrebacka zupanija","10290","Croatia","domagojrozankovic@gmail.com","+385.913205509","","Domagoj Rozankovic","","Prigorska 26","Zapresic","Zagrebacka zupanija","10290","Croatia","domagojrozankovic@gmail.com","+385.913205509","","Domagoj Rozankovic","","Prigorska 26","Zapresic","Zagrebacka zupanija","10290","Croatia","domagojrozankovic@gmail.com","+385.913205509","","","","","","","","","","","","ns1.dnsowl.com","ns2.dnsowl.com","ns3.dnsowl.com","","clientTransferProhibited","","",""
"48","pangea-industries.com","2019-12-03 15:32:05","2019-12-02","2019-12-02","2020-12-02","895","Google, Inc.","whois.rrpproxy.net","http://www.google.com","","","","","","","Croatia","","","","","","","","","","","","","","","","","","","","","","","","","","","","","","","","","","ns-cloud-c1.googledomains.com","ns-cloud-c2.googledomains.com","ns-cloud-c3.googledomains.com","ns-cloud-c4.googledomains.com","clientTransferProhibited","","",""
"49","pittsburghhardmoneylenders.com","2019-12-03 17:01:08","2019-12-01","2019-12-02","2020-12-01","1479","Namesilo, LLC","whois.namesilo.com","http://www.namesilo.com","Domagoj Rozankovic","","Prigorska 26","Zapresic","Zagrebacka zupanija","10290","Croatia","domagojrozankovic@gmail.com","+385.913205509","","Domagoj Rozankovic","","Prigorska 26","Zapresic","Zagrebacka zupanija","10290","Croatia","domagojrozankovic@gmail.com","+385.913205509","","Domagoj Rozankovic","","Prigorska 26","Zapresic","Zagrebacka zupanija","10290","Croatia","domagojrozankovic@gmail.com","+385.913205509","","","","","","","","","","","","ns1.dnsowl.com","ns2.dnsowl.com","ns3.dnsowl.com","","clientTransferProhibited","","",""
"50","saltlakecityadagency.com","2019-12-03 15:43:40","2019-12-01","2019-12-02","2020-12-01","1479","Namesilo, LLC","whois.namesilo.com","http://www.namesilo.com","Domagoj Rozankovic","","Prigorska 26","Zapresic","Zagrebacka zupanija","10290","Croatia","domagojrozankovic@gmail.com","+385.913205509","","Domagoj Rozankovic","","Prigorska 26","Zapresic","Zagrebacka zupanija","10290","Croatia","domagojrozankovic@gmail.com","+385.913205509","","Domagoj Rozankovic","","Prigorska 26","Zapresic","Zagrebacka zupanija","10290","Croatia","domagojrozankovic@gmail.com","+385.913205509","","","","","","","","","","","","ns1.dnsowl.com","ns2.dnsowl.com","ns3.dnsowl.com","","clientTransferProhibited","","",""
"51","savjetmladihbpz.com","2019-12-03 16:00:16","2019-12-02","2019-12-02","2020-12-02","146","GoDaddy.com, LLC","whois.godaddy.com","http://registrar.godaddy.com","","","","","Brodsko-Posavska Zupanija","","Croatia","","","","","","","","","","","","","","","","","","","","","","","","","","","","","","","","","","ns27.domaincontrol.com","ns28.domaincontrol.com","","","clientDeleteProhibited","clientRenewProhibited","clientTransferProhibited","clientUpdateProhibited"
"52","seocompanycleveland.com","2019-12-03 17:25:47","2019-12-01","2019-12-02","2020-12-01","1479","Namesilo, LLC","whois.namesilo.com","http://www.namesilo.com","Domagoj Rozankovic","","Prigorska 26","Zapresic","Zagrebacka zupanija","10290","Croatia","domagojrozankovic@gmail.com","+385.913205509","","Domagoj Rozankovic","","Prigorska 26","Zapresic","Zagrebacka zupanija","10290","Croatia","domagojrozankovic@gmail.com","+385.913205509","","Domagoj Rozankovic","","Prigorska 26","Zapresic","Zagrebacka zupanija","10290","Croatia","domagojrozankovic@gmail.com","+385.913205509","","","","","","","","","","","","ns1.dnsowl.com","ns2.dnsowl.com","ns3.dnsowl.com","","clientTransferProhibited","","",""
"53","sffinancialadvisor.com","2019-12-03 18:29:41","2019-12-01","2019-12-02","2020-12-01","1479","Namesilo, LLC","whois.namesilo.com","http://www.namesilo.com","Domagoj Rozankovic","","Prigorska 26","Zapresic","Zagrebacka zupanija","10290","Croatia","domagojrozankovic@gmail.com","+385.913205509","","Domagoj Rozankovic","","Prigorska 26","Zapresic","Zagrebacka zupanija","10290","Croatia","domagojrozankovic@gmail.com","+385.913205509","","Domagoj Rozankovic","","Prigorska 26","Zapresic","Zagrebacka zupanija","10290","Croatia","domagojrozankovic@gmail.com","+385.913205509","","","","","","","","","","","","ns1.dnsowl.com","ns2.dnsowl.com","ns3.dnsowl.com","","clientTransferProhibited","","",""
"54","simicitoshere.com","2019-12-03 18:09:02","2019-12-01","2019-12-01","2020-12-01","48","eNom, Inc.","whois.enom.com","http://www.enom.com","REDACTED FOR PRIVACY","REDACTED FOR PRIVACY","REDACTED FOR PRIVACY","REDACTED FOR PRIVACY","Primorsko-goranska","REDACTED FOR PRIVACY","Croatia","","REDACTED FOR PRIVACY","REDACTED FOR PRIVACY","REDACTED FOR PRIVACY","REDACTED FOR PRIVACY","REDACTED FOR PRIVACY","REDACTED FOR PRIVACY","REDACTED FOR PRIVACY","REDACTED FOR PRIVACY","REDACTED FOR PRIVACY","","REDACTED FOR PRIVACY","REDACTED FOR PRIVACY","REDACTED FOR PRIVACY","REDACTED FOR PRIVACY","REDACTED FOR PRIVACY","REDACTED FOR PRIVACY","REDACTED FOR PRIVACY","REDACTED FOR PRIVACY","REDACTED FOR PRIVACY","","REDACTED FOR PRIVACY","REDACTED FOR PRIVACY","","","","","","","","","","","ns1.a2hosting.com","ns2.a2hosting.com","ns3.a2hosting.com","ns4.a2hosting.com","addPeriod","clientTransferProhibited","",""
"55","stlouiswindowreplacement.com","2019-12-03 15:39:26","2019-12-01","2019-12-02","2020-12-01","1479","Namesilo, LLC","whois.namesilo.com","http://www.namesilo.com","Domagoj Rozankovic","","Prigorska 26","Zapresic","Zagrebacka zupanija","10290","Croatia","domagojrozankovic@gmail.com","+385.913205509","","Domagoj Rozankovic","","Prigorska 26","Zapresic","Zagrebacka zupanija","10290","Croatia","domagojrozankovic@gmail.com","+385.913205509","","Domagoj Rozankovic","","Prigorska 26","Zapresic","Zagrebacka zupanija","10290","Croatia","domagojrozankovic@gmail.com","+385.913205509","","","","","","","","","","","","ns1.dnsowl.com","ns2.dnsowl.com","ns3.dnsowl.com","","clientTransferProhibited","","",""
"56","stpetersburghostel.com","2019-12-03 15:03:50","2019-12-01","2019-12-02","2020-12-01","1479","Namesilo, LLC","whois.namesilo.com","http://www.namesilo.com","Domagoj Rozankovic","","Prigorska 26","Zapresic","Zagrebacka zupanija","10290","Croatia","domagojrozankovic@gmail.com","+385.913205509","","Domagoj Rozankovic","","Prigorska 26","Zapresic","Zagrebacka zupanija","10290","Croatia","domagojrozankovic@gmail.com","+385.913205509","","Domagoj Rozankovic","","Prigorska 26","Zapresic","Zagrebacka zupanija","10290","Croatia","domagojrozankovic@gmail.com","+385.913205509","","","","","","","","","","","","ns1.dnsowl.com","ns2.dnsowl.com","ns3.dnsowl.com","","clientTransferProhibited","","",""
"57","tinjanski-vijulin.com","2019-12-03 17:24:05","2019-12-02","2019-12-02","2020-12-02","886","Domain.com, LLC","whois.domain.com","http://www.domain.com","REDACTED FOR PRIVACY","REDACTED FOR PRIVACY","REDACTED FOR PRIVACY","REDACTED FOR PRIVACY","NA","REDACTED FOR PRIVACY","Croatia","","REDACTED FOR PRIVACY","REDACTED FOR PRIVACY","REDACTED FOR PRIVACY","REDACTED FOR PRIVACY","REDACTED FOR PRIVACY","REDACTED FOR PRIVACY","REDACTED FOR PRIVACY","REDACTED FOR PRIVACY","REDACTED FOR PRIVACY","","REDACTED FOR PRIVACY","REDACTED FOR PRIVACY","REDACTED FOR PRIVACY","REDACTED FOR PRIVACY","REDACTED FOR PRIVACY","REDACTED FOR PRIVACY","REDACTED FOR PRIVACY","REDACTED FOR PRIVACY","REDACTED FOR PRIVACY","","REDACTED FOR PRIVACY","REDACTED FOR PRIVACY","","","","","","","","","","","dns1.orbis.hr","dns2.orbis.hr","","","","","",""
"58","tucsontreetrimming.com","2019-12-03 16:47:01","2019-12-01","2019-12-02","2020-12-01","1479","Namesilo, LLC","whois.namesilo.com","http://www.namesilo.com","Domagoj Rozankovic","","Prigorska 26","Zapresic","Zagrebacka zupanija","10290","Croatia","domagojrozankovic@gmail.com","+385.913205509","","Domagoj Rozankovic","","Prigorska 26","Zapresic","Zagrebacka zupanija","10290","Croatia","domagojrozankovic@gmail.com","+385.913205509","","Domagoj Rozankovic","","Prigorska 26","Zapresic","Zagrebacka zupanija","10290","Croatia","domagojrozankovic@gmail.com","+385.913205509","","","","","","","","","","","","ns1.dnsowl.com","ns2.dnsowl.com","ns3.dnsowl.com","","clientTransferProhibited","","",""
"59","tv-for-all.net","2019-12-03 18:53:52","2019-12-02","","2020-12-02","15","Corehub, S.R.L.","whois.corehub.net","http://www.corehub.net","Damir Bakula","Damir Bakula","","","","","Croatia","","","","","","","","","","","","","","REGica.NET d.o.o.","REGica.NET d.o.o.","","","none","","Croatia","","","","","","","","","","","","","","ns1.afraid.org","ns2.afraid.org","","","OK","","",""
"60","vinarija-strucic.net","2019-12-03 15:43:38","2019-12-02","2019-12-02","2020-12-02","303","PDR Ltd. d/b/a PublicDomainRegistry.com","whois.publicdomainregistry.com","http://www.publicdomainregistry.com","GDPR Masked","GDPR Masked","GDPR Masked GDPR Masked GDPR Masked","GDPR Masked","Varazdinska","GDPR Masked","Croatia","gdpr-masking@gdpr-masked.com","+GDPR Masked.GDPR Masked","+GDPR Masked.GDPR Masked","GDPR Masked","GDPR Masked","GDPR Masked GDPR Masked GDPR Masked","GDPR Masked","Varazdinska","GDPR Masked","Croatia","gdpr-masking@gdpr-masked.com","+GDPR Masked.GDPR Masked","+GDPR Masked.GDPR Masked","GDPR Masked","GDPR Masked","GDPR Masked GDPR Masked GDPR Masked","GDPR Masked","Varazdinska","GDPR Masked","Croatia","gdpr-masking@gdpr-masked.com","+GDPR Masked.GDPR Masked","+GDPR Masked.GDPR Masked","","","","","","","","","","","dns1.orbis.hr","dns2.orbis.hr","","","clientTransferProhibited","","",""
"61","washingtondcfinancialadvisor.com","2019-12-03 16:46:10","2019-12-01","2019-12-02","2020-12-01","1479","Namesilo, LLC","whois.namesilo.com","http://www.namesilo.com","Domagoj Rozankovic","","Prigorska 26","Zapresic","Zagrebacka zupanija","10290","Croatia","domagojrozankovic@gmail.com","+385.913205509","","Domagoj Rozankovic","","Prigorska 26","Zapresic","Zagrebacka zupanija","10290","Croatia","domagojrozankovic@gmail.com","+385.913205509","","Domagoj Rozankovic","","Prigorska 26","Zapresic","Zagrebacka zupanija","10290","Croatia","domagojrozankovic@gmail.com","+385.913205509","","","","","","","","","","","","ns1.dnsowl.com","ns2.dnsowl.com","ns3.dnsowl.com","","clientTransferProhibited","","",""
"62","zateray.com","2019-12-03 18:06:46","2019-12-02","2019-12-02","2020-12-02","625","Name.com, Inc.","whois.name.com","http://www.name.com","Non-Public Data","","Non-Public Data","Non-Public Data","Dubrovnik-Neretva","00000","Croatia","","+00.0000000","","Non-Public Data","Non-Public Data","Non-Public Data","Non-Public Data","Non-Public Data","00000","","","+00.0000000","","Non-Public Data","Non-Public Data","Non-Public Data","Non-Public Data","Non-Public Data","00000","","","+00.0000000","","","","","","","","","","","","ns1cny.name.com","ns2hjl.name.com","ns3dty.name.com","ns4bty.name.com","addPeriod","clientTransferProhibited","",""
"63","zbenalla.com","2019-12-03 18:50:55","2019-12-02","2019-12-02","2020-12-02","625","Name.com, Inc.","whois.name.com","http://www.name.com","Non-Public Data","","Non-Public Data","Non-Public Data","Dubrovnik-Neretva","00000","Croatia","","+00.0000000","","Non-Public Data","Non-Public Data","Non-Public Data","Non-Public Data","Non-Public Data","00000","","","+00.0000000","","Non-Public Data","Non-Public Data","Non-Public Data","Non-Public Data","Non-Public Data","00000","","","+00.0000000","","","","","","","","","","","","ns1cny.name.com","ns2hjl.name.com","ns3dty.name.com","ns4bty.name.com","addPeriod","clientTransferProhibited","",""
"64","zhandhe.com","2019-12-03 15:04:12","2019-12-02","2019-12-02","2020-12-02","625","Name.com, Inc.","whois.name.com","http://www.name.com","Non-Public Data","","Non-Public Data","Non-Public Data","Dubrovnik-Neretva","00000","Croatia","","+00.0000000","","Non-Public Data","Non-Public Data","Non-Public Data","Non-Public Data","Non-Public Data","00000","","","+00.0000000","","Non-Public Data","Non-Public Data","Non-Public Data","Non-Public Data","Non-Public Data","00000","","","+00.0000000","","","","","","","","","","","","ns1cny.name.com","ns2hjl.name.com","ns3dty.name.com","ns4bty.name.com","addPeriod","clientTransferProhibited","",""
"65","zkanams.com","2019-12-03 19:00:32","2019-12-02","2019-12-02","2020-12-02","625","Name.com, Inc.","whois.name.com","http://www.name.com","Non-Public Data","","Non-Public Data","Non-Public Data","Dubrovnik-Neretva","00000","Croatia","","+00.0000000","","Non-Public Data","Non-Public Data","Non-Public Data","Non-Public Data","Non-Public Data","00000","","","+00.0000000","","Non-Public Data","Non-Public Data","Non-Public Data","Non-Public Data","Non-Public Data","00000","","","+00.0000000","","","","","","","","","","","","ns1cny.name.com","ns2hjl.name.com","ns3dty.name.com","ns4bty.name.com","addPeriod","clientTransferProhibited","",""
"66","zkotoys.com","2019-12-03 14:43:45","2019-12-02","2019-12-02","2020-12-02","625","Name.com, Inc.","whois.name.com","http://www.name.com","Non-Public Data","","Non-Public Data","Non-Public Data","Dubrovnik-Neretva","00000","Croatia","","+00.0000000","","Non-Public Data","Non-Public Data","Non-Public Data","Non-Public Data","Non-Public Data","00000","","","+00.0000000","","Non-Public Data","Non-Public Data","Non-Public Data","Non-Public Data","Non-Public Data","00000","","","+00.0000000","","","","","","","","","","","","ns1cny.name.com","ns2hjl.name.com","ns3dty.name.com","ns4bty.name.com","addPeriod","clientTransferProhibited","",""
"67","zliversy.com","2019-12-03 16:46:09","2019-12-02","2019-12-02","2020-12-02","625","Name.com, Inc.","whois.name.com","http://www.name.com","Non-Public Data","","Non-Public Data","Non-Public Data","Dubrovnik-Neretva","00000","Croatia","","+00.0000000","","Non-Public Data","Non-Public Data","Non-Public Data","Non-Public Data","Non-Public Data","00000","","","+00.0000000","","Non-Public Data","Non-Public Data","Non-Public Data","Non-Public Data","Non-Public Data","00000","","","+00.0000000","","","","","","","","","","","","ns1cny.name.com","ns2hjl.name.com","ns3dty.name.com","ns4bty.name.com","addPeriod","clientTransferProhibited","",""
"68","zminiyal.com","2019-12-03 14:56:07","2019-12-02","2019-12-02","2020-12-02","625","Name.com, Inc.","whois.name.com","http://www.name.com","Non-Public Data","","Non-Public Data","Non-Public Data","Dubrovnik-Neretva","00000","Croatia","","+00.0000000","","Non-Public Data","Non-Public Data","Non-Public Data","Non-Public Data","Non-Public Data","00000","","","+00.0000000","","Non-Public Data","Non-Public Data","Non-Public Data","Non-Public Data","Non-Public Data","00000","","","+00.0000000","","","","","","","","","","","","ns1cny.name.com","ns2hjl.name.com","ns3dty.name.com","ns4bty.name.com","addPeriod","clientTransferProhibited","",""
"69","zmyoto.com","2019-12-03 14:33:06","2019-12-02","2019-12-02","2020-12-02","625","Name.com, Inc.","whois.name.com","http://www.name.com","Non-Public Data","","Non-Public Data","Non-Public Data","Dubrovnik-Neretva","00000","Croatia","","+00.0000000","","Non-Public Data","Non-Public Data","Non-Public Data","Non-Public Data","Non-Public Data","00000","","","+00.0000000","","Non-Public Data","Non-Public Data","Non-Public Data","Non-Public Data","Non-Public Data","00000","","","+00.0000000","","","","","","","","","","","","ns1cny.name.com","ns2hjl.name.com","ns3dty.name.com","ns4bty.name.com","addPeriod","clientTransferProhibited","",""
"70","zpcropper.com","2019-12-03 14:23:06","2019-12-02","2019-12-02","2020-12-02","625","Name.com, Inc.","whois.name.com","http://www.name.com","Non-Public Data","","Non-Public Data","Non-Public Data","Dubrovnik-Neretva","00000","Croatia","","+00.0000000","","Non-Public Data","Non-Public Data","Non-Public Data","Non-Public Data","Non-Public Data","00000","","","+00.0000000","","Non-Public Data","Non-Public Data","Non-Public Data","Non-Public Data","Non-Public Data","00000","","","+00.0000000","","","","","","","","","","","","ns1cny.name.com","ns2hjl.name.com","ns3dty.name.com","ns4bty.name.com","addPeriod","clientTransferProhibited","",""
"71","zroady.com","2019-12-03 18:33:09","2019-12-02","2019-12-02","2020-12-02","625","Name.com, Inc.","whois.name.com","http://www.name.com","Non-Public Data","","Non-Public Data","Non-Public Data","Dubrovnik-Neretva","00000","Croatia","","+00.0000000","","Non-Public Data","Non-Public Data","Non-Public Data","Non-Public Data","Non-Public Data","00000","","","+00.0000000","","Non-Public Data","Non-Public Data","Non-Public Data","Non-Public Data","Non-Public Data","00000","","","+00.0000000","","","","","","","","","","","","ns1cny.name.com","ns2hjl.name.com","ns3dty.name.com","ns4bty.name.com","addPeriod","clientTransferProhibited","",""