"num","domain_name","query_time","create_date","update_date","expiry_date","domain_registrar_id","domain_registrar_name","domain_registrar_whois","domain_registrar_url","registrant_name","registrant_company","registrant_address","registrant_city","registrant_state","registrant_zip","registrant_country","registrant_email","registrant_phone","registrant_fax","administrative_name","administrative_company","administrative_address","administrative_city","administrative_state","administrative_zip","administrative_country","administrative_email","administrative_phone","administrative_fax","technical_name","technical_company","technical_address","technical_city","technical_state","technical_zip","technical_country","technical_email","technical_phone","technical_fax","billing_name","billing_company","billing_address","billing_city","billing_state","billing_zip","billing_country","billing_email","billing_phone","billing_fax","name_server_1","name_server_2","name_server_3","name_server_4","domain_status_1","domain_status_2","domain_status_3","domain_status_4"
"1","adrspachhotels.com","2019-12-03 15:57:27","2019-12-02","2019-12-02","2021-12-02","69","Tucows Domains Inc.","whois.tucows.com","http://domainhelp.opensrs.net","REDACTED FOR PRIVACY","REDACTED FOR PRIVACY","REDACTED FOR PRIVACY","REDACTED FOR PRIVACY","REDACTED FOR PRIVACY","REDACTED FOR PRIVACY","Czech Republic","","REDACTED FOR PRIVACY","REDACTED FOR PRIVACY","REDACTED FOR PRIVACY","REDACTED FOR PRIVACY","REDACTED FOR PRIVACY","REDACTED FOR PRIVACY","REDACTED FOR PRIVACY","REDACTED FOR PRIVACY","REDACTED FOR PRIVACY","","REDACTED FOR PRIVACY","REDACTED FOR PRIVACY","REDACTED FOR PRIVACY","REDACTED FOR PRIVACY","REDACTED FOR PRIVACY","REDACTED FOR PRIVACY","REDACTED FOR PRIVACY","REDACTED FOR PRIVACY","REDACTED FOR PRIVACY","","REDACTED FOR PRIVACY","REDACTED FOR PRIVACY","","","","","","","","","","","ns.forpsi.cz","ns.forpsi.it","ns.forpsi.net","","clientTransferProhibited","clientUpdateProhibited","",""
"2","aghatapalmsriad.com","2019-12-03 15:14:50","2019-12-02","2019-12-02","2020-12-02","106","Ascio Technologies, Inc. Danmark - Filial af Ascio technologies, Inc. USA","whois.ascio.com","http://www.ascio.com","Not Disclosed","Not Disclosed","Not Disclosed","Not Disclosed","","Not Disclosed","Czech Republic","","Not Disclosed","Not Disclosed","Not Disclosed","Not Disclosed","Not Disclosed","Not Disclosed","Not Disclosed","Not Disclosed","Not Disclosed","","Not Disclosed","Not Disclosed","Not Disclosed","Not Disclosed","Not Disclosed","Not Disclosed","Not Disclosed","Not Disclosed","Not Disclosed","","Not Disclosed","Not Disclosed","","","","","","","","","","","ns.wedos.com","ns.wedos.cz","ns.wedos.eu","ns.wedos.net","OK","","",""
"3","allinoneaquafun.com","2019-12-03 14:28:15","2019-12-02","2019-12-02","2020-12-02","106","Ascio Technologies, Inc. Danmark - Filial af Ascio technologies, Inc. USA","whois.ascio.com","http://www.ascio.com","Not Disclosed","Not Disclosed","Not Disclosed","Not Disclosed","CZ","Not Disclosed","Czech Republic","","Not Disclosed","Not Disclosed","Not Disclosed","Not Disclosed","Not Disclosed","Not Disclosed","Not Disclosed","Not Disclosed","Not Disclosed","","Not Disclosed","Not Disclosed","Not Disclosed","Not Disclosed","Not Disclosed","Not Disclosed","Not Disclosed","Not Disclosed","Not Disclosed","","Not Disclosed","Not Disclosed","","","","","","","","","","","alfa.ns.active24.cz","beta.ns.active24.cz","gama.ns.active24.sk","","OK","","",""
"4","anderovi.com","2019-12-03 15:14:24","2019-12-01","2019-12-01","2020-12-01","69","Tucows Domains Inc.","whois.tucows.com","http://domainhelp.opensrs.net","REDACTED FOR PRIVACY","REDACTED FOR PRIVACY","REDACTED FOR PRIVACY","REDACTED FOR PRIVACY","REDACTED FOR PRIVACY","REDACTED FOR PRIVACY","Czech Republic","","REDACTED FOR PRIVACY","REDACTED FOR PRIVACY","REDACTED FOR PRIVACY","REDACTED FOR PRIVACY","REDACTED FOR PRIVACY","REDACTED FOR PRIVACY","REDACTED FOR PRIVACY","REDACTED FOR PRIVACY","REDACTED FOR PRIVACY","","REDACTED FOR PRIVACY","REDACTED FOR PRIVACY","REDACTED FOR PRIVACY","REDACTED FOR PRIVACY","REDACTED FOR PRIVACY","REDACTED FOR PRIVACY","REDACTED FOR PRIVACY","REDACTED FOR PRIVACY","REDACTED FOR PRIVACY","","REDACTED FOR PRIVACY","REDACTED FOR PRIVACY","","","","","","","","","","","ns.forpsi.cz","ns.forpsi.it","ns.forpsi.net","","clientTransferProhibited","clientUpdateProhibited","",""
"5","angelbeerspa.com","2019-12-03 14:19:34","2019-12-02","2019-12-02","2020-12-02","106","Ascio Technologies, Inc. Danmark - Filial af Ascio technologies, Inc. USA","whois.ascio.com","http://www.ascio.com","Not Disclosed","Not Disclosed","Not Disclosed","Not Disclosed","","Not Disclosed","Czech Republic","","Not Disclosed","Not Disclosed","Not Disclosed","Not Disclosed","Not Disclosed","Not Disclosed","Not Disclosed","Not Disclosed","Not Disclosed","","Not Disclosed","Not Disclosed","Not Disclosed","Not Disclosed","Not Disclosed","Not Disclosed","Not Disclosed","Not Disclosed","Not Disclosed","","Not Disclosed","Not Disclosed","","","","","","","","","","","ns.wedos.com","ns.wedos.cz","ns.wedos.eu","ns.wedos.net","OK","","",""
"6","aniapaw.com","2019-12-03 14:20:39","2019-12-02","2019-12-02","2020-12-02","106","Ascio Technologies, Inc. Danmark - Filial af Ascio technologies, Inc. USA","whois.ascio.com","http://www.ascio.com","Not Disclosed","Not Disclosed","Not Disclosed","Not Disclosed","","Not Disclosed","Czech Republic","","Not Disclosed","Not Disclosed","Not Disclosed","Not Disclosed","Not Disclosed","Not Disclosed","Not Disclosed","Not Disclosed","Not Disclosed","","Not Disclosed","Not Disclosed","Not Disclosed","Not Disclosed","Not Disclosed","Not Disclosed","Not Disclosed","Not Disclosed","Not Disclosed","","Not Disclosed","Not Disclosed","","","","","","","","","","","ns.wedos.com","ns.wedos.cz","ns.wedos.eu","ns.wedos.net","OK","","",""
"7","armegalibra.com","2019-12-03 19:13:18","2019-12-01","2019-12-01","2021-12-01","146","GoDaddy.com, LLC","whois.godaddy.com","http://registrar.godaddy.com","","","","","Czech republic","","Czech Republic","","","","","","","","","","","","","","","","","","","","","","","","","","","","","","","","","","ns.ebola.cz","ns1.ebola.cz","ns2.ebola.cz","","clientDeleteProhibited","clientRenewProhibited","clientTransferProhibited","clientUpdateProhibited"
"8","armurerie-j-m-stevaux.com","2019-12-03 18:33:01","2019-12-02","","2020-12-02","839","Realtime Register B.V.","whois.yoursrs.com","http://www.realtimeregister.com","REDACTED FOR PRIVACY","REDACTED FOR PRIVACY","REDACTED FOR PRIVACY","REDACTED FOR PRIVACY","","REDACTED FOR PRIVACY","Czech Republic","","REDACTED FOR PRIVACY","REDACTED FOR PRIVACY","REDACTED FOR PRIVACY","REDACTED FOR PRIVACY","REDACTED FOR PRIVACY","REDACTED FOR PRIVACY","REDACTED FOR PRIVACY","REDACTED FOR PRIVACY","REDACTED FOR PRIVACY","","REDACTED FOR PRIVACY","REDACTED FOR PRIVACY","REDACTED FOR PRIVACY","REDACTED FOR PRIVACY","REDACTED FOR PRIVACY","REDACTED FOR PRIVACY","REDACTED FOR PRIVACY","REDACTED FOR PRIVACY","REDACTED FOR PRIVACY","","REDACTED FOR PRIVACY","REDACTED FOR PRIVACY","","","","","","","","","","","dns1.webnode.com","dns2.webnode.com","","","OK","","",""
"9","aroleid-lodge.com","2019-12-03 16:46:08","2019-12-02","","2020-12-02","1068","NameCheap, Inc.","whois.namecheap.com","http://www.namecheap.com","Aroleid Kollektiv","KAFFEE ZERMATT s.r.o.","Stupkova 952/18","Olomouc","NA","77900","Czech Republic","aroleid.kollektiv@protonmail.com","+20.774780010","","Aroleid Kollektiv","KAFFEE ZERMATT s.r.o.","Stupkova 952/18","Olomouc","NA","77900","Czech Republic","aroleid.kollektiv@protonmail.com","+20.774780010","","Aroleid Kollektiv","KAFFEE ZERMATT s.r.o.","Stupkova 952/18","Olomouc","NA","77900","Czech Republic","aroleid.kollektiv@protonmail.com","+20.774780010","","","","","","","","","","","","dns1.registrar-servers.com","dns2.registrar-servers.com","","","addPeriod","clientTransferProhibited","",""
"10","ashampoosoftware.com","2019-12-03 14:53:46","2019-12-02","2019-12-02","2020-12-02","1741","Shinjiru MSC Sdn Bhd","whois.ilovewww.com","http://www.ilovewww.com","GDPR Masked","GDPR Masked","GDPR Masked GDPR Masked GDPR Masked","GDPR Masked","jdks","GDPR Masked","Czech Republic","gdpr-masking@gdpr-masked.com","+GDPR Masked.GDPR Masked","+GDPR Masked.GDPR Masked","GDPR Masked","GDPR Masked","GDPR Masked GDPR Masked GDPR Masked","GDPR Masked","jdks","GDPR Masked","Czech Republic","gdpr-masking@gdpr-masked.com","+GDPR Masked.GDPR Masked","+GDPR Masked.GDPR Masked","GDPR Masked","GDPR Masked","GDPR Masked GDPR Masked GDPR Masked","GDPR Masked","jdks","GDPR Masked","Czech Republic","gdpr-masking@gdpr-masked.com","+GDPR Masked.GDPR Masked","+GDPR Masked.GDPR Masked","","","","","","","","","","","emily.ns.cloudflare.com","graham.ns.cloudflare.com","","","clientTransferProhibited","","",""
"11","auditvozovehoparku.com","2019-12-03 16:46:08","2019-12-02","2019-12-02","2020-12-02","69","Tucows Domains Inc.","whois.tucows.com","http://domainhelp.opensrs.net","REDACTED FOR PRIVACY","REDACTED FOR PRIVACY","REDACTED FOR PRIVACY","REDACTED FOR PRIVACY","REDACTED FOR PRIVACY","REDACTED FOR PRIVACY","Czech Republic","","REDACTED FOR PRIVACY","REDACTED FOR PRIVACY","REDACTED FOR PRIVACY","REDACTED FOR PRIVACY","REDACTED FOR PRIVACY","REDACTED FOR PRIVACY","REDACTED FOR PRIVACY","REDACTED FOR PRIVACY","REDACTED FOR PRIVACY","","REDACTED FOR PRIVACY","REDACTED FOR PRIVACY","REDACTED FOR PRIVACY","REDACTED FOR PRIVACY","REDACTED FOR PRIVACY","REDACTED FOR PRIVACY","REDACTED FOR PRIVACY","REDACTED FOR PRIVACY","REDACTED FOR PRIVACY","","REDACTED FOR PRIVACY","REDACTED FOR PRIVACY","","","","","","","","","","","ns.forpsi.cz","ns.forpsi.it","ns.forpsi.net","","clientTransferProhibited","clientUpdateProhibited","",""
"12","autocentrumbrno.com","2019-12-03 14:43:43","2019-12-02","2019-12-02","2020-12-02","106","Ascio Technologies, Inc. Danmark - Filial af Ascio technologies, Inc. USA","whois.ascio.com","http://www.ascio.com","Not Disclosed","Not Disclosed","Not Disclosed","Not Disclosed","CZ","Not Disclosed","Czech Republic","","Not Disclosed","Not Disclosed","Not Disclosed","Not Disclosed","Not Disclosed","Not Disclosed","Not Disclosed","Not Disclosed","Not Disclosed","","Not Disclosed","Not Disclosed","Not Disclosed","Not Disclosed","Not Disclosed","Not Disclosed","Not Disclosed","Not Disclosed","Not Disclosed","","Not Disclosed","Not Disclosed","","","","","","","","","","","alfa.ns.active24.cz","beta.ns.active24.cz","gama.ns.active24.sk","","OK","","",""
"13","aviation-eshop.com","2019-12-03 15:16:05","2019-12-02","2019-12-02","2020-12-02","106","Ascio Technologies, Inc. Danmark - Filial af Ascio technologies, Inc. USA","whois.ascio.com","http://www.ascio.com","Not Disclosed","Not Disclosed","Not Disclosed","Not Disclosed","","Not Disclosed","Czech Republic","","Not Disclosed","Not Disclosed","Not Disclosed","Not Disclosed","Not Disclosed","Not Disclosed","Not Disclosed","Not Disclosed","Not Disclosed","","Not Disclosed","Not Disclosed","Not Disclosed","Not Disclosed","Not Disclosed","Not Disclosed","Not Disclosed","Not Disclosed","Not Disclosed","","Not Disclosed","Not Disclosed","","","","","","","","","","","ns.wedos.com","ns.wedos.cz","ns.wedos.eu","ns.wedos.net","OK","","",""
"14","aviationeshop.com","2019-12-03 16:57:57","2019-12-02","2019-12-02","2020-12-02","106","Ascio Technologies, Inc. Danmark - Filial af Ascio technologies, Inc. USA","whois.ascio.com","http://www.ascio.com","Not Disclosed","Not Disclosed","Not Disclosed","Not Disclosed","","Not Disclosed","Czech Republic","","Not Disclosed","Not Disclosed","Not Disclosed","Not Disclosed","Not Disclosed","Not Disclosed","Not Disclosed","Not Disclosed","Not Disclosed","","Not Disclosed","Not Disclosed","Not Disclosed","Not Disclosed","Not Disclosed","Not Disclosed","Not Disclosed","Not Disclosed","Not Disclosed","","Not Disclosed","Not Disclosed","","","","","","","","","","","ns.wedos.com","ns.wedos.cz","ns.wedos.eu","ns.wedos.net","OK","","",""
"15","awayshoper.com","2019-12-03 15:53:16","2019-12-02","2019-12-02","2020-12-02","1505","Gransy s.r.o. d/b/a subreg.cz","whois.regtons.com","http://regtons.com","Domain Admin","Whois protection, this company does not own this domain name s.r.o.","Jaurisova 515/4","Praha 4","","14000","Czech Republic","awayshoper.com@whoisprotection.domains","+420.226517351","+420.226517341","Domain Admin","Whois protection, this company does not own this domain name s.r.o.","Jaurisova 515/4","Praha 4","","14000","Czech Republic","awayshoper.com@whoisprotection.domains","+420.226517351","+420.226517341","Domain Tech","Whois protection, this company does not own this domain name s.r.o.","Jaurisova 515/4","Praha 4","","14000","Czech Republic","awayshoper.com@whoisprotection.domains","+420.226517351","+420.226517341","","","","","","","","","","","ns1.serverhostgroup.com","ns2.serverhostgroup.com","ns3.serverhostgroup.com","","OK","","",""
"16","bbdocz.com","2019-12-03 16:45:59","2019-12-02","2019-12-02","2020-12-02","3817","Wix.com Ltd.","","","Statutory Masking Enabled","Statutory Masking Enabled","Statutory Masking Enabled","Statutory Masking Enabled","PA","Statutory Masking Enabled","Czech Republic","bbdocz.com@wix-domains.com","Statutory Masking Enabled","Statutory Masking Enabled","Statutory Masking Enabled","Statutory Masking Enabled","Statutory Masking Enabled","Statutory Masking Enabled","PA","Statutory Masking Enabled","Czech Republic","zak.frost@outlook.com","Statutory Masking Enabled","Statutory Masking Enabled","Statutory Masking Enabled","Statutory Masking Enabled","Statutory Masking Enabled","Statutory Masking Enabled","PA","Statutory Masking Enabled","Czech Republic","zak.frost@outlook.com","Statutory Masking Enabled","Statutory Masking Enabled","","","","","","","","","","","ns2.wixdns.net","ns3.wixdns.net","","","clientTransferProhibited","clientUpdateProhibited","",""
"17","beactiveworldwide.com","2019-12-03 18:17:10","2019-12-02","2019-12-02","2020-12-02","106","Ascio Technologies, Inc. Danmark - Filial af Ascio technologies, Inc. USA","whois.ascio.com","http://www.ascio.com","Not Disclosed","Not Disclosed","Not Disclosed","Not Disclosed","Praha","Not Disclosed","Czech Republic","","Not Disclosed","Not Disclosed","Not Disclosed","Not Disclosed","Not Disclosed","Not Disclosed","Not Disclosed","Not Disclosed","Not Disclosed","","Not Disclosed","Not Disclosed","Not Disclosed","Not Disclosed","Not Disclosed","Not Disclosed","Not Disclosed","Not Disclosed","Not Disclosed","","Not Disclosed","Not Disclosed","","","","","","","","","","","ns.wedos.com","ns.wedos.cz","ns.wedos.eu","ns.wedos.net","OK","","",""
"18","benemeat.com","2019-12-03 14:19:17","2019-12-02","2019-12-02","2020-12-02","69","Tucows Domains Inc.","whois.tucows.com","http://domainhelp.opensrs.net","REDACTED FOR PRIVACY","REDACTED FOR PRIVACY","REDACTED FOR PRIVACY","REDACTED FOR PRIVACY","REDACTED FOR PRIVACY","REDACTED FOR PRIVACY","Czech Republic","","REDACTED FOR PRIVACY","REDACTED FOR PRIVACY","REDACTED FOR PRIVACY","REDACTED FOR PRIVACY","REDACTED FOR PRIVACY","REDACTED FOR PRIVACY","REDACTED FOR PRIVACY","REDACTED FOR PRIVACY","REDACTED FOR PRIVACY","","REDACTED FOR PRIVACY","REDACTED FOR PRIVACY","REDACTED FOR PRIVACY","REDACTED FOR PRIVACY","REDACTED FOR PRIVACY","REDACTED FOR PRIVACY","REDACTED FOR PRIVACY","REDACTED FOR PRIVACY","REDACTED FOR PRIVACY","","REDACTED FOR PRIVACY","REDACTED FOR PRIVACY","","","","","","","","","","","ns.forpsi.cz","ns.forpsi.it","ns.forpsi.net","","clientTransferProhibited","clientUpdateProhibited","",""
"19","dashsimply.com","2019-12-03 14:25:44","2019-12-02","2019-12-02","2020-12-02","1505","Gransy s.r.o. d/b/a subreg.cz","whois.regtons.com","http://regtons.com","Domain Admin","Whois protection, this company does not own this domain name s.r.o.","Jaurisova 515/4","Praha 4","","14000","Czech Republic","dashsimply.com@whoisprotection.domains","+420.226517351","+420.226517341","Domain Admin","Whois protection, this company does not own this domain name s.r.o.","Jaurisova 515/4","Praha 4","","14000","Czech Republic","dashsimply.com@whoisprotection.domains","+420.226517351","+420.226517341","Domain Tech","Whois protection, this company does not own this domain name s.r.o.","Jaurisova 515/4","Praha 4","","14000","Czech Republic","dashsimply.com@whoisprotection.domains","+420.226517351","+420.226517341","","","","","","","","","","","ns1.cloudhostworld.com","","","","OK","","",""
"20","davity.net","2019-12-03 18:15:55","2019-12-01","2019-12-01","2020-12-01","1505","Gransy s.r.o. d/b/a subreg.cz","whois.regtons.com","http://regtons.com","Not Disclosed Not Disclosed","","Not Disclosed","Not Disclosed","","Not Disclosed","Czech Republic","webproxy@whoisprotection.domains","Not Disclosed","Not Disclosed","Not Disclosed Not Disclosed","","Not Disclosed","Not Disclosed","Not Disclosed","Not Disclosed","Czech Republic","webproxy@whoisprotection.domains","Not Disclosed","Not Disclosed","Not Disclosed Not Disclosed","","Not Disclosed","Not Disclosed","Not Disclosed","Not Disclosed","Czech Republic","webproxy@whoisprotection.domains","Not Disclosed","Not Disclosed","","","","","","","","","","","ns.web4u.cz","ns2.web4u.cz","","","OK","","",""
"21","devace-stats.com","2019-12-03 18:40:21","2019-12-01","","2020-12-01","1505","Gransy s.r.o. d/b/a subreg.cz","whois.regtons.com","http://regtons.com","Domain Admin","Whois protection, this company does not own this domain name s.r.o.","Jaurisova 515/4","Praha 4","","14000","Czech Republic","devace-stats.com@whoisprotection.domains","+420.226517351","+420.226517341","Domain Admin","Whois protection, this company does not own this domain name s.r.o.","Jaurisova 515/4","Praha 4","","14000","Czech Republic","devace-stats.com@whoisprotection.domains","+420.226517351","+420.226517341","Domain Tech","Whois protection, this company does not own this domain name s.r.o.","Jaurisova 515/4","Praha 4","","14000","Czech Republic","devace-stats.com@whoisprotection.domains","+420.226517351","+420.226517341","","","","","","","","","","","ns.parktons.com","ns2.parktons.com","","","","","",""
"22","digitalpeterpan.com","2019-12-03 18:26:38","2019-12-01","2019-12-01","2020-12-01","1636","Hostinger, UAB","whois.hostinger.com","http://www.hostinger.com","GDPR Masked","GDPR Masked","GDPR Masked GDPR Masked GDPR Masked","GDPR Masked","Prague","GDPR Masked","Czech Republic","gdpr-masking@gdpr-masked.com","+GDPR Masked.GDPR Masked","+GDPR Masked.GDPR Masked","GDPR Masked","GDPR Masked","GDPR Masked GDPR Masked GDPR Masked","GDPR Masked","Prague","GDPR Masked","Czech Republic","gdpr-masking@gdpr-masked.com","+GDPR Masked.GDPR Masked","+GDPR Masked.GDPR Masked","GDPR Masked","GDPR Masked","GDPR Masked GDPR Masked GDPR Masked","GDPR Masked","Prague","GDPR Masked","Czech Republic","gdpr-masking@gdpr-masked.com","+GDPR Masked.GDPR Masked","+GDPR Masked.GDPR Masked","","","","","","","","","","","ns1.dns-parking.com","ns2.dns-parking.com","","","clientTransferProhibited","","",""
"23","dohladka.com","2019-12-03 19:06:25","2019-12-01","2019-12-01","2020-12-01","1505","Gransy s.r.o. d/b/a subreg.cz","whois.regtons.com","http://regtons.com","Not Disclosed Not Disclosed","David Lukes","Not Disclosed","Not Disclosed","","Not Disclosed","Czech Republic","webproxy@whoisprotection.domains","Not Disclosed","Not Disclosed","Not Disclosed Not Disclosed","","Not Disclosed","Not Disclosed","Not Disclosed","Not Disclosed","Czech Republic","webproxy@whoisprotection.domains","Not Disclosed","Not Disclosed","Not Disclosed Not Disclosed","","Not Disclosed","Not Disclosed","Not Disclosed","Not Disclosed","Czech Republic","webproxy@whoisprotection.domains","Not Disclosed","Not Disclosed","","","","","","","","","","","ns1.hostingzdarma.cz","ns2.hostingzdarma.cz","ns3.hosting-zdarma.net","","OK","","",""
"24","e-bikeheavytools.com","2019-12-03 16:26:47","2019-12-02","2019-12-02","2020-12-02","106","Ascio Technologies, Inc. Danmark - Filial af Ascio technologies, Inc. USA","whois.ascio.com","http://www.ascio.com","Not Disclosed","Not Disclosed","Not Disclosed","Not Disclosed","CZ","Not Disclosed","Czech Republic","","Not Disclosed","Not Disclosed","Not Disclosed","Not Disclosed","Not Disclosed","Not Disclosed","Not Disclosed","Not Disclosed","Not Disclosed","","Not Disclosed","Not Disclosed","Not Disclosed","Not Disclosed","Not Disclosed","Not Disclosed","Not Disclosed","Not Disclosed","Not Disclosed","","Not Disclosed","Not Disclosed","","","","","","","","","","","alfa.ns.active24.cz","beta.ns.active24.cz","gama.ns.active24.sk","","OK","","",""
"25","easymestyle.com","2019-12-03 18:22:54","2019-12-02","2019-12-02","2020-12-02","1505","Gransy s.r.o. d/b/a subreg.cz","whois.regtons.com","http://regtons.com","Domain Admin","Whois protection, this company does not own this domain name s.r.o.","Jaurisova 515/4","Praha 4","","14000","Czech Republic","easymestyle.com@whoisprotection.domains","+420.226517351","+420.226517341","Domain Admin","Whois protection, this company does not own this domain name s.r.o.","Jaurisova 515/4","Praha 4","","14000","Czech Republic","easymestyle.com@whoisprotection.domains","+420.226517351","+420.226517341","Domain Tech","Whois protection, this company does not own this domain name s.r.o.","Jaurisova 515/4","Praha 4","","14000","Czech Republic","easymestyle.com@whoisprotection.domains","+420.226517351","+420.226517341","","","","","","","","","","","ns1.serverhostgroup.com","ns2.serverhostgroup.com","ns3.serverhostgroup.com","","OK","","",""
"26","edhstack.com","2019-12-03 16:11:52","2019-12-02","2019-12-02","2020-12-02","106","Ascio Technologies, Inc. Danmark - Filial af Ascio technologies, Inc. USA","whois.ascio.com","http://www.ascio.com","Not Disclosed","Not Disclosed","Not Disclosed","Not Disclosed","","Not Disclosed","Czech Republic","","Not Disclosed","Not Disclosed","Not Disclosed","Not Disclosed","Not Disclosed","Not Disclosed","Not Disclosed","Not Disclosed","Not Disclosed","","Not Disclosed","Not Disclosed","Not Disclosed","Not Disclosed","Not Disclosed","Not Disclosed","Not Disclosed","Not Disclosed","Not Disclosed","","Not Disclosed","Not Disclosed","","","","","","","","","","","ns.wedos.com","ns.wedos.cz","ns.wedos.eu","ns.wedos.net","OK","","",""
"27","explosive-target.com","2019-12-03 14:43:26","2019-12-02","2019-12-02","2020-12-02","69","Tucows Domains Inc.","whois.tucows.com","http://domainhelp.opensrs.net","REDACTED FOR PRIVACY","REDACTED FOR PRIVACY","REDACTED FOR PRIVACY","REDACTED FOR PRIVACY","REDACTED FOR PRIVACY","REDACTED FOR PRIVACY","Czech Republic","","REDACTED FOR PRIVACY","REDACTED FOR PRIVACY","REDACTED FOR PRIVACY","REDACTED FOR PRIVACY","REDACTED FOR PRIVACY","REDACTED FOR PRIVACY","REDACTED FOR PRIVACY","REDACTED FOR PRIVACY","REDACTED FOR PRIVACY","","REDACTED FOR PRIVACY","REDACTED FOR PRIVACY","REDACTED FOR PRIVACY","REDACTED FOR PRIVACY","REDACTED FOR PRIVACY","REDACTED FOR PRIVACY","REDACTED FOR PRIVACY","REDACTED FOR PRIVACY","REDACTED FOR PRIVACY","","REDACTED FOR PRIVACY","REDACTED FOR PRIVACY","","","","","","","","","","","ns.forpsi.cz","ns.forpsi.it","ns.forpsi.net","","clientTransferProhibited","clientUpdateProhibited","",""
"28","fid-loyaltyinvest.com","2019-12-03 18:06:32","2019-12-01","2019-12-02","2020-12-01","1505","Gransy s.r.o. d/b/a subreg.cz","whois.regtons.com","http://regtons.com","Domain Admin","Whois protection, this company does not own this domain name s.r.o.","Jaurisova 515/4","Praha 4","","14000","Czech Republic","fid-loyaltyinvest.com@whoisprotection.domains","+420.226517351","+420.226517341","Domain Admin","Whois protection, this company does not own this domain name s.r.o.","Jaurisova 515/4","Praha 4","","14000","Czech Republic","fid-loyaltyinvest.com@whoisprotection.domains","+420.226517351","+420.226517341","Domain Tech","Whois protection, this company does not own this domain name s.r.o.","Jaurisova 515/4","Praha 4","","14000","Czech Republic","fid-loyaltyinvest.com@whoisprotection.domains","+420.226517351","+420.226517341","","","","","","","","","","","dns1.namecheaphosting.com","dns2.namecheaphosting.com","","","clientTransferProhibited","","",""
"29","firlavisual.com","2019-12-03 14:48:32","2019-12-02","2019-12-02","2020-12-02","106","Ascio Technologies, Inc. Danmark - Filial af Ascio technologies, Inc. USA","whois.ascio.com","http://www.ascio.com","Not Disclosed","Not Disclosed","Not Disclosed","Not Disclosed","CZ","Not Disclosed","Czech Republic","","Not Disclosed","Not Disclosed","Not Disclosed","Not Disclosed","Not Disclosed","Not Disclosed","Not Disclosed","Not Disclosed","Not Disclosed","","Not Disclosed","Not Disclosed","Not Disclosed","Not Disclosed","Not Disclosed","Not Disclosed","Not Disclosed","Not Disclosed","Not Disclosed","","Not Disclosed","Not Disclosed","","","","","","","","","","","alfa.ns.active24.cz","beta.ns.active24.cz","gama.ns.active24.sk","","OK","","",""
"30","fledaclub.com","2019-12-03 16:08:32","2019-12-02","2019-12-02","2020-12-02","69","Tucows Domains Inc.","whois.tucows.com","http://domainhelp.opensrs.net","REDACTED FOR PRIVACY","REDACTED FOR PRIVACY","REDACTED FOR PRIVACY","REDACTED FOR PRIVACY","REDACTED FOR PRIVACY","REDACTED FOR PRIVACY","Czech Republic","","REDACTED FOR PRIVACY","REDACTED FOR PRIVACY","REDACTED FOR PRIVACY","REDACTED FOR PRIVACY","REDACTED FOR PRIVACY","REDACTED FOR PRIVACY","REDACTED FOR PRIVACY","REDACTED FOR PRIVACY","REDACTED FOR PRIVACY","","REDACTED FOR PRIVACY","REDACTED FOR PRIVACY","REDACTED FOR PRIVACY","REDACTED FOR PRIVACY","REDACTED FOR PRIVACY","REDACTED FOR PRIVACY","REDACTED FOR PRIVACY","REDACTED FOR PRIVACY","REDACTED FOR PRIVACY","","REDACTED FOR PRIVACY","REDACTED FOR PRIVACY","","","","","","","","","","","ns.forpsi.cz","ns.forpsi.it","ns.forpsi.net","","clientTransferProhibited","clientUpdateProhibited","",""
"31","fleradesing.com","2019-12-03 15:20:10","2019-12-02","2019-12-02","2020-12-02","113","CSL Computer Service Langenbach GmbH d/b/a joker.com","whois.joker.com","http://www.joker.com","Ferdinand Leffler","FLERA s.r.o.","Za papirnou 239/3","Praha 7","","17000","Czech Republic","studio@klubismus.cz","+420.777803345","","Ferdinand Leffler","FLERA s.r.o.","Za papirnou 239/3","Praha 7","","17000","Czech Republic","studio@klubismus.cz","+420.777803345","","INTERNET CZ a.s.","INTERNET CZ, a.s.","Ktis 2","Ktis","","384 03","Czech Republic","domain@forpsi.com","+420.383835353","+420.383835354","","","","","","","","","","","ns2.blueboard.cz","shinzon.blueboard.cz","","","clientTransferProhibited","","",""
"32","fortunacassino.com","2019-12-03 15:31:30","2019-12-02","2019-12-02","2020-12-02","146","GoDaddy.com, LLC","whois.godaddy.com","http://registrar.godaddy.com","","","","","Praha","","Czech Republic","","","","","","","","","","","","","","","","","","","","","","","","","","","","","","","","","","cleo.ns.cloudflare.com","rachel.ns.cloudflare.com","","","clientDeleteProhibited","clientRenewProhibited","clientTransferProhibited","clientUpdateProhibited"
"33","futurapacking.com","2019-12-03 14:53:51","2019-12-02","2019-12-02","2020-12-02","106","Ascio Technologies, Inc. Danmark - Filial af Ascio technologies, Inc. USA","whois.ascio.com","http://www.ascio.com","Not Disclosed","Not Disclosed","Not Disclosed","Not Disclosed","","Not Disclosed","Czech Republic","","Not Disclosed","Not Disclosed","Not Disclosed","Not Disclosed","Not Disclosed","Not Disclosed","Not Disclosed","Not Disclosed","Not Disclosed","","Not Disclosed","Not Disclosed","Not Disclosed","Not Disclosed","Not Disclosed","Not Disclosed","Not Disclosed","Not Disclosed","Not Disclosed","","Not Disclosed","Not Disclosed","","","","","","","","","","","ns.wedos.com","ns.wedos.cz","ns.wedos.eu","ns.wedos.net","OK","","",""
"34","galexiy.com","2019-12-03 17:21:01","2019-12-02","2019-12-02","2020-12-02","1505","Gransy s.r.o. d/b/a subreg.cz","whois.regtons.com","http://regtons.com","Domain Admin","Whois protection, this company does not own this domain name s.r.o.","Jaurisova 515/4","Praha 4","","14000","Czech Republic","galexiy.com@whoisprotection.domains","+420.226517351","+420.226517341","Domain Admin","Whois protection, this company does not own this domain name s.r.o.","Jaurisova 515/4","Praha 4","","14000","Czech Republic","galexiy.com@whoisprotection.domains","+420.226517351","+420.226517341","Domain Tech","Whois protection, this company does not own this domain name s.r.o.","Jaurisova 515/4","Praha 4","","14000","Czech Republic","galexiy.com@whoisprotection.domains","+420.226517351","+420.226517341","","","","","","","","","","","ns1.serverhostgroup.com","ns2.serverhostgroup.com","ns3.serverhostgroup.com","","OK","","",""
"35","genf20x.com","2019-12-03 17:20:01","2019-11-26","2019-12-02","2020-11-26","600","Rebel.com Corp.","whois.rebel.com","http://www.rebel.com","REDACTED FOR PRIVACY","DotBadger Domains","REDACTED FOR PRIVACY","REDACTED FOR PRIVACY","Praha","REDACTED FOR PRIVACY","Czech Republic","","REDACTED FOR PRIVACY","REDACTED FOR PRIVACY","REDACTED FOR PRIVACY","DotBadger Domains","REDACTED FOR PRIVACY","REDACTED FOR PRIVACY","REDACTED FOR PRIVACY","REDACTED FOR PRIVACY","REDACTED FOR PRIVACY","","REDACTED FOR PRIVACY","REDACTED FOR PRIVACY","REDACTED FOR PRIVACY","DotBadger Domains","REDACTED FOR PRIVACY","REDACTED FOR PRIVACY","REDACTED FOR PRIVACY","REDACTED FOR PRIVACY","REDACTED FOR PRIVACY","","REDACTED FOR PRIVACY","REDACTED FOR PRIVACY","","","","","","","","","","","ns1.parklogic.com","ns2.parklogic.com","","","","","",""
"36","gnetko.com","2019-12-03 16:50:24","2019-12-02","2019-12-02","2020-12-02","1505","Gransy s.r.o. d/b/a subreg.cz","whois.regtons.com","http://regtons.com","Domain Admin","Whois protection, this company does not own this domain name s.r.o.","Jaurisova 515/4","Praha 4","","14000","Czech Republic","gnetko.com@whoisprotection.domains","+420.226517351","+420.226517341","Domain Admin","Whois protection, this company does not own this domain name s.r.o.","Jaurisova 515/4","Praha 4","","14000","Czech Republic","gnetko.com@whoisprotection.domains","+420.226517351","+420.226517341","Domain Tech","Whois protection, this company does not own this domain name s.r.o.","Jaurisova 515/4","Praha 4","","14000","Czech Republic","gnetko.com@whoisprotection.domains","+420.226517351","+420.226517341","","","","","","","","","","","ns15.neoserv.si","ns16.neoserv.si","","","clientTransferProhibited","","",""
"37","goooodtimes.com","2019-12-03 14:38:07","2019-12-01","2019-12-01","2020-12-01","106","Ascio Technologies, Inc. Danmark - Filial af Ascio technologies, Inc. USA","whois.ascio.com","http://www.ascio.com","Not Disclosed","Not Disclosed","Not Disclosed","Not Disclosed","","Not Disclosed","Czech Republic","","Not Disclosed","Not Disclosed","Not Disclosed","Not Disclosed","Not Disclosed","Not Disclosed","Not Disclosed","Not Disclosed","Not Disclosed","","Not Disclosed","Not Disclosed","Not Disclosed","Not Disclosed","Not Disclosed","Not Disclosed","Not Disclosed","Not Disclosed","Not Disclosed","","Not Disclosed","Not Disclosed","","","","","","","","","","","ns.wedos.com","ns.wedos.cz","ns.wedos.eu","ns.wedos.net","OK","","",""
"38","hofmanjan.com","2019-12-03 17:56:01","2019-12-02","2019-12-02","2020-12-02","106","Ascio Technologies, Inc. Danmark - Filial af Ascio technologies, Inc. USA","whois.ascio.com","http://www.ascio.com","Not Disclosed","Not Disclosed","Not Disclosed","Not Disclosed","Praha","Not Disclosed","Czech Republic","","Not Disclosed","Not Disclosed","Not Disclosed","Not Disclosed","Not Disclosed","Not Disclosed","Not Disclosed","Not Disclosed","Not Disclosed","","Not Disclosed","Not Disclosed","Not Disclosed","Not Disclosed","Not Disclosed","Not Disclosed","Not Disclosed","Not Disclosed","Not Disclosed","","Not Disclosed","Not Disclosed","","","","","","","","","","","ns.wedos.com","ns.wedos.cz","ns.wedos.eu","ns.wedos.net","OK","","",""
"39","hurtala.com","2019-12-03 14:32:30","2019-12-02","2019-12-02","2020-12-02","69","Tucows Domains Inc.","whois.tucows.com","http://domainhelp.opensrs.net","REDACTED FOR PRIVACY","REDACTED FOR PRIVACY","REDACTED FOR PRIVACY","REDACTED FOR PRIVACY","REDACTED FOR PRIVACY","REDACTED FOR PRIVACY","Czech Republic","","REDACTED FOR PRIVACY","REDACTED FOR PRIVACY","REDACTED FOR PRIVACY","REDACTED FOR PRIVACY","REDACTED FOR PRIVACY","REDACTED FOR PRIVACY","REDACTED FOR PRIVACY","REDACTED FOR PRIVACY","REDACTED FOR PRIVACY","","REDACTED FOR PRIVACY","REDACTED FOR PRIVACY","REDACTED FOR PRIVACY","REDACTED FOR PRIVACY","REDACTED FOR PRIVACY","REDACTED FOR PRIVACY","REDACTED FOR PRIVACY","REDACTED FOR PRIVACY","REDACTED FOR PRIVACY","","REDACTED FOR PRIVACY","REDACTED FOR PRIVACY","","","","","","","","","","","ns.forpsi.cz","ns.forpsi.it","ns.forpsi.net","","clientTransferProhibited","clientUpdateProhibited","",""
"40","jakubgrunza.com","2019-12-03 14:45:12","2019-12-02","2019-12-02","2020-12-02","106","Ascio Technologies, Inc. Danmark - Filial af Ascio technologies, Inc. USA","whois.ascio.com","http://www.ascio.com","Not Disclosed","Not Disclosed","Not Disclosed","Not Disclosed","Liberecky","Not Disclosed","Czech Republic","","Not Disclosed","Not Disclosed","Not Disclosed","Not Disclosed","Not Disclosed","Not Disclosed","Not Disclosed","Not Disclosed","Not Disclosed","","Not Disclosed","Not Disclosed","Not Disclosed","Not Disclosed","Not Disclosed","Not Disclosed","Not Disclosed","Not Disclosed","Not Disclosed","","Not Disclosed","Not Disclosed","","","","","","","","","","","ns.wedos.com","ns.wedos.cz","ns.wedos.eu","ns.wedos.net","OK","","",""
"41","jviv.net","2019-12-03 15:47:20","2019-12-01","2019-12-01","2020-12-01","106","Ascio Technologies, Inc. Danmark - Filial af Ascio technologies, Inc. USA","whois.ascio.com","http://www.ascio.com","Not Disclosed","Not Disclosed","Not Disclosed","Not Disclosed","Praha","Not Disclosed","Czech Republic","","Not Disclosed","Not Disclosed","Not Disclosed","Not Disclosed","Not Disclosed","Not Disclosed","Not Disclosed","Not Disclosed","Not Disclosed","","Not Disclosed","Not Disclosed","Not Disclosed","Not Disclosed","Not Disclosed","Not Disclosed","Not Disclosed","Not Disclosed","Not Disclosed","","Not Disclosed","Not Disclosed","","","","","","","","","","","ns.wedos.com","ns.wedos.cz","ns.wedos.eu","ns.wedos.net","OK","","",""
"42","karelpapik.com","2019-12-03 19:14:02","2019-12-01","2019-12-01","2022-12-01","3817","Wix.com Ltd.","","","Statutory Masking Enabled","Statutory Masking Enabled","Statutory Masking Enabled","Statutory Masking Enabled","PR","Statutory Masking Enabled","Czech Republic","karelpapik.com@wix-domains.com","Statutory Masking Enabled","Statutory Masking Enabled","Statutory Masking Enabled","Statutory Masking Enabled","Statutory Masking Enabled","Statutory Masking Enabled","PR","Statutory Masking Enabled","Czech Republic","kpapik@gmail.com","Statutory Masking Enabled","Statutory Masking Enabled","Statutory Masking Enabled","Statutory Masking Enabled","Statutory Masking Enabled","Statutory Masking Enabled","PR","Statutory Masking Enabled","Czech Republic","kpapik@gmail.com","Statutory Masking Enabled","Statutory Masking Enabled","","","","","","","","","","","ns8.wixdns.net","ns9.wixdns.net","","","clientTransferProhibited","clientUpdateProhibited","",""
"43","katetheaerialist.com","2019-12-03 18:24:13","2019-12-02","2019-12-02","2020-12-02","69","Tucows Domains Inc.","whois.tucows.com","http://domainhelp.opensrs.net","REDACTED FOR PRIVACY","REDACTED FOR PRIVACY","REDACTED FOR PRIVACY","REDACTED FOR PRIVACY","REDACTED FOR PRIVACY","REDACTED FOR PRIVACY","Czech Republic","","REDACTED FOR PRIVACY","REDACTED FOR PRIVACY","REDACTED FOR PRIVACY","REDACTED FOR PRIVACY","REDACTED FOR PRIVACY","REDACTED FOR PRIVACY","REDACTED FOR PRIVACY","REDACTED FOR PRIVACY","REDACTED FOR PRIVACY","","REDACTED FOR PRIVACY","REDACTED FOR PRIVACY","REDACTED FOR PRIVACY","REDACTED FOR PRIVACY","REDACTED FOR PRIVACY","REDACTED FOR PRIVACY","REDACTED FOR PRIVACY","REDACTED FOR PRIVACY","REDACTED FOR PRIVACY","","REDACTED FOR PRIVACY","REDACTED FOR PRIVACY","","","","","","","","","","","ns.forpsi.cz","ns.forpsi.it","ns.forpsi.net","","clientTransferProhibited","clientUpdateProhibited","",""
"44","levitani.com","2019-12-03 18:47:21","2019-12-02","2019-12-02","2020-12-02","1505","Gransy s.r.o. d/b/a subreg.cz","whois.regtons.com","http://regtons.com","Domain Admin","Whois protection, this company does not own this domain name s.r.o.","Jaurisova 515/4","Praha 4","","14000","Czech Republic","levitani.com@whoisprotection.domains","+420.226517351","+420.226517341","Domain Admin","Whois protection, this company does not own this domain name s.r.o.","Jaurisova 515/4","Praha 4","","14000","Czech Republic","levitani.com@whoisprotection.domains","+420.226517351","+420.226517341","Domain Tech","Whois protection, this company does not own this domain name s.r.o.","Jaurisova 515/4","Praha 4","","14000","Czech Republic","levitani.com@whoisprotection.domains","+420.226517351","+420.226517341","","","","","","","","","","","ns3.prasicek.si","ns4.prasicek.si","","","clientTransferProhibited","","",""
"45","levitani.net","2019-12-03 18:46:03","2019-12-02","2019-12-02","2020-12-02","1505","Gransy s.r.o. d/b/a subreg.cz","whois.regtons.com","http://regtons.com","Domain Admin","Whois protection, this company does not own this domain name s.r.o.","Jaurisova 515/4","Praha 4","","14000","Czech Republic","levitani.net@whoisprotection.domains","+420.226517351","+420.226517341","Domain Admin","Whois protection, this company does not own this domain name s.r.o.","Jaurisova 515/4","Praha 4","","14000","Czech Republic","levitani.net@whoisprotection.domains","+420.226517351","+420.226517341","Domain Tech","Whois protection, this company does not own this domain name s.r.o.","Jaurisova 515/4","Praha 4","","14000","Czech Republic","levitani.net@whoisprotection.domains","+420.226517351","+420.226517341","","","","","","","","","","","ns3.prasicek.si","ns4.prasicek.si","","","clientTransferProhibited","","",""
"46","levnadrogerie.com","2019-12-03 17:46:29","2019-12-02","2019-12-02","2020-12-02","106","Ascio Technologies, Inc. Danmark - Filial af Ascio technologies, Inc. USA","whois.ascio.com","http://www.ascio.com","Not Disclosed","Not Disclosed","Not Disclosed","Not Disclosed","Praha","Not Disclosed","Czech Republic","","Not Disclosed","Not Disclosed","Not Disclosed","Not Disclosed","Not Disclosed","Not Disclosed","Not Disclosed","Not Disclosed","Not Disclosed","","Not Disclosed","Not Disclosed","Not Disclosed","Not Disclosed","Not Disclosed","Not Disclosed","Not Disclosed","Not Disclosed","Not Disclosed","","Not Disclosed","Not Disclosed","","","","","","","","","","","ns.wedos.com","ns.wedos.cz","ns.wedos.eu","ns.wedos.net","OK","","",""
"47","listaros-residence.com","2019-12-03 16:54:00","2019-12-02","2019-12-02","2020-12-02","303","PDR Ltd. d/b/a PublicDomainRegistry.com","whois.publicdomainregistry.com","http://www.publicdomainregistry.com","GDPR Masked","GDPR Masked","GDPR Masked GDPR Masked GDPR Masked","GDPR Masked","","GDPR Masked","Czech Republic","gdpr-masking@gdpr-masked.com","+GDPR Masked.GDPR Masked","+GDPR Masked.GDPR Masked","GDPR Masked","GDPR Masked","GDPR Masked GDPR Masked GDPR Masked","GDPR Masked","","GDPR Masked","Czech Republic","gdpr-masking@gdpr-masked.com","+GDPR Masked.GDPR Masked","+GDPR Masked.GDPR Masked","GDPR Masked","GDPR Masked","GDPR Masked GDPR Masked GDPR Masked","GDPR Masked","","GDPR Masked","Czech Republic","gdpr-masking@gdpr-masked.com","+GDPR Masked.GDPR Masked","+GDPR Masked.GDPR Masked","","","","","","","","","","","purc173612.earth.orderbox-dns.com","purc173612.mars.orderbox-dns.com","purc173612.mercury.orderbox-dns.com","purc173612.venus.orderbox-dns.com","clientTransferProhibited","","",""
"48","localback.net","2019-12-03 15:53:29","2019-12-01","2019-12-01","2020-12-02","1505","Gransy s.r.o. d/b/a subreg.cz","whois.regtons.com","http://regtons.com","Domain Admin","Whois protection, this company does not own this domain name s.r.o.","Jaurisova 515/4","Praha 4","","14000","Czech Republic","localback.net@whoisprotection.domains","+420.226517351","+420.226517341","Domain Admin","Whois protection, this company does not own this domain name s.r.o.","Jaurisova 515/4","Praha 4","","14000","Czech Republic","localback.net@whoisprotection.domains","+420.226517351","+420.226517341","Domain Tech","Whois protection, this company does not own this domain name s.r.o.","Jaurisova 515/4","Praha 4","","14000","Czech Republic","localback.net@whoisprotection.domains","+420.226517351","+420.226517341","","","","","","","","","","","david.ns.cloudflare.com","violet.ns.cloudflare.com","","","OK","","",""
"49","loyalshoppen.com","2019-12-03 18:02:23","2019-12-02","2019-12-02","2020-12-02","1505","Gransy s.r.o. d/b/a subreg.cz","whois.regtons.com","http://regtons.com","Domain Admin","Whois protection, this company does not own this domain name s.r.o.","Jaurisova 515/4","Praha 4","","14000","Czech Republic","loyalshoppen.com@whoisprotection.domains","+420.226517351","+420.226517341","Domain Admin","Whois protection, this company does not own this domain name s.r.o.","Jaurisova 515/4","Praha 4","","14000","Czech Republic","loyalshoppen.com@whoisprotection.domains","+420.226517351","+420.226517341","Domain Tech","Whois protection, this company does not own this domain name s.r.o.","Jaurisova 515/4","Praha 4","","14000","Czech Republic","loyalshoppen.com@whoisprotection.domains","+420.226517351","+420.226517341","","","","","","","","","","","admi419736.earth.orderbox-dns.com","admi419736.mars.orderbox-dns.com","admi419736.mercury.orderbox-dns.com","admi419736.venus.orderbox-dns.com","OK","","",""
"50","luciekratochvilova.com","2019-12-03 17:18:34","2019-12-01","2019-12-01","2020-12-01","106","Ascio Technologies, Inc. Danmark - Filial af Ascio technologies, Inc. USA","whois.ascio.com","http://www.ascio.com","Not Disclosed","Not Disclosed","Not Disclosed","Not Disclosed","CZ","Not Disclosed","Czech Republic","","Not Disclosed","Not Disclosed","Not Disclosed","Not Disclosed","Not Disclosed","Not Disclosed","Not Disclosed","Not Disclosed","Not Disclosed","","Not Disclosed","Not Disclosed","Not Disclosed","Not Disclosed","Not Disclosed","Not Disclosed","Not Disclosed","Not Disclosed","Not Disclosed","","Not Disclosed","Not Disclosed","","","","","","","","","","","alfa.ns.active24.cz","beta.ns.active24.cz","gama.ns.active24.sk","","OK","","",""
"51","luciepospisilova.com","2019-12-03 18:43:44","2019-12-01","2019-12-01","2020-12-01","106","Ascio Technologies, Inc. Danmark - Filial af Ascio technologies, Inc. USA","whois.ascio.com","http://www.ascio.com","Not Disclosed","Not Disclosed","Not Disclosed","Not Disclosed","","Not Disclosed","Czech Republic","","Not Disclosed","Not Disclosed","Not Disclosed","Not Disclosed","Not Disclosed","Not Disclosed","Not Disclosed","Not Disclosed","Not Disclosed","","Not Disclosed","Not Disclosed","Not Disclosed","Not Disclosed","Not Disclosed","Not Disclosed","Not Disclosed","Not Disclosed","Not Disclosed","","Not Disclosed","Not Disclosed","","","","","","","","","","","ns.wedos.com","ns.wedos.cz","ns.wedos.eu","ns.wedos.net","OK","","",""
"52","lucyjan.com","2019-12-03 18:13:33","2019-12-02","2019-12-02","2020-12-02","3817","Wix.com Ltd.","","","Statutory Masking Enabled","Statutory Masking Enabled","Statutory Masking Enabled","Statutory Masking Enabled","JM","Statutory Masking Enabled","Czech Republic","lucyjan.com@wix-domains.com","Statutory Masking Enabled","Statutory Masking Enabled","Statutory Masking Enabled","Statutory Masking Enabled","Statutory Masking Enabled","Statutory Masking Enabled","JM","Statutory Masking Enabled","Czech Republic","tomas4224@gmail.com","Statutory Masking Enabled","Statutory Masking Enabled","Statutory Masking Enabled","Statutory Masking Enabled","Statutory Masking Enabled","Statutory Masking Enabled","JM","Statutory Masking Enabled","Czech Republic","tomas4224@gmail.com","Statutory Masking Enabled","Statutory Masking Enabled","","","","","","","","","","","ns0.wixdns.net","ns1.wixdns.net","","","clientTransferProhibited","clientUpdateProhibited","",""
"53","lulavintageprague.com","2019-12-03 15:43:02","2019-12-01","2019-12-01","2020-12-01","106","Ascio Technologies, Inc. Danmark - Filial af Ascio technologies, Inc. USA","whois.ascio.com","http://www.ascio.com","Not Disclosed","Not Disclosed","Not Disclosed","Not Disclosed","CZ","Not Disclosed","Czech Republic","","Not Disclosed","Not Disclosed","Not Disclosed","Not Disclosed","Not Disclosed","Not Disclosed","Not Disclosed","Not Disclosed","Not Disclosed","","Not Disclosed","Not Disclosed","Not Disclosed","Not Disclosed","Not Disclosed","Not Disclosed","Not Disclosed","Not Disclosed","Not Disclosed","","Not Disclosed","Not Disclosed","","","","","","","","","","","alfa.ns.active24.cz","beta.ns.active24.cz","gama.ns.active24.sk","","OK","","",""
"54","maartylp.com","2019-12-03 17:34:59","2019-12-01","2019-12-01","2020-12-01","106","Ascio Technologies, Inc. Danmark - Filial af Ascio technologies, Inc. USA","whois.ascio.com","http://www.ascio.com","Not Disclosed","Not Disclosed","Not Disclosed","Not Disclosed","JM","Not Disclosed","Czech Republic","","Not Disclosed","Not Disclosed","Not Disclosed","Not Disclosed","Not Disclosed","Not Disclosed","Not Disclosed","Not Disclosed","Not Disclosed","","Not Disclosed","Not Disclosed","Not Disclosed","Not Disclosed","Not Disclosed","Not Disclosed","Not Disclosed","Not Disclosed","Not Disclosed","","Not Disclosed","Not Disclosed","","","","","","","","","","","ns.wedos.com","ns.wedos.cz","ns.wedos.eu","ns.wedos.net","OK","","",""
"55","marionettemakers.com","2019-12-03 15:39:37","2019-12-02","2019-12-02","2020-12-02","106","Ascio Technologies, Inc. Danmark - Filial af Ascio technologies, Inc. USA","whois.ascio.com","http://www.ascio.com","Not Disclosed","Not Disclosed","Not Disclosed","Not Disclosed","CZ","Not Disclosed","Czech Republic","","Not Disclosed","Not Disclosed","Not Disclosed","Not Disclosed","Not Disclosed","Not Disclosed","Not Disclosed","Not Disclosed","Not Disclosed","","Not Disclosed","Not Disclosed","Not Disclosed","Not Disclosed","Not Disclosed","Not Disclosed","Not Disclosed","Not Disclosed","Not Disclosed","","Not Disclosed","Not Disclosed","","","","","","","","","","","alfa.ns.active24.cz","beta.ns.active24.cz","gama.ns.active24.sk","","OK","","",""
"56","masspmarket.com","2019-12-03 19:06:59","2019-12-01","2019-12-01","2020-12-01","1505","Gransy s.r.o. d/b/a subreg.cz","whois.regtons.com","http://regtons.com","Domain Admin","Whois protection, this company does not own this domain name s.r.o.","Jaurisova 515/4","Praha 4","","14000","Czech Republic","masspmarket.com@whoisprotection.domains","+420.226517351","+420.226517341","Domain Admin","Whois protection, this company does not own this domain name s.r.o.","Jaurisova 515/4","Praha 4","","14000","Czech Republic","masspmarket.com@whoisprotection.domains","+420.226517351","+420.226517341","Domain Tech","Whois protection, this company does not own this domain name s.r.o.","Jaurisova 515/4","Praha 4","","14000","Czech Republic","masspmarket.com@whoisprotection.domains","+420.226517351","+420.226517341","","","","","","","","","","","ns1.freednsdedi.com","ns2.freednsdedi.com","","","OK","","",""
"57","mastertimeclub.com","2019-12-03 15:32:40","2019-12-01","2019-12-01","2020-12-01","113","CSL Computer Service Langenbach GmbH d/b/a joker.com","whois.joker.com","http://www.joker.com","","","","","","","Czech Republic","","","","","","","","","","","","","","","","","","","","","","","","","","","","","","","","","","ns1.regzone.cz","ns1.regzone.de","ns1.regzone.info","","clientTransferProhibited","","",""
"58","mbeutl.com","2019-12-03 14:20:02","2019-12-01","2019-12-01","2020-12-01","1505","Gransy s.r.o. d/b/a subreg.cz","whois.regtons.com","http://regtons.com","Domain Admin","Whois protection, this company does not own this domain name s.r.o.","Jaurisova 515/4","Praha 4","","14000","Czech Republic","mbeutl.com@whoisprotection.domains","+420.226517351","+420.226517341","Domain Admin","Whois protection, this company does not own this domain name s.r.o.","Jaurisova 515/4","Praha 4","","14000","Czech Republic","mbeutl.com@whoisprotection.domains","+420.226517351","+420.226517341","Domain Tech","Whois protection, this company does not own this domain name s.r.o.","Jaurisova 515/4","Praha 4","","14000","Czech Republic","mbeutl.com@whoisprotection.domains","+420.226517351","+420.226517341","","","","","","","","","","","ns.gransy.com","ns2.gransy.com","ns3.gransy.com","ns4.gransy.com","OK","","",""
"59","megadigitalsystem.com","2019-12-03 14:30:08","2019-12-02","2019-12-02","2020-12-02","1479","Namesilo, LLC","whois.namesilo.com","http://www.namesilo.com","Sylvester Elorm Awitty","","konevova 2830/67a","Prague 3","Prague 3","2525","Czech Republic","megadigitalsystems@gmail.com","+420.774624116","","Sylvester Elorm Awitty","","konevova 2830/67a","Prague 3","Prague 3","2525","Czech Republic","megadigitalsystems@gmail.com","+420.774624116","","Sylvester Elorm Awitty","","konevova 2830/67a","Prague 3","Prague 3","2525","Czech Republic","megadigitalsystems@gmail.com","+420.774624116","","","","","","","","","","","","ns1.nakroteck.net","ns2.nakroteck.net","","","clientTransferProhibited","","",""
"60","menjadorescolalaginesta.com","2019-12-03 16:35:30","2019-12-02","","2020-12-02","839","Realtime Register B.V.","whois.yoursrs.com","http://www.realtimeregister.com","REDACTED FOR PRIVACY","REDACTED FOR PRIVACY","REDACTED FOR PRIVACY","REDACTED FOR PRIVACY","","REDACTED FOR PRIVACY","Czech Republic","","REDACTED FOR PRIVACY","REDACTED FOR PRIVACY","REDACTED FOR PRIVACY","REDACTED FOR PRIVACY","REDACTED FOR PRIVACY","REDACTED FOR PRIVACY","REDACTED FOR PRIVACY","REDACTED FOR PRIVACY","REDACTED FOR PRIVACY","","REDACTED FOR PRIVACY","REDACTED FOR PRIVACY","REDACTED FOR PRIVACY","REDACTED FOR PRIVACY","REDACTED FOR PRIVACY","REDACTED FOR PRIVACY","REDACTED FOR PRIVACY","REDACTED FOR PRIVACY","REDACTED FOR PRIVACY","","REDACTED FOR PRIVACY","REDACTED FOR PRIVACY","","","","","","","","","","","dns1.webnode.com","dns2.webnode.com","","","OK","","",""
"61","mkeyexpo.com","2019-12-03 17:21:01","2019-12-02","2019-12-02","2020-12-02","69","Tucows Domains Inc.","whois.tucows.com","http://domainhelp.opensrs.net","REDACTED FOR PRIVACY","REDACTED FOR PRIVACY","REDACTED FOR PRIVACY","REDACTED FOR PRIVACY","REDACTED FOR PRIVACY","REDACTED FOR PRIVACY","Czech Republic","","REDACTED FOR PRIVACY","REDACTED FOR PRIVACY","REDACTED FOR PRIVACY","REDACTED FOR PRIVACY","REDACTED FOR PRIVACY","REDACTED FOR PRIVACY","REDACTED FOR PRIVACY","REDACTED FOR PRIVACY","REDACTED FOR PRIVACY","","REDACTED FOR PRIVACY","REDACTED FOR PRIVACY","REDACTED FOR PRIVACY","REDACTED FOR PRIVACY","REDACTED FOR PRIVACY","REDACTED FOR PRIVACY","REDACTED FOR PRIVACY","REDACTED FOR PRIVACY","REDACTED FOR PRIVACY","","REDACTED FOR PRIVACY","REDACTED FOR PRIVACY","","","","","","","","","","","ns.forpsi.cz","ns.forpsi.it","ns.forpsi.net","","clientTransferProhibited","clientUpdateProhibited","",""
"62","monoceros-consulting.com","2019-12-03 18:19:25","2019-12-02","","2020-12-02","839","Realtime Register B.V.","whois.yoursrs.com","http://www.realtimeregister.com","REDACTED FOR PRIVACY","REDACTED FOR PRIVACY","REDACTED FOR PRIVACY","REDACTED FOR PRIVACY","","REDACTED FOR PRIVACY","Czech Republic","","REDACTED FOR PRIVACY","REDACTED FOR PRIVACY","REDACTED FOR PRIVACY","REDACTED FOR PRIVACY","REDACTED FOR PRIVACY","REDACTED FOR PRIVACY","REDACTED FOR PRIVACY","REDACTED FOR PRIVACY","REDACTED FOR PRIVACY","","REDACTED FOR PRIVACY","REDACTED FOR PRIVACY","REDACTED FOR PRIVACY","REDACTED FOR PRIVACY","REDACTED FOR PRIVACY","REDACTED FOR PRIVACY","REDACTED FOR PRIVACY","REDACTED FOR PRIVACY","REDACTED FOR PRIVACY","","REDACTED FOR PRIVACY","REDACTED FOR PRIVACY","","","","","","","","","","","dns1.webnode.com","dns2.webnode.com","","","OK","","",""
"63","motoprinter.com","2019-12-03 15:46:02","2019-12-02","2019-12-02","2020-12-02","113","CSL Computer Service Langenbach GmbH d/b/a joker.com","whois.joker.com","http://www.joker.com","","","","","","","Czech Republic","","","","","","","","","","","","","","","","","","","","","","","","","","","","","","","","","","ns1.regzone.cz","ns1.regzone.de","ns1.regzone.info","","clientTransferProhibited","","",""
"64","my-devbox.cloud","2019-12-03 18:30:18","2019-12-02","2019-12-02","2020-12-02","433","OVH sas","whois.ovh.com","http://www.ovh.com","","","","","","","Czech Republic","","","","","","","","","","","","","","","","","","","","","","","","","","","","","","","","","","dns105.ovh.net","ns105.ovh.net","","","addPeriod","clientDeleteProhibited","clientTransferProhibited",""
"65","nixiepi.com","2019-12-03 16:14:12","2019-12-02","2019-12-02","2020-12-02","303","PDR Ltd. d/b/a PublicDomainRegistry.com","whois.publicdomainregistry.com","http://www.publicdomainregistry.com","GDPR Masked","GDPR Masked","GDPR Masked GDPR Masked GDPR Masked","GDPR Masked","Praha","GDPR Masked","Czech Republic","gdpr-masking@gdpr-masked.com","+GDPR Masked.GDPR Masked","+GDPR Masked.GDPR Masked","GDPR Masked","GDPR Masked","GDPR Masked GDPR Masked GDPR Masked","GDPR Masked","","GDPR Masked","Czech Republic","gdpr-masking@gdpr-masked.com","+GDPR Masked.GDPR Masked","+GDPR Masked.GDPR Masked","GDPR Masked","GDPR Masked","GDPR Masked GDPR Masked GDPR Masked","GDPR Masked","","GDPR Masked","Czech Republic","gdpr-masking@gdpr-masked.com","+GDPR Masked.GDPR Masked","+GDPR Masked.GDPR Masked","","","","","","","","","","","1.ns.gigaserver.cz","2.ns.gigaserver.cz","3.ns.gigaserver.cz","4.ns.gigaserver.cz","clientTransferProhibited","","",""
"66","obo.dog","2019-12-03 14:32:06","2019-12-02","2019-12-02","2020-12-02","146","GoDaddy.com, LLC","whois.godaddy.com","http://registrar.godaddy.com","REDACTED FOR PRIVACY","","REDACTED FOR PRIVACY","REDACTED FOR PRIVACY","Jihomoravsky","REDACTED FOR PRIVACY","Czech Republic","","REDACTED FOR PRIVACY","REDACTED FOR PRIVACY","","","","","","","","","","","","","","","","","","","","","","","","","","","","","","","","","","","addPeriod","clientDeleteProhibited","clientRenewProhibited","clientTransferProhibited"
"67","op-tak.com","2019-12-03 16:04:29","2019-12-02","2019-12-02","2020-12-02","113","CSL Computer Service Langenbach GmbH d/b/a joker.com","whois.joker.com","http://www.joker.com","Ministerstvo prumyslu a obchodu","Ministerstvo prumyslu a obchodu","","","","","Czech Republic","","","","","","","","","","","","","","","","","","","","","","","","","","","","","","","","","","ns1.ignum.com","ns2.ignum.cz","","","clientTransferProhibited","","",""
"68","operacniprogramtak.com","2019-12-03 17:21:12","2019-12-02","2019-12-02","2020-12-02","113","CSL Computer Service Langenbach GmbH d/b/a joker.com","whois.joker.com","http://www.joker.com","Ministerstvo prumyslu a obchodu","Ministerstvo prumyslu a obchodu","","","","","Czech Republic","","","","","","","","","","","","","","","","","","","","","","","","","","","","","","","","","","ns1.ignum.com","ns2.ignum.cz","","","clientTransferProhibited","","",""
"69","optak-mpo.com","2019-12-03 18:13:51","2019-12-02","2019-12-02","2020-12-02","113","CSL Computer Service Langenbach GmbH d/b/a joker.com","whois.joker.com","http://www.joker.com","Ministerstvo prumyslu a obchodu","Ministerstvo prumyslu a obchodu","","","","","Czech Republic","","","","","","","","","","","","","","","","","","","","","","","","","","","","","","","","","","ns1.ignum.com","ns2.ignum.cz","","","clientTransferProhibited","","",""
"70","our-life-book.com","2019-12-03 15:10:35","2019-12-02","2019-12-02","2020-12-02","106","Ascio Technologies, Inc. Danmark - Filial af Ascio technologies, Inc. USA","whois.ascio.com","http://www.ascio.com","Not Disclosed","Not Disclosed","Not Disclosed","Not Disclosed","CZ","Not Disclosed","Czech Republic","","Not Disclosed","Not Disclosed","Not Disclosed","Not Disclosed","Not Disclosed","Not Disclosed","Not Disclosed","Not Disclosed","Not Disclosed","","Not Disclosed","Not Disclosed","Not Disclosed","Not Disclosed","Not Disclosed","Not Disclosed","Not Disclosed","Not Disclosed","Not Disclosed","","Not Disclosed","Not Disclosed","","","","","","","","","","","alfa.ns.active24.cz","beta.ns.active24.cz","gama.ns.active24.sk","","OK","","",""
"71","ousfashion.com","2019-12-03 17:42:25","2019-12-02","2019-12-02","2020-12-02","1505","Gransy s.r.o. d/b/a subreg.cz","whois.regtons.com","http://regtons.com","Domain Admin","Whois protection, this company does not own this domain name s.r.o.","Jaurisova 515/4","Praha 4","","14000","Czech Republic","ousfashion.com@whoisprotection.domains","+420.226517351","+420.226517341","Domain Admin","Whois protection, this company does not own this domain name s.r.o.","Jaurisova 515/4","Praha 4","","14000","Czech Republic","ousfashion.com@whoisprotection.domains","+420.226517351","+420.226517341","Domain Tech","Whois protection, this company does not own this domain name s.r.o.","Jaurisova 515/4","Praha 4","","14000","Czech Republic","ousfashion.com@whoisprotection.domains","+420.226517351","+420.226517341","","","","","","","","","","","ns1.serverhostgroup.com","ns2.serverhostgroup.com","ns3.serverhostgroup.com","","OK","","",""
"72","ouvana.com","2019-12-03 18:54:06","2019-12-02","2019-12-02","2020-12-02","1505","Gransy s.r.o. d/b/a subreg.cz","whois.regtons.com","http://regtons.com","Domain Admin","Whois protection, this company does not own this domain name s.r.o.","Jaurisova 515/4","Praha 4","","14000","Czech Republic","ouvana.com@whoisprotection.domains","+420.226517351","+420.226517341","Domain Admin","Whois protection, this company does not own this domain name s.r.o.","Jaurisova 515/4","Praha 4","","14000","Czech Republic","ouvana.com@whoisprotection.domains","+420.226517351","+420.226517341","Domain Tech","Whois protection, this company does not own this domain name s.r.o.","Jaurisova 515/4","Praha 4","","14000","Czech Republic","ouvana.com@whoisprotection.domains","+420.226517351","+420.226517341","","","","","","","","","","","ns5.hawkhost.com","ns6.hawkhost.com","","","OK","","",""
"73","palsar7.com","2019-12-03 17:15:21","2019-12-02","2019-12-02","2020-12-02","106","Ascio Technologies, Inc. Danmark - Filial af Ascio technologies, Inc. USA","whois.ascio.com","http://www.ascio.com","Not Disclosed","Not Disclosed","Not Disclosed","Not Disclosed","","Not Disclosed","Czech Republic","","Not Disclosed","Not Disclosed","Not Disclosed","Not Disclosed","Not Disclosed","Not Disclosed","Not Disclosed","Not Disclosed","Not Disclosed","","Not Disclosed","Not Disclosed","Not Disclosed","Not Disclosed","Not Disclosed","Not Disclosed","Not Disclosed","Not Disclosed","Not Disclosed","","Not Disclosed","Not Disclosed","","","","","","","","","","","ns.wedos.com","ns.wedos.cz","ns.wedos.eu","ns.wedos.net","OK","","",""
"74","patricievrbova.com","2019-12-03 15:31:31","2019-12-01","2019-12-01","2020-12-01","9","register.com, Inc.","whois.register.com","http://www.register.com","Statutory Masking Enabled","Statutory Masking Enabled","Statutory Masking Enabled","Statutory Masking Enabled","","Statutory Masking Enabled","Czech Republic","abuse@web.com","Statutory Masking Enabled","Statutory Masking Enabled","Statutory Masking Enabled","Statutory Masking Enabled","Statutory Masking Enabled","Statutory Masking Enabled","Statutory Masking Enabled","Statutory Masking Enabled","Statutory Masking Enabled","abuse@web.com","Statutory Masking Enabled","Statutory Masking Enabled","Statutory Masking Enabled","Statutory Masking Enabled","Statutory Masking Enabled","Statutory Masking Enabled","Statutory Masking Enabled","Statutory Masking Enabled","Statutory Masking Enabled","abuse@web.com","Statutory Masking Enabled","Statutory Masking Enabled","","","","","","","","","","","dns1.register.com","dns2.register.com","","","clientTransferProhibited","","",""
"75","pavelspas.com","2019-12-03 14:33:11","2019-12-01","2019-12-01","2020-12-01","3817","Wix.com Ltd.","","","Statutory Masking Enabled","Statutory Masking Enabled","Statutory Masking Enabled","Statutory Masking Enabled","PA","Statutory Masking Enabled","Czech Republic","pavelspas.com@wix-domains.com","Statutory Masking Enabled","Statutory Masking Enabled","Statutory Masking Enabled","Statutory Masking Enabled","Statutory Masking Enabled","Statutory Masking Enabled","PA","Statutory Masking Enabled","Czech Republic","leflorp@centrum.cz","Statutory Masking Enabled","Statutory Masking Enabled","Statutory Masking Enabled","Statutory Masking Enabled","Statutory Masking Enabled","Statutory Masking Enabled","PA","Statutory Masking Enabled","Czech Republic","leflorp@centrum.cz","Statutory Masking Enabled","Statutory Masking Enabled","","","","","","","","","","","ns12.wixdns.net","ns13.wixdns.net","","","clientTransferProhibited","clientUpdateProhibited","",""
"76","perunforces.com","2019-12-03 14:20:01","2019-12-02","2019-12-02","2021-12-02","106","Ascio Technologies, Inc. Danmark - Filial af Ascio technologies, Inc. USA","whois.ascio.com","http://www.ascio.com","Not Disclosed","Not Disclosed","Not Disclosed","Not Disclosed","","Not Disclosed","Czech Republic","","Not Disclosed","Not Disclosed","Not Disclosed","Not Disclosed","Not Disclosed","Not Disclosed","Not Disclosed","Not Disclosed","Not Disclosed","","Not Disclosed","Not Disclosed","Not Disclosed","Not Disclosed","Not Disclosed","Not Disclosed","Not Disclosed","Not Disclosed","Not Disclosed","","Not Disclosed","Not Disclosed","","","","","","","","","","","ns.wedos.com","ns.wedos.cz","ns.wedos.eu","ns.wedos.net","OK","","",""
"77","perunops.com","2019-12-03 19:07:43","2019-12-02","2019-12-02","2021-12-02","106","Ascio Technologies, Inc. Danmark - Filial af Ascio technologies, Inc. USA","whois.ascio.com","http://www.ascio.com","Not Disclosed","Not Disclosed","Not Disclosed","Not Disclosed","","Not Disclosed","Czech Republic","","Not Disclosed","Not Disclosed","Not Disclosed","Not Disclosed","Not Disclosed","Not Disclosed","Not Disclosed","Not Disclosed","Not Disclosed","","Not Disclosed","Not Disclosed","Not Disclosed","Not Disclosed","Not Disclosed","Not Disclosed","Not Disclosed","Not Disclosed","Not Disclosed","","Not Disclosed","Not Disclosed","","","","","","","","","","","ns.wedos.com","ns.wedos.cz","ns.wedos.eu","ns.wedos.net","OK","","",""
"78","playfight.net","2019-12-03 17:38:31","2019-12-02","2019-12-02","2020-12-02","106","Ascio Technologies, Inc. Danmark - Filial af Ascio technologies, Inc. USA","whois.ascio.com","http://www.ascio.com","Not Disclosed","Not Disclosed","Not Disclosed","Not Disclosed","","Not Disclosed","Czech Republic","","Not Disclosed","Not Disclosed","Not Disclosed","Not Disclosed","Not Disclosed","Not Disclosed","Not Disclosed","Not Disclosed","Not Disclosed","","Not Disclosed","Not Disclosed","Not Disclosed","Not Disclosed","Not Disclosed","Not Disclosed","Not Disclosed","Not Disclosed","Not Disclosed","","Not Disclosed","Not Disclosed","","","","","","","","","","","ns.wedos.com","ns.wedos.cz","ns.wedos.eu","ns.wedos.net","OK","","",""
"79","prahaivf.com","2019-12-03 17:24:10","2019-12-02","2019-12-02","2020-12-02","113","CSL Computer Service Langenbach GmbH d/b/a joker.com","whois.joker.com","http://www.joker.com","Daniel Hlinka","Prague Fertility Centre s.r.o.","Milady Horakove 386/63","Praha 7","","17000","Czech Republic","daniel.hlinka@seznam.cz","+420.233311523","","Daniel Hlinka","Prague Fertility Centre s.r.o.","Milady Horakove 386/63","Praha 7","","17000","Czech Republic","daniel.hlinka@seznam.cz","+420.233311523","","Miroslav Semera","IGNUM s.r.o.","Vinohradska 190","Prague 3","","13061","Czech Republic","dom-reg-joker@ignum.cz","+420.603111111","+420.296332222","","","","","","","","","","","ns1.ignum.com","ns2.ignum.cz","","","clientTransferProhibited","","",""
"80","primobal.com","2019-12-03 17:20:10","2019-12-02","","2020-12-02","15","Corehub, S.R.L.","whois.corehub.net","http://www.corehub.net","REISENTHEL CS, s.r.o.","REISENTHEL CS, s.r.o.","","","","","Czech Republic","","","","","","","","","","","","","","","","","","","","","","","","","","","","","","","","","","ns.zln.cz","ns2.zln.cz","","","OK","","",""
"81","psychologickarevoluce.com","2019-12-03 17:48:00","2019-12-02","2019-12-02","2020-12-02","303","PDR Ltd. d/b/a PublicDomainRegistry.com","whois.publicdomainregistry.com","http://www.publicdomainregistry.com","GDPR Masked","GDPR Masked","GDPR Masked GDPR Masked GDPR Masked","GDPR Masked","Other","GDPR Masked","Czech Republic","gdpr-masking@gdpr-masked.com","+GDPR Masked.GDPR Masked","+GDPR Masked.GDPR Masked","GDPR Masked","GDPR Masked","GDPR Masked GDPR Masked GDPR Masked","GDPR Masked","","GDPR Masked","Czech Republic","gdpr-masking@gdpr-masked.com","+GDPR Masked.GDPR Masked","+GDPR Masked.GDPR Masked","GDPR Masked","GDPR Masked","GDPR Masked GDPR Masked GDPR Masked","GDPR Masked","","GDPR Masked","Czech Republic","gdpr-masking@gdpr-masked.com","+GDPR Masked.GDPR Masked","+GDPR Masked.GDPR Masked","","","","","","","","","","","1.ns.gigaserver.cz","2.ns.gigaserver.cz","3.ns.gigaserver.cz","4.ns.gigaserver.cz","clientTransferProhibited","","",""
"82","renesanc.com","2019-12-03 17:21:57","2019-12-02","2019-12-02","2020-12-02","113","CSL Computer Service Langenbach GmbH d/b/a joker.com","whois.joker.com","http://www.joker.com","Mgr. Zuzana Gemesova","Mgr. Zuzana Gemesova","","","","","Czech Republic","","","","","","","","","","","","","","","","","","","","","","","","","","","","","","","","","","ns2.blueboard.cz","shinzon.blueboard.cz","","","clientTransferProhibited","","",""
"83","restaurace-stodola-lipno.com","2019-12-03 16:11:16","2019-12-02","2019-12-02","2020-12-02","69","Tucows Domains Inc.","whois.tucows.com","http://domainhelp.opensrs.net","REDACTED FOR PRIVACY","REDACTED FOR PRIVACY","REDACTED FOR PRIVACY","REDACTED FOR PRIVACY","REDACTED FOR PRIVACY","REDACTED FOR PRIVACY","Czech Republic","","REDACTED FOR PRIVACY","REDACTED FOR PRIVACY","REDACTED FOR PRIVACY","REDACTED FOR PRIVACY","REDACTED FOR PRIVACY","REDACTED FOR PRIVACY","REDACTED FOR PRIVACY","REDACTED FOR PRIVACY","REDACTED FOR PRIVACY","","REDACTED FOR PRIVACY","REDACTED FOR PRIVACY","REDACTED FOR PRIVACY","REDACTED FOR PRIVACY","REDACTED FOR PRIVACY","REDACTED FOR PRIVACY","REDACTED FOR PRIVACY","REDACTED FOR PRIVACY","REDACTED FOR PRIVACY","","REDACTED FOR PRIVACY","REDACTED FOR PRIVACY","","","","","","","","","","","ns.forpsi.cz","ns.forpsi.it","ns.forpsi.net","","clientTransferProhibited","clientUpdateProhibited","",""
"84","romanajelinkova.com","2019-12-03 18:49:34","2019-12-02","2019-12-02","2020-12-02","113","CSL Computer Service Langenbach GmbH d/b/a joker.com","whois.joker.com","http://www.joker.com","Romana Jelinkova","Romana Jelinkova","V domove 2380/52","Praha","","13000","Czech Republic","romanajelinkova27@gmail.com","+420.602111014","","Romana Jelinkova","Romana Jelinkova","V domove 2380/52","Praha","","13000","Czech Republic","romanajelinkova27@gmail.com","+420.602111014","","Robert Prokes","IGNUM, s.r.o.","Vinohradska 190","Praha 3","","130 61","Czech Republic","dom-reg-joker@ignum.cz","+420.296332211","+420.296332222","","","","","","","","","","","ns1.ignum.com","ns2.ignum.cz","","","clientTransferProhibited","","",""
"85","schoenfeldandco.com","2019-12-03 14:23:37","2019-12-02","2019-12-02","2021-12-02","69","Tucows Domains Inc.","whois.tucows.com","http://domainhelp.opensrs.net","REDACTED FOR PRIVACY","REDACTED FOR PRIVACY","REDACTED FOR PRIVACY","REDACTED FOR PRIVACY","REDACTED FOR PRIVACY","REDACTED FOR PRIVACY","Czech Republic","","REDACTED FOR PRIVACY","REDACTED FOR PRIVACY","REDACTED FOR PRIVACY","REDACTED FOR PRIVACY","REDACTED FOR PRIVACY","REDACTED FOR PRIVACY","REDACTED FOR PRIVACY","REDACTED FOR PRIVACY","REDACTED FOR PRIVACY","","REDACTED FOR PRIVACY","REDACTED FOR PRIVACY","REDACTED FOR PRIVACY","REDACTED FOR PRIVACY","REDACTED FOR PRIVACY","REDACTED FOR PRIVACY","REDACTED FOR PRIVACY","REDACTED FOR PRIVACY","REDACTED FOR PRIVACY","","REDACTED FOR PRIVACY","REDACTED FOR PRIVACY","","","","","","","","","","","ns.forpsi.cz","ns.forpsi.it","ns.forpsi.net","","clientTransferProhibited","clientUpdateProhibited","",""
"86","schoenfeldco.com","2019-12-03 14:42:35","2019-12-02","2019-12-02","2021-12-02","69","Tucows Domains Inc.","whois.tucows.com","http://domainhelp.opensrs.net","REDACTED FOR PRIVACY","REDACTED FOR PRIVACY","REDACTED FOR PRIVACY","REDACTED FOR PRIVACY","REDACTED FOR PRIVACY","REDACTED FOR PRIVACY","Czech Republic","","REDACTED FOR PRIVACY","REDACTED FOR PRIVACY","REDACTED FOR PRIVACY","REDACTED FOR PRIVACY","REDACTED FOR PRIVACY","REDACTED FOR PRIVACY","REDACTED FOR PRIVACY","REDACTED FOR PRIVACY","REDACTED FOR PRIVACY","","REDACTED FOR PRIVACY","REDACTED FOR PRIVACY","REDACTED FOR PRIVACY","REDACTED FOR PRIVACY","REDACTED FOR PRIVACY","REDACTED FOR PRIVACY","REDACTED FOR PRIVACY","REDACTED FOR PRIVACY","REDACTED FOR PRIVACY","","REDACTED FOR PRIVACY","REDACTED FOR PRIVACY","","","","","","","","","","","ns.forpsi.cz","ns.forpsi.it","ns.forpsi.net","","clientTransferProhibited","clientUpdateProhibited","",""
"87","schonfeldandco.com","2019-12-03 17:28:11","2019-12-02","2019-12-02","2021-12-02","69","Tucows Domains Inc.","whois.tucows.com","http://domainhelp.opensrs.net","REDACTED FOR PRIVACY","REDACTED FOR PRIVACY","REDACTED FOR PRIVACY","REDACTED FOR PRIVACY","REDACTED FOR PRIVACY","REDACTED FOR PRIVACY","Czech Republic","","REDACTED FOR PRIVACY","REDACTED FOR PRIVACY","REDACTED FOR PRIVACY","REDACTED FOR PRIVACY","REDACTED FOR PRIVACY","REDACTED FOR PRIVACY","REDACTED FOR PRIVACY","REDACTED FOR PRIVACY","REDACTED FOR PRIVACY","","REDACTED FOR PRIVACY","REDACTED FOR PRIVACY","REDACTED FOR PRIVACY","REDACTED FOR PRIVACY","REDACTED FOR PRIVACY","REDACTED FOR PRIVACY","REDACTED FOR PRIVACY","REDACTED FOR PRIVACY","REDACTED FOR PRIVACY","","REDACTED FOR PRIVACY","REDACTED FOR PRIVACY","","","","","","","","","","","ns.forpsi.cz","ns.forpsi.it","ns.forpsi.net","","clientTransferProhibited","clientUpdateProhibited","",""
"88","schonfeldco.com","2019-12-03 14:41:38","2019-12-02","2019-12-02","2021-12-02","69","Tucows Domains Inc.","whois.tucows.com","http://domainhelp.opensrs.net","REDACTED FOR PRIVACY","REDACTED FOR PRIVACY","REDACTED FOR PRIVACY","REDACTED FOR PRIVACY","REDACTED FOR PRIVACY","REDACTED FOR PRIVACY","Czech Republic","","REDACTED FOR PRIVACY","REDACTED FOR PRIVACY","REDACTED FOR PRIVACY","REDACTED FOR PRIVACY","REDACTED FOR PRIVACY","REDACTED FOR PRIVACY","REDACTED FOR PRIVACY","REDACTED FOR PRIVACY","REDACTED FOR PRIVACY","","REDACTED FOR PRIVACY","REDACTED FOR PRIVACY","REDACTED FOR PRIVACY","REDACTED FOR PRIVACY","REDACTED FOR PRIVACY","REDACTED FOR PRIVACY","REDACTED FOR PRIVACY","REDACTED FOR PRIVACY","REDACTED FOR PRIVACY","","REDACTED FOR PRIVACY","REDACTED FOR PRIVACY","","","","","","","","","","","ns.forpsi.cz","ns.forpsi.it","ns.forpsi.net","","clientTransferProhibited","clientUpdateProhibited","",""
"89","sezyshop.com","2019-12-03 18:00:01","2019-12-02","2019-12-02","2020-12-02","1505","Gransy s.r.o. d/b/a subreg.cz","whois.regtons.com","http://regtons.com","Domain Admin","Whois protection, this company does not own this domain name s.r.o.","Jaurisova 515/4","Praha 4","","14000","Czech Republic","sezyshop.com@whoisprotection.domains","+420.226517351","+420.226517341","Domain Admin","Whois protection, this company does not own this domain name s.r.o.","Jaurisova 515/4","Praha 4","","14000","Czech Republic","sezyshop.com@whoisprotection.domains","+420.226517351","+420.226517341","Domain Tech","Whois protection, this company does not own this domain name s.r.o.","Jaurisova 515/4","Praha 4","","14000","Czech Republic","sezyshop.com@whoisprotection.domains","+420.226517351","+420.226517341","","","","","","","","","","","ns95a.turnkeywebspace.net","ns95b.turnkeywebspace.net","","","OK","","",""
"90","silenziohotel.com","2019-12-03 17:07:43","2019-12-02","2019-12-02","2020-12-02","113","CSL Computer Service Langenbach GmbH d/b/a joker.com","whois.joker.com","http://www.joker.com","PPF a.s.","PPF a.s.","","","","","Czech Republic","","","","","","","","","","","","","","","","","","","","","","","","","","","","","","","","","","ns1.ignum.com","ns2.ignum.cz","","","clientTransferProhibited","","",""
"91","smartzone.pro","2019-12-03 17:46:22","2019-12-02","","2020-12-02","269","Key-Systems GmbH","whois.rrpproxy.net","http://www.key-systems.net","","","","","Czech republic","","Czech Republic","","","","","","","","","","","","","","","","","","","","","","","","","","","","","","","","","","ns1.ignum.com","ns2.ignum.cz","","","addPeriod","serverTransferProhibited","",""
"92","soxky.com","2019-12-03 18:12:52","2019-12-01","2019-12-01","2020-12-01","106","Ascio Technologies, Inc. Danmark - Filial af Ascio technologies, Inc. USA","whois.ascio.com","http://www.ascio.com","Not Disclosed","Not Disclosed","Not Disclosed","Not Disclosed","","Not Disclosed","Czech Republic","","Not Disclosed","Not Disclosed","Not Disclosed","Not Disclosed","Not Disclosed","Not Disclosed","Not Disclosed","Not Disclosed","Not Disclosed","","Not Disclosed","Not Disclosed","Not Disclosed","Not Disclosed","Not Disclosed","Not Disclosed","Not Disclosed","Not Disclosed","Not Disclosed","","Not Disclosed","Not Disclosed","","","","","","","","","","","ns.wedos.com","ns.wedos.cz","ns.wedos.eu","ns.wedos.net","OK","","",""
"93","tadeashoza.com","2019-12-03 15:00:19","2019-12-02","2019-12-02","2020-12-02","3817","Wix.com Ltd.","","","Statutory Masking Enabled","Statutory Masking Enabled","Statutory Masking Enabled","Statutory Masking Enabled","ZL","Statutory Masking Enabled","Czech Republic","tadeashoza.com@wix-domains.com","Statutory Masking Enabled","Statutory Masking Enabled","Statutory Masking Enabled","Statutory Masking Enabled","Statutory Masking Enabled","Statutory Masking Enabled","ZL","Statutory Masking Enabled","Czech Republic","tadeas.hoza@gmail.com","Statutory Masking Enabled","Statutory Masking Enabled","Statutory Masking Enabled","Statutory Masking Enabled","Statutory Masking Enabled","Statutory Masking Enabled","ZL","Statutory Masking Enabled","Czech Republic","tadeas.hoza@gmail.com","Statutory Masking Enabled","Statutory Masking Enabled","","","","","","","","","","","ns2.wixdns.net","ns3.wixdns.net","","","clientTransferProhibited","clientUpdateProhibited","",""
"94","terbabe.com","2019-12-03 14:42:27","2019-12-02","2019-12-02","2020-12-02","1647","Hosting Concepts B.V. dba Openprovider","whois.registrar.eu","http://www.openprovider.com","REDACTED FOR PRIVACY","","REDACTED FOR PRIVACY","REDACTED FOR PRIVACY","","REDACTED FOR PRIVACY","Czech Republic","","REDACTED FOR PRIVACY","REDACTED FOR PRIVACY","REDACTED FOR PRIVACY","REDACTED FOR PRIVACY","REDACTED FOR PRIVACY","REDACTED FOR PRIVACY","REDACTED FOR PRIVACY","REDACTED FOR PRIVACY","REDACTED FOR PRIVACY","","REDACTED FOR PRIVACY","REDACTED FOR PRIVACY","REDACTED FOR PRIVACY","REDACTED FOR PRIVACY","REDACTED FOR PRIVACY","REDACTED FOR PRIVACY","REDACTED FOR PRIVACY","REDACTED FOR PRIVACY","REDACTED FOR PRIVACY","","REDACTED FOR PRIVACY","REDACTED FOR PRIVACY","","","","","","","","","","","ns1.openprovider.nl","ns2.openprovider.be","ns3.openprovider.eu","","clientTransferProhibited","ok","",""
"95","thehoppasofamily.com","2019-12-03 17:07:50","2019-12-02","2019-12-02","2020-12-02","106","Ascio Technologies, Inc. Danmark - Filial af Ascio technologies, Inc. USA","whois.ascio.com","http://www.ascio.com","Not Disclosed","Not Disclosed","Not Disclosed","Not Disclosed","","Not Disclosed","Czech Republic","","Not Disclosed","Not Disclosed","Not Disclosed","Not Disclosed","Not Disclosed","Not Disclosed","Not Disclosed","Not Disclosed","Not Disclosed","","Not Disclosed","Not Disclosed","Not Disclosed","Not Disclosed","Not Disclosed","Not Disclosed","Not Disclosed","Not Disclosed","Not Disclosed","","Not Disclosed","Not Disclosed","","","","","","","","","","","dns1.123hjemmeside.dk","dns2.123hjemmeside.dk","dns3.123hjemmeside.dk","","OK","","",""
"96","thepeoplewear.com","2019-12-03 17:45:18","2019-12-02","2019-12-02","2020-12-02","69","Tucows Domains Inc.","whois.tucows.com","http://domainhelp.opensrs.net","REDACTED FOR PRIVACY","REDACTED FOR PRIVACY","REDACTED FOR PRIVACY","REDACTED FOR PRIVACY","REDACTED FOR PRIVACY","REDACTED FOR PRIVACY","Czech Republic","","REDACTED FOR PRIVACY","REDACTED FOR PRIVACY","REDACTED FOR PRIVACY","REDACTED FOR PRIVACY","REDACTED FOR PRIVACY","REDACTED FOR PRIVACY","REDACTED FOR PRIVACY","REDACTED FOR PRIVACY","REDACTED FOR PRIVACY","","REDACTED FOR PRIVACY","REDACTED FOR PRIVACY","REDACTED FOR PRIVACY","REDACTED FOR PRIVACY","REDACTED FOR PRIVACY","REDACTED FOR PRIVACY","REDACTED FOR PRIVACY","REDACTED FOR PRIVACY","REDACTED FOR PRIVACY","","REDACTED FOR PRIVACY","REDACTED FOR PRIVACY","","","","","","","","","","","ns.forpsi.cz","ns.forpsi.it","ns.forpsi.net","","clientTransferProhibited","clientUpdateProhibited","",""
"97","thrumoms.com","2019-12-03 14:23:34","2019-12-02","2019-12-02","2020-12-02","1505","Gransy s.r.o. d/b/a subreg.cz","whois.regtons.com","http://regtons.com","Domain Admin","Whois protection, this company does not own this domain name s.r.o.","Jaurisova 515/4","Praha 4","","14000","Czech Republic","thrumoms.com@whoisprotection.domains","+420.226517351","+420.226517341","Domain Admin","Whois protection, this company does not own this domain name s.r.o.","Jaurisova 515/4","Praha 4","","14000","Czech Republic","thrumoms.com@whoisprotection.domains","+420.226517351","+420.226517341","Domain Tech","Whois protection, this company does not own this domain name s.r.o.","Jaurisova 515/4","Praha 4","","14000","Czech Republic","thrumoms.com@whoisprotection.domains","+420.226517351","+420.226517341","","","","","","","","","","","ns13.hawkhost.com","ns14.hawkhost.com","","","OK","","",""
"98","tiibetinmastiffit.com","2019-12-03 18:40:24","2019-12-01","","2020-12-01","839","Realtime Register B.V.","whois.yoursrs.com","http://www.realtimeregister.com","REDACTED FOR PRIVACY","REDACTED FOR PRIVACY","REDACTED FOR PRIVACY","REDACTED FOR PRIVACY","","REDACTED FOR PRIVACY","Czech Republic","","REDACTED FOR PRIVACY","REDACTED FOR PRIVACY","REDACTED FOR PRIVACY","REDACTED FOR PRIVACY","REDACTED FOR PRIVACY","REDACTED FOR PRIVACY","REDACTED FOR PRIVACY","REDACTED FOR PRIVACY","REDACTED FOR PRIVACY","","REDACTED FOR PRIVACY","REDACTED FOR PRIVACY","REDACTED FOR PRIVACY","REDACTED FOR PRIVACY","REDACTED FOR PRIVACY","REDACTED FOR PRIVACY","REDACTED FOR PRIVACY","REDACTED FOR PRIVACY","REDACTED FOR PRIVACY","","REDACTED FOR PRIVACY","REDACTED FOR PRIVACY","","","","","","","","","","","dns1.webnode.com","dns2.webnode.com","","","OK","","",""
"99","tiskmen.com","2019-12-03 14:17:07","2019-12-02","2019-12-02","2020-12-02","113","CSL Computer Service Langenbach GmbH d/b/a joker.com","whois.joker.com","http://www.joker.com","","","","","","","Czech Republic","","","","","","","","","","","","","","","","","","","","","","","","","","","","","","","","","","ns1.regzone.cz","ns1.regzone.de","ns1.regzone.info","","clientTransferProhibited","","",""
"100","tosmileshop.com","2019-12-03 15:24:54","2019-12-02","2019-12-02","2020-12-02","1505","Gransy s.r.o. d/b/a subreg.cz","whois.regtons.com","http://regtons.com","Domain Admin","Whois protection, this company does not own this domain name s.r.o.","Jaurisova 515/4","Praha 4","","14000","Czech Republic","tosmileshop.com@whoisprotection.domains","+420.226517351","+420.226517341","Domain Admin","Whois protection, this company does not own this domain name s.r.o.","Jaurisova 515/4","Praha 4","","14000","Czech Republic","tosmileshop.com@whoisprotection.domains","+420.226517351","+420.226517341","Domain Tech","Whois protection, this company does not own this domain name s.r.o.","Jaurisova 515/4","Praha 4","","14000","Czech Republic","tosmileshop.com@whoisprotection.domains","+420.226517351","+420.226517341","","","","","","","","","","","ns13.hawkhost.com","ns14.hawkhost.com","","","OK","","",""
"101","trevelerclub.com","2019-12-03 17:10:50","2019-12-02","2019-12-02","2020-12-02","3817","Wix.com Ltd.","","","Statutory Masking Enabled","Statutory Masking Enabled","Statutory Masking Enabled","Statutory Masking Enabled","JM","Statutory Masking Enabled","Czech Republic","trevelerclub.com@wix-domains.com","Statutory Masking Enabled","Statutory Masking Enabled","Statutory Masking Enabled","Statutory Masking Enabled","Statutory Masking Enabled","Statutory Masking Enabled","JM","Statutory Masking Enabled","Czech Republic","apartmaniagric@gmail.com","Statutory Masking Enabled","Statutory Masking Enabled","Statutory Masking Enabled","Statutory Masking Enabled","Statutory Masking Enabled","Statutory Masking Enabled","JM","Statutory Masking Enabled","Czech Republic","apartmaniagric@gmail.com","Statutory Masking Enabled","Statutory Masking Enabled","","","","","","","","","","","ns0.wixdns.net","ns1.wixdns.net","","","clientTransferProhibited","clientUpdateProhibited","",""
"102","tunechodsky-mlyn.com","2019-12-03 14:22:22","2019-12-01","2019-12-01","2020-12-01","113","CSL Computer Service Langenbach GmbH d/b/a joker.com","whois.joker.com","http://www.joker.com","","","","","","","Czech Republic","","","","","","","","","","","","","","","","","","","","","","","","","","","","","","","","","","ns1.ignum.com","ns2.ignum.cz","","","clientTransferProhibited","","",""
"103","tunechodskymlyn.com","2019-12-03 14:42:54","2019-12-01","2019-12-01","2020-12-01","113","CSL Computer Service Langenbach GmbH d/b/a joker.com","whois.joker.com","http://www.joker.com","","","","","","","Czech Republic","","","","","","","","","","","","","","","","","","","","","","","","","","","","","","","","","","ns1.ignum.com","ns2.ignum.cz","","","clientTransferProhibited","","",""
"104","visualgtd.com","2019-12-03 18:40:04","2019-12-02","2019-12-02","2020-12-02","106","Ascio Technologies, Inc. Danmark - Filial af Ascio technologies, Inc. USA","whois.ascio.com","http://www.ascio.com","Not Disclosed","Not Disclosed","Not Disclosed","Not Disclosed","","Not Disclosed","Czech Republic","","Not Disclosed","Not Disclosed","Not Disclosed","Not Disclosed","Not Disclosed","Not Disclosed","Not Disclosed","Not Disclosed","Not Disclosed","","Not Disclosed","Not Disclosed","Not Disclosed","Not Disclosed","Not Disclosed","Not Disclosed","Not Disclosed","Not Disclosed","Not Disclosed","","Not Disclosed","Not Disclosed","","","","","","","","","","","ns.wedos.com","ns.wedos.cz","ns.wedos.eu","ns.wedos.net","OK","","",""
"105","vitebee.com","2019-12-03 19:11:06","2019-12-02","2019-12-02","2020-12-02","1505","Gransy s.r.o. d/b/a subreg.cz","whois.regtons.com","http://regtons.com","Domain Admin","Whois protection, this company does not own this domain name s.r.o.","Jaurisova 515/4","Praha 4","","14000","Czech Republic","vitebee.com@whoisprotection.domains","+420.226517351","+420.226517341","Domain Admin","Whois protection, this company does not own this domain name s.r.o.","Jaurisova 515/4","Praha 4","","14000","Czech Republic","vitebee.com@whoisprotection.domains","+420.226517351","+420.226517341","Domain Tech","Whois protection, this company does not own this domain name s.r.o.","Jaurisova 515/4","Praha 4","","14000","Czech Republic","vitebee.com@whoisprotection.domains","+420.226517351","+420.226517341","","","","","","","","","","","earth.sugardns.net","queen.sugardns.net","sky.sugardns.net","star.sugardns.net","OK","","",""
"106","whitetr.com","2019-12-03 17:11:46","2019-12-01","","2020-12-01","1068","NameCheap, Inc.","whois.namecheap.com","http://www.namecheap.com","Jakub Dvorok","VG GAMES, sro","4219/4 Blatnicka","Brno","Zidenice","62800","Czech Republic","jakub07@protonmail.com","+420.606873392","","Jakub Dvorok","VG GAMES, sro","4219/4 Blatnicka","Brno","Zidenice","62800","Czech Republic","jakub07@protonmail.com","+420.606873392","","Jakub Dvorok","VG GAMES, sro","4219/4 Blatnicka","Brno","Zidenice","62800","Czech Republic","jakub07@protonmail.com","+420.606873392","","","","","","","","","","","","dns1.namecheaphosting.com","dns2.namecheaphosting.com","","","clientTransferProhibited","","",""
"107","wilhelmkinga.com","2019-12-03 15:53:25","2019-12-01","2019-12-01","2020-12-01","1505","Gransy s.r.o. d/b/a subreg.cz","whois.regtons.com","http://regtons.com","Not Disclosed Not Disclosed","","Not Disclosed","Not Disclosed","","Not Disclosed","Czech Republic","webproxy@whoisprotection.domains","Not Disclosed","Not Disclosed","Not Disclosed Not Disclosed","","Not Disclosed","Not Disclosed","Not Disclosed","Not Disclosed","Czech Republic","webproxy@whoisprotection.domains","Not Disclosed","Not Disclosed","Not Disclosed Not Disclosed","","Not Disclosed","Not Disclosed","Not Disclosed","Not Disclosed","Czech Republic","webproxy@whoisprotection.domains","Not Disclosed","Not Disclosed","","","","","","","","","","","ns1.thinline.cz","ns2.thinline.cz","ns3.cesky-hosting.eu","","OK","","",""
"108","winnerphotographer.com","2019-12-03 17:53:29","2019-12-01","2019-12-03","2020-12-01","69","Tucows Domains Inc.","whois.tucows.com","http://domainhelp.opensrs.net","REDACTED FOR PRIVACY","REDACTED FOR PRIVACY","REDACTED FOR PRIVACY","REDACTED FOR PRIVACY","REDACTED FOR PRIVACY","REDACTED FOR PRIVACY","Czech Republic","","REDACTED FOR PRIVACY","REDACTED FOR PRIVACY","REDACTED FOR PRIVACY","REDACTED FOR PRIVACY","REDACTED FOR PRIVACY","REDACTED FOR PRIVACY","REDACTED FOR PRIVACY","REDACTED FOR PRIVACY","REDACTED FOR PRIVACY","","REDACTED FOR PRIVACY","REDACTED FOR PRIVACY","REDACTED FOR PRIVACY","REDACTED FOR PRIVACY","REDACTED FOR PRIVACY","REDACTED FOR PRIVACY","REDACTED FOR PRIVACY","REDACTED FOR PRIVACY","REDACTED FOR PRIVACY","","REDACTED FOR PRIVACY","REDACTED FOR PRIVACY","","","","","","","","","","","ns.forpsi.cz","ns.forpsi.it","ns.forpsi.net","","clientTransferProhibited","clientUpdateProhibited","",""
"109","wishygo.com","2019-12-03 15:46:40","2019-12-02","2019-12-02","2020-12-02","69","Tucows Domains Inc.","whois.tucows.com","http://domainhelp.opensrs.net","REDACTED FOR PRIVACY","REDACTED FOR PRIVACY","REDACTED FOR PRIVACY","REDACTED FOR PRIVACY","REDACTED FOR PRIVACY","REDACTED FOR PRIVACY","Czech Republic","","REDACTED FOR PRIVACY","REDACTED FOR PRIVACY","REDACTED FOR PRIVACY","REDACTED FOR PRIVACY","REDACTED FOR PRIVACY","REDACTED FOR PRIVACY","REDACTED FOR PRIVACY","REDACTED FOR PRIVACY","REDACTED FOR PRIVACY","","REDACTED FOR PRIVACY","REDACTED FOR PRIVACY","REDACTED FOR PRIVACY","REDACTED FOR PRIVACY","REDACTED FOR PRIVACY","REDACTED FOR PRIVACY","REDACTED FOR PRIVACY","REDACTED FOR PRIVACY","REDACTED FOR PRIVACY","","REDACTED FOR PRIVACY","REDACTED FOR PRIVACY","","","","","","","","","","","ns.forpsi.cz","ns.forpsi.it","ns.forpsi.net","","clientTransferProhibited","clientUpdateProhibited","",""
"110","woffers-asociados.com","2019-12-03 18:09:34","2019-12-01","","2020-12-01","839","Realtime Register B.V.","whois.yoursrs.com","http://www.realtimeregister.com","REDACTED FOR PRIVACY","REDACTED FOR PRIVACY","REDACTED FOR PRIVACY","REDACTED FOR PRIVACY","","REDACTED FOR PRIVACY","Czech Republic","","REDACTED FOR PRIVACY","REDACTED FOR PRIVACY","REDACTED FOR PRIVACY","REDACTED FOR PRIVACY","REDACTED FOR PRIVACY","REDACTED FOR PRIVACY","REDACTED FOR PRIVACY","REDACTED FOR PRIVACY","REDACTED FOR PRIVACY","","REDACTED FOR PRIVACY","REDACTED FOR PRIVACY","REDACTED FOR PRIVACY","REDACTED FOR PRIVACY","REDACTED FOR PRIVACY","REDACTED FOR PRIVACY","REDACTED FOR PRIVACY","REDACTED FOR PRIVACY","REDACTED FOR PRIVACY","","REDACTED FOR PRIVACY","REDACTED FOR PRIVACY","","","","","","","","","","","dns1.webnode.com","dns2.webnode.com","","","OK","","",""
"111","wwwsextrademark.com","2019-12-03 14:43:30","2019-12-02","2019-12-02","2020-12-02","113","CSL Computer Service Langenbach GmbH d/b/a joker.com","whois.joker.com","http://www.joker.com","","","","","","","Czech Republic","","","","","","","","","","","","","","","","","","","","","","","","","","","","","","","","","","ns1.regzone.cz","ns1.regzone.de","ns1.regzone.info","","clientTransferProhibited","","",""
"112","xgamster2.com","2019-12-03 16:01:45","2019-12-01","2019-12-01","2020-12-01","106","Ascio Technologies, Inc. Danmark - Filial af Ascio technologies, Inc. USA","whois.ascio.com","http://www.ascio.com","Not Disclosed","Not Disclosed","Not Disclosed","Not Disclosed","","Not Disclosed","Czech Republic","","Not Disclosed","Not Disclosed","Not Disclosed","Not Disclosed","Not Disclosed","Not Disclosed","Not Disclosed","Not Disclosed","Not Disclosed","","Not Disclosed","Not Disclosed","Not Disclosed","Not Disclosed","Not Disclosed","Not Disclosed","Not Disclosed","Not Disclosed","Not Disclosed","","Not Disclosed","Not Disclosed","","","","","","","","","","","ns.wedos.com","ns.wedos.cz","ns.wedos.eu","ns.wedos.net","OK","","",""
"113","xn--service-vrification-jzb.com","2019-12-03 16:25:16","2019-12-02","","2020-12-02","839","Realtime Register B.V.","whois.yoursrs.com","http://www.realtimeregister.com","REDACTED FOR PRIVACY","REDACTED FOR PRIVACY","REDACTED FOR PRIVACY","REDACTED FOR PRIVACY","","REDACTED FOR PRIVACY","Czech Republic","","REDACTED FOR PRIVACY","REDACTED FOR PRIVACY","REDACTED FOR PRIVACY","REDACTED FOR PRIVACY","REDACTED FOR PRIVACY","REDACTED FOR PRIVACY","REDACTED FOR PRIVACY","REDACTED FOR PRIVACY","REDACTED FOR PRIVACY","","REDACTED FOR PRIVACY","REDACTED FOR PRIVACY","REDACTED FOR PRIVACY","REDACTED FOR PRIVACY","REDACTED FOR PRIVACY","REDACTED FOR PRIVACY","REDACTED FOR PRIVACY","REDACTED FOR PRIVACY","REDACTED FOR PRIVACY","","REDACTED FOR PRIVACY","REDACTED FOR PRIVACY","","","","","","","","","","","dns1.webnode.com","dns2.webnode.com","","","OK","","",""
"114","zahradnisluzby.com","2019-12-03 18:24:10","2019-12-02","2019-12-02","2020-12-02","3817","Wix.com Ltd.","","","Statutory Masking Enabled","Statutory Masking Enabled","Statutory Masking Enabled","Statutory Masking Enabled","JC","Statutory Masking Enabled","Czech Republic","zahradnisluzby.com@wix-domains.com","Statutory Masking Enabled","Statutory Masking Enabled","Statutory Masking Enabled","Statutory Masking Enabled","Statutory Masking Enabled","Statutory Masking Enabled","JC","Statutory Masking Enabled","Czech Republic","dares@centrum.cz","Statutory Masking Enabled","Statutory Masking Enabled","Statutory Masking Enabled","Statutory Masking Enabled","Statutory Masking Enabled","Statutory Masking Enabled","JC","Statutory Masking Enabled","Czech Republic","dares@centrum.cz","Statutory Masking Enabled","Statutory Masking Enabled","","","","","","","","","","","ns8.wixdns.net","ns9.wixdns.net","","","clientTransferProhibited","clientUpdateProhibited","",""
"115","zatakshop.com","2019-12-03 19:07:25","2019-12-02","2019-12-02","2020-12-02","1505","Gransy s.r.o. d/b/a subreg.cz","whois.regtons.com","http://regtons.com","Domain Admin","Whois protection, this company does not own this domain name s.r.o.","Jaurisova 515/4","Praha 4","","14000","Czech Republic","zatakshop.com@whoisprotection.domains","+420.226517351","+420.226517341","Domain Admin","Whois protection, this company does not own this domain name s.r.o.","Jaurisova 515/4","Praha 4","","14000","Czech Republic","zatakshop.com@whoisprotection.domains","+420.226517351","+420.226517341","Domain Tech","Whois protection, this company does not own this domain name s.r.o.","Jaurisova 515/4","Praha 4","","14000","Czech Republic","zatakshop.com@whoisprotection.domains","+420.226517351","+420.226517341","","","","","","","","","","","ns1.hawkhost.com","ns2.hawkhost.com","","","OK","","",""
"116","zermatt-roesterei.com","2019-12-03 18:52:39","2019-12-02","","2020-12-02","1068","NameCheap, Inc.","whois.namecheap.com","http://www.namecheap.com","Aroleid Kollektiv","KAFFEE ZERMATT s.r.o.","Stupkova 952/18","Olomouc","NA","77900","Czech Republic","aroleid.kollektiv@protonmail.com","+20.774780010","","Aroleid Kollektiv","KAFFEE ZERMATT s.r.o.","Stupkova 952/18","Olomouc","NA","77900","Czech Republic","aroleid.kollektiv@protonmail.com","+20.774780010","","Aroleid Kollektiv","KAFFEE ZERMATT s.r.o.","Stupkova 952/18","Olomouc","NA","77900","Czech Republic","aroleid.kollektiv@protonmail.com","+20.774780010","","","","","","","","","","","","dns1.registrar-servers.com","dns2.registrar-servers.com","","","addPeriod","clientTransferProhibited","",""