"num","domain_name","query_time","create_date","update_date","expiry_date","domain_registrar_id","domain_registrar_name","domain_registrar_whois","domain_registrar_url","registrant_name","registrant_company","registrant_address","registrant_city","registrant_state","registrant_zip","registrant_country","registrant_email","registrant_phone","registrant_fax","administrative_name","administrative_company","administrative_address","administrative_city","administrative_state","administrative_zip","administrative_country","administrative_email","administrative_phone","administrative_fax","technical_name","technical_company","technical_address","technical_city","technical_state","technical_zip","technical_country","technical_email","technical_phone","technical_fax","billing_name","billing_company","billing_address","billing_city","billing_state","billing_zip","billing_country","billing_email","billing_phone","billing_fax","name_server_1","name_server_2","name_server_3","name_server_4","domain_status_1","domain_status_2","domain_status_3","domain_status_4"
"1","alenalbinovic.com","2019-12-03 15:32:09","2019-12-02","2019-12-02","2020-12-02","106","Ascio Technologies, Inc. Danmark - Filial af Ascio technologies, Inc. USA","whois.ascio.com","http://www.ascio.com","Not Disclosed","Not Disclosed","Not Disclosed","Not Disclosed","","Not Disclosed","Denmark","","Not Disclosed","Not Disclosed","Not Disclosed","Not Disclosed","Not Disclosed","Not Disclosed","Not Disclosed","Not Disclosed","Not Disclosed","","Not Disclosed","Not Disclosed","Not Disclosed","Not Disclosed","Not Disclosed","Not Disclosed","Not Disclosed","Not Disclosed","Not Disclosed","","Not Disclosed","Not Disclosed","","","","","","","","","","","dns1.123hjemmeside.dk","dns2.123hjemmeside.dk","dns3.123hjemmeside.dk","","OK","","",""
"2","alsoee.com","2019-12-03 15:28:43","2019-12-02","2019-12-02","2020-12-02","81","Gandi SAS","whois.gandi.net","http://www.gandi.net","REDACTED FOR PRIVACY","","REDACTED FOR PRIVACY","REDACTED FOR PRIVACY","","REDACTED FOR PRIVACY","Denmark","bbcf73ee45f532eb8c8a3823488fc070-16366987@contact.gandi.net","REDACTED FOR PRIVACY","REDACTED FOR PRIVACY","REDACTED FOR PRIVACY","REDACTED FOR PRIVACY","REDACTED FOR PRIVACY","REDACTED FOR PRIVACY","REDACTED FOR PRIVACY","REDACTED FOR PRIVACY","REDACTED FOR PRIVACY","bbcf73ee45f532eb8c8a3823488fc070-16366987@contact.gandi.net","REDACTED FOR PRIVACY","REDACTED FOR PRIVACY","REDACTED FOR PRIVACY","REDACTED FOR PRIVACY","REDACTED FOR PRIVACY","REDACTED FOR PRIVACY","REDACTED FOR PRIVACY","REDACTED FOR PRIVACY","REDACTED FOR PRIVACY","bbcf73ee45f532eb8c8a3823488fc070-16366987@contact.gandi.net","REDACTED FOR PRIVACY","REDACTED FOR PRIVACY","","","","","","","","","","","ns-164-c.gandi.net","ns-2-b.gandi.net","ns-88-a.gandi.net","","clientTransferProhibited","","",""
"3","analyticscrunch.com","2019-12-03 17:25:39","2019-12-02","2019-12-02","2020-12-02","146","GoDaddy.com, LLC","whois.godaddy.com","http://registrar.godaddy.com","","","","","Denmark","","Denmark","","","","","","","","","","","","","","","","","","","","","","","","","","","","","","","","","","ns27.domaincontrol.com","ns28.domaincontrol.com","","","clientDeleteProhibited","clientRenewProhibited","clientTransferProhibited","clientUpdateProhibited"
"4","analyticsindepth.com","2019-12-03 15:00:53","2019-12-02","2019-12-02","2020-12-02","146","GoDaddy.com, LLC","whois.godaddy.com","http://registrar.godaddy.com","","","","","Denmark","","Denmark","","","","","","","","","","","","","","","","","","","","","","","","","","","","","","","","","","ns27.domaincontrol.com","ns28.domaincontrol.com","","","clientDeleteProhibited","clientRenewProhibited","clientTransferProhibited","clientUpdateProhibited"
"5","azurebricks.com","2019-12-03 18:40:12","2019-12-02","2019-12-02","2021-12-02","113","CSL Computer Service Langenbach GmbH d/b/a joker.com","whois.joker.com","http://www.joker.com","","","","","","","Denmark","","","","","","","","","","","","","","","","","","","","","","","","","","","","","","","","","","ns1.gratisdns.dk","ns2.gratisdns.dk","ns3.gratisdns.dk","ns4.gratisdns.dk","clientTransferProhibited","","",""
"6","baby-rocker.com","2019-12-03 18:10:23","2019-12-02","2019-12-02","2020-12-02","1387","1API GmbH","whois.1api.net","http://www.1api.net","REDACTED FOR PRIVACY","REDACTED FOR PRIVACY","REDACTED FOR PRIVACY","REDACTED FOR PRIVACY","Danmark","REDACTED FOR PRIVACY","Denmark","","REDACTED FOR PRIVACY","","REDACTED FOR PRIVACY","REDACTED FOR PRIVACY","REDACTED FOR PRIVACY","REDACTED FOR PRIVACY","REDACTED FOR PRIVACY","REDACTED FOR PRIVACY","REDACTED FOR PRIVACY","","REDACTED FOR PRIVACY","","REDACTED FOR PRIVACY","REDACTED FOR PRIVACY","REDACTED FOR PRIVACY","REDACTED FOR PRIVACY","REDACTED FOR PRIVACY","REDACTED FOR PRIVACY","REDACTED FOR PRIVACY","","REDACTED FOR PRIVACY","","","","","","","","","","","","ns5.chosting.dk","ns6.chosting.dk","ns7.chosting.dk","","clientTransferProhibited","","",""
"7","baettrwind.com","2019-12-03 14:19:22","2019-12-02","2019-12-02","2020-12-02","106","Ascio Technologies, Inc. Danmark - Filial af Ascio technologies, Inc. USA","whois.ascio.com","http://www.ascio.com","Not Disclosed","Not Disclosed","Not Disclosed","Not Disclosed","","Not Disclosed","Denmark","","Not Disclosed","Not Disclosed","Not Disclosed","Not Disclosed","Not Disclosed","Not Disclosed","Not Disclosed","Not Disclosed","Not Disclosed","","Not Disclosed","Not Disclosed","Not Disclosed","Not Disclosed","Not Disclosed","Not Disclosed","Not Disclosed","Not Disclosed","Not Disclosed","","Not Disclosed","Not Disclosed","","","","","","","","","","","ns1.surf-town.net","ns2.surf-town.net","ns3.surf-town.net","","OK","","",""
"8","ballnsocket.com","2019-12-03 16:39:02","2019-12-01","2019-12-01","2020-12-01","146","GoDaddy.com, LLC","whois.godaddy.com","http://registrar.godaddy.com","","","","","Abbenraa","","Denmark","","","","","","","","","","","","","","","","","","","","","","","","","","","","","","","","","","ns27.domaincontrol.com","ns28.domaincontrol.com","","","clientDeleteProhibited","clientRenewProhibited","clientTransferProhibited","clientUpdateProhibited"
"9","bitcrypts.com","2019-12-03 15:10:27","2019-12-01","2019-12-01","2020-12-01","146","GoDaddy.com, LLC","whois.godaddy.com","http://registrar.godaddy.com","","","","","Abbenraa","","Denmark","","","","","","","","","","","","","","","","","","","","","","","","","","","","","","","","","","ns27.domaincontrol.com","ns28.domaincontrol.com","","","clientDeleteProhibited","clientRenewProhibited","clientTransferProhibited","clientUpdateProhibited"
"10","blokcrpt.com","2019-12-03 15:42:07","2019-12-01","2019-12-01","2020-12-01","146","GoDaddy.com, LLC","whois.godaddy.com","http://registrar.godaddy.com","","","","","Abbenraa","","Denmark","","","","","","","","","","","","","","","","","","","","","","","","","","","","","","","","","","ns27.domaincontrol.com","ns28.domaincontrol.com","","","clientDeleteProhibited","clientRenewProhibited","clientTransferProhibited","clientUpdateProhibited"
"11","blokcrypt.com","2019-12-03 16:47:09","2019-12-01","2019-12-01","2020-12-01","146","GoDaddy.com, LLC","whois.godaddy.com","http://registrar.godaddy.com","","","","","Abbenraa","","Denmark","","","","","","","","","","","","","","","","","","","","","","","","","","","","","","","","","","ns27.domaincontrol.com","ns28.domaincontrol.com","","","clientDeleteProhibited","clientRenewProhibited","clientTransferProhibited","clientUpdateProhibited"
"12","blokiot.com","2019-12-03 17:41:31","2019-12-01","2019-12-01","2020-12-01","146","GoDaddy.com, LLC","whois.godaddy.com","http://registrar.godaddy.com","","","","","Abbenraa","","Denmark","","","","","","","","","","","","","","","","","","","","","","","","","","","","","","","","","","ns27.domaincontrol.com","ns28.domaincontrol.com","","","clientDeleteProhibited","clientRenewProhibited","clientTransferProhibited","clientUpdateProhibited"
"13","bryllupiflattinge.com","2019-12-03 18:40:53","2019-12-01","2019-12-01","2020-12-01","3817","Wix.com Ltd.","","","Statutory Masking Enabled","Statutory Masking Enabled","Statutory Masking Enabled","Statutory Masking Enabled","84","Statutory Masking Enabled","Denmark","bryllupiflattinge.com@wix-domains.com","Statutory Masking Enabled","Statutory Masking Enabled","Statutory Masking Enabled","Statutory Masking Enabled","Statutory Masking Enabled","Statutory Masking Enabled","84","Statutory Masking Enabled","Denmark","loen@tv2bornholm.dk","Statutory Masking Enabled","Statutory Masking Enabled","Statutory Masking Enabled","Statutory Masking Enabled","Statutory Masking Enabled","Statutory Masking Enabled","84","Statutory Masking Enabled","Denmark","loen@tv2bornholm.dk","Statutory Masking Enabled","Statutory Masking Enabled","","","","","","","","","","","ns14.wixdns.net","ns15.wixdns.net","","","clientTransferProhibited","clientUpdateProhibited","",""
"14","climateco2.com","2019-12-03 16:00:29","2019-12-02","2019-12-02","2020-12-02","146","GoDaddy.com, LLC","whois.godaddy.com","http://registrar.godaddy.com","","","","","Hovedstaden","","Denmark","","","","","","","","","","","","","","","","","","","","","","","","","","","","","","","","","","ns27.domaincontrol.com","ns28.domaincontrol.com","","","clientDeleteProhibited","clientRenewProhibited","clientTransferProhibited","clientUpdateProhibited"
"15","coiopiast.com","2019-12-03 17:10:52","2019-12-02","2019-12-02","2020-12-02","146","GoDaddy.com, LLC","whois.godaddy.com","http://registrar.godaddy.com","CSIS Security Group","CSIS Security Group","","","Select a region","","Denmark","","","","","","","","","","","","","","","","","","","","","","","","","","","","","","","","","","ns27.domaincontrol.com","ns28.domaincontrol.com","","","clientDeleteProhibited","clientRenewProhibited","clientTransferProhibited","clientUpdateProhibited"
"16","definemyvision.com","2019-12-03 14:41:36","2019-12-02","2019-12-02","2020-12-02","1387","1API GmbH","whois.1api.net","http://www.1api.net","REDACTED FOR PRIVACY","REDACTED FOR PRIVACY","REDACTED FOR PRIVACY","REDACTED FOR PRIVACY","none","REDACTED FOR PRIVACY","Denmark","","REDACTED FOR PRIVACY","","REDACTED FOR PRIVACY","REDACTED FOR PRIVACY","REDACTED FOR PRIVACY","REDACTED FOR PRIVACY","REDACTED FOR PRIVACY","REDACTED FOR PRIVACY","REDACTED FOR PRIVACY","","REDACTED FOR PRIVACY","","REDACTED FOR PRIVACY","REDACTED FOR PRIVACY","REDACTED FOR PRIVACY","REDACTED FOR PRIVACY","REDACTED FOR PRIVACY","REDACTED FOR PRIVACY","REDACTED FOR PRIVACY","","REDACTED FOR PRIVACY","","","","","","","","","","","","ns5.chosting.dk","ns6.chosting.dk","ns7.chosting.dk","","clientTransferProhibited","","",""
"17","doktorolga.com","2019-12-03 16:56:40","2019-12-02","2019-12-02","2020-12-02","69","Tucows Domains Inc.","whois.tucows.com","http://domainhelp.opensrs.net","REDACTED FOR PRIVACY","REDACTED FOR PRIVACY","REDACTED FOR PRIVACY","REDACTED FOR PRIVACY","XX","REDACTED FOR PRIVACY","Denmark","","REDACTED FOR PRIVACY","REDACTED FOR PRIVACY","REDACTED FOR PRIVACY","REDACTED FOR PRIVACY","REDACTED FOR PRIVACY","REDACTED FOR PRIVACY","REDACTED FOR PRIVACY","REDACTED FOR PRIVACY","REDACTED FOR PRIVACY","","REDACTED FOR PRIVACY","REDACTED FOR PRIVACY","REDACTED FOR PRIVACY","REDACTED FOR PRIVACY","REDACTED FOR PRIVACY","REDACTED FOR PRIVACY","REDACTED FOR PRIVACY","REDACTED FOR PRIVACY","REDACTED FOR PRIVACY","","REDACTED FOR PRIVACY","REDACTED FOR PRIVACY","","","","","","","","","","","ns1.gnld1006.siteground.eu","ns2.gnld1006.siteground.eu","","","clientTransferProhibited","clientUpdateProhibited","",""
"18","eaglewilderness.com","2019-12-03 16:39:36","2019-12-02","2019-12-02","2020-12-02","113","CSL Computer Service Langenbach GmbH d/b/a joker.com","whois.joker.com","http://www.joker.com","","","","","","","Denmark","","","","","","","","","","","","","","","","","","","","","","","","","","","","","","","","","","ns1.gratisdns.dk","ns2.gratisdns.dk","ns3.gratisdns.dk","ns4.gratisdns.dk","clientTransferProhibited","","",""
"19","equip5g.com","2019-12-03 15:00:57","2019-12-01","2019-12-01","2020-12-01","146","GoDaddy.com, LLC","whois.godaddy.com","http://registrar.godaddy.com","","","","","Abbenraa","","Denmark","","","","","","","","","","","","","","","","","","","","","","","","","","","","","","","","","","ns27.domaincontrol.com","ns28.domaincontrol.com","","","clientDeleteProhibited","clientRenewProhibited","clientTransferProhibited","clientUpdateProhibited"
"20","feldborg.energy","2019-12-03 18:03:45","2019-12-02","2019-12-02","2020-12-02","113","CSL Computer Service Langenbach GmbH d/b/a joker.com","whois.joker.com","http://www.joker.com","REDACTED FOR PRIVACY","","REDACTED FOR PRIVACY","REDACTED FOR PRIVACY","","REDACTED FOR PRIVACY","Denmark","","REDACTED FOR PRIVACY","REDACTED FOR PRIVACY","","","","","","","","","","","","","","","","","","","","","","","","","","","","","","","","","","","addPeriod","clientTransferProhibited","",""
"21","forge.computer","2019-12-03 15:47:22","2019-12-02","2019-12-02","2020-12-02","1345","Key-Systems, LLC","whois.nic.uk","http://www.key-systems.net/","REDACTED FOR PRIVACY","MagnuTron ApS","REDACTED FOR PRIVACY","REDACTED FOR PRIVACY","","REDACTED FOR PRIVACY","Denmark","","REDACTED FOR PRIVACY","REDACTED FOR PRIVACY","","","","","","","","","","","","","","","","","","","","","","","","","","","","","","","","","","","addPeriod","clientTransferProhibited","",""
"22","gokugle.com","2019-12-03 16:04:04","2019-12-01","2019-12-01","2020-12-01","146","GoDaddy.com, LLC","whois.godaddy.com","http://registrar.godaddy.com","","","","","Abbenraa","","Denmark","","","","","","","","","","","","","","","","","","","","","","","","","","","","","","","","","","ns27.domaincontrol.com","ns28.domaincontrol.com","","","clientDeleteProhibited","clientRenewProhibited","clientTransferProhibited","clientUpdateProhibited"
"23","hereshaminigroup.com","2019-12-03 16:12:13","2019-12-02","2019-12-02","2020-12-02","3817","Wix.com Ltd.","","","Statutory Masking Enabled","Statutory Masking Enabled","Statutory Masking Enabled","Statutory Masking Enabled","84","Statutory Masking Enabled","Denmark","hereshaminigroup.com@wix-domains.com","Statutory Masking Enabled","Statutory Masking Enabled","Statutory Masking Enabled","Statutory Masking Enabled","Statutory Masking Enabled","Statutory Masking Enabled","84","Statutory Masking Enabled","Denmark","heresh.amini@gmail.com","Statutory Masking Enabled","Statutory Masking Enabled","Statutory Masking Enabled","Statutory Masking Enabled","Statutory Masking Enabled","Statutory Masking Enabled","84","Statutory Masking Enabled","Denmark","heresh.amini@gmail.com","Statutory Masking Enabled","Statutory Masking Enabled","","","","","","","","","","","ns4.wixdns.net","ns5.wixdns.net","","","clientTransferProhibited","clientUpdateProhibited","",""
"24","ilonapetajamaa.com","2019-12-03 18:13:45","2019-12-01","2019-12-01","2020-12-01","1387","1API GmbH","whois.1api.net","http://www.1api.net","REDACTED FOR PRIVACY","REDACTED FOR PRIVACY","REDACTED FOR PRIVACY","REDACTED FOR PRIVACY","","REDACTED FOR PRIVACY","Denmark","","REDACTED FOR PRIVACY","","REDACTED FOR PRIVACY","REDACTED FOR PRIVACY","REDACTED FOR PRIVACY","REDACTED FOR PRIVACY","REDACTED FOR PRIVACY","REDACTED FOR PRIVACY","REDACTED FOR PRIVACY","","REDACTED FOR PRIVACY","","REDACTED FOR PRIVACY","REDACTED FOR PRIVACY","REDACTED FOR PRIVACY","REDACTED FOR PRIVACY","REDACTED FOR PRIVACY","REDACTED FOR PRIVACY","REDACTED FOR PRIVACY","","REDACTED FOR PRIVACY","","","","","","","","","","","","ns5.chosting.dk","ns6.chosting.dk","ns7.chosting.dk","","clientTransferProhibited","","",""
"25","impact-review.com","2019-12-03 15:21:47","2019-12-02","2019-12-02","2020-12-02","146","GoDaddy.com, LLC","whois.godaddy.com","http://registrar.godaddy.com","","","","","DK","","Denmark","","","","","","","","","","","","","","","","","","","","","","","","","","","","","","","","","","ns27.domaincontrol.com","ns28.domaincontrol.com","","","clientDeleteProhibited","clientRenewProhibited","clientTransferProhibited","clientUpdateProhibited"
"26","impact-score.com","2019-12-03 18:07:18","2019-12-02","2019-12-02","2020-12-02","146","GoDaddy.com, LLC","whois.godaddy.com","http://registrar.godaddy.com","","","","","DK","","Denmark","","","","","","","","","","","","","","","","","","","","","","","","","","","","","","","","","","ns27.domaincontrol.com","ns28.domaincontrol.com","","","clientDeleteProhibited","clientRenewProhibited","clientTransferProhibited","clientUpdateProhibited"
"27","impactreviewer.com","2019-12-03 14:41:38","2019-12-02","2019-12-02","2020-12-02","146","GoDaddy.com, LLC","whois.godaddy.com","http://registrar.godaddy.com","","","","","DK","","Denmark","","","","","","","","","","","","","","","","","","","","","","","","","","","","","","","","","","ns27.domaincontrol.com","ns28.domaincontrol.com","","","clientDeleteProhibited","clientRenewProhibited","clientTransferProhibited","clientUpdateProhibited"
"28","insertyourselfhere.com","2019-12-03 14:49:20","2019-12-02","2019-12-02","2020-12-02","1647","Hosting Concepts B.V. dba Openprovider","whois.registrar.eu","http://www.openprovider.com","REDACTED FOR PRIVACY","Frankly","REDACTED FOR PRIVACY","REDACTED FOR PRIVACY","","REDACTED FOR PRIVACY","Denmark","","REDACTED FOR PRIVACY","REDACTED FOR PRIVACY","REDACTED FOR PRIVACY","REDACTED FOR PRIVACY","REDACTED FOR PRIVACY","REDACTED FOR PRIVACY","REDACTED FOR PRIVACY","REDACTED FOR PRIVACY","REDACTED FOR PRIVACY","","REDACTED FOR PRIVACY","REDACTED FOR PRIVACY","REDACTED FOR PRIVACY","REDACTED FOR PRIVACY","REDACTED FOR PRIVACY","REDACTED FOR PRIVACY","REDACTED FOR PRIVACY","REDACTED FOR PRIVACY","REDACTED FOR PRIVACY","","REDACTED FOR PRIVACY","REDACTED FOR PRIVACY","","","","","","","","","","","ns1.openprovider.nl","ns2.openprovider.be","ns3.openprovider.eu","","clientTransferProhibited","ok","",""
"29","jmagnes.com","2019-12-03 16:14:19","2019-12-01","2019-12-01","2020-12-01","146","GoDaddy.com, LLC","whois.godaddy.com","http://registrar.godaddy.com","","","","","Hovedstaden","","Denmark","","","","","","","","","","","","","","","","","","","","","","","","","","","","","","","","","","ns1.dns-parking.com","ns2.dns-parking.com","","","clientDeleteProhibited","clientRenewProhibited","clientTransferProhibited","clientUpdateProhibited"
"30","karbabar.com","2019-12-03 17:21:45","2019-12-02","2019-12-02","2020-12-02","113","CSL Computer Service Langenbach GmbH d/b/a joker.com","whois.joker.com","http://www.joker.com","","","","","","","Denmark","","","","","","","","","","","","","","","","","","","","","","","","","","","","","","","","","","ns1.netafrooz.com","ns2.netafrooz.com","","","clientTransferProhibited","","",""
"31","logrp.com","2019-12-03 15:05:45","2019-12-02","2019-12-02","2021-12-02","113","CSL Computer Service Langenbach GmbH d/b/a joker.com","whois.joker.com","http://www.joker.com","2RNet ApS","2RNet ApS","","","","","Denmark","","","","","","","","","","","","","","","","","","","","","","","","","","","","","","","","","","ns1.gratisdns.dk","ns2.gratisdns.dk","ns3.gratisdns.dk","ns4.gratisdns.dk","clientTransferProhibited","","",""
"32","logrp.net","2019-12-03 14:36:21","2019-12-02","2019-12-02","2021-12-02","113","CSL Computer Service Langenbach GmbH d/b/a joker.com","whois.joker.com","http://www.joker.com","2RNet ApS","2RNet ApS","","","","","Denmark","","","","","","","","","","","","","","","","","","","","","","","","","","","","","","","","","","ns1.gratisdns.dk","ns2.gratisdns.dk","ns3.gratisdns.dk","ns4.gratisdns.dk","clientTransferProhibited","","",""
"33","mathismagic.net","2019-12-03 15:10:34","2019-12-02","2019-12-02","2020-12-02","3817","Wix.com Ltd.","","","Statutory Masking Enabled","Statutory Masking Enabled","Statutory Masking Enabled","Statutory Masking Enabled","84","Statutory Masking Enabled","Denmark","mathismagic.net@wix-domains.com","Statutory Masking Enabled","Statutory Masking Enabled","Statutory Masking Enabled","Statutory Masking Enabled","Statutory Masking Enabled","Statutory Masking Enabled","84","Statutory Masking Enabled","Denmark","viktorasles@gmail.com","Statutory Masking Enabled","Statutory Masking Enabled","Statutory Masking Enabled","Statutory Masking Enabled","Statutory Masking Enabled","Statutory Masking Enabled","84","Statutory Masking Enabled","Denmark","viktorasles@gmail.com","Statutory Masking Enabled","Statutory Masking Enabled","","","","","","","","","","","ns6.wixdns.net","ns7.wixdns.net","","","clientTransferProhibited","clientUpdateProhibited","",""
"34","mbitmarketing.com","2019-12-03 18:24:00","2019-12-02","2019-12-02","2020-12-02","146","GoDaddy.com, LLC","whois.godaddy.com","http://registrar.godaddy.com","Clover Four ApS","Clover Four ApS","","","Hovedstaden","","Denmark","","","","","","","","","","","","","","","","","","","","","","","","","","","","","","","","","","ns27.domaincontrol.com","ns28.domaincontrol.com","","","clientDeleteProhibited","clientRenewProhibited","clientTransferProhibited","clientUpdateProhibited"
"35","mbitshop.com","2019-12-03 18:13:49","2019-12-02","2019-12-02","2020-12-02","146","GoDaddy.com, LLC","whois.godaddy.com","http://registrar.godaddy.com","Clover Four ApS","Clover Four ApS","","","Hovedstaden","","Denmark","","","","","","","","","","","","","","","","","","","","","","","","","","","","","","","","","","ns27.domaincontrol.com","ns28.domaincontrol.com","","","clientDeleteProhibited","clientRenewProhibited","clientTransferProhibited","clientUpdateProhibited"
"36","mv360.cloud","2019-12-03 18:59:36","2019-12-02","","2021-12-02","1345","Key-Systems, LLC","whois.nic.uk","http://www.key-systems.net/","MagVenture","MagVenture","","","","","Denmark","","","","","","","","","","","","","","","","","","","","","","","","","","","","","","","","","","ns.dandomain.dk","ns2.dandomain.dk","","","addPeriod","ok","",""
"37","mv360ca.cloud","2019-12-03 15:03:47","2019-12-02","","2021-12-02","1345","Key-Systems, LLC","whois.nic.uk","http://www.key-systems.net/","MagVenture","MagVenture","","","","","Denmark","","","","","","","","","","","","","","","","","","","","","","","","","","","","","","","","","","ns.dandomain.dk","ns2.dandomain.dk","","","addPeriod","ok","",""
"38","mv360eu.cloud","2019-12-03 17:45:43","2019-12-02","","2021-12-02","1345","Key-Systems, LLC","whois.nic.uk","http://www.key-systems.net/","MagVenture","MagVenture","","","","","Denmark","","","","","","","","","","","","","","","","","","","","","","","","","","","","","","","","","","ns.dandomain.dk","ns2.dandomain.dk","","","addPeriod","ok","",""
"39","nakedchoice.net","2019-12-03 15:20:29","2019-12-02","2019-12-02","2020-12-02","106","Ascio Technologies, Inc. Danmark - Filial af Ascio technologies, Inc. USA","whois.ascio.com","http://www.ascio.com","Not Disclosed","Not Disclosed","Not Disclosed","Not Disclosed","","Not Disclosed","Denmark","","Not Disclosed","Not Disclosed","Not Disclosed","Not Disclosed","Not Disclosed","Not Disclosed","Not Disclosed","Not Disclosed","Not Disclosed","","Not Disclosed","Not Disclosed","Not Disclosed","Not Disclosed","Not Disclosed","Not Disclosed","Not Disclosed","Not Disclosed","Not Disclosed","","Not Disclosed","Not Disclosed","","","","","","","","","","","ns1.meganameservers.eu","ns2.meganameservers.eu","ns3.meganameservers.eu","","OK","","",""
"40","nicolaugenuino.com","2019-12-03 16:08:21","2019-12-01","2019-12-01","2020-12-01","1387","1API GmbH","whois.1api.net","http://www.1api.net","REDACTED FOR PRIVACY","REDACTED FOR PRIVACY","REDACTED FOR PRIVACY","REDACTED FOR PRIVACY","none","REDACTED FOR PRIVACY","Denmark","","REDACTED FOR PRIVACY","","REDACTED FOR PRIVACY","REDACTED FOR PRIVACY","REDACTED FOR PRIVACY","REDACTED FOR PRIVACY","REDACTED FOR PRIVACY","REDACTED FOR PRIVACY","REDACTED FOR PRIVACY","","REDACTED FOR PRIVACY","","REDACTED FOR PRIVACY","REDACTED FOR PRIVACY","REDACTED FOR PRIVACY","REDACTED FOR PRIVACY","REDACTED FOR PRIVACY","REDACTED FOR PRIVACY","REDACTED FOR PRIVACY","","REDACTED FOR PRIVACY","","","","","","","","","","","","ns5.chosting.dk","ns6.chosting.dk","ns7.chosting.dk","","clientTransferProhibited","","",""
"41","ockywear.com","2019-12-03 15:42:55","2019-12-01","2019-12-01","2020-12-01","113","CSL Computer Service Langenbach GmbH d/b/a joker.com","whois.joker.com","http://www.joker.com","Michael Brandt","Michael Brandt","","","","","Denmark","","","","","","","","","","","","","","","","","","","","","","","","","","","","","","","","","","bart.ns.cloudflare.com","chin.ns.cloudflare.com","","","clientTransferProhibited","","",""
"42","pdhub.net","2019-12-03 18:36:06","2019-12-01","2019-12-01","2021-12-01","113","CSL Computer Service Langenbach GmbH d/b/a joker.com","whois.joker.com","http://www.joker.com","BaseLines","BaseLines","","","","","Denmark","","","","","","","","","","","","","","","","","","","","","","","","","","","","","","","","","","ns1.gratisdns.dk","ns2.gratisdns.dk","ns3.gratisdns.dk","ns4.gratisdns.dk","clientTransferProhibited","","",""
"43","prozdure.com","2019-12-03 15:47:14","2019-12-02","2019-12-02","2020-12-02","1390","Mesh Digital Limited","whois.meshdigital.com","http://www.meshdigital.com","REDACTED FOR PRIVACY","UngSys ApS","REDACTED FOR PRIVACY","REDACTED FOR PRIVACY","DK","REDACTED FOR PRIVACY","Denmark","","REDACTED FOR PRIVACY","REDACTED FOR PRIVACY","","","","","","","","","","","","","","","","","","","","","","","","","","","","","","","ns1.hans.hosteurope.de","ns2.hans.hosteurope.de","","","OK","","",""
"44","quality-info.com","2019-12-03 17:45:48","2019-12-02","2019-12-02","2020-12-02","146","GoDaddy.com, LLC","whois.godaddy.com","http://registrar.godaddy.com","adverzy ApS","adverzy ApS","","","Sjalland","","Denmark","","","","","","","","","","","","","","","","","","","","","","","","","","","","","","","","","","ns27.domaincontrol.com","ns28.domaincontrol.com","","","clientDeleteProhibited","clientRenewProhibited","clientTransferProhibited","clientUpdateProhibited"
"45","reflowmaritime.com","2019-12-03 14:20:40","2019-12-02","2019-12-02","2020-12-02","146","GoDaddy.com, LLC","whois.godaddy.com","http://registrar.godaddy.com","Reflow ApS","Reflow ApS","","","Hovedstaden","","Denmark","","","","","","","","","","","","","","","","","","","","","","","","","","","","","","","","","","pdns09.domaincontrol.com","pdns10.domaincontrol.com","","","clientDeleteProhibited","clientRenewProhibited","clientTransferProhibited","clientUpdateProhibited"
"46","report-review.com","2019-12-03 14:39:06","2019-12-02","2019-12-02","2020-12-02","146","GoDaddy.com, LLC","whois.godaddy.com","http://registrar.godaddy.com","","","","","DK","","Denmark","","","","","","","","","","","","","","","","","","","","","","","","","","","","","","","","","","ns27.domaincontrol.com","ns28.domaincontrol.com","","","clientDeleteProhibited","clientRenewProhibited","clientTransferProhibited","clientUpdateProhibited"
"47","shopvove.com","2019-12-03 14:25:04","2019-12-02","2019-12-02","2020-12-02","146","GoDaddy.com, LLC","whois.godaddy.com","http://registrar.godaddy.com","kbv","kbv","","","Midtjylland","","Denmark","","","","","","","","","","","","","","","","","","","","","","","","","","","","","","","","","","ns27.domaincontrol.com","ns28.domaincontrol.com","","","clientDeleteProhibited","clientRenewProhibited","clientTransferProhibited","clientUpdateProhibited"
"48","sofblock.com","2019-12-03 17:29:24","2019-12-01","2019-12-01","2020-12-01","146","GoDaddy.com, LLC","whois.godaddy.com","http://registrar.godaddy.com","","","","","Abbenraa","","Denmark","","","","","","","","","","","","","","","","","","","","","","","","","","","","","","","","","","ns27.domaincontrol.com","ns28.domaincontrol.com","","","clientDeleteProhibited","clientRenewProhibited","clientTransferProhibited","clientUpdateProhibited"
"49","sportinvaders.com","2019-12-03 14:56:55","2019-12-02","2019-12-02","2020-12-02","3817","Wix.com Ltd.","","","Statutory Masking Enabled","Statutory Masking Enabled","Statutory Masking Enabled","Statutory Masking Enabled","84","Statutory Masking Enabled","Denmark","sportinvaders.com@wix-domains.com","Statutory Masking Enabled","Statutory Masking Enabled","Statutory Masking Enabled","Statutory Masking Enabled","Statutory Masking Enabled","Statutory Masking Enabled","84","Statutory Masking Enabled","Denmark","pbr@exometric.com","Statutory Masking Enabled","Statutory Masking Enabled","Statutory Masking Enabled","Statutory Masking Enabled","Statutory Masking Enabled","Statutory Masking Enabled","84","Statutory Masking Enabled","Denmark","pbr@exometric.com","Statutory Masking Enabled","Statutory Masking Enabled","","","","","","","","","","","ns10.wixdns.net","ns11.wixdns.net","","","clientTransferProhibited","clientUpdateProhibited","",""
"50","stopshop.cool","2019-12-03 15:24:03","2019-12-02","2019-12-02","2020-12-02","433","OVH sas","whois.ovh.com","http://www.ovh.com","REDACTED FOR PRIVACY","","REDACTED FOR PRIVACY","REDACTED FOR PRIVACY","","REDACTED FOR PRIVACY","Denmark","","REDACTED FOR PRIVACY","REDACTED FOR PRIVACY","","","","","","","","","","","","","","","","","","","","","","","","","","","","","","","","","","","addPeriod","clientDeleteProhibited","clientTransferProhibited",""
"51","stopshop.ltd","2019-12-03 16:19:02","2019-12-02","2019-12-02","2020-12-02","433","OVH sas","whois.ovh.com","http://www.ovh.com","REDACTED FOR PRIVACY","","REDACTED FOR PRIVACY","REDACTED FOR PRIVACY","","REDACTED FOR PRIVACY","Denmark","","REDACTED FOR PRIVACY","REDACTED FOR PRIVACY","","","","","","","","","","","","","","","","","","","","","","","","","","","","","","","","","","","addPeriod","clientDeleteProhibited","clientTransferProhibited",""
"52","theculturalconnector.com","2019-12-03 14:20:40","2019-12-02","2019-12-02","2020-12-02","113","CSL Computer Service Langenbach GmbH d/b/a joker.com","whois.joker.com","http://www.joker.com","","","","","","","Denmark","","","","","","","","","","","","","","","","","","","","","","","","","","","","","","","","","","ns1.gratisdns.dk","ns2.gratisdns.dk","ns3.gratisdns.dk","ns4.gratisdns.dk","clientTransferProhibited","","",""
"53","therazorfactory.com","2019-12-03 18:53:07","2019-12-02","2019-12-02","2021-12-02","113","CSL Computer Service Langenbach GmbH d/b/a joker.com","whois.joker.com","http://www.joker.com","Barberklingen ApS","Barberklingen ApS","","","","","Denmark","","","","","","","","","","","","","","","","","","","","","","","","","","","","","","","","","","ns1.gratisdns.dk","ns2.gratisdns.dk","ns3.gratisdns.dk","ns4.gratisdns.dk","clientTransferProhibited","","",""
"54","therazorfactory.net","2019-12-03 15:27:49","2019-12-02","2019-12-02","2021-12-02","113","CSL Computer Service Langenbach GmbH d/b/a joker.com","whois.joker.com","http://www.joker.com","Domain Administrator","Barberklingen aps","Moerkhoejvej 233B","Soeborg","","2860","Denmark","mh@barberklingen.dk","+45.53785353","","- - -","Larsen Data ApS","Vestergade 20 B, 2","Koebenhavn K","","1456","Denmark","jokerhostmaster@ldnet.dk","+45.46903232","+45.46903234","- - -","Larsen Data ApS","Vestergade 20 B, 2","Koebenhavn K","","1456","Denmark","jokerhostmaster@ldnet.dk","+45.46903232","+45.46903234","","","","","","","","","","","ns1.gratisdns.dk","ns2.gratisdns.dk","ns3.gratisdns.dk","ns4.gratisdns.dk","clientTransferProhibited","","",""
"55","thesolaborate.com","2019-12-03 15:24:54","2019-12-02","2019-12-02","2020-12-02","146","GoDaddy.com, LLC","whois.godaddy.com","http://registrar.godaddy.com","","","","","Syddanmark","","Denmark","","","","","","","","","","","","","","","","","","","","","","","","","","","","","","","","","","ns27.domaincontrol.com","ns28.domaincontrol.com","","","clientDeleteProhibited","clientRenewProhibited","clientTransferProhibited","clientUpdateProhibited"
"56","tsahlberg.com","2019-12-03 14:33:15","2019-12-02","2019-12-02","2021-12-02","3817","Wix.com Ltd.","","","Statutory Masking Enabled","Statutory Masking Enabled","Statutory Masking Enabled","Statutory Masking Enabled","84","Statutory Masking Enabled","Denmark","tsahlberg.com@wix-domains.com","Statutory Masking Enabled","Statutory Masking Enabled","Statutory Masking Enabled","Statutory Masking Enabled","Statutory Masking Enabled","Statutory Masking Enabled","84","Statutory Masking Enabled","Denmark","tsahlberg@outlook.com","Statutory Masking Enabled","Statutory Masking Enabled","Statutory Masking Enabled","Statutory Masking Enabled","Statutory Masking Enabled","Statutory Masking Enabled","84","Statutory Masking Enabled","Denmark","tsahlberg@outlook.com","Statutory Masking Enabled","Statutory Masking Enabled","","","","","","","","","","","ns14.wixdns.net","ns15.wixdns.net","","","clientTransferProhibited","clientUpdateProhibited","",""
"57","viralbusiness.biz","2019-12-03 15:46:44","2019-11-30","2019-11-30","2020-11-30","146","GoDaddy.com, LLC","whois.godaddy.com","http://registrar.godaddy.com","231076","231076","","","Midtjylland","","Denmark","","","","","","","","","","","","","","","","","","","","","","","","","","","","","","","","","","ns5.chosting.dk","ns6.chosting.dk","ns7.chosting.dk","","addPeriod","clientDeleteProhibited","clientRenewProhibited","clientTransferProhibited"
"58","volvido.com","2019-12-03 17:38:13","2019-12-02","2019-12-02","2021-12-02","113","CSL Computer Service Langenbach GmbH d/b/a joker.com","whois.joker.com","http://www.joker.com","","","","","","","Denmark","","","","","","","","","","","","","","","","","","","","","","","","","","","","","","","","","","ns1.gratisdns.dk","ns2.gratisdns.dk","ns3.gratisdns.dk","ns4.gratisdns.dk","clientTransferProhibited","","",""
"59","volvido.net","2019-12-03 17:06:47","2019-12-02","2019-12-02","2021-12-02","113","CSL Computer Service Langenbach GmbH d/b/a joker.com","whois.joker.com","http://www.joker.com","","","","","","","Denmark","","","","","","","","","","","","","","","","","","","","","","","","","","","","","","","","","","ns1.gratisdns.dk","ns2.gratisdns.dk","ns3.gratisdns.dk","ns4.gratisdns.dk","clientTransferProhibited","","",""
"60","weloveamnesia.com","2019-12-03 15:40:09","2019-12-02","2019-12-02","2020-12-02","146","GoDaddy.com, LLC","whois.godaddy.com","http://registrar.godaddy.com","","","","","Copenhagen","","Denmark","","","","","","","","","","","","","","","","","","","","","","","","","","","","","","","","","","ns21.domaincontrol.com","ns22.domaincontrol.com","","","clientDeleteProhibited","clientRenewProhibited","clientTransferProhibited","clientUpdateProhibited"
"61","wetality-support.com","2019-12-03 18:46:30","2019-12-02","2019-12-02","2020-12-02","146","GoDaddy.com, LLC","whois.godaddy.com","http://registrar.godaddy.com","Veje & Klein","Veje & Klein","","","Hovedstaden","","Denmark","","","","","","","","","","","","","","","","","","","","","","","","","","","","","","","","","","ns27.domaincontrol.com","ns28.domaincontrol.com","","","clientDeleteProhibited","clientRenewProhibited","clientTransferProhibited","clientUpdateProhibited"
"62","wetality-team.com","2019-12-03 18:52:00","2019-12-02","2019-12-02","2020-12-02","146","GoDaddy.com, LLC","whois.godaddy.com","http://registrar.godaddy.com","Veje & Klein","Veje & Klein","","","Hovedstaden","","Denmark","","","","","","","","","","","","","","","","","","","","","","","","","","","","","","","","","","ns27.domaincontrol.com","ns28.domaincontrol.com","","","clientDeleteProhibited","clientRenewProhibited","clientTransferProhibited","clientUpdateProhibited"
"63","wishbyseimei.com","2019-12-03 16:31:24","2019-12-02","2019-12-02","2020-12-02","113","CSL Computer Service Langenbach GmbH d/b/a joker.com","whois.joker.com","http://www.joker.com","Free Line aps","Free Line aps","","","","","Denmark","","","","","","","","","","","","","","","","","","","","","","","","","","","","","","","","","","ns1.gratisdns.dk","ns2.gratisdns.dk","ns3.gratisdns.dk","ns4.gratisdns.dk","clientTransferProhibited","","",""