"num","domain_name","query_time","create_date","update_date","expiry_date","domain_registrar_id","domain_registrar_name","domain_registrar_whois","domain_registrar_url","registrant_name","registrant_company","registrant_address","registrant_city","registrant_state","registrant_zip","registrant_country","registrant_email","registrant_phone","registrant_fax","administrative_name","administrative_company","administrative_address","administrative_city","administrative_state","administrative_zip","administrative_country","administrative_email","administrative_phone","administrative_fax","technical_name","technical_company","technical_address","technical_city","technical_state","technical_zip","technical_country","technical_email","technical_phone","technical_fax","billing_name","billing_company","billing_address","billing_city","billing_state","billing_zip","billing_country","billing_email","billing_phone","billing_fax","name_server_1","name_server_2","name_server_3","name_server_4","domain_status_1","domain_status_2","domain_status_3","domain_status_4"
"1","911siem.com","2019-12-03 15:21:07","2019-12-02","2019-12-02","2020-12-02","146","GoDaddy.com, LLC","whois.godaddy.com","http://registrar.godaddy.com","Neveroff","Neveroff","","","","","Dominican Republic","","","","","","","","","","","","","","","","","","","","","","","","","","","","","","","","","","ns21.domaincontrol.com","ns22.domaincontrol.com","","","clientDeleteProhibited","clientRenewProhibited","clientTransferProhibited","clientUpdateProhibited"
"2","alcarrizostvonline.com","2019-12-03 16:39:07","2019-12-01","2019-12-01","2020-12-01","146","GoDaddy.com, LLC","whois.godaddy.com","http://registrar.godaddy.com","","","","","Republica Dominicana","","Dominican Republic","","","","","","","","","","","","","","","","","","","","","","","","","","","","","","","","","","ns27.domaincontrol.com","ns28.domaincontrol.com","","","clientDeleteProhibited","clientRenewProhibited","clientTransferProhibited","clientUpdateProhibited"
"3","alexandrarodriguez.net","2019-12-03 18:23:29","2019-12-02","2019-12-02","2020-12-02","3817","Wix.com Ltd.","","","Alexandra Rodriguez Perez","Alexandra Rodriguez Perez","Calle Arabia #4","Santo Domingo","","10605","Dominican Republic","alexandrarodriguez.net@wix-domains.com","+1.4159496022","","Alexandra Rodriguez Perez","Alexandra Rodriguez Perez","Calle Arabia #4","Santo Domingo","","10605","Dominican Republic","arodriguezperez00@gmail.com","+1.8095192070","","Alexandra Rodriguez Perez","Alexandra Rodriguez Perez","Calle Arabia #4","Santo Domingo","","10605","Dominican Republic","arodriguezperez00@gmail.com","+1.8095192070","","","","","","","","","","","","ns2.wixdns.net","ns3.wixdns.net","","","clientTransferProhibited","clientUpdateProhibited","",""
"4","alternativebusinesssolution.com","2019-12-03 18:23:53","2019-12-02","2019-12-02","2020-12-02","146","GoDaddy.com, LLC","whois.godaddy.com","http://registrar.godaddy.com","","","","","Oeste","","Dominican Republic","","","","","","","","","","","","","","","","","","","","","","","","","","","","","","","","","","ns27.domaincontrol.com","ns28.domaincontrol.com","","","clientDeleteProhibited","clientRenewProhibited","clientTransferProhibited","clientUpdateProhibited"
"5","analyticsbuy.com","2019-12-03 17:17:38","2019-12-02","2019-12-02","2020-12-02","955","Launchpad, Inc.","whois.launchpad.com","http://www.launchpad.com","geuris mosquea","None","Calle Duarte Cabrera","cabera","34","33000","Dominican Republic","geurishernandz@gmail.com","+1.8292877614","","geuris mosquea","None","Calle Duarte Cabrera","cabera","34","33000","Dominican Republic","geurishernandz@gmail.com","+1.8292877614","","geuris mosquea","None","Calle Duarte Cabrera","cabera","34","33000","Dominican Republic","geurishernandz@gmail.com","+1.8292877614","","","","","","","","","","","","ns8213.hostgator.com","ns8214.hostgator.com","","","clientTransferProhibited","","",""
"6","applevinaigrette.com","2019-12-03 17:04:05","2019-12-02","2019-12-02","2020-12-02","146","GoDaddy.com, LLC","whois.godaddy.com","http://registrar.godaddy.com","","","","","","","Dominican Republic","","","","","","","","","","","","","","","","","","","","","","","","","","","","","","","","","","ns27.domaincontrol.com","ns28.domaincontrol.com","","","clientDeleteProhibited","clientRenewProhibited","clientTransferProhibited","clientUpdateProhibited"
"7","bestapplesauce.com","2019-12-03 16:52:00","2019-12-02","2019-12-02","2020-12-02","146","GoDaddy.com, LLC","whois.godaddy.com","http://registrar.godaddy.com","","","","","","","Dominican Republic","","","","","","","","","","","","","","","","","","","","","","","","","","","","","","","","","","ns27.domaincontrol.com","ns28.domaincontrol.com","","","clientDeleteProhibited","clientRenewProhibited","clientTransferProhibited","clientUpdateProhibited"
"8","bonuspos.com","2019-12-03 18:43:28","2019-12-01","2019-12-01","2020-12-01","146","GoDaddy.com, LLC","whois.godaddy.com","http://registrar.godaddy.com","","","","","San Pedro De Macoris","","Dominican Republic","","","","","","","","","","","","","","","","","","","","","","","","","","","","","","","","","","ns5110.banahosting.com","ns5111.banahosting.com","","","clientDeleteProhibited","clientRenewProhibited","clientTransferProhibited","clientUpdateProhibited"
"9","cardioexercice.com","2019-12-03 15:50:52","2019-12-02","2019-12-02","2020-12-02","146","GoDaddy.com, LLC","whois.godaddy.com","http://registrar.godaddy.com","","","","","","","Dominican Republic","","","","","","","","","","","","","","","","","","","","","","","","","","","","","","","","","","ns27.domaincontrol.com","ns28.domaincontrol.com","","","clientDeleteProhibited","clientRenewProhibited","clientTransferProhibited","clientUpdateProhibited"
"10","carpacciohouse.com","2019-12-03 15:10:48","2019-12-02","2019-12-02","2020-12-02","146","GoDaddy.com, LLC","whois.godaddy.com","http://registrar.godaddy.com","","","","","","","Dominican Republic","","","","","","","","","","","","","","","","","","","","","","","","","","","","","","","","","","ns27.domaincontrol.com","ns28.domaincontrol.com","","","clientDeleteProhibited","clientRenewProhibited","clientTransferProhibited","clientUpdateProhibited"
"11","ceforteliz.com","2019-12-03 18:03:15","2019-12-02","2019-12-02","2020-12-02","106","Ascio Technologies, Inc. Danmark - Filial af Ascio technologies, Inc. USA","whois.ascio.com","http://www.ascio.com","Not Disclosed","Not Disclosed","Not Disclosed","Not Disclosed","","Not Disclosed","Dominican Republic","","Not Disclosed","Not Disclosed","Not Disclosed","Not Disclosed","Not Disclosed","Not Disclosed","Not Disclosed","Not Disclosed","Not Disclosed","","Not Disclosed","Not Disclosed","Not Disclosed","Not Disclosed","Not Disclosed","Not Disclosed","Not Disclosed","Not Disclosed","Not Disclosed","","Not Disclosed","Not Disclosed","","","","","","","","","","","dns1.123hjemmeside.dk","dns2.123hjemmeside.dk","dns3.123hjemmeside.dk","","OK","","",""
"12","cezarbronnercigars.com","2019-12-03 17:15:23","2019-12-02","2019-12-02","2020-12-02","146","GoDaddy.com, LLC","whois.godaddy.com","http://registrar.godaddy.com","","","","","DN","","Dominican Republic","","","","","","","","","","","","","","","","","","","","","","","","","","","","","","","","","","ns27.domaincontrol.com","ns28.domaincontrol.com","","","clientDeleteProhibited","clientRenewProhibited","clientTransferProhibited","clientUpdateProhibited"
"13","civilgineering.com","2019-12-03 14:45:25","2019-12-02","2019-12-02","2020-12-02","3817","Wix.com Ltd.","","","Adonai Garcia","Civilgineering Group","C/ Antonio de la Maza, Edif. 4, Apto. 404, Miraflo","Santo Domingo","","10203","Dominican Republic","civilgineering.com@wix-domains.com","+1.4159496022","","Adonai Garcia","Civilgineering Group","C/ Antonio de la Maza, Edif. 4, Apto. 404, Miraflo","Santo Domingo","","10203","Dominican Republic","civilgineering@gmail.com","+1.8097712832","","Adonai Garcia","Civilgineering Group","C/ Antonio de la Maza, Edif. 4, Apto. 404, Miraflo","Santo Domingo","","10203","Dominican Republic","civilgineering@gmail.com","+1.8097712832","","","","","","","","","","","","ns14.wixdns.net","ns15.wixdns.net","","","clientTransferProhibited","clientUpdateProhibited","",""
"14","dubaiheadline.com","2019-12-03 14:35:40","2019-12-02","2019-12-02","2020-12-02","146","GoDaddy.com, LLC","whois.godaddy.com","http://registrar.godaddy.com","","","","","","","Dominican Republic","","","","","","","","","","","","","","","","","","","","","","","","","","","","","","","","","","ns27.domaincontrol.com","ns28.domaincontrol.com","","","clientDeleteProhibited","clientRenewProhibited","clientTransferProhibited","clientUpdateProhibited"
"15","eduperl.com","2019-12-03 19:03:16","2019-12-02","2019-12-02","2020-12-02","69","Tucows Domains Inc.","whois.tucows.com","http://domainhelp.opensrs.net","REDACTED FOR PRIVACY","REDACTED FOR PRIVACY","REDACTED FOR PRIVACY","REDACTED FOR PRIVACY","Maria Trinidad Sanchez","REDACTED FOR PRIVACY","Dominican Republic","","REDACTED FOR PRIVACY","REDACTED FOR PRIVACY","REDACTED FOR PRIVACY","REDACTED FOR PRIVACY","REDACTED FOR PRIVACY","REDACTED FOR PRIVACY","REDACTED FOR PRIVACY","REDACTED FOR PRIVACY","REDACTED FOR PRIVACY","","REDACTED FOR PRIVACY","REDACTED FOR PRIVACY","REDACTED FOR PRIVACY","REDACTED FOR PRIVACY","REDACTED FOR PRIVACY","REDACTED FOR PRIVACY","REDACTED FOR PRIVACY","REDACTED FOR PRIVACY","REDACTED FOR PRIVACY","","REDACTED FOR PRIVACY","REDACTED FOR PRIVACY","","","","","","","","","","","dns1.cloud.claro.com.do","dns2.cloud.claro.com.do","","","OK","","",""
"16","ejqualityservices.com","2019-12-03 15:21:48","2019-12-02","2019-12-02","2020-12-02","955","Launchpad, Inc.","whois.launchpad.com","http://www.launchpad.com","Frank Simeoli","None","C/ San Francisco #76","San Francisco de Macoris","02","31000","Dominican Republic","franksimeoli@hotmail.com","+1.8099631328","","Frank Simeoli","None","C/ San Francisco #76","San Francisco de Macoris","02","31000","Dominican Republic","franksimeoli@hotmail.com","+1.8099631328","","Frank Simeoli","None","C/ San Francisco #76","San Francisco de Macoris","02","31000","Dominican Republic","franksimeoli@hotmail.com","+1.8099631328","","","","","","","","","","","","ns8313.hostgator.com","ns8314.hostgator.com","","","clientTransferProhibited","","",""
"17","electrikaplus.com","2019-12-03 16:15:35","2019-12-02","2019-12-02","2020-12-02","69","Tucows Domains Inc.","whois.tucows.com","http://domainhelp.opensrs.net","REDACTED FOR PRIVACY","REDACTED FOR PRIVACY","REDACTED FOR PRIVACY","REDACTED FOR PRIVACY","PP","REDACTED FOR PRIVACY","Dominican Republic","","REDACTED FOR PRIVACY","REDACTED FOR PRIVACY","REDACTED FOR PRIVACY","REDACTED FOR PRIVACY","REDACTED FOR PRIVACY","REDACTED FOR PRIVACY","REDACTED FOR PRIVACY","REDACTED FOR PRIVACY","REDACTED FOR PRIVACY","","REDACTED FOR PRIVACY","REDACTED FOR PRIVACY","REDACTED FOR PRIVACY","REDACTED FOR PRIVACY","REDACTED FOR PRIVACY","REDACTED FOR PRIVACY","REDACTED FOR PRIVACY","REDACTED FOR PRIVACY","REDACTED FOR PRIVACY","","REDACTED FOR PRIVACY","REDACTED FOR PRIVACY","","","","","","","","","","","dns1.cloud.claro.com.do","dns2.cloud.claro.com.do","","","OK","","",""
"18","elrinconcitodeyibe.com","2019-12-03 17:59:04","2019-12-01","2019-12-01","2020-12-01","955","Launchpad, Inc.","whois.launchpad.com","http://www.launchpad.com","yibelis encarnacion","None","calle higuanama 54 sector savica","higuey","34","23000","Dominican Republic","yibelisyes@gmail.com","+1.8498824149","","yibelis encarnacion","None","calle higuanama 54 sector savica","higuey","34","23000","Dominican Republic","yibelisyes@gmail.com","+1.8498824149","","yibelis encarnacion","None","calle higuanama 54 sector savica","higuey","34","23000","Dominican Republic","yibelisyes@gmail.com","+1.8498824149","","","","","","","","","","","","ns8225.hostgator.com","ns8226.hostgator.com","","","clientTransferProhibited","","",""
"19","empleosdo.com","2019-12-03 16:18:23","2019-12-02","2019-12-02","2020-12-02","146","GoDaddy.com, LLC","whois.godaddy.com","http://registrar.godaddy.com","","","","","Santo Domingo Este","","Dominican Republic","","","","","","","","","","","","","","","","","","","","","","","","","","","","","","","","","","ns67.domaincontrol.com","ns68.domaincontrol.com","","","clientDeleteProhibited","clientRenewProhibited","clientTransferProhibited","clientUpdateProhibited"
"20","foiegrashouse.com","2019-12-03 15:00:47","2019-12-02","2019-12-02","2020-12-02","146","GoDaddy.com, LLC","whois.godaddy.com","http://registrar.godaddy.com","","","","","","","Dominican Republic","","","","","","","","","","","","","","","","","","","","","","","","","","","","","","","","","","ns27.domaincontrol.com","ns28.domaincontrol.com","","","clientDeleteProhibited","clientRenewProhibited","clientTransferProhibited","clientUpdateProhibited"
"21","hubori.com","2019-12-03 18:53:52","2019-12-01","2019-12-01","2020-12-01","1647","Hosting Concepts B.V. dba Openprovider","whois.registrar.eu","http://www.openprovider.com","REDACTED FOR PRIVACY","Carlos Duran","REDACTED FOR PRIVACY","REDACTED FOR PRIVACY","Santo Domingo","REDACTED FOR PRIVACY","Dominican Republic","","REDACTED FOR PRIVACY","REDACTED FOR PRIVACY","REDACTED FOR PRIVACY","REDACTED FOR PRIVACY","REDACTED FOR PRIVACY","REDACTED FOR PRIVACY","REDACTED FOR PRIVACY","REDACTED FOR PRIVACY","REDACTED FOR PRIVACY","","REDACTED FOR PRIVACY","REDACTED FOR PRIVACY","REDACTED FOR PRIVACY","REDACTED FOR PRIVACY","REDACTED FOR PRIVACY","REDACTED FOR PRIVACY","REDACTED FOR PRIVACY","REDACTED FOR PRIVACY","REDACTED FOR PRIVACY","","REDACTED FOR PRIVACY","REDACTED FOR PRIVACY","","","","","","","","","","","dns1.sered.net","dns2.sered.net","dns3.sered.net","dns4.sered.net","clientTransferProhibited","ok","",""
"22","ipsecdominicana.com","2019-12-03 17:17:55","2019-12-02","2019-12-02","2020-12-02","146","GoDaddy.com, LLC","whois.godaddy.com","http://registrar.godaddy.com","","","","","Zona universitaria","","Dominican Republic","","","","","","","","","","","","","","","","","","","","","","","","","","","","","","","","","","ns27.domaincontrol.com","ns28.domaincontrol.com","","","clientDeleteProhibited","clientRenewProhibited","clientTransferProhibited","clientUpdateProhibited"
"23","justapplesauce.com","2019-12-03 18:17:19","2019-12-02","2019-12-02","2020-12-02","146","GoDaddy.com, LLC","whois.godaddy.com","http://registrar.godaddy.com","","","","","","","Dominican Republic","","","","","","","","","","","","","","","","","","","","","","","","","","","","","","","","","","ns27.domaincontrol.com","ns28.domaincontrol.com","","","clientDeleteProhibited","clientRenewProhibited","clientTransferProhibited","clientUpdateProhibited"
"24","karibischerbernstein.com","2019-12-03 16:19:34","2019-12-02","2019-12-02","2020-12-02","146","GoDaddy.com, LLC","whois.godaddy.com","http://registrar.godaddy.com","","","","","La Vega","","Dominican Republic","","","","","","","","","","","","","","","","","","","","","","","","","","","","","","","","","","ns8371.hostgator.com","ns8372.hostgator.com","","","clientDeleteProhibited","clientRenewProhibited","clientTransferProhibited","clientUpdateProhibited"
"25","lapeluqueriado.com","2019-12-03 15:39:52","2019-12-01","2019-12-01","2020-12-01","146","GoDaddy.com, LLC","whois.godaddy.com","http://registrar.godaddy.com","","","","","Distrito Nacional","","Dominican Republic","","","","","","","","","","","","","","","","","","","","","","","","","","","","","","","","","","ns27.domaincontrol.com","ns28.domaincontrol.com","","","clientDeleteProhibited","clientRenewProhibited","clientTransferProhibited","clientUpdateProhibited"
"26","lapeluqueriard.com","2019-12-03 14:22:58","2019-12-01","2019-12-01","2020-12-01","146","GoDaddy.com, LLC","whois.godaddy.com","http://registrar.godaddy.com","","","","","Distrito Nacional","","Dominican Republic","","","","","","","","","","","","","","","","","","","","","","","","","","","","","","","","","","ns27.domaincontrol.com","ns28.domaincontrol.com","","","clientDeleteProhibited","clientRenewProhibited","clientTransferProhibited","clientUpdateProhibited"
"27","larepublicatimes.com","2019-12-03 16:26:42","2019-12-01","2019-12-01","2022-12-01","146","GoDaddy.com, LLC","whois.godaddy.com","http://registrar.godaddy.com","La Republica Times","La Republica Times","","","Republica Dominicana","","Dominican Republic","","","","","","","","","","","","","","","","","","","","","","","","","","","","","","","","","","ns27.domaincontrol.com","ns28.domaincontrol.com","","","clientDeleteProhibited","clientRenewProhibited","clientTransferProhibited","clientUpdateProhibited"
"28","loscaposmusic.com","2019-12-03 17:30:37","2019-12-02","2019-12-02","2020-12-02","146","GoDaddy.com, LLC","whois.godaddy.com","http://registrar.godaddy.com","Christopher Cedeno","Los Capos Music","Santo Domingo","Santo Domingo","Santo Domingo","00000","Dominican Republic","christopher.cedeno@hotmail.com","18297672215","","Christopher Cedeno","Los Capos Music","Santo Domingo","Santo Domingo","Santo Domingo","00000","Dominican Republic","christopher.cedeno@hotmail.com","18297672215","","Christopher Cedeno","Los Capos Music","Santo Domingo","Santo Domingo","Santo Domingo","00000","Dominican Republic","christopher.cedeno@hotmail.com","18297672215","","","","","","","","","","","","ns1.freehosting.com","ns2.freehosting.com","","","clientDeleteProhibited","clientRenewProhibited","clientTransferProhibited","clientUpdateProhibited"
"29","luxciosoiop.com","2019-12-03 15:40:23","2019-12-02","2019-12-02","2020-12-02","955","Launchpad, Inc.","whois.launchpad.com","http://www.launchpad.com","arnaldo martes","","Mendoza, Calle Proyecto 11","Santo Domingo","Mendoza","11803","Dominican Republic","arnaldo_candelo@hotmail.com","+1.8094337314","","arnaldo martes","","Mendoza, Calle Proyecto 11","Santo Domingo","Mendoza","11803","Dominican Republic","arnaldo_candelo@hotmail.com","+1.8094337314","","arnaldo martes","","Mendoza, Calle Proyecto 11","Santo Domingo","Mendoza","11803","Dominican Republic","arnaldo_candelo@hotmail.com","+1.8094337314","","","","","","","","","","","","ns6241.hostgator.com","ns6242.hostgator.com","","","clientTransferProhibited","","",""
"30","luxghys.com","2019-12-03 18:40:55","2019-12-02","2019-12-02","2020-12-02","955","Launchpad, Inc.","whois.launchpad.com","http://www.launchpad.com","arnaldo martes","","Mendoza, Calle Proyecto 11","Santo Domingo","Mendoza","11803","Dominican Republic","arnaldo_candelo@hotmail.com","+1.8094337314","","arnaldo martes","","Mendoza, Calle Proyecto 11","Santo Domingo","Mendoza","11803","Dominican Republic","arnaldo_candelo@hotmail.com","+1.8094337314","","arnaldo martes","","Mendoza, Calle Proyecto 11","Santo Domingo","Mendoza","11803","Dominican Republic","arnaldo_candelo@hotmail.com","+1.8094337314","","","","","","","","","","","","ns7999.hostgator.com","ns8000.hostgator.com","","","clientTransferProhibited","","",""
"31","maestriasenlinea.net","2019-12-03 18:53:18","2019-12-01","2019-12-01","2020-12-01","146","GoDaddy.com, LLC","whois.godaddy.com","http://registrar.godaddy.com","","","","","eln manguito abajo","","Dominican Republic","","","","","","","","","","","","","","","","","","","","","","","","","","","","","","","","","","ns27.domaincontrol.com","ns28.domaincontrol.com","","","clientDeleteProhibited","clientRenewProhibited","clientTransferProhibited","clientUpdateProhibited"
"32","mobilephoneshouse.com","2019-12-03 15:25:36","2019-12-02","2019-12-02","2020-12-02","146","GoDaddy.com, LLC","whois.godaddy.com","http://registrar.godaddy.com","","","","","","","Dominican Republic","","","","","","","","","","","","","","","","","","","","","","","","","","","","","","","","","","ns27.domaincontrol.com","ns28.domaincontrol.com","","","clientDeleteProhibited","clientRenewProhibited","clientTransferProhibited","clientUpdateProhibited"
"33","mojitofactory.com","2019-12-03 15:39:50","2019-12-02","2019-12-02","2020-12-02","146","GoDaddy.com, LLC","whois.godaddy.com","http://registrar.godaddy.com","We4 Group","We4 Group","","","Distrito Nacional","","Dominican Republic","","","","","","","","","","","","","","","","","","","","","","","","","","","","","","","","","","ns21.domaincontrol.com","ns22.domaincontrol.com","","","clientDeleteProhibited","clientRenewProhibited","clientTransferProhibited","clientUpdateProhibited"
"34","noticiastropical.com","2019-12-03 16:18:08","2019-12-01","2019-12-01","2020-12-01","1154","FastDomain Inc.","whois.fastdomain.com","http://www.fastdomain.com","FELIPE SANTANA","","AVE. TIRADENTES PLAZA NACO, 3 NIVEL LOCAL NO. 48 ENS. NACO","SANTO DOMINGO","","10119","Dominican Republic","thebunbury@gmail.com","+1.8098097022","","FELIPE SANTANA","","AVE. TIRADENTES PLAZA NACO, 3 NIVEL LOCAL NO. 48 ENS. NACO","SANTO DOMINGO","","10119","Dominican Republic","thebunbury@gmail.com","+1.8098097022","","BLUEHOST INC","BLUEHOST.COM","550 E TIMPANOGOS PKWY","OREM","UTAH","84097","United States","support-domain@bluehost.com","+1.8017659400","+1.8017651992","","","","","","","","","","","ns1.bluehost.com","ns2.bluehost.com","","","clientTransferProhibited","","",""
"35","opinionjuvenil.com","2019-12-03 17:38:06","2019-12-02","2019-12-02","2020-12-02","146","GoDaddy.com, LLC","whois.godaddy.com","http://registrar.godaddy.com","","","","","Barahona","","Dominican Republic","","","","","","","","","","","","","","","","","","","","","","","","","","","","","","","","","","ns21.domaincontrol.com","ns22.domaincontrol.com","","","clientDeleteProhibited","clientRenewProhibited","clientTransferProhibited","clientUpdateProhibited"
"36","palmcana.com","2019-12-03 17:34:52","2019-12-02","2019-12-02","2020-12-02","69","Tucows Domains Inc.","whois.tucows.com","http://domainhelp.opensrs.net","REDACTED FOR PRIVACY","REDACTED FOR PRIVACY","REDACTED FOR PRIVACY","REDACTED FOR PRIVACY","Santo Domingo Este","REDACTED FOR PRIVACY","Dominican Republic","","REDACTED FOR PRIVACY","REDACTED FOR PRIVACY","REDACTED FOR PRIVACY","REDACTED FOR PRIVACY","REDACTED FOR PRIVACY","REDACTED FOR PRIVACY","REDACTED FOR PRIVACY","REDACTED FOR PRIVACY","REDACTED FOR PRIVACY","","REDACTED FOR PRIVACY","REDACTED FOR PRIVACY","REDACTED FOR PRIVACY","REDACTED FOR PRIVACY","REDACTED FOR PRIVACY","REDACTED FOR PRIVACY","REDACTED FOR PRIVACY","REDACTED FOR PRIVACY","REDACTED FOR PRIVACY","","REDACTED FOR PRIVACY","REDACTED FOR PRIVACY","","","","","","","","","","","ns1.hostable.com","ns2.hostable.com","","","clientTransferProhibited","clientUpdateProhibited","",""
"37","phonecasebook.com","2019-12-03 19:10:28","2019-12-02","2019-12-02","2020-12-02","146","GoDaddy.com, LLC","whois.godaddy.com","http://registrar.godaddy.com","","","","","","","Dominican Republic","","","","","","","","","","","","","","","","","","","","","","","","","","","","","","","","","","ns27.domaincontrol.com","ns28.domaincontrol.com","","","clientDeleteProhibited","clientRenewProhibited","clientTransferProhibited","clientUpdateProhibited"
"38","phonecasecorp.com","2019-12-03 18:30:52","2019-12-02","2019-12-02","2020-12-02","146","GoDaddy.com, LLC","whois.godaddy.com","http://registrar.godaddy.com","","","","","","","Dominican Republic","","","","","","","","","","","","","","","","","","","","","","","","","","","","","","","","","","ns27.domaincontrol.com","ns28.domaincontrol.com","","","clientDeleteProhibited","clientRenewProhibited","clientTransferProhibited","clientUpdateProhibited"
"39","phonecasellc.com","2019-12-03 17:13:32","2019-12-02","2019-12-02","2020-12-02","146","GoDaddy.com, LLC","whois.godaddy.com","http://registrar.godaddy.com","","","","","","","Dominican Republic","","","","","","","","","","","","","","","","","","","","","","","","","","","","","","","","","","ns27.domaincontrol.com","ns28.domaincontrol.com","","","clientDeleteProhibited","clientRenewProhibited","clientTransferProhibited","clientUpdateProhibited"
"40","photostockmarket.com","2019-12-03 19:06:21","2019-12-02","2019-12-02","2020-12-02","146","GoDaddy.com, LLC","whois.godaddy.com","http://registrar.godaddy.com","","","","","","","Dominican Republic","","","","","","","","","","","","","","","","","","","","","","","","","","","","","","","","","","ns27.domaincontrol.com","ns28.domaincontrol.com","","","clientDeleteProhibited","clientRenewProhibited","clientTransferProhibited","clientUpdateProhibited"
"41","piplagnetwork.com","2019-12-03 17:03:36","2019-12-02","2019-12-02","2020-12-02","146","GoDaddy.com, LLC","whois.godaddy.com","http://registrar.godaddy.com","","","","","Capital","","Dominican Republic","","","","","","","","","","","","","","","","","","","","","","","","","","","","","","","","","","ns7061.banahosting.com","ns7062.banahosting.com","","","clientDeleteProhibited","clientRenewProhibited","clientTransferProhibited","clientUpdateProhibited"
"42","rdesing.net","2019-12-03 14:56:23","2019-12-02","2019-12-02","2020-12-02","146","GoDaddy.com, LLC","whois.godaddy.com","http://registrar.godaddy.com","keybrand","keybrand","","","Santiago","","Dominican Republic","","","","","","","","","","","","","","","","","","","","","","","","","","","","","","","","","","ns21.domaincontrol.com","ns22.domaincontrol.com","","","clientDeleteProhibited","clientRenewProhibited","clientTransferProhibited","clientUpdateProhibited"
"43","reimydelorbe-creative.com","2019-12-03 14:21:40","2019-12-01","2019-12-01","2020-12-01","1636","Hostinger, UAB","whois.hostinger.com","http://www.hostinger.com","Reimy Del","Reimy Del Orbe","Av. Monumental, Res. Nueva Terraza, Edif. AE #101, Sto. Dgo. R.D","Distrito Nacional","Santo Domingo","10702","Dominican Republic","reimydelorbe@gmail.com","+1.8299208350","","Reimy Del","Reimy Del Orbe","Av. Monumental, Res. Nueva Terraza, Edif. AE #101, Sto. Dgo. R.D","Distrito Nacional","Santo Domingo","10702","Dominican Republic","reimydelorbe@gmail.com","+1.8299208350","","Reimy Del","Reimy Del Orbe","Av. Monumental, Res. Nueva Terraza, Edif. AE #101, Sto. Dgo. R.D","Distrito Nacional","Santo Domingo","10702","Dominican Republic","reimydelorbe@gmail.com","+1.8299208350","","","","","","","","","","","","ns1.dns-parking.com","ns2.dns-parking.com","","","clientTransferProhibited","","",""
"44","rosangelamieses.com","2019-12-03 16:21:57","2019-12-02","2019-12-02","2020-12-02","1383","Soluciones Corporativas IP, SLU","whois.scip.es","http://www.dondominio.com","REDACTED FOR PRIVACY","","REDACTED FOR PRIVACY","REDACTED FOR PRIVACY","Santo Domingo","REDACTED FOR PRIVACY","Dominican Republic","","REDACTED FOR PRIVACY","REDACTED FOR PRIVACY","REDACTED FOR PRIVACY","REDACTED FOR PRIVACY","REDACTED FOR PRIVACY","REDACTED FOR PRIVACY","REDACTED FOR PRIVACY","REDACTED FOR PRIVACY","REDACTED FOR PRIVACY","","REDACTED FOR PRIVACY","REDACTED FOR PRIVACY","REDACTED FOR PRIVACY","REDACTED FOR PRIVACY","REDACTED FOR PRIVACY","REDACTED FOR PRIVACY","REDACTED FOR PRIVACY","REDACTED FOR PRIVACY","REDACTED FOR PRIVACY","","REDACTED FOR PRIVACY","REDACTED FOR PRIVACY","","","","","","","","","","","ns2011.webempresa.eu","ns2012.webempresa.eu","","","OK","","",""
"45","rplescrow.com","2019-12-03 16:12:37","2019-12-01","2019-12-01","2020-12-01","146","GoDaddy.com, LLC","whois.godaddy.com","http://registrar.godaddy.com","Saul Camacho","Saul Camacho","","","santo domingo","","Dominican Republic","","","","","","","","","","","","","","","","","","","","","","","","","","","","","","","","","","ns1.jakio942.hostpapavps.net","ns2.jakio942.hostpapavps.net","","","clientDeleteProhibited","clientRenewProhibited","clientTransferProhibited","clientUpdateProhibited"
"46","sistemafmlatina.net","2019-12-03 16:56:29","2019-12-02","2019-12-02","2020-12-02","3817","Wix.com Ltd.","","","Sixto Alfredo D Leon","sistemafm","calle la cruz  #53","San Francisco De Macoris","","39000","Dominican Republic","sistemafmlatina.net@wix-domains.com","+1.4159496022","","Sixto Alfredo D Leon","sistemafm","calle la cruz  #53","San Francisco De Macoris","","39000","Dominican Republic","sistemafm56@gmail.com","+1.8492225151","","Sixto Alfredo D Leon","sistemafm","calle la cruz  #53","San Francisco De Macoris","","39000","Dominican Republic","sistemafm56@gmail.com","+1.8492225151","","","","","","","","","","","","ns2.wixdns.net","ns3.wixdns.net","","","clientTransferProhibited","clientUpdateProhibited","",""
"47","steakvillage.com","2019-12-03 14:19:52","2019-12-02","2019-12-02","2020-12-02","146","GoDaddy.com, LLC","whois.godaddy.com","http://registrar.godaddy.com","","","","","","","Dominican Republic","","","","","","","","","","","","","","","","","","","","","","","","","","","","","","","","","","ns27.domaincontrol.com","ns28.domaincontrol.com","","","clientDeleteProhibited","clientRenewProhibited","clientTransferProhibited","clientUpdateProhibited"
"48","stockpoem.com","2019-12-03 16:46:09","2019-12-02","2019-12-02","2020-12-02","146","GoDaddy.com, LLC","whois.godaddy.com","http://registrar.godaddy.com","","","","","","","Dominican Republic","","","","","","","","","","","","","","","","","","","","","","","","","","","","","","","","","","ns27.domaincontrol.com","ns28.domaincontrol.com","","","clientDeleteProhibited","clientRenewProhibited","clientTransferProhibited","clientUpdateProhibited"
"49","tecnodiaria.com","2019-12-03 17:28:05","2019-12-02","2019-12-02","2021-12-02","146","GoDaddy.com, LLC","whois.godaddy.com","http://registrar.godaddy.com","","","","","Nuevo Distrito Nacional","","Dominican Republic","","","","","","","","","","","","","","","","","","","","","","","","","","","","","","","","","","ns1.bluehost.com","ns2.bluehost.com","","","clientDeleteProhibited","clientRenewProhibited","clientTransferProhibited","clientUpdateProhibited"
"50","tomatosaucehouse.com","2019-12-03 18:09:25","2019-12-02","2019-12-02","2020-12-02","146","GoDaddy.com, LLC","whois.godaddy.com","http://registrar.godaddy.com","","","","","","","Dominican Republic","","","","","","","","","","","","","","","","","","","","","","","","","","","","","","","","","","ns27.domaincontrol.com","ns28.domaincontrol.com","","","clientDeleteProhibited","clientRenewProhibited","clientTransferProhibited","clientUpdateProhibited"
"51","topapplesauce.com","2019-12-03 17:46:01","2019-12-02","2019-12-02","2020-12-02","146","GoDaddy.com, LLC","whois.godaddy.com","http://registrar.godaddy.com","","","","","","","Dominican Republic","","","","","","","","","","","","","","","","","","","","","","","","","","","","","","","","","","ns27.domaincontrol.com","ns28.domaincontrol.com","","","clientDeleteProhibited","clientRenewProhibited","clientTransferProhibited","clientUpdateProhibited"
"52","tsbpelis.com","2019-12-03 15:10:12","2019-12-01","2019-12-01","2020-12-01","146","GoDaddy.com, LLC","whois.godaddy.com","http://registrar.godaddy.com","The Smart Binaries","The Smart Binaries","","","Monsenor Nouel","","Dominican Republic","","","","","","","","","","","","","","","","","","","","","","","","","","","","","","","","","","ns27.domaincontrol.com","ns28.domaincontrol.com","","","clientDeleteProhibited","clientRenewProhibited","clientTransferProhibited","clientUpdateProhibited"
"53","wanchymedina2020.com","2019-12-03 18:42:44","2019-12-01","2019-12-01","2020-12-01","625","Name.com, Inc.","whois.name.com","http://www.name.com","Edgar Cotes","EdoySoft.Net","Ave Padre Abreu, Edificio 7 apto 101 , Residencial Matty Bisono","La Romana","La Romana","22000","Dominican Republic","edgar.cotes@edoysoft.net","+1.8095501655","","Edgar Cotes","EdoySoft.Net","Ave Padre Abreu, Edificio 7 apto 101 , Residencial Matty Bisono","La Romana","La Romana","22000","Dominican Republic","edgar.cotes@edoysoft.net","+1.8095501655","","Edgar Cotes","EdoySoft.Net","Ave Padre Abreu, Edificio 7 apto 101 , Residencial Matty Bisono","La Romana","La Romana","22000","Dominican Republic","edgar.cotes@edoysoft.net","+1.8095501655","","","","","","","","","","","","ns1.hostmonster.com","ns2.hostmonster.com","","","addPeriod","clientTransferProhibited","",""
"54","xn--freddynuez-09a.com","2019-12-03 18:24:13","2019-12-01","2019-12-01","2020-12-01","146","GoDaddy.com, LLC","whois.godaddy.com","http://registrar.godaddy.com","La Republica Times","La Republica Times","","","Republica Dominicana","","Dominican Republic","","","","","","","","","","","","","","","","","","","","","","","","","","","","","","","","","","ns27.domaincontrol.com","ns28.domaincontrol.com","","","clientDeleteProhibited","clientRenewProhibited","clientTransferProhibited","clientUpdateProhibited"