"num","domain_name","query_time","create_date","update_date","expiry_date","domain_registrar_id","domain_registrar_name","domain_registrar_whois","domain_registrar_url","registrant_name","registrant_company","registrant_address","registrant_city","registrant_state","registrant_zip","registrant_country","registrant_email","registrant_phone","registrant_fax","administrative_name","administrative_company","administrative_address","administrative_city","administrative_state","administrative_zip","administrative_country","administrative_email","administrative_phone","administrative_fax","technical_name","technical_company","technical_address","technical_city","technical_state","technical_zip","technical_country","technical_email","technical_phone","technical_fax","billing_name","billing_company","billing_address","billing_city","billing_state","billing_zip","billing_country","billing_email","billing_phone","billing_fax","name_server_1","name_server_2","name_server_3","name_server_4","domain_status_1","domain_status_2","domain_status_3","domain_status_4"
"1","90mins.net","2019-12-03 18:30:10","2019-12-01","2019-12-01","2020-12-01","1636","Hostinger, UAB","whois.hostinger.com","http://www.hostinger.com","Geovanny Silva","Geovanny Silva","Cdla Roldos","Naranjito","Guayas","091803","Ecuador","geovannynach@gmail.com","+593.985337831","","Geovanny Silva","Geovanny Silva","Cdla Roldos","Naranjito","Guayas","091803","Ecuador","geovannynach@gmail.com","+593.985337831","","Geovanny Silva","Geovanny Silva","Cdla Roldos","Naranjito","Guayas","091803","Ecuador","geovannynach@gmail.com","+593.985337831","","","","","","","","","","","","ns1.dns-parking.com","ns2.dns-parking.com","","","clientTransferProhibited","","",""
"2","agenciaimpulsa.com","2019-12-03 14:49:33","2019-12-02","2019-12-02","2020-12-02","146","GoDaddy.com, LLC","whois.godaddy.com","http://registrar.godaddy.com","Agencia de Publicidad Impulsa","Agencia de Publicidad Impulsa","","","01","","Ecuador","","","","","","","","","","","","","","","","","","","","","","","","","","","","","","","","","","ns21.domaincontrol.com","ns22.domaincontrol.com","","","clientDeleteProhibited","clientRenewProhibited","clientTransferProhibited","clientUpdateProhibited"
"3","alejandrohidalgo.net","2019-12-03 17:25:49","2019-12-01","2019-12-01","2020-12-01","3817","Wix.com Ltd.","","","Alejandro Hidalgo","Alejandro Hidalgo","Machala N55-87 y Carlos V","Quito","","170511","Ecuador","alejandrohidalgo.net@wix-domains.com","+1.4159496022","","Alejandro Hidalgo","Alejandro Hidalgo","Machala N55-87 y Carlos V","Quito","","170511","Ecuador","alefausmusic@gmail.com","+593.994388789","","Alejandro Hidalgo","Alejandro Hidalgo","Machala N55-87 y Carlos V","Quito","","170511","Ecuador","alefausmusic@gmail.com","+593.994388789","","","","","","","","","","","","ns8.wixdns.net","ns9.wixdns.net","","","clientTransferProhibited","clientUpdateProhibited","",""
"4","allpastreaming.com","2019-12-03 15:58:07","2019-12-02","2019-12-02","2020-12-02","379","Arsys Internet, S.L. dba NICLINE.COM","whois.nicline.com","http://www.nicline.com","REDACTED FOR PRIVACY","","REDACTED FOR PRIVACY","REDACTED FOR PRIVACY","SIN PROVINCIA","REDACTED FOR PRIVACY","Ecuador","whoiscontact@domainconnection.info","REDACTED FOR PRIVACY","REDACTED FOR PRIVACY","REDACTED FOR PRIVACY","REDACTED FOR PRIVACY","REDACTED FOR PRIVACY","REDACTED FOR PRIVACY","REDACTED FOR PRIVACY","REDACTED FOR PRIVACY","REDACTED FOR PRIVACY","whoiscontact@domainconnection.info","REDACTED FOR PRIVACY","REDACTED FOR PRIVACY","REDACTED FOR PRIVACY","REDACTED FOR PRIVACY","REDACTED FOR PRIVACY","REDACTED FOR PRIVACY","REDACTED FOR PRIVACY","REDACTED FOR PRIVACY","REDACTED FOR PRIVACY","whoiscontact@domainconnection.info","REDACTED FOR PRIVACY","REDACTED FOR PRIVACY","","","","","","","","","","","ns-cloud-e1.googledomains.com","ns-cloud-e2.googledomains.com","ns-cloud-e3.googledomains.com","ns-cloud-e4.googledomains.com","addPeriod","clientTransferProhibited","",""
"5","andreautreras.com","2019-12-03 14:48:40","2019-12-01","2019-12-01","2020-12-01","146","GoDaddy.com, LLC","whois.godaddy.com","http://registrar.godaddy.com","Omnilife","Omnilife","","","Pichincha","","Ecuador","","","","","","","","","","","","","","","","","","","","","","","","","","","","","","","","","","ns12.wixdns.net","ns13.wixdns.net","","","clientDeleteProhibited","clientRenewProhibited","clientTransferProhibited","clientUpdateProhibited"
"6","asoinma.com","2019-12-03 15:52:30","2019-12-02","2019-12-02","2020-12-02","146","GoDaddy.com, LLC","whois.godaddy.com","http://registrar.godaddy.com","","","","","Loja","","Ecuador","","","","","","","","","","","","","","","","","","","","","","","","","","","","","","","","","","dns1.namecheaphosting.com","dns2.namecheaphosting.com","","","clientDeleteProhibited","clientRenewProhibited","clientTransferProhibited","clientUpdateProhibited"
"7","biosalutem.com","2019-12-03 15:20:04","2019-12-01","2019-12-01","2020-12-01","1636","Hostinger, UAB","whois.hostinger.com","http://www.hostinger.com","Cristian Echeverria","Cristian Echeverria","Ricardo Sanchez 21-24 Y Juan De La Roca, 21-24","Ibarra","Imbabura","100101","Ecuador","cristianjecheverria@gmail.com","+593.984284355","","Cristian Echeverria","Cristian Echeverria","Ricardo Sanchez 21-24 Y Juan De La Roca, 21-24","Ibarra","Imbabura","100101","Ecuador","cristianjecheverria@gmail.com","+593.984284355","","Cristian Echeverria","Cristian Echeverria","Ricardo Sanchez 21-24 Y Juan De La Roca, 21-24","Ibarra","Imbabura","100101","Ecuador","cristianjecheverria@gmail.com","+593.984284355","","","","","","","","","","","","ns1.hosting24.com","ns2.hosting24.com","","","clientTransferProhibited","","",""
"8","blackshope.com","2019-12-03 16:46:17","2019-12-02","2019-12-02","2020-12-02","69","Tucows Domains Inc.","whois.tucows.com","http://domainhelp.opensrs.net","REDACTED FOR PRIVACY","REDACTED FOR PRIVACY","REDACTED FOR PRIVACY","REDACTED FOR PRIVACY","XX","REDACTED FOR PRIVACY","Ecuador","","REDACTED FOR PRIVACY","REDACTED FOR PRIVACY","REDACTED FOR PRIVACY","REDACTED FOR PRIVACY","REDACTED FOR PRIVACY","REDACTED FOR PRIVACY","REDACTED FOR PRIVACY","REDACTED FOR PRIVACY","REDACTED FOR PRIVACY","","REDACTED FOR PRIVACY","REDACTED FOR PRIVACY","REDACTED FOR PRIVACY","REDACTED FOR PRIVACY","REDACTED FOR PRIVACY","REDACTED FOR PRIVACY","REDACTED FOR PRIVACY","REDACTED FOR PRIVACY","REDACTED FOR PRIVACY","","REDACTED FOR PRIVACY","REDACTED FOR PRIVACY","","","","","","","","","","","ns1.gnld1006.siteground.eu","ns2.gnld1006.siteground.eu","","","clientTransferProhibited","clientUpdateProhibited","",""
"9","capacitadormaster.com","2019-12-03 15:53:24","2019-12-01","2019-12-01","2020-12-01","146","GoDaddy.com, LLC","whois.godaddy.com","http://registrar.godaddy.com","","","","","Pichincha","","Ecuador","","","","","","","","","","","","","","","","","","","","","","","","","","","","","","","","","","ns27.domaincontrol.com","ns28.domaincontrol.com","","","clientDeleteProhibited","clientRenewProhibited","clientTransferProhibited","clientUpdateProhibited"
"10","capacitax.com","2019-12-03 17:52:37","2019-12-01","2019-12-01","2020-12-01","146","GoDaddy.com, LLC","whois.godaddy.com","http://registrar.godaddy.com","","","","","Pichincha","","Ecuador","","","","","","","","","","","","","","","","","","","","","","","","","","","","","","","","","","ns1.dns-parking.com","ns2.dns-parking.com","","","clientDeleteProhibited","clientRenewProhibited","clientTransferProhibited","clientUpdateProhibited"
"11","clicxmarketing.com","2019-12-03 17:25:25","2019-12-01","2019-12-01","2020-12-01","146","GoDaddy.com, LLC","whois.godaddy.com","http://registrar.godaddy.com","","","","","Pichincha","","Ecuador","","","","","","","","","","","","","","","","","","","","","","","","","","","","","","","","","","darwin.ns.cloudflare.com","karsyn.ns.cloudflare.com","","","clientDeleteProhibited","clientRenewProhibited","clientTransferProhibited","clientUpdateProhibited"
"12","clinicaveterinariamontesion.com","2019-12-03 17:52:25","2019-12-01","2019-12-01","2020-12-01","69","Tucows Domains Inc.","whois.tucows.com","http://domainhelp.opensrs.net","REDACTED FOR PRIVACY","REDACTED FOR PRIVACY","REDACTED FOR PRIVACY","REDACTED FOR PRIVACY","XX","REDACTED FOR PRIVACY","Ecuador","","REDACTED FOR PRIVACY","REDACTED FOR PRIVACY","REDACTED FOR PRIVACY","REDACTED FOR PRIVACY","REDACTED FOR PRIVACY","REDACTED FOR PRIVACY","REDACTED FOR PRIVACY","REDACTED FOR PRIVACY","REDACTED FOR PRIVACY","","REDACTED FOR PRIVACY","REDACTED FOR PRIVACY","REDACTED FOR PRIVACY","REDACTED FOR PRIVACY","REDACTED FOR PRIVACY","REDACTED FOR PRIVACY","REDACTED FOR PRIVACY","REDACTED FOR PRIVACY","REDACTED FOR PRIVACY","","REDACTED FOR PRIVACY","REDACTED FOR PRIVACY","","","","","","","","","","","ns1.usm70.siteground.biz","ns2.usm70.siteground.biz","","","clientTransferProhibited","clientUpdateProhibited","",""
"13","cocling.com","2019-12-03 17:14:46","2019-12-01","2019-12-01","2020-12-01","146","GoDaddy.com, LLC","whois.godaddy.com","http://registrar.godaddy.com","","","","","Guayas","","Ecuador","","","","","","","","","","","","","","","","","","","","","","","","","","","","","","","","","","ns27.domaincontrol.com","ns28.domaincontrol.com","","","clientDeleteProhibited","clientRenewProhibited","clientTransferProhibited","clientUpdateProhibited"
"14","coides.com","2019-12-03 16:19:05","2019-12-01","2019-12-01","2020-12-01","955","Launchpad, Inc.","whois.launchpad.com","http://www.launchpad.com","Edison Andres Alquinga Salazar","None","Raymundo Salazar Oe9-24","Quito","P","170608","Ecuador","andyal01@hotmail.com","+593.995234928","","Edison Andres Alquinga Salazar","None","Raymundo Salazar Oe9-24","Quito","P","170608","Ecuador","andyal01@hotmail.com","+593.995234928","","Edison Andres Alquinga Salazar","None","Raymundo Salazar Oe9-24","Quito","P","170608","Ecuador","andyal01@hotmail.com","+593.995234928","","","","","","","","","","","","ns8061.hostgator.com","ns8062.hostgator.com","","","clientTransferProhibited","","",""
"15","conferencistamaster.com","2019-12-03 17:20:32","2019-12-01","2019-12-01","2020-12-01","146","GoDaddy.com, LLC","whois.godaddy.com","http://registrar.godaddy.com","","","","","Pichincha","","Ecuador","","","","","","","","","","","","","","","","","","","","","","","","","","","","","","","","","","ns27.domaincontrol.com","ns28.domaincontrol.com","","","clientDeleteProhibited","clientRenewProhibited","clientTransferProhibited","clientUpdateProhibited"
"16","consultasysolucionesjuridicas.com","2019-12-03 14:47:06","2019-12-02","2019-12-02","2020-12-02","955","Launchpad, Inc.","whois.launchpad.com","http://www.launchpad.com","Jose Ernesto","None","la vicentina","Quito","P","170109","Ecuador","ferchando10121994@hotmail.com","+593.939705608","","Jose Ernesto","None","la vicentina","Quito","P","170109","Ecuador","ferchando10121994@hotmail.com","+593.939705608","","Jose Ernesto","None","la vicentina","Quito","P","170109","Ecuador","ferchando10121994@hotmail.com","+593.939705608","","","","","","","","","","","","ns3703.hostgator.com","ns3704.hostgator.com","","","clientTransferProhibited","","",""
"17","consultaxegal.com","2019-12-03 18:42:40","2019-12-02","2019-12-02","2020-12-02","2","Network Solutions, LLC","whois.networksolutions.com","http://networksolutions.com","CONSULTORES TAX & LEGAL","CONSULTORES TAX & LEGAL","CORDOVA 812 Y VICTOR MANUEL RENDON","GUAYAQUIL","GUAYAS","","Ecuador","dfaguillon@hotmail.com","+593.984633473","","CONSULTORES TAX & LEGAL","CONSULTORES TAX & LEGAL","CORDOVA 812 Y VICTOR MANUEL RENDON","GUAYAQUIL","GUAYAS","","Ecuador","dfaguillon@hotmail.com","+593.984633473","","CONSULTORES TAX & LEGAL","CONSULTORES TAX & LEGAL","CORDOVA 812 Y VICTOR MANUEL RENDON","GUAYAQUIL","GUAYAS","","Ecuador","dfaguillon@hotmail.com","+593.984633473","","","","","","","","","","","","ns87.worldnic.com","ns88.worldnic.com","","","clientTransferProhibited","","",""
"18","consultributa.com","2019-12-03 14:59:52","2019-12-01","2019-12-01","2020-12-01","886","Domain.com, LLC","whois.domain.com","http://www.domain.com","REDACTED FOR PRIVACY","REDACTED FOR PRIVACY","REDACTED FOR PRIVACY","REDACTED FOR PRIVACY","NA","REDACTED FOR PRIVACY","Ecuador","","REDACTED FOR PRIVACY","REDACTED FOR PRIVACY","REDACTED FOR PRIVACY","REDACTED FOR PRIVACY","REDACTED FOR PRIVACY","REDACTED FOR PRIVACY","REDACTED FOR PRIVACY","REDACTED FOR PRIVACY","REDACTED FOR PRIVACY","","REDACTED FOR PRIVACY","REDACTED FOR PRIVACY","REDACTED FOR PRIVACY","REDACTED FOR PRIVACY","REDACTED FOR PRIVACY","REDACTED FOR PRIVACY","REDACTED FOR PRIVACY","REDACTED FOR PRIVACY","REDACTED FOR PRIVACY","","REDACTED FOR PRIVACY","REDACTED FOR PRIVACY","","","","","","","","","","","ns1.domain.com","ns2.domain.com","","","OK","","",""
"19","consultriibuta.com","2019-12-03 18:50:22","2019-12-01","2019-12-01","2020-12-01","146","GoDaddy.com, LLC","whois.godaddy.com","http://registrar.godaddy.com","CONSULTRIBUTA","CONSULTRIBUTA","","","Guayas","","Ecuador","","","","","","","","","","","","","","","","","","","","","","","","","","","","","","","","","","ns27.domaincontrol.com","ns28.domaincontrol.com","","","clientDeleteProhibited","clientRenewProhibited","clientTransferProhibited","clientUpdateProhibited"
"20","coop15abrilfin.com","2019-12-03 16:34:22","2019-12-02","2019-12-02","2020-12-02","146","GoDaddy.com, LLC","whois.godaddy.com","http://registrar.godaddy.com","","","","","08","","Ecuador","","","","","","","","","","","","","","","","","","","","","","","","","","","","","","","","","","ns27.domaincontrol.com","ns28.domaincontrol.com","","","clientDeleteProhibited","clientRenewProhibited","clientTransferProhibited","clientUpdateProhibited"
"21","ebm-cloudstorage.com","2019-12-03 15:43:27","2019-12-02","2019-12-02","2020-12-02","1636","Hostinger, UAB","whois.hostinger.com","http://www.hostinger.com","Ramiro Barrera","Ramiro Barrera","Urb. Marisol, calle 10 N68-83 y Francisco Dalmau, dpto. 101","Quito","Pichincha","170144","Ecuador","ecuadatarecovery@hotmail.com","+593.998956417","","Ramiro Barrera","Ramiro Barrera","Urb. Marisol, calle 10 N68-83 y Francisco Dalmau, dpto. 101","Quito","Pichincha","170144","Ecuador","ecuadatarecovery@hotmail.com","+593.998956417","","Ramiro Barrera","Ramiro Barrera","Urb. Marisol, calle 10 N68-83 y Francisco Dalmau, dpto. 101","Quito","Pichincha","170144","Ecuador","ecuadatarecovery@hotmail.com","+593.998956417","","","","","","","","","","","","ns1.dns-parking.com","ns2.dns-parking.com","","","clientTransferProhibited","","",""
"22","empresasbyb.com","2019-12-03 18:36:04","2019-12-02","2019-12-02","2020-12-02","303","PDR Ltd. d/b/a PublicDomainRegistry.com","whois.publicdomainregistry.com","http://www.publicdomainregistry.com","Angelica  Barreno","B&B Consulting","Ponciano","Quito","Pichincha","110108","Ecuador","angie_barreno_c@hotmail.com","+593.3464871","","Angelica  Barreno","B&B Consulting","Ponciano","Quito","Pichincha","110108","Ecuador","angie_barreno_c@hotmail.com","+593.3464871","","Angelica  Barreno","B&B Consulting","Ponciano","Quito","Pichincha","110108","Ecuador","angie_barreno_c@hotmail.com","+593.3464871","","","","","","","","","","","","nsn1.nodored.com","nsn2.nodored.com","","","clientTransferProhibited","","",""
"23","enteohope.com","2019-12-03 16:38:19","2019-12-01","2019-12-01","2020-12-01","106","Ascio Technologies, Inc. Danmark - Filial af Ascio technologies, Inc. USA","whois.ascio.com","http://www.ascio.com","Not Disclosed","Not Disclosed","Not Disclosed","Not Disclosed","","Not Disclosed","Ecuador","","Not Disclosed","Not Disclosed","Not Disclosed","Not Disclosed","Not Disclosed","Not Disclosed","Not Disclosed","Not Disclosed","Not Disclosed","","Not Disclosed","Not Disclosed","Not Disclosed","Not Disclosed","Not Disclosed","Not Disclosed","Not Disclosed","Not Disclosed","Not Disclosed","","Not Disclosed","Not Disclosed","","","","","","","","","","","dns1.123hjemmeside.dk","dns2.123hjemmeside.dk","dns3.123hjemmeside.dk","","OK","","",""
"24","ergosaludec.com","2019-12-03 15:47:32","2019-12-02","2019-12-02","2020-12-02","303","PDR Ltd. d/b/a PublicDomainRegistry.com","whois.publicdomainregistry.com","http://www.publicdomainregistry.com","Marcelo Jonathan Ortiz Suarez","ERGOS","ROCAFUERTE 4 Y Y C JUAN MONTALVO","Ibarra","Imbabura","000000","Ecuador","marceloortizjr@gmail.com","+593.0998860646","","Marcelo Jonathan Ortiz Suarez","ERGOS","ROCAFUERTE 4 Y Y C JUAN MONTALVO","Ibarra","Imbabura","000000","Ecuador","marceloortizjr@gmail.com","+593.0998860646","","Marcelo Jonathan Ortiz Suarez","ERGOS","ROCAFUERTE 4 Y Y C JUAN MONTALVO","Ibarra","Imbabura","000000","Ecuador","marceloortizjr@gmail.com","+593.0998860646","","","","","","","","","","","","ns1.hostingensantodomingo.com","ns2.hostingensantodomingo.com","","","clientTransferProhibited","","",""
"25","escolarity.com","2019-12-03 19:12:25","2019-12-02","2019-12-02","2020-12-02","440","Wild West Domains, LLC","whois.wildwestdomains.com","http://www.wildwestdomains.com","","","","","Pichincha","","Ecuador","","","","","","","","","","","","","","","","","","","","","","","","","","","","","","","","","","ns27.domaincontrol.com","ns28.domaincontrol.com","","","clientDeleteProhibited","clientRenewProhibited","clientTransferProhibited","clientUpdateProhibited"
"26","escuelasagradocorazon.com","2019-12-03 14:31:33","2019-12-02","2019-12-02","2020-12-02","3817","Wix.com Ltd.","","","Juan Segundo Zumba Sigua","Juan Segundo Zumba Sijua","Panamerica sur","Cueca","","010107","Ecuador","escuelasagradocorazon.com@wix-domains.com","+1.4159496022","","Juan Segundo Zumba Sigua","Juan Segundo Zumba Sijua","Panamerica Sur","Cuenca","","010107","Ecuador","zumbasiguajuan@gmail.com","+593.939341863","","Juan Segundo Zumba Sigua","Juan Segundo Zumba Sigua","Panamerica Sur","Cueca","","010107","Ecuador","zumbasiguajuan@gmail.com","+593.939341863","","","","","","","","","","","","ns0.wixdns.net","ns1.wixdns.net","","","clientTransferProhibited","clientUpdateProhibited","",""
"27","fabricamisetas.com","2019-12-03 17:52:03","2019-12-02","2019-12-02","2020-12-02","146","GoDaddy.com, LLC","whois.godaddy.com","http://registrar.godaddy.com","","","","","Pichincha","","Ecuador","","","","","","","","","","","","","","","","","","","","","","","","","","","","","","","","","","ns27.domaincontrol.com","ns28.domaincontrol.com","","","clientDeleteProhibited","clientRenewProhibited","clientTransferProhibited","clientUpdateProhibited"
"28","factymovil.com","2019-12-03 18:46:16","2019-12-02","2019-12-02","2020-12-02","146","GoDaddy.com, LLC","whois.godaddy.com","http://registrar.godaddy.com","","","","","tsachila","","Ecuador","","","","","","","","","","","","","","","","","","","","","","","","","","","","","","","","","","ns21.domaincontrol.com","ns22.domaincontrol.com","","","clientDeleteProhibited","clientRenewProhibited","clientTransferProhibited","clientUpdateProhibited"
"29","furiagym.com","2019-12-03 15:50:24","2019-12-02","2019-12-02","2020-12-02","955","Launchpad, Inc.","whois.launchpad.com","http://www.launchpad.com","Diego Andres Araujo Vanegas","None","Sabanilla y real audiencia","Quito","P","170120","Ecuador","diego_adres@hotmail.com","+593.999159749","","Diego Andres Araujo Vanegas","None","Sabanilla y real audiencia","Quito","P","170120","Ecuador","diego_adres@hotmail.com","+593.999159749","","Diego Andres Araujo Vanegas","None","Sabanilla y real audiencia","Quito","P","170120","Ecuador","diego_adres@hotmail.com","+593.999159749","","","","","","","","","","","","ns8225.hostgator.com","ns8226.hostgator.com","","","clientTransferProhibited","","",""
"30","hotelrionapo.com","2019-12-03 15:07:34","2019-12-02","2019-12-02","2020-12-02","379","Arsys Internet, S.L. dba NICLINE.COM","whois.nicline.com","http://www.nicline.com","REDACTED FOR PRIVACY","Offsetec S.A.","REDACTED FOR PRIVACY","REDACTED FOR PRIVACY","Pichincha","REDACTED FOR PRIVACY","Ecuador","whoiscontact@domainconnection.info","REDACTED FOR PRIVACY","REDACTED FOR PRIVACY","REDACTED FOR PRIVACY","REDACTED FOR PRIVACY","REDACTED FOR PRIVACY","REDACTED FOR PRIVACY","REDACTED FOR PRIVACY","REDACTED FOR PRIVACY","REDACTED FOR PRIVACY","whoiscontact@domainconnection.info","REDACTED FOR PRIVACY","REDACTED FOR PRIVACY","REDACTED FOR PRIVACY","REDACTED FOR PRIVACY","REDACTED FOR PRIVACY","REDACTED FOR PRIVACY","REDACTED FOR PRIVACY","REDACTED FOR PRIVACY","REDACTED FOR PRIVACY","whoiscontact@domainconnection.info","REDACTED FOR PRIVACY","REDACTED FOR PRIVACY","","","","","","","","","","","dns1.serv596036.servidoresdns.net","dns2.serv596036.servidoresdns.net","","","addPeriod","clientTransferProhibited","",""
"31","inmovivir.com","2019-12-03 16:49:29","2019-12-02","2019-12-02","2021-12-02","146","GoDaddy.com, LLC","whois.godaddy.com","http://registrar.godaddy.com","","","","","01","","Ecuador","","","","","","","","","","","","","","","","","","","","","","","","","","","","","","","","","","ns27.domaincontrol.com","ns28.domaincontrol.com","","","clientDeleteProhibited","clientRenewProhibited","clientTransferProhibited","clientUpdateProhibited"
"32","jovaconsult.com","2019-12-03 17:55:38","2019-12-02","2019-12-02","2020-12-02","303","PDR Ltd. d/b/a PublicDomainRegistry.com","whois.publicdomainregistry.com","http://www.publicdomainregistry.com","Jose Orlando Vaca Aguirre","JOVA CONSULTORES","Juan Procel OE7-133 y Rio Peripa Mena del Hierro - El Condado","Quito","Pichincha","170134","Ecuador","orlandovacaa@gmail.com","+593.969033443","","Jose Orlando Vaca Aguirre","JOVA CONSULTORES","Juan Procel OE7-133 y Rio Peripa Mena del Hierro - El Condado","Quito","Pichincha","170134","Ecuador","orlandovacaa@gmail.com","+593.969033443","","Jose Orlando Vaca Aguirre","JOVA CONSULTORES","Juan Procel OE7-133 y Rio Peripa Mena del Hierro - El Condado","Quito","Pichincha","170134","Ecuador","orlandovacaa@gmail.com","+593.969033443","","","","","","","","","","","","ns5.ecuahosting.net","ns6.ecuahosting.net","","","clientTransferProhibited","","",""
"33","kj-graphics.com","2019-12-03 14:56:37","2019-12-02","2019-12-02","2020-12-02","146","GoDaddy.com, LLC","whois.godaddy.com","http://registrar.godaddy.com","","","","","01","","Ecuador","","","","","","","","","","","","","","","","","","","","","","","","","","","","","","","","","","ns1.smartdksystems.com","ns2.smartdksystems.com","","","clientDeleteProhibited","clientRenewProhibited","clientTransferProhibited","clientUpdateProhibited"
"34","latineandobellezas.com","2019-12-03 15:38:38","2019-12-01","2019-12-01","2020-12-01","146","GoDaddy.com, LLC","whois.godaddy.com","http://registrar.godaddy.com","Vega Business Factory","Vega Business Factory","","","MANABI","","Ecuador","","","","","","","","","","","","","","","","","","","","","","","","","","","","","","","","","","pdns09.domaincontrol.com","pdns10.domaincontrol.com","","","clientDeleteProhibited","clientRenewProhibited","clientTransferProhibited","clientUpdateProhibited"
"35","lubricadorasisaias.com","2019-12-03 14:25:44","2019-12-01","2019-12-01","2020-12-01","625","Name.com, Inc.","whois.name.com","http://www.name.com","Walter Chavez","EcuatorianaWeb","Los Rios 609 y 1? de mayo","Guayaquil","Guayas","s-n","Ecuador","info@ecuatorianaweb.com","+593.2392145","","Walter Chavez","EcuatorianaWeb","Los Rios 609 y 1? de mayo","Guayaquil","Guayas","s-n","Ecuador","info@ecuatorianaweb.com","+593.2392145","","Walter Chavez","EcuatorianaWeb","Los Rios 609 y 1? de mayo","Guayaquil","Guayas","s-n","Ecuador","info@ecuatorianaweb.com","+593.2392145","","","","","","","","","","","","ns19.ch-dns.net","ns20.ch-dns.net","","","addPeriod","clientTransferProhibited","",""
"36","manualdemibebe.com","2019-12-03 15:13:52","2019-12-02","2019-12-02","2020-12-02","1005","NetEarth One Inc. d/b/a NetEarth","whois.advancedregistrar.com","http://www.netearthone.com","andre quezada","","la 9na calle G","Guayas","guayaquil","EC090101","Ecuador","ayk1918@hotmail.com","+593.996173257","","andre quezada","","la 9na calle G","Guayas","guayaquil","EC090101","Ecuador","ayk1918@hotmail.com","+593.996173257","","andre quezada","","la 9na calle G","Guayas","guayaquil","EC090101","Ecuador","ayk1918@hotmail.com","+593.996173257","","","","","","","","","","","","ns4938.banahosting.com","ns4939.banahosting.com","","","clientTransferProhibited","","",""
"37","marxiadvisors.com","2019-12-03 18:27:23","2019-12-02","2019-12-02","2020-12-02","146","GoDaddy.com, LLC","whois.godaddy.com","http://registrar.godaddy.com","","","","","MP","","Ecuador","","","","","","","","","","","","","","","","","","","","","","","","","","","","","","","","","","ns705.websitewelcome.com","ns706.websitewelcome.com","","","clientDeleteProhibited","clientRenewProhibited","clientTransferProhibited","clientUpdateProhibited"
"38","mont-real.com","2019-12-03 18:46:41","2019-12-02","2019-12-02","2020-12-02","379","Arsys Internet, S.L. dba NICLINE.COM","whois.nicline.com","http://www.nicline.com","REDACTED FOR PRIVACY","","REDACTED FOR PRIVACY","REDACTED FOR PRIVACY","SIN PROVINCIA","REDACTED FOR PRIVACY","Ecuador","whoiscontact@domainconnection.info","REDACTED FOR PRIVACY","REDACTED FOR PRIVACY","REDACTED FOR PRIVACY","REDACTED FOR PRIVACY","REDACTED FOR PRIVACY","REDACTED FOR PRIVACY","REDACTED FOR PRIVACY","REDACTED FOR PRIVACY","REDACTED FOR PRIVACY","whoiscontact@domainconnection.info","REDACTED FOR PRIVACY","REDACTED FOR PRIVACY","REDACTED FOR PRIVACY","REDACTED FOR PRIVACY","REDACTED FOR PRIVACY","REDACTED FOR PRIVACY","REDACTED FOR PRIVACY","REDACTED FOR PRIVACY","REDACTED FOR PRIVACY","whoiscontact@domainconnection.info","REDACTED FOR PRIVACY","REDACTED FOR PRIVACY","","","","","","","","","","","dns3.atreshost.com","dns4.atreshost.com","","","addPeriod","clientTransferProhibited","",""
"39","muebleriasam.com","2019-12-03 19:11:10","2019-12-02","2019-12-02","2020-12-02","146","GoDaddy.com, LLC","whois.godaddy.com","http://registrar.godaddy.com","","","","","Pichincha","","Ecuador","","","","","","","","","","","","","","","","","","","","","","","","","","","","","","","","","","ns27.domaincontrol.com","ns28.domaincontrol.com","","","OK","","",""
"40","myveganbakeryec.com","2019-12-03 17:20:35","2019-12-02","2019-12-02","2020-12-02","146","GoDaddy.com, LLC","whois.godaddy.com","http://registrar.godaddy.com","My vegan bakery","My vegan bakery","","","Guayas","","Ecuador","","","","","","","","","","","","","","","","","","","","","","","","","","","","","","","","","","ns6.wixdns.net","ns7.wixdns.net","","","clientDeleteProhibited","clientRenewProhibited","clientTransferProhibited","clientUpdateProhibited"
"41","nanoboxenvios.com","2019-12-03 17:07:31","2019-12-02","2019-12-02","2020-12-02","146","GoDaddy.com, LLC","whois.godaddy.com","http://registrar.godaddy.com","","","","","Pichincha","","Ecuador","","","","","","","","","","","","","","","","","","","","","","","","","","","","","","","","","","ns27.domaincontrol.com","ns28.domaincontrol.com","","","clientDeleteProhibited","clientRenewProhibited","clientTransferProhibited","clientUpdateProhibited"
"42","quistnort.com","2019-12-03 18:27:23","2019-12-02","2019-12-02","2020-12-02","93","GKG.NET, INC.","whois.gkg.net","http://www.gkg.net","DKBYTE S.A.","DKBYTE S.A.","","","Guayas","","Ecuador","","","","","","","","","","","","","","","","","","","","","","","","","","","","","","","","","","ns1.hostingecuador.net","ns2.hostingecuador.net","","","clientTransferProhibited","","",""
"43","raceamericatv.com","2019-12-03 18:34:14","2019-12-02","2019-12-02","2020-12-02","140","Acens Technologies, S.L.U.","whois.ascio.com","http://www.ascio.com","Adrian Gonzalez","Adrian Gonzalez","","","PICHINCHA","","Ecuador","","","","","","","","","","","","","","","","","","","","","","","","","","","","","","","","","","ns10.servicio-online.net","ns11.servicio-online.net","ns12.servicio-online.net","","OK","","",""
"44","saradefaznoriega.com","2019-12-03 18:00:06","2019-12-02","2019-12-02","2020-12-02","3817","Wix.com Ltd.","","","Sara Defaz Noriega","Sara Defaz Noriega","Samanes 5 Mz. 930 Villa 2G","guayaquil","","090509","Ecuador","saradefaznoriega.com@wix-domains.com","+1.4159496022","","Sara Defaz Noriega","Sara Defaz Noriega","Samanes 5 Mz. 930 Villa 2G","guayaquil","","090509","Ecuador","scecibel1@hotmail.com","+593.991093185","","Sara Defaz Noriega","Sara Defaz Noriega","Samanes 5 Mz. 930 Villa 2G","guayaquil","","090509","Ecuador","scecibel1@hotmail.com","+593.991093185","","","","","","","","","","","","ns2.wixdns.net","ns3.wixdns.net","","","clientTransferProhibited","clientUpdateProhibited","",""
"45","scooterquito.com","2019-12-03 17:18:18","2019-12-01","2019-12-01","2020-12-01","146","GoDaddy.com, LLC","whois.godaddy.com","http://registrar.godaddy.com","","","","","Pichincha","","Ecuador","","","","","","","","","","","","","","","","","","","","","","","","","","","","","","","","","","ns27.domaincontrol.com","ns28.domaincontrol.com","","","clientDeleteProhibited","clientRenewProhibited","clientTransferProhibited","clientUpdateProhibited"
"46","secureserverhub.com","2019-12-03 18:09:22","2019-12-01","2019-12-01","2021-12-01","146","GoDaddy.com, LLC","whois.godaddy.com","http://registrar.godaddy.com","","","","","Guayas","","Ecuador","","","","","","","","","","","","","","","","","","","","","","","","","","","","","","","","","","ns1.mihosting.net","ns2.mihosting.net","","","clientDeleteProhibited","clientRenewProhibited","clientTransferProhibited","clientUpdateProhibited"
"47","servimapcons.com","2019-12-03 19:00:57","2019-12-01","2019-12-01","2020-12-01","146","GoDaddy.com, LLC","whois.godaddy.com","http://registrar.godaddy.com","","","","","01","","Ecuador","","","","","","","","","","","","","","","","","","","","","","","","","","","","","","","","","","ns27.domaincontrol.com","ns28.domaincontrol.com","","","clientDeleteProhibited","clientRenewProhibited","clientTransferProhibited","clientUpdateProhibited"
"48","sexerious.com","2019-12-03 17:01:24","2019-12-01","2019-12-01","2020-12-01","625","Name.com, Inc.","whois.name.com","http://www.name.com","Raul Ehlers","TodoLoQuePasa.com","Dalias 235 y Rosas , Club Los Chillos","Sangolqui","Pichincha","170501","Ecuador","raul.ehlers@gmail.com","+593.999239886","","Raul Ehlers","TodoLoQuePasa.com","Dalias 235 y Rosas , Club Los Chillos","Sangolqui","Pichincha","170501","Ecuador","raul.ehlers@gmail.com","+593.999239886","","Raul Ehlers","TodoLoQuePasa.com","Dalias 235 y Rosas , Club Los Chillos","Sangolqui","Pichincha","170501","Ecuador","raul.ehlers@gmail.com","+593.999239886","","","","","","","","","","","","ns1glr.name.com","ns2kqz.name.com","ns3cjl.name.com","ns4bty.name.com","addPeriod","clientTransferProhibited","",""
"49","slatcorp.com","2019-12-03 17:10:36","2019-12-01","2019-12-01","2020-12-01","1636","Hostinger, UAB","whois.hostinger.com","http://www.hostinger.com","Cristian Echeverria","Cristian Echeverria","Ricardo Sanchez 21-24 Y Juan De La Roca, 21-24","Ibarra","Imbabura","100101","Ecuador","cristianjecheverria@gmail.com","+593.984284355","","Cristian Echeverria","Cristian Echeverria","Ricardo Sanchez 21-24 Y Juan De La Roca, 21-24","Ibarra","Imbabura","100101","Ecuador","cristianjecheverria@gmail.com","+593.984284355","","Cristian Echeverria","Cristian Echeverria","Ricardo Sanchez 21-24 Y Juan De La Roca, 21-24","Ibarra","Imbabura","100101","Ecuador","cristianjecheverria@gmail.com","+593.984284355","","","","","","","","","","","","ns1.hosting24.com","ns2.hosting24.com","","","clientTransferProhibited","","",""
"50","solucionefacilitas.com","2019-12-03 17:40:44","2019-12-02","2019-12-02","2020-12-02","955","Launchpad, Inc.","whois.launchpad.com","http://www.launchpad.com","Stalin Intriago","None","Av. 10 de Agosto y Luis Mosquera Narvaez","Quito","P","170711","Ecuador","intriagostalin@gmail.com","+593.998798992","","Stalin Intriago","None","Av. 10 de Agosto y Luis Mosquera Narvaez","Quito","P","170711","Ecuador","intriagostalin@gmail.com","+593.998798992","","Stalin Intriago","None","Av. 10 de Agosto y Luis Mosquera Narvaez","Quito","P","170711","Ecuador","intriagostalin@gmail.com","+593.998798992","","","","","","","","","","","","ns8225.hostgator.com","ns8226.hostgator.com","","","clientTransferProhibited","","",""
"51","soyaudaz.com","2019-12-03 18:26:11","2019-12-02","2019-12-02","2020-12-02","146","GoDaddy.com, LLC","whois.godaddy.com","http://registrar.godaddy.com","","","","","Florida","","Ecuador","","","","","","","","","","","","","","","","","","","","","","","","","","","","","","","","","","ns27.domaincontrol.com","ns28.domaincontrol.com","","","clientDeleteProhibited","clientRenewProhibited","clientTransferProhibited","clientUpdateProhibited"
"52","terrawaylla.com","2019-12-03 17:59:22","2019-12-02","2019-12-02","2020-12-02","303","PDR Ltd. d/b/a PublicDomainRegistry.com","whois.publicdomainregistry.com","http://www.publicdomainregistry.com","Rene  Herrera","TerraWaylla","Francisco Pacheco y Sabanilla","Quito","Quito","110111","Ecuador","sumakawsay2@gmail.com","+593.984328823","","Rene  Herrera","TerraWaylla","Francisco Pacheco y Sabanilla","Quito","Quito","110111","Ecuador","sumakawsay2@gmail.com","+593.984328823","","Rene  Herrera","TerraWaylla","Francisco Pacheco y Sabanilla","Quito","Quito","110111","Ecuador","sumakawsay2@gmail.com","+593.984328823","","","","","","","","","","","","ns1.mihosting.net","ns2.mihosting.net","ns3.mihosting.net","","clientTransferProhibited","","",""