"num","domain_name","query_time","create_date","update_date","expiry_date","domain_registrar_id","domain_registrar_name","domain_registrar_whois","domain_registrar_url","registrant_name","registrant_company","registrant_address","registrant_city","registrant_state","registrant_zip","registrant_country","registrant_email","registrant_phone","registrant_fax","administrative_name","administrative_company","administrative_address","administrative_city","administrative_state","administrative_zip","administrative_country","administrative_email","administrative_phone","administrative_fax","technical_name","technical_company","technical_address","technical_city","technical_state","technical_zip","technical_country","technical_email","technical_phone","technical_fax","billing_name","billing_company","billing_address","billing_city","billing_state","billing_zip","billing_country","billing_email","billing_phone","billing_fax","name_server_1","name_server_2","name_server_3","name_server_4","domain_status_1","domain_status_2","domain_status_3","domain_status_4"
"1","10kspeedrun.com","2019-12-03 15:42:38","2019-12-01","2019-12-01","2020-12-01","48","eNom, Inc.","whois.enom.com","http://www.enom.com","REDACTED FOR PRIVACY","REDACTED FOR PRIVACY","REDACTED FOR PRIVACY","REDACTED FOR PRIVACY","REDACTED FOR PRIVACY","REDACTED FOR PRIVACY","Finland","","REDACTED FOR PRIVACY","REDACTED FOR PRIVACY","REDACTED FOR PRIVACY","REDACTED FOR PRIVACY","REDACTED FOR PRIVACY","REDACTED FOR PRIVACY","REDACTED FOR PRIVACY","REDACTED FOR PRIVACY","REDACTED FOR PRIVACY","","REDACTED FOR PRIVACY","REDACTED FOR PRIVACY","REDACTED FOR PRIVACY","REDACTED FOR PRIVACY","REDACTED FOR PRIVACY","REDACTED FOR PRIVACY","REDACTED FOR PRIVACY","REDACTED FOR PRIVACY","REDACTED FOR PRIVACY","","REDACTED FOR PRIVACY","REDACTED FOR PRIVACY","","","","","","","","","","","dns1.louhi.net","dns2.louhi.net","dns3.louhi.fi","","addPeriod","clientTransferProhibited","",""
"2","3dturku.net","2019-12-03 17:49:33","2019-12-02","2019-12-02","2020-12-02","48","eNom, Inc.","whois.enom.com","http://www.enom.com","REDACTED FOR PRIVACY","REDACTED FOR PRIVACY","REDACTED FOR PRIVACY","REDACTED FOR PRIVACY","Varsinais suomi","REDACTED FOR PRIVACY","Finland","","REDACTED FOR PRIVACY","REDACTED FOR PRIVACY","REDACTED FOR PRIVACY","REDACTED FOR PRIVACY","REDACTED FOR PRIVACY","REDACTED FOR PRIVACY","REDACTED FOR PRIVACY","REDACTED FOR PRIVACY","REDACTED FOR PRIVACY","","REDACTED FOR PRIVACY","REDACTED FOR PRIVACY","REDACTED FOR PRIVACY","REDACTED FOR PRIVACY","REDACTED FOR PRIVACY","REDACTED FOR PRIVACY","REDACTED FOR PRIVACY","REDACTED FOR PRIVACY","REDACTED FOR PRIVACY","","REDACTED FOR PRIVACY","REDACTED FOR PRIVACY","","","","","","","","","","","dns1.name-services.com","dns2.name-services.com","dns3.name-services.com","dns4.name-services.com","addPeriod","clientTransferProhibited","",""
"3","acdotule.com","2019-12-03 15:06:54","2019-12-02","2019-12-02","2020-12-02","468","Amazon Registrar, Inc.","whois.nic.ir","http://www.ait.com","acdotule Oy acdotule Oy","3089870-4 acdotule Oy","Kelatie 12 A 5","VANTAA","","01450","Finland","domainit@fonecta.com","+358.0504526130","","Fonecta Fonecta","Fonecta Media Oy","Joukahaisenkatu 1","Turku","","20520","Finland","domainit@fonecta.com","+358.20692999","","Fonecta Fonecta","Fonecta Media Oy","Joukahaisenkatu 1","Turku","","20520","Finland","domainit@fonecta.com","+358.20692999","","","","","","","","","","","","ns-1361.awsdns-42.org","ns-1814.awsdns-34.co.uk","ns-311.awsdns-38.com","ns-695.awsdns-22.net","addPeriod","ok","",""
"4","amarelia.net","2019-12-03 16:48:38","2019-12-02","2019-12-02","2020-12-02","3817","Wix.com Ltd.","","","Statutory Masking Enabled","Statutory Masking Enabled","Statutory Masking Enabled","Statutory Masking Enabled","18","Statutory Masking Enabled","Finland","amarelia.net@wix-domains.com","Statutory Masking Enabled","Statutory Masking Enabled","Statutory Masking Enabled","Statutory Masking Enabled","Statutory Masking Enabled","Statutory Masking Enabled","18","Statutory Masking Enabled","Finland","goodpointmedia@gmail.com","Statutory Masking Enabled","Statutory Masking Enabled","Statutory Masking Enabled","Statutory Masking Enabled","Statutory Masking Enabled","Statutory Masking Enabled","18","Statutory Masking Enabled","Finland","goodpointmedia@gmail.com","Statutory Masking Enabled","Statutory Masking Enabled","","","","","","","","","","","ns14.wixdns.net","ns15.wixdns.net","","","clientTransferProhibited","clientUpdateProhibited","",""
"5","amptronix.com","2019-12-03 17:44:22","2019-12-01","2019-12-02","2020-12-01","1479","Namesilo, LLC","whois.namesilo.com","http://www.namesilo.com","Viljami Ylonen","INTL Enterprises","Kustaankatu 8a A18","Helsinki","Uusimaa","00500","Finland","info@intlenterprises.com","+358.404107018","","Viljami Ylonen","INTL Enterprises","Kustaankatu 8a A18","Helsinki","Uusimaa","00500","Finland","info@intlenterprises.com","+358.404107018","","Viljami Ylonen","INTL Enterprises","Kustaankatu 8a A18","Helsinki","Uusimaa","00500","Finland","info@intlenterprises.com","+358.404107018","","","","","","","","","","","","ns1.dan.com","ns2.dan.com","","","clientTransferProhibited","","",""
"6","astleticapparel.com","2019-12-03 18:20:27","2019-12-02","2019-12-02","2020-12-02","146","GoDaddy.com, LLC","whois.godaddy.com","http://registrar.godaddy.com","","","","","Osterbotten","","Finland","","","","","","","","","","","","","","","","","","","","","","","","","","","","","","","","","","ns27.domaincontrol.com","ns28.domaincontrol.com","","","clientDeleteProhibited","clientRenewProhibited","clientTransferProhibited","clientUpdateProhibited"
"7","ats-unbiased.com","2019-12-03 14:15:39","2019-12-02","2019-12-02","2020-12-02","146","GoDaddy.com, LLC","whois.godaddy.com","http://registrar.godaddy.com","The Creativity Family Oy","The Creativity Family Oy","","","","","Finland","","","","","","","","","","","","","","","","","","","","","","","","","","","","","","","","","","pdns09.domaincontrol.com","pdns10.domaincontrol.com","","","clientDeleteProhibited","clientRenewProhibited","clientTransferProhibited","clientUpdateProhibited"
"8","bonusaurus.com","2019-12-03 19:03:35","2019-12-01","2019-12-01","2020-12-01","106","Ascio Technologies, Inc. Danmark - Filial af Ascio technologies, Inc. USA","whois.ascio.com","http://www.ascio.com","Not Disclosed","Not Disclosed","Not Disclosed","Not Disclosed","","Not Disclosed","Finland","","Not Disclosed","Not Disclosed","Not Disclosed","Not Disclosed","Not Disclosed","Not Disclosed","Not Disclosed","Not Disclosed","Not Disclosed","","Not Disclosed","Not Disclosed","Not Disclosed","Not Disclosed","Not Disclosed","Not Disclosed","Not Disclosed","Not Disclosed","Not Disclosed","","Not Disclosed","Not Disclosed","","","","","","","","","","","dns1.123hjemmeside.dk","dns2.123hjemmeside.dk","dns3.123hjemmeside.dk","","OK","","",""
"9","bravokado.com","2019-12-03 16:09:11","2019-12-02","2019-12-02","2020-12-02","113","CSL Computer Service Langenbach GmbH d/b/a joker.com","whois.joker.com","http://www.joker.com","","","","","","","Finland","","","","","","","","","","","","","","","","","","","","","","","","","","","","","","","","","","ns1.zoner.fi","ns2.zoner.fi","","","clientTransferProhibited","","",""
"10","bravokado.net","2019-12-03 14:29:57","2019-12-02","2019-12-02","2020-12-02","113","CSL Computer Service Langenbach GmbH d/b/a joker.com","whois.joker.com","http://www.joker.com","","","","","","","Finland","","","","","","","","","","","","","","","","","","","","","","","","","","","","","","","","","","ns1.zoner.fi","ns2.zoner.fi","","","clientTransferProhibited","","",""
"11","buildyourownsafari.com","2019-12-03 18:59:53","2019-12-02","2019-12-02","2020-12-02","3817","Wix.com Ltd.","","","Statutory Masking Enabled","Statutory Masking Enabled","Statutory Masking Enabled","Statutory Masking Enabled","18","Statutory Masking Enabled","Finland","buildyourownsafari.com@wix-domains.com","Statutory Masking Enabled","Statutory Masking Enabled","Statutory Masking Enabled","Statutory Masking Enabled","Statutory Masking Enabled","Statutory Masking Enabled","18","Statutory Masking Enabled","Finland","info@mytravelegend.com","Statutory Masking Enabled","Statutory Masking Enabled","Statutory Masking Enabled","Statutory Masking Enabled","Statutory Masking Enabled","Statutory Masking Enabled","18","Statutory Masking Enabled","Finland","info@mytravelegend.com","Statutory Masking Enabled","Statutory Masking Enabled","","","","","","","","","","","ns12.wixdns.net","ns13.wixdns.net","","","clientTransferProhibited","clientUpdateProhibited","",""
"12","carbonhole.com","2019-12-03 16:57:10","2019-12-02","2019-12-02","2020-12-02","113","CSL Computer Service Langenbach GmbH d/b/a joker.com","whois.joker.com","http://www.joker.com","","","","","","","Finland","","","","","","","","","","","","","","","","","","","","","","","","","","","","","","","","","","dns1.zoner.fi","dns2.zoner.fi","","","clientTransferProhibited","","",""
"13","carismacruise.com","2019-12-03 14:21:59","2019-12-02","2019-12-02","2020-12-02","113","CSL Computer Service Langenbach GmbH d/b/a joker.com","whois.joker.com","http://www.joker.com","Carisma Media Oy","Carisma Media Oy","","","","","Finland","","","","","","","","","","","","","","","","","","","","","","","","","","","","","","","","","","ns1.zoner.fi","ns2.zoner.fi","","","clientTransferProhibited","","",""
"14","cleversimulation.com","2019-12-03 18:40:34","2019-12-02","2019-12-02","2020-12-02","3817","Wix.com Ltd.","","","Statutory Masking Enabled","Statutory Masking Enabled","Statutory Masking Enabled","Statutory Masking Enabled","05","Statutory Masking Enabled","Finland","cleversimulation.com@wix-domains.com","Statutory Masking Enabled","Statutory Masking Enabled","Statutory Masking Enabled","Statutory Masking Enabled","Statutory Masking Enabled","Statutory Masking Enabled","05","Statutory Masking Enabled","Finland","kyosti.koskela@kamk.fi","Statutory Masking Enabled","Statutory Masking Enabled","Statutory Masking Enabled","Statutory Masking Enabled","Statutory Masking Enabled","Statutory Masking Enabled","05","Statutory Masking Enabled","Finland","kyosti.koskela@kamk.fi","Statutory Masking Enabled","Statutory Masking Enabled","","","","","","","","","","","ns4.wixdns.net","ns5.wixdns.net","","","clientTransferProhibited","clientUpdateProhibited","",""
"15","cloudified365.com","2019-12-03 15:39:27","2019-12-02","2019-12-02","2020-12-02","433","OVH sas","whois.ovh.com","http://www.ovh.com","","","","","","","Finland","htux36wrnr7lbunqks60@h.o-w-o.info","","","","","","","","","","gyo94n3015j5beon1bl9@p.o-w-o.info","","","","","","","","","","gyo94n3015j5beon1bl9@p.o-w-o.info","","","","","","","","","","","","","dns105.ovh.net","ns105.ovh.net","","","clientDeleteProhibited","clientTransferProhibited","",""
"16","crest.agency","2019-12-03 19:13:23","2019-12-02","2019-12-02","2020-12-02","1479","Namesilo, LLC","whois.namesilo.com","http://www.namesilo.com","REDACTED FOR PRIVACY","INTL Enterprises","REDACTED FOR PRIVACY","REDACTED FOR PRIVACY","Uusimaa","REDACTED FOR PRIVACY","Finland","","REDACTED FOR PRIVACY","REDACTED FOR PRIVACY","","","","","","","","","","","","","","","","","","","","","","","","","","","","","","","","","","","addPeriod","clientTransferProhibited","",""
"17","cybercardecals.com","2019-12-03 14:48:57","2019-12-01","2019-12-01","2020-12-01","1636","Hostinger, UAB","whois.hostinger.com","http://www.hostinger.com","GDPR Masked","GDPR Masked","GDPR Masked GDPR Masked GDPR Masked","GDPR Masked","Uusimaa","GDPR Masked","Finland","gdpr-masking@gdpr-masked.com","+GDPR Masked.GDPR Masked","+GDPR Masked.GDPR Masked","GDPR Masked","GDPR Masked","GDPR Masked GDPR Masked GDPR Masked","GDPR Masked","Uusimaa","GDPR Masked","Finland","gdpr-masking@gdpr-masked.com","+GDPR Masked.GDPR Masked","+GDPR Masked.GDPR Masked","GDPR Masked","GDPR Masked","GDPR Masked GDPR Masked GDPR Masked","GDPR Masked","Uusimaa","GDPR Masked","Finland","gdpr-masking@gdpr-masked.com","+GDPR Masked.GDPR Masked","+GDPR Masked.GDPR Masked","","","","","","","","","","","ns1.dns-parking.com","ns2.dns-parking.com","","","clientTransferProhibited","","",""
"18","debtprofile.com","2019-12-03 19:14:21","2019-12-02","2019-12-02","2022-12-02","146","GoDaddy.com, LLC","whois.godaddy.com","http://registrar.godaddy.com","","","","","","","Finland","","","","","","","","","","","","","","","","","","","","","","","","","","","","","","","","","","ns27.domaincontrol.com","ns28.domaincontrol.com","","","clientDeleteProhibited","clientRenewProhibited","clientTransferProhibited","clientUpdateProhibited"
"19","designnilsson.com","2019-12-03 14:17:01","2019-12-02","2019-12-02","2020-12-02","113","CSL Computer Service Langenbach GmbH d/b/a joker.com","whois.joker.com","http://www.joker.com","","","","","","","Finland","","","","","","","","","","","","","","","","","","","","","","","","","","","","","","","","","","ns1.zoner.fi","ns2.zoner.fi","","","clientTransferProhibited","","",""
"20","earthofliving.com","2019-12-03 18:50:56","2019-12-02","2019-12-02","2020-12-02","113","CSL Computer Service Langenbach GmbH d/b/a joker.com","whois.joker.com","http://www.joker.com","Elavien Maassa avoinyhtio","Elavien Maassa avoinyhtio","","","","","Finland","","","","","","","","","","","","","","","","","","","","","","","","","","","","","","","","","","ns1.zoner.fi","ns2.zoner.fi","","","clientTransferProhibited","","",""
"21","eerikahakkinen.com","2019-12-03 14:49:18","2019-12-02","2019-12-02","2020-12-02","113","CSL Computer Service Langenbach GmbH d/b/a joker.com","whois.joker.com","http://www.joker.com","","","","","","","Finland","","","","","","","","","","","","","","","","","","","","","","","","","","","","","","","","","","ns1.zoner.fi","ns2.zoner.fi","","","clientTransferProhibited","","",""
"22","equilet.com","2019-12-03 14:46:40","2019-12-01","2019-12-01","2020-12-01","146","GoDaddy.com, LLC","whois.godaddy.com","http://registrar.godaddy.com","","","","","Uusimaa","","Finland","","","","","","","","","","","","","","","","","","","","","","","","","","","","","","","","","","ns27.domaincontrol.com","ns28.domaincontrol.com","","","clientDeleteProhibited","clientRenewProhibited","clientTransferProhibited","clientUpdateProhibited"
"23","experiencevaluescore.com","2019-12-03 14:36:30","2019-12-02","","2020-12-02","839","Realtime Register B.V.","whois.yoursrs.com","http://www.realtimeregister.com","REDACTED FOR PRIVACY","REDACTED FOR PRIVACY","REDACTED FOR PRIVACY","REDACTED FOR PRIVACY","Varsinais-Suomi","REDACTED FOR PRIVACY","Finland","","REDACTED FOR PRIVACY","REDACTED FOR PRIVACY","REDACTED FOR PRIVACY","REDACTED FOR PRIVACY","REDACTED FOR PRIVACY","REDACTED FOR PRIVACY","REDACTED FOR PRIVACY","REDACTED FOR PRIVACY","REDACTED FOR PRIVACY","","REDACTED FOR PRIVACY","REDACTED FOR PRIVACY","REDACTED FOR PRIVACY","REDACTED FOR PRIVACY","REDACTED FOR PRIVACY","REDACTED FOR PRIVACY","REDACTED FOR PRIVACY","REDACTED FOR PRIVACY","REDACTED FOR PRIVACY","","REDACTED FOR PRIVACY","REDACTED FOR PRIVACY","","","","","","","","","","","ns1.konehuone.net","ns2.konehuone.net","","","OK","","",""
"24","fabler.net","2019-12-03 16:39:33","2019-12-02","2019-12-02","2020-12-02","113","CSL Computer Service Langenbach GmbH d/b/a joker.com","whois.joker.com","http://www.joker.com","Fabler Studios Oy","Fabler Studios Oy","","","","","Finland","","","","","","","","","","","","","","","","","","","","","","","","","","","","","","","","","","kevin.ns.cloudflare.com","macy.ns.cloudflare.com","","","clientTransferProhibited","","",""
"25","fdomtest4.net","2019-12-03 17:14:17","2019-12-02","2019-12-02","2020-12-02","106","Ascio Technologies, Inc. Danmark - Filial af Ascio technologies, Inc. USA","whois.ascio.com","http://www.ascio.com","Not Disclosed","Not Disclosed","Not Disclosed","Not Disclosed","","Not Disclosed","Finland","","Not Disclosed","Not Disclosed","Not Disclosed","Not Disclosed","Not Disclosed","Not Disclosed","Not Disclosed","Not Disclosed","Not Disclosed","","Not Disclosed","Not Disclosed","Not Disclosed","Not Disclosed","Not Disclosed","Not Disclosed","Not Disclosed","Not Disclosed","Not Disclosed","","Not Disclosed","Not Disclosed","","","","","","","","","","","ns-fi.elisa.net","ns-se.elisa.net","","","OK","","",""
"26","fenlandscomic.com","2019-12-03 17:28:15","2019-12-02","2019-12-02","2020-12-02","113","CSL Computer Service Langenbach GmbH d/b/a joker.com","whois.joker.com","http://www.joker.com","","","","","","","Finland","","","","","","","","","","","","","","","","","","","","","","","","","","","","","","","","","","ns1.zoner.fi","ns2.zoner.fi","","","clientTransferProhibited","","",""
"27","finn-rus.com","2019-12-03 18:32:44","2019-12-02","2019-12-02","2020-12-02","113","CSL Computer Service Langenbach GmbH d/b/a joker.com","whois.joker.com","http://www.joker.com","VTMED OY","VTMED OY","","","","","Finland","","","","","","","","","","","","","","","","","","","","","","","","","","","","","","","","","","aarav.ns.cloudflare.com","iris.ns.cloudflare.com","","","clientTransferProhibited","","",""
"28","flavosin.com","2019-12-03 17:48:48","2019-12-02","2019-12-02","2020-12-02","48","eNom, Inc.","whois.enom.com","http://www.enom.com","REDACTED FOR PRIVACY","REDACTED FOR PRIVACY","REDACTED FOR PRIVACY","REDACTED FOR PRIVACY","REDACTED FOR PRIVACY","REDACTED FOR PRIVACY","Finland","","REDACTED FOR PRIVACY","REDACTED FOR PRIVACY","REDACTED FOR PRIVACY","REDACTED FOR PRIVACY","REDACTED FOR PRIVACY","REDACTED FOR PRIVACY","REDACTED FOR PRIVACY","REDACTED FOR PRIVACY","REDACTED FOR PRIVACY","","REDACTED FOR PRIVACY","REDACTED FOR PRIVACY","REDACTED FOR PRIVACY","REDACTED FOR PRIVACY","REDACTED FOR PRIVACY","REDACTED FOR PRIVACY","REDACTED FOR PRIVACY","REDACTED FOR PRIVACY","REDACTED FOR PRIVACY","","REDACTED FOR PRIVACY","REDACTED FOR PRIVACY","","","","","","","","","","","dns1.louhi.net","dns2.louhi.net","dns3.louhi.fi","","addPeriod","clientTransferProhibited","",""
"29","flyingfysio.com","2019-12-03 15:52:49","2019-12-02","2019-12-02","2022-12-02","113","CSL Computer Service Langenbach GmbH d/b/a joker.com","whois.joker.com","http://www.joker.com","","","","","","","Finland","","","","","","","","","","","","","","","","","","","","","","","","","","","","","","","","","","ns1.euronic.fi","ns2.euronic.fi","ns3.euronic.fi","","clientTransferProhibited","","",""
"30","focusonfeed.com","2019-12-03 17:18:49","2019-12-02","2019-12-02","2020-12-02","113","CSL Computer Service Langenbach GmbH d/b/a joker.com","whois.joker.com","http://www.joker.com","Piippo Oy","Piippo Oy","","","","","Finland","","","","","","","","","","","","","","","","","","","","","","","","","","","","","","","","","","dns1.palvelukanava.fi","dns2.palvelukanava.fi","","","clientTransferProhibited","","",""
"31","greenwheels-systems.com","2019-12-03 17:38:05","2019-12-02","2019-12-02","2020-12-01","1052","EuroDNS S.A.","http://whois.rotld.ro","http://www.eurodns.com","Ulvi Vesa","Oy Attracs Ab","Tervahovintie 2","Kokkola","","67701","Finland","vesa.ulvi@attracs.com","+358.407659705","","Ulvi Vesa","Oy Attracs Ab","Tervahovintie 2","Kokkola","","67701","Finland","vesa.ulvi@attracs.com","+358.407659705","","Ulvi Vesa","Oy Attracs Ab","Tervahovintie 2","Kokkola","","67701","Finland","vesa.ulvi@attracs.com","+358.407659705","","","","","","","","","","","","ns1.eurodns.com","ns2.eurodns.com","ns3.eurodns.com","ns4.eurodns.com","clientTransferProhibited","","",""
"32","greenwheelsystems.com","2019-12-03 16:53:11","2019-12-02","2019-12-02","2020-12-01","1052","EuroDNS S.A.","http://whois.rotld.ro","http://www.eurodns.com","Ulvi Vesa","Oy Attracs Ab","Tervahovintie 2","Kokkola","","67701","Finland","vesa.ulvi@attracs.com","+358.407659705","","Ulvi Vesa","Oy Attracs Ab","Tervahovintie 2","Kokkola","","67701","Finland","vesa.ulvi@attracs.com","+358.407659705","","Ulvi Vesa","Oy Attracs Ab","Tervahovintie 2","Kokkola","","67701","Finland","vesa.ulvi@attracs.com","+358.407659705","","","","","","","","","","","","ns1.eurodns.com","ns2.eurodns.com","ns3.eurodns.com","ns4.eurodns.com","clientTransferProhibited","","",""
"33","hawkblade.com","2019-12-03 18:28:56","2019-12-01","2019-12-02","2020-12-01","1479","Namesilo, LLC","whois.namesilo.com","http://www.namesilo.com","Viljami Ylonen","INTL Enterprises","Kustaankatu 8a A18","Helsinki","Uusimaa","00500","Finland","info@intlenterprises.com","+358.404107018","","Viljami Ylonen","INTL Enterprises","Kustaankatu 8a A18","Helsinki","Uusimaa","00500","Finland","info@intlenterprises.com","+358.404107018","","Viljami Ylonen","INTL Enterprises","Kustaankatu 8a A18","Helsinki","Uusimaa","00500","Finland","info@intlenterprises.com","+358.404107018","","","","","","","","","","","","ns1.dan.com","ns2.dan.com","","","clientTransferProhibited","","",""
"34","hymyx.net","2019-12-03 16:38:02","2019-12-02","2019-12-02","2024-12-02","113","CSL Computer Service Langenbach GmbH d/b/a joker.com","whois.joker.com","http://www.joker.com","HymyX Oy","HymyX Oy","","","","","Finland","","","","","","","","","","","","","","","","","","","","","","","","","","","","","","","","","","dns1.zoner.fi","dns2.zoner.fi","","","clientTransferProhibited","","",""
"35","iotpaikannus.com","2019-12-03 17:32:35","2019-12-02","2019-12-02","2020-12-02","1387","1API GmbH","whois.1api.net","http://www.1api.net","REDACTED FOR PRIVACY","REDACTED FOR PRIVACY","REDACTED FOR PRIVACY","REDACTED FOR PRIVACY","","REDACTED FOR PRIVACY","Finland","","REDACTED FOR PRIVACY","","REDACTED FOR PRIVACY","REDACTED FOR PRIVACY","REDACTED FOR PRIVACY","REDACTED FOR PRIVACY","REDACTED FOR PRIVACY","REDACTED FOR PRIVACY","REDACTED FOR PRIVACY","","REDACTED FOR PRIVACY","","REDACTED FOR PRIVACY","REDACTED FOR PRIVACY","REDACTED FOR PRIVACY","REDACTED FOR PRIVACY","REDACTED FOR PRIVACY","REDACTED FOR PRIVACY","REDACTED FOR PRIVACY","","REDACTED FOR PRIVACY","","","","","","","","","","","","ns1.hostingpalvelu.fi","ns2.hostingpalvelu.fi","","","clientTransferProhibited","","",""
"36","jarnoparkkima.com","2019-12-03 17:48:49","2019-12-01","2019-12-01","2020-12-01","48","eNom, Inc.","whois.enom.com","http://www.enom.com","REDACTED FOR PRIVACY","REDACTED FOR PRIVACY","REDACTED FOR PRIVACY","REDACTED FOR PRIVACY","REDACTED FOR PRIVACY","REDACTED FOR PRIVACY","Finland","","REDACTED FOR PRIVACY","REDACTED FOR PRIVACY","REDACTED FOR PRIVACY","REDACTED FOR PRIVACY","REDACTED FOR PRIVACY","REDACTED FOR PRIVACY","REDACTED FOR PRIVACY","REDACTED FOR PRIVACY","REDACTED FOR PRIVACY","","REDACTED FOR PRIVACY","REDACTED FOR PRIVACY","REDACTED FOR PRIVACY","REDACTED FOR PRIVACY","REDACTED FOR PRIVACY","REDACTED FOR PRIVACY","REDACTED FOR PRIVACY","REDACTED FOR PRIVACY","REDACTED FOR PRIVACY","","REDACTED FOR PRIVACY","REDACTED FOR PRIVACY","","","","","","","","","","","dns1.louhi.net","dns2.louhi.net","dns3.louhi.fi","","addPeriod","clientTransferProhibited","",""
"37","jennivalikangas.com","2019-12-03 15:46:35","2019-12-02","2019-12-02","2020-12-02","3817","Wix.com Ltd.","","","Statutory Masking Enabled","Statutory Masking Enabled","Statutory Masking Enabled","Statutory Masking Enabled","17","Statutory Masking Enabled","Finland","jennivalikangas.com@wix-domains.com","Statutory Masking Enabled","Statutory Masking Enabled","Statutory Masking Enabled","Statutory Masking Enabled","Statutory Masking Enabled","Statutory Masking Enabled","17","Statutory Masking Enabled","Finland","jenni.valikangas@gmail.com","Statutory Masking Enabled","Statutory Masking Enabled","Statutory Masking Enabled","Statutory Masking Enabled","Statutory Masking Enabled","Statutory Masking Enabled","17","Statutory Masking Enabled","Finland","jenni.valikangas@gmail.com","Statutory Masking Enabled","Statutory Masking Enabled","","","","","","","","","","","ns10.wixdns.net","ns11.wixdns.net","","","clientTransferProhibited","clientUpdateProhibited","",""
"38","jussinkauppa.com","2019-12-03 14:22:43","2019-12-02","2019-12-02","2020-12-02","1387","1API GmbH","whois.1api.net","http://www.1api.net","REDACTED FOR PRIVACY","REDACTED FOR PRIVACY","REDACTED FOR PRIVACY","REDACTED FOR PRIVACY","","REDACTED FOR PRIVACY","Finland","","REDACTED FOR PRIVACY","","REDACTED FOR PRIVACY","REDACTED FOR PRIVACY","REDACTED FOR PRIVACY","REDACTED FOR PRIVACY","REDACTED FOR PRIVACY","REDACTED FOR PRIVACY","REDACTED FOR PRIVACY","","REDACTED FOR PRIVACY","","REDACTED FOR PRIVACY","REDACTED FOR PRIVACY","REDACTED FOR PRIVACY","REDACTED FOR PRIVACY","REDACTED FOR PRIVACY","REDACTED FOR PRIVACY","REDACTED FOR PRIVACY","","REDACTED FOR PRIVACY","","","","","","","","","","","","ns1.domainhotelli.fi","ns2.domainhotelli.fi","","","clientTransferProhibited","","",""
"39","kakkutalononparelli.com","2019-12-03 15:03:56","2019-12-02","2019-12-02","2020-12-02","3817","Wix.com Ltd.","","","Statutory Masking Enabled","Statutory Masking Enabled","Statutory Masking Enabled","Statutory Masking Enabled","19","Statutory Masking Enabled","Finland","kakkutalononparelli.com@wix-domains.com","Statutory Masking Enabled","Statutory Masking Enabled","Statutory Masking Enabled","Statutory Masking Enabled","Statutory Masking Enabled","Statutory Masking Enabled","19","Statutory Masking Enabled","Finland","lehto.leka@gmail.com","Statutory Masking Enabled","Statutory Masking Enabled","Statutory Masking Enabled","Statutory Masking Enabled","Statutory Masking Enabled","Statutory Masking Enabled","19","Statutory Masking Enabled","Finland","lehto.leka@gmail.com","Statutory Masking Enabled","Statutory Masking Enabled","","","","","","","","","","","ns4.wixdns.net","ns5.wixdns.net","","","clientTransferProhibited","clientUpdateProhibited","",""
"40","klapiboksi.com","2019-12-03 17:32:08","2019-12-02","2019-12-02","2020-12-02","113","CSL Computer Service Langenbach GmbH d/b/a joker.com","whois.joker.com","http://www.joker.com","","","","","","","Finland","","","","","","","","","","","","","","","","","","","","","","","","","","","","","","","","","","ns1.euronic.fi","ns2.euronic.fi","ns3.euronic.fi","","clientTransferProhibited","","",""
"41","klapiboksi.net","2019-12-03 17:30:35","2019-12-02","2019-12-02","2020-12-02","113","CSL Computer Service Langenbach GmbH d/b/a joker.com","whois.joker.com","http://www.joker.com","","","","","","","Finland","","","","","","","","","","","","","","","","","","","","","","","","","","","","","","","","","","ns1.euronic.fi","ns2.euronic.fi","ns3.euronic.fi","","clientTransferProhibited","","",""
"42","klapiboxi.com","2019-12-03 14:32:54","2019-12-02","2019-12-02","2020-12-02","113","CSL Computer Service Langenbach GmbH d/b/a joker.com","whois.joker.com","http://www.joker.com","","","","","","","Finland","","","","","","","","","","","","","","","","","","","","","","","","","","","","","","","","","","ns1.euronic.fi","ns2.euronic.fi","ns3.euronic.fi","","clientTransferProhibited","","",""
"43","klapiboxi.net","2019-12-03 17:00:39","2019-12-02","2019-12-02","2020-12-02","113","CSL Computer Service Langenbach GmbH d/b/a joker.com","whois.joker.com","http://www.joker.com","","","","","","","Finland","","","","","","","","","","","","","","","","","","","","","","","","","","","","","","","","","","ns1.euronic.fi","ns2.euronic.fi","ns3.euronic.fi","","clientTransferProhibited","","",""
"44","kokoliekki.com","2019-12-03 17:20:57","2019-12-02","2019-12-02","2020-12-02","113","CSL Computer Service Langenbach GmbH d/b/a joker.com","whois.joker.com","http://www.joker.com","KokoLiekki","KokoLiekki","","","","","Finland","","","","","","","","","","","","","","","","","","","","","","","","","","","","","","","","","","ns1.zoner.fi","ns2.zoner.fi","","","clientTransferProhibited","","",""
"45","lahtiaqua.net","2019-12-03 14:17:09","2019-12-02","2019-12-02","2022-12-02","113","CSL Computer Service Langenbach GmbH d/b/a joker.com","whois.joker.com","http://www.joker.com","Lahti Aqua Oy","Lahti Aqua Oy","","","","","Finland","","","","","","","","","","","","","","","","","","","","","","","","","","","","","","","","","","ns.nebula.fi","ns2.nebula.fi","","","clientTransferProhibited","","",""
"46","lapuankonevuokraus.com","2019-12-03 16:39:20","2019-12-02","2019-12-02","2020-12-02","113","CSL Computer Service Langenbach GmbH d/b/a joker.com","whois.joker.com","http://www.joker.com","","","","","","","Finland","","","","","","","","","","","","","","","","","","","","","","","","","","","","","","","","","","x.ns.joker.com","y.ns.joker.com","z.ns.joker.com","","clientTransferProhibited","","",""
"47","lapuankonevuokraus.net","2019-12-03 15:00:27","2019-12-02","2019-12-02","2020-12-02","113","CSL Computer Service Langenbach GmbH d/b/a joker.com","whois.joker.com","http://www.joker.com","Lapuan konevuokraus","Lapuan konevuokraus","","","","","Finland","","","","","","","","","","","","","","","","","","","","","","","","","","","","","","","","","","x.ns.joker.com","y.ns.joker.com","z.ns.joker.com","","clientTransferProhibited","","",""
"48","lauantaitanssit.com","2019-12-03 16:29:41","2019-12-02","2019-12-02","2020-12-02","1443","Vautron Rechenzentrum AG","whois.antagus.de","http://www.vautron.de","","","","","","","Finland","a8srviw5xm@domprivacy.de","","","","","","","","","","a8srviw5xm@domprivacy.de","","","","","","","","","","a4o7tygxoo@domprivacy.de","","","","","","","","","","","","","ns1.contabo.net","ns2.contabo.net","ns3.contabo.net","","OK","","",""
"49","lavarys.com","2019-12-03 18:23:37","2019-12-01","2019-12-01","2020-12-01","113","CSL Computer Service Langenbach GmbH d/b/a joker.com","whois.joker.com","http://www.joker.com","UC-Media Oy","UC-Media Oy","","","","","Finland","","","","","","","","","","","","","","","","","","","","","","","","","","","","","","","","","","x.ns.joker.com","y.ns.joker.com","z.ns.joker.com","","clientTransferProhibited","","",""
"50","leenahakuli.com","2019-12-03 14:45:04","2019-12-02","2019-12-02","2022-12-02","3817","Wix.com Ltd.","","","Statutory Masking Enabled","Statutory Masking Enabled","Statutory Masking Enabled","Statutory Masking Enabled","09","Statutory Masking Enabled","Finland","leenahakuli.com@wix-domains.com","Statutory Masking Enabled","Statutory Masking Enabled","Statutory Masking Enabled","Statutory Masking Enabled","Statutory Masking Enabled","Statutory Masking Enabled","09","Statutory Masking Enabled","Finland","leena.hakuli@phnet.fi","Statutory Masking Enabled","Statutory Masking Enabled","Statutory Masking Enabled","Statutory Masking Enabled","Statutory Masking Enabled","Statutory Masking Enabled","09","Statutory Masking Enabled","Finland","leena.hakuli@phnet.fi","Statutory Masking Enabled","Statutory Masking Enabled","","","","","","","","","","","ns8.wixdns.net","ns9.wixdns.net","","","clientTransferProhibited","clientUpdateProhibited","",""
"51","lexdashboard.com","2019-12-03 17:48:29","2019-12-01","2019-12-01","2020-12-01","1387","1API GmbH","whois.1api.net","http://www.1api.net","REDACTED FOR PRIVACY","REDACTED FOR PRIVACY","REDACTED FOR PRIVACY","REDACTED FOR PRIVACY","","REDACTED FOR PRIVACY","Finland","","REDACTED FOR PRIVACY","","REDACTED FOR PRIVACY","REDACTED FOR PRIVACY","REDACTED FOR PRIVACY","REDACTED FOR PRIVACY","REDACTED FOR PRIVACY","REDACTED FOR PRIVACY","REDACTED FOR PRIVACY","","REDACTED FOR PRIVACY","","REDACTED FOR PRIVACY","REDACTED FOR PRIVACY","REDACTED FOR PRIVACY","REDACTED FOR PRIVACY","REDACTED FOR PRIVACY","REDACTED FOR PRIVACY","REDACTED FOR PRIVACY","","REDACTED FOR PRIVACY","","","","","","","","","","","","ns1.hostingpalvelu.fi","ns2.hostingpalvelu.fi","","","clientTransferProhibited","","",""
"52","liikenneareena.com","2019-12-03 18:32:33","2019-12-02","2019-12-02","2020-12-02","113","CSL Computer Service Langenbach GmbH d/b/a joker.com","whois.joker.com","http://www.joker.com","Uusmediatoimisto Verkkovaraani Oy","Uusmediatoimisto Verkkovaraani Oy","","","","","Finland","","","","","","","","","","","","","","","","","","","","","","","","","","","","","","","","","","ns.nebula.fi","ns2.nebula.fi","","","clientTransferProhibited","","",""
"53","lithovius.net","2019-12-03 15:53:57","2019-12-02","2019-12-02","2020-12-02","48","eNom, Inc.","whois.enom.com","http://www.enom.com","REDACTED FOR PRIVACY","REDACTED FOR PRIVACY","REDACTED FOR PRIVACY","REDACTED FOR PRIVACY","REDACTED FOR PRIVACY","REDACTED FOR PRIVACY","Finland","","REDACTED FOR PRIVACY","REDACTED FOR PRIVACY","REDACTED FOR PRIVACY","REDACTED FOR PRIVACY","REDACTED FOR PRIVACY","REDACTED FOR PRIVACY","REDACTED FOR PRIVACY","REDACTED FOR PRIVACY","REDACTED FOR PRIVACY","","REDACTED FOR PRIVACY","REDACTED FOR PRIVACY","REDACTED FOR PRIVACY","REDACTED FOR PRIVACY","REDACTED FOR PRIVACY","REDACTED FOR PRIVACY","REDACTED FOR PRIVACY","REDACTED FOR PRIVACY","REDACTED FOR PRIVACY","","REDACTED FOR PRIVACY","REDACTED FOR PRIVACY","","","","","","","","","","","dns1.louhi.net","dns2.louhi.net","dns3.louhi.fi","","addPeriod","clientTransferProhibited","",""
"54","ltq-rakennus.com","2019-12-03 17:38:55","2019-12-02","2019-12-02","2020-12-02","303","PDR Ltd. d/b/a PublicDomainRegistry.com","whois.publicdomainregistry.com","http://www.publicdomainregistry.com","GDPR Masked","GDPR Masked","GDPR Masked GDPR Masked GDPR Masked","GDPR Masked","Uusimaa","GDPR Masked","Finland","gdpr-masking@gdpr-masked.com","+GDPR Masked.GDPR Masked","+GDPR Masked.GDPR Masked","GDPR Masked","GDPR Masked","GDPR Masked GDPR Masked GDPR Masked","GDPR Masked","Uusimaa","GDPR Masked","Finland","gdpr-masking@gdpr-masked.com","+GDPR Masked.GDPR Masked","+GDPR Masked.GDPR Masked","GDPR Masked","GDPR Masked","GDPR Masked GDPR Masked GDPR Masked","GDPR Masked","Uusimaa","GDPR Masked","Finland","gdpr-masking@gdpr-masked.com","+GDPR Masked.GDPR Masked","+GDPR Masked.GDPR Masked","","","","","","","","","","","ns1.g-works.fi","ns2.g-works.fi","","","clientTransferProhibited","","",""
"55","ltq-rakennus.net","2019-12-03 18:33:54","2019-12-02","2019-12-02","2020-12-02","303","PDR Ltd. d/b/a PublicDomainRegistry.com","whois.publicdomainregistry.com","http://www.publicdomainregistry.com","GDPR Masked","GDPR Masked","GDPR Masked GDPR Masked GDPR Masked","GDPR Masked","Uusimaa","GDPR Masked","Finland","gdpr-masking@gdpr-masked.com","+GDPR Masked.GDPR Masked","+GDPR Masked.GDPR Masked","GDPR Masked","GDPR Masked","GDPR Masked GDPR Masked GDPR Masked","GDPR Masked","Uusimaa","GDPR Masked","Finland","gdpr-masking@gdpr-masked.com","+GDPR Masked.GDPR Masked","+GDPR Masked.GDPR Masked","GDPR Masked","GDPR Masked","GDPR Masked GDPR Masked GDPR Masked","GDPR Masked","Uusimaa","GDPR Masked","Finland","gdpr-masking@gdpr-masked.com","+GDPR Masked.GDPR Masked","+GDPR Masked.GDPR Masked","","","","","","","","","","","ns1.g-works.fi","ns2.g-works.fi","","","clientTransferProhibited","","",""
"56","ltq-siivous.com","2019-12-03 15:10:27","2019-12-02","2019-12-02","2020-12-02","303","PDR Ltd. d/b/a PublicDomainRegistry.com","whois.publicdomainregistry.com","http://www.publicdomainregistry.com","GDPR Masked","GDPR Masked","GDPR Masked GDPR Masked GDPR Masked","GDPR Masked","Uusimaa","GDPR Masked","Finland","gdpr-masking@gdpr-masked.com","+GDPR Masked.GDPR Masked","+GDPR Masked.GDPR Masked","GDPR Masked","GDPR Masked","GDPR Masked GDPR Masked GDPR Masked","GDPR Masked","Uusimaa","GDPR Masked","Finland","gdpr-masking@gdpr-masked.com","+GDPR Masked.GDPR Masked","+GDPR Masked.GDPR Masked","GDPR Masked","GDPR Masked","GDPR Masked GDPR Masked GDPR Masked","GDPR Masked","Uusimaa","GDPR Masked","Finland","gdpr-masking@gdpr-masked.com","+GDPR Masked.GDPR Masked","+GDPR Masked.GDPR Masked","","","","","","","","","","","ns1.g-works.fi","ns2.g-works.fi","","","clientTransferProhibited","","",""
"57","ltq-siivous.net","2019-12-03 18:58:42","2019-12-02","2019-12-02","2020-12-02","303","PDR Ltd. d/b/a PublicDomainRegistry.com","whois.publicdomainregistry.com","http://www.publicdomainregistry.com","GDPR Masked","GDPR Masked","GDPR Masked GDPR Masked GDPR Masked","GDPR Masked","Uusimaa","GDPR Masked","Finland","gdpr-masking@gdpr-masked.com","+GDPR Masked.GDPR Masked","+GDPR Masked.GDPR Masked","GDPR Masked","GDPR Masked","GDPR Masked GDPR Masked GDPR Masked","GDPR Masked","Uusimaa","GDPR Masked","Finland","gdpr-masking@gdpr-masked.com","+GDPR Masked.GDPR Masked","+GDPR Masked.GDPR Masked","GDPR Masked","GDPR Masked","GDPR Masked GDPR Masked GDPR Masked","GDPR Masked","Uusimaa","GDPR Masked","Finland","gdpr-masking@gdpr-masked.com","+GDPR Masked.GDPR Masked","+GDPR Masked.GDPR Masked","","","","","","","","","","","ns1.g-works.fi","ns2.g-works.fi","","","clientTransferProhibited","","",""
"58","ltqrakennus.com","2019-12-03 14:19:23","2019-12-02","2019-12-02","2020-12-02","303","PDR Ltd. d/b/a PublicDomainRegistry.com","whois.publicdomainregistry.com","http://www.publicdomainregistry.com","GDPR Masked","GDPR Masked","GDPR Masked GDPR Masked GDPR Masked","GDPR Masked","Uusimaa","GDPR Masked","Finland","gdpr-masking@gdpr-masked.com","+GDPR Masked.GDPR Masked","+GDPR Masked.GDPR Masked","GDPR Masked","GDPR Masked","GDPR Masked GDPR Masked GDPR Masked","GDPR Masked","Uusimaa","GDPR Masked","Finland","gdpr-masking@gdpr-masked.com","+GDPR Masked.GDPR Masked","+GDPR Masked.GDPR Masked","GDPR Masked","GDPR Masked","GDPR Masked GDPR Masked GDPR Masked","GDPR Masked","Uusimaa","GDPR Masked","Finland","gdpr-masking@gdpr-masked.com","+GDPR Masked.GDPR Masked","+GDPR Masked.GDPR Masked","","","","","","","","","","","ns1.g-works.fi","ns2.g-works.fi","","","clientTransferProhibited","","",""
"59","ltqrakennus.net","2019-12-03 18:02:37","2019-12-02","2019-12-02","2020-12-02","303","PDR Ltd. d/b/a PublicDomainRegistry.com","whois.publicdomainregistry.com","http://www.publicdomainregistry.com","GDPR Masked","GDPR Masked","GDPR Masked GDPR Masked GDPR Masked","GDPR Masked","Uusimaa","GDPR Masked","Finland","gdpr-masking@gdpr-masked.com","+GDPR Masked.GDPR Masked","+GDPR Masked.GDPR Masked","GDPR Masked","GDPR Masked","GDPR Masked GDPR Masked GDPR Masked","GDPR Masked","Uusimaa","GDPR Masked","Finland","gdpr-masking@gdpr-masked.com","+GDPR Masked.GDPR Masked","+GDPR Masked.GDPR Masked","GDPR Masked","GDPR Masked","GDPR Masked GDPR Masked GDPR Masked","GDPR Masked","Uusimaa","GDPR Masked","Finland","gdpr-masking@gdpr-masked.com","+GDPR Masked.GDPR Masked","+GDPR Masked.GDPR Masked","","","","","","","","","","","ns1.g-works.fi","ns2.g-works.fi","","","clientTransferProhibited","","",""
"60","ltqsiivous.com","2019-12-03 18:01:40","2019-12-02","2019-12-02","2020-12-02","303","PDR Ltd. d/b/a PublicDomainRegistry.com","whois.publicdomainregistry.com","http://www.publicdomainregistry.com","GDPR Masked","GDPR Masked","GDPR Masked GDPR Masked GDPR Masked","GDPR Masked","Uusimaa","GDPR Masked","Finland","gdpr-masking@gdpr-masked.com","+GDPR Masked.GDPR Masked","+GDPR Masked.GDPR Masked","GDPR Masked","GDPR Masked","GDPR Masked GDPR Masked GDPR Masked","GDPR Masked","Uusimaa","GDPR Masked","Finland","gdpr-masking@gdpr-masked.com","+GDPR Masked.GDPR Masked","+GDPR Masked.GDPR Masked","GDPR Masked","GDPR Masked","GDPR Masked GDPR Masked GDPR Masked","GDPR Masked","Uusimaa","GDPR Masked","Finland","gdpr-masking@gdpr-masked.com","+GDPR Masked.GDPR Masked","+GDPR Masked.GDPR Masked","","","","","","","","","","","ns1.g-works.fi","ns2.g-works.fi","","","clientTransferProhibited","","",""
"61","ltqsiivous.net","2019-12-03 14:26:06","2019-12-02","2019-12-02","2020-12-02","303","PDR Ltd. d/b/a PublicDomainRegistry.com","whois.publicdomainregistry.com","http://www.publicdomainregistry.com","GDPR Masked","GDPR Masked","GDPR Masked GDPR Masked GDPR Masked","GDPR Masked","Uusimaa","GDPR Masked","Finland","gdpr-masking@gdpr-masked.com","+GDPR Masked.GDPR Masked","+GDPR Masked.GDPR Masked","GDPR Masked","GDPR Masked","GDPR Masked GDPR Masked GDPR Masked","GDPR Masked","Uusimaa","GDPR Masked","Finland","gdpr-masking@gdpr-masked.com","+GDPR Masked.GDPR Masked","+GDPR Masked.GDPR Masked","GDPR Masked","GDPR Masked","GDPR Masked GDPR Masked GDPR Masked","GDPR Masked","Uusimaa","GDPR Masked","Finland","gdpr-masking@gdpr-masked.com","+GDPR Masked.GDPR Masked","+GDPR Masked.GDPR Masked","","","","","","","","","","","ns1.g-works.fi","ns2.g-works.fi","","","clientTransferProhibited","","",""
"62","lundell.email","2019-12-03 17:39:20","2019-12-02","2019-12-02","2020-12-02","146","GoDaddy.com, LLC","whois.godaddy.com","http://registrar.godaddy.com","REDACTED FOR PRIVACY","","REDACTED FOR PRIVACY","REDACTED FOR PRIVACY","Nylandsimaa","REDACTED FOR PRIVACY","Finland","","REDACTED FOR PRIVACY","REDACTED FOR PRIVACY","","","","","","","","","","","","","","","","","","","","","","","","","","","","","","","","","","","addPeriod","clientDeleteProhibited","clientRenewProhibited","clientTransferProhibited"
"63","maceavarastot.com","2019-12-03 14:28:37","2019-12-02","2019-12-02","2021-12-02","113","CSL Computer Service Langenbach GmbH d/b/a joker.com","whois.joker.com","http://www.joker.com","Macea Oy","Macea Oy","","","","","Finland","","","","","","","","","","","","","","","","","","","","","","","","","","","","","","","","","","x.ns.joker.com","y.ns.joker.com","z.ns.joker.com","","clientTransferProhibited","","",""
"64","mannerheim-museo.com","2019-12-03 15:47:20","2019-12-02","2019-12-02","2022-12-02","113","CSL Computer Service Langenbach GmbH d/b/a joker.com","whois.joker.com","http://www.joker.com","Mannerheim-saatio","Mannerheim-saatio","","","","","Finland","","","","","","","","","","","","","","","","","","","","","","","","","","","","","","","","","","ns.nebula.fi","ns2.nebula.fi","","","clientTransferProhibited","","",""
"65","mannerheim-museo.net","2019-12-03 17:06:28","2019-12-02","2019-12-02","2022-12-02","113","CSL Computer Service Langenbach GmbH d/b/a joker.com","whois.joker.com","http://www.joker.com","Mannerheim-saatio","Mannerheim-saatio","","","","","Finland","","","","","","","","","","","","","","","","","","","","","","","","","","","","","","","","","","ns.nebula.fi","ns2.nebula.fi","","","clientTransferProhibited","","",""
"66","marjaniemi.net","2019-12-03 16:25:45","2019-12-02","2019-12-02","2020-12-02","1755","Netistrar Limited","whois.nic.ir","http://www.no1registrar.com","REDACTED FOR PRIVACY","REDACTED FOR PRIVACY","REDACTED FOR PRIVACY","REDACTED FOR PRIVACY","Pohjois-Pohjanmaa","REDACTED FOR PRIVACY","Finland","17984763784@privacyshield.org","+35.8REDACTEDFORPRIVACY","","REDACTED FOR PRIVACY","REDACTED FOR PRIVACY","REDACTED FOR PRIVACY","REDACTED FOR PRIVACY","Pohjois-Pohjanmaa","REDACTED FOR PRIVACY","Finland","17984763784@privacyshield.org","+35.8REDACTEDFORPRIVACY","","REDACTED FOR PRIVACY","REDACTED FOR PRIVACY","REDACTED FOR PRIVACY","REDACTED FOR PRIVACY","Pohjois-Pohjanmaa","REDACTED FOR PRIVACY","Finland","17984763784@privacyshield.org","+35.8REDACTEDFORPRIVACY","","","","","","","","","","","","ns1.webkoti.com","ns2.webkoti.com","","","clientDeleteProhibited","clientTransferProhibited","",""
"67","marketinfinland.club","2019-12-03 17:00:36","2019-12-02","2019-12-02","2022-12-02","146","GoDaddy.com, LLC","whois.godaddy.com","http://registrar.godaddy.com","Marketing Finland ry","Marketing Finland ry","","","","","Finland","","","","","","","","","","","","","","","","","","","","","","","","","","","","","","","","","","ns1.moonhill.fi","ns2.moonhill.fi","","","addPeriod","clientDeleteProhibited","clientRenewProhibited","clientTransferProhibited"
"68","matkailuovi.com","2019-12-03 16:29:44","2019-12-02","2019-12-02","2020-12-02","1387","1API GmbH","whois.1api.net","http://www.1api.net","REDACTED FOR PRIVACY","REDACTED FOR PRIVACY","REDACTED FOR PRIVACY","REDACTED FOR PRIVACY","","REDACTED FOR PRIVACY","Finland","","REDACTED FOR PRIVACY","","REDACTED FOR PRIVACY","REDACTED FOR PRIVACY","REDACTED FOR PRIVACY","REDACTED FOR PRIVACY","REDACTED FOR PRIVACY","REDACTED FOR PRIVACY","REDACTED FOR PRIVACY","","REDACTED FOR PRIVACY","","REDACTED FOR PRIVACY","REDACTED FOR PRIVACY","REDACTED FOR PRIVACY","REDACTED FOR PRIVACY","REDACTED FOR PRIVACY","REDACTED FOR PRIVACY","REDACTED FOR PRIVACY","","REDACTED FOR PRIVACY","","","","","","","","","","","","ns1.domainhotelli.fi","ns2.domainhotelli.fi","","","clientTransferProhibited","","",""
"69","merxbank.com","2019-12-03 17:51:44","2019-12-01","2019-12-01","2020-12-01","146","GoDaddy.com, LLC","whois.godaddy.com","http://registrar.godaddy.com","","","","","Nyland","","Finland","","","","","","","","","","","","","","","","","","","","","","","","","","","","","","","","","","ns27.domaincontrol.com","ns28.domaincontrol.com","","","clientDeleteProhibited","clientRenewProhibited","clientTransferProhibited","clientUpdateProhibited"
"70","mikalevalampiphotography.com","2019-12-03 19:00:57","2019-12-02","2019-12-02","2020-12-02","48","eNom, Inc.","whois.enom.com","http://www.enom.com","REDACTED FOR PRIVACY","REDACTED FOR PRIVACY","REDACTED FOR PRIVACY","REDACTED FOR PRIVACY","REDACTED FOR PRIVACY","REDACTED FOR PRIVACY","Finland","","REDACTED FOR PRIVACY","REDACTED FOR PRIVACY","REDACTED FOR PRIVACY","REDACTED FOR PRIVACY","REDACTED FOR PRIVACY","REDACTED FOR PRIVACY","REDACTED FOR PRIVACY","REDACTED FOR PRIVACY","REDACTED FOR PRIVACY","","REDACTED FOR PRIVACY","REDACTED FOR PRIVACY","REDACTED FOR PRIVACY","REDACTED FOR PRIVACY","REDACTED FOR PRIVACY","REDACTED FOR PRIVACY","REDACTED FOR PRIVACY","REDACTED FOR PRIVACY","REDACTED FOR PRIVACY","","REDACTED FOR PRIVACY","REDACTED FOR PRIVACY","","","","","","","","","","","ns1.verkkotunnukset.fi","ns2.verkkotunnukset.fi","","","addPeriod","clientTransferProhibited","",""
"71","monstr.club","2019-12-03 18:26:51","2019-12-02","2019-12-02","2021-12-02","146","GoDaddy.com, LLC","whois.godaddy.com","http://registrar.godaddy.com","","","","","Finland","","Finland","","","","","","","","","","","","","","","","","","","","","","","","","","","","","","","","","","ns1.webhotellit.com","ns2.webhotellit.com","ns3.webhotellit.com","","addPeriod","clientDeleteProhibited","clientRenewProhibited","clientTransferProhibited"
"72","moonlightandthestars.com","2019-12-03 17:28:10","2019-12-02","2019-12-02","2020-12-02","113","CSL Computer Service Langenbach GmbH d/b/a joker.com","whois.joker.com","http://www.joker.com","","","","","","","Finland","","","","","","","","","","","","","","","","","","","","","","","","","","","","","","","","","","ns1.zoner.fi","ns2.zoner.fi","","","clientTransferProhibited","","",""
"73","nextinox.com","2019-12-03 16:25:43","2019-12-02","2019-12-02","2020-12-02","113","CSL Computer Service Langenbach GmbH d/b/a joker.com","whois.joker.com","http://www.joker.com","Solu Stainless Oy","Solu Stainless Oy","","","","","Finland","","","","","","","","","","","","","","","","","","","","","","","","","","","","","","","","","","ns.nebula.fi","ns2.nebula.fi","","","clientTransferProhibited","","",""
"74","nuukaclothing.com","2019-12-03 15:25:19","2019-12-02","2019-12-02","2020-12-02","48","eNom, Inc.","whois.enom.com","http://www.enom.com","REDACTED FOR PRIVACY","REDACTED FOR PRIVACY","REDACTED FOR PRIVACY","REDACTED FOR PRIVACY","REDACTED FOR PRIVACY","REDACTED FOR PRIVACY","Finland","","REDACTED FOR PRIVACY","REDACTED FOR PRIVACY","REDACTED FOR PRIVACY","REDACTED FOR PRIVACY","REDACTED FOR PRIVACY","REDACTED FOR PRIVACY","REDACTED FOR PRIVACY","REDACTED FOR PRIVACY","REDACTED FOR PRIVACY","","REDACTED FOR PRIVACY","REDACTED FOR PRIVACY","REDACTED FOR PRIVACY","REDACTED FOR PRIVACY","REDACTED FOR PRIVACY","REDACTED FOR PRIVACY","REDACTED FOR PRIVACY","REDACTED FOR PRIVACY","REDACTED FOR PRIVACY","","REDACTED FOR PRIVACY","REDACTED FOR PRIVACY","","","","","","","","","","","dns1.louhi.net","dns2.louhi.net","dns3.louhi.fi","","addPeriod","clientTransferProhibited","",""
"75","nuukainvest.com","2019-12-03 17:03:49","2019-12-02","2019-12-02","2020-12-02","48","eNom, Inc.","whois.enom.com","http://www.enom.com","REDACTED FOR PRIVACY","REDACTED FOR PRIVACY","REDACTED FOR PRIVACY","REDACTED FOR PRIVACY","REDACTED FOR PRIVACY","REDACTED FOR PRIVACY","Finland","","REDACTED FOR PRIVACY","REDACTED FOR PRIVACY","REDACTED FOR PRIVACY","REDACTED FOR PRIVACY","REDACTED FOR PRIVACY","REDACTED FOR PRIVACY","REDACTED FOR PRIVACY","REDACTED FOR PRIVACY","REDACTED FOR PRIVACY","","REDACTED FOR PRIVACY","REDACTED FOR PRIVACY","REDACTED FOR PRIVACY","REDACTED FOR PRIVACY","REDACTED FOR PRIVACY","REDACTED FOR PRIVACY","REDACTED FOR PRIVACY","REDACTED FOR PRIVACY","REDACTED FOR PRIVACY","","REDACTED FOR PRIVACY","REDACTED FOR PRIVACY","","","","","","","","","","","dns1.louhi.net","dns2.louhi.net","dns3.louhi.fi","","addPeriod","clientTransferProhibited","",""
"76","offshorekits.com","2019-12-03 18:33:32","2019-12-02","2019-12-02","2020-12-02","146","GoDaddy.com, LLC","whois.godaddy.com","http://registrar.godaddy.com","","","","","","","Finland","","","","","","","","","","","","","","","","","","","","","","","","","","","","","","","","","","ns27.domaincontrol.com","ns28.domaincontrol.com","","","clientDeleteProhibited","clientRenewProhibited","clientTransferProhibited","clientUpdateProhibited"
"77","omastralluck.com","2019-12-03 15:00:45","2019-12-02","2019-12-02","2020-12-02","303","PDR Ltd. d/b/a PublicDomainRegistry.com","whois.publicdomainregistry.com","http://www.publicdomainregistry.com","GDPR Masked","GDPR Masked","GDPR Masked GDPR Masked GDPR Masked","GDPR Masked","Central Finland","GDPR Masked","Finland","gdpr-masking@gdpr-masked.com","+GDPR Masked.GDPR Masked","+GDPR Masked.GDPR Masked","GDPR Masked","GDPR Masked","GDPR Masked GDPR Masked GDPR Masked","GDPR Masked","Central Finland","GDPR Masked","Finland","gdpr-masking@gdpr-masked.com","+GDPR Masked.GDPR Masked","+GDPR Masked.GDPR Masked","GDPR Masked","GDPR Masked","GDPR Masked GDPR Masked GDPR Masked","GDPR Masked","Central Finland","GDPR Masked","Finland","gdpr-masking@gdpr-masked.com","+GDPR Masked.GDPR Masked","+GDPR Masked.GDPR Masked","","","","","","","","","","","ns10.asurahosting.com","ns9.asurahosting.com","","","clientTransferProhibited","","",""
"78","outamaj.com","2019-12-03 15:06:56","2019-12-02","2019-12-02","2020-12-02","3817","Wix.com Ltd.","","","Statutory Masking Enabled","Statutory Masking Enabled","Statutory Masking Enabled","Statutory Masking Enabled","11","Statutory Masking Enabled","Finland","outamaj.com@wix-domains.com","Statutory Masking Enabled","Statutory Masking Enabled","Statutory Masking Enabled","Statutory Masking Enabled","Statutory Masking Enabled","Statutory Masking Enabled","11","Statutory Masking Enabled","Finland","outimaijaitkonen@gmail.com","Statutory Masking Enabled","Statutory Masking Enabled","Statutory Masking Enabled","Statutory Masking Enabled","Statutory Masking Enabled","Statutory Masking Enabled","11","Statutory Masking Enabled","Finland","outimaijaitkonen@gmail.com","Statutory Masking Enabled","Statutory Masking Enabled","","","","","","","","","","","ns0.wixdns.net","ns1.wixdns.net","","","clientTransferProhibited","clientUpdateProhibited","",""
"79","outikaroliina.com","2019-12-03 15:54:46","2019-12-02","2019-12-02","2020-12-02","113","CSL Computer Service Langenbach GmbH d/b/a joker.com","whois.joker.com","http://www.joker.com","","","","","","","Finland","","","","","","","","","","","","","","","","","","","","","","","","","","","","","","","","","","ns1.zoner.fi","ns2.zoner.fi","","","clientTransferProhibited","","",""
"80","palokanvpk.com","2019-12-03 17:58:41","2019-12-02","2019-12-02","2020-12-02","113","CSL Computer Service Langenbach GmbH d/b/a joker.com","whois.joker.com","http://www.joker.com","Jyvaskylan vapaaehtoinen palokunta ry","Jyvaskylan vapaaehtoinen palokunta ry","","","","","Finland","","","","","","","","","","","","","","","","","","","","","","","","","","","","","","","","","","ns1.euronic.fi","ns2.euronic.fi","ns3.euronic.fi","","clientTransferProhibited","","",""
"81","panostamo.com","2019-12-03 14:38:43","2019-12-01","2019-12-01","2020-12-01","69","Tucows Domains Inc.","whois.tucows.com","http://domainhelp.opensrs.net","REDACTED FOR PRIVACY","REDACTED FOR PRIVACY","REDACTED FOR PRIVACY","REDACTED FOR PRIVACY","XX","REDACTED FOR PRIVACY","Finland","","REDACTED FOR PRIVACY","REDACTED FOR PRIVACY","REDACTED FOR PRIVACY","REDACTED FOR PRIVACY","REDACTED FOR PRIVACY","REDACTED FOR PRIVACY","REDACTED FOR PRIVACY","REDACTED FOR PRIVACY","REDACTED FOR PRIVACY","","REDACTED FOR PRIVACY","REDACTED FOR PRIVACY","REDACTED FOR PRIVACY","REDACTED FOR PRIVACY","REDACTED FOR PRIVACY","REDACTED FOR PRIVACY","REDACTED FOR PRIVACY","REDACTED FOR PRIVACY","REDACTED FOR PRIVACY","","REDACTED FOR PRIVACY","REDACTED FOR PRIVACY","","","","","","","","","","","ns1.gnld1006.siteground.eu","ns2.gnld1006.siteground.eu","","","clientTransferProhibited","clientUpdateProhibited","",""
"82","passionpasi.com","2019-12-03 15:35:59","2019-12-02","2019-12-02","2020-12-02","3817","Wix.com Ltd.","","","Statutory Masking Enabled","Statutory Masking Enabled","Statutory Masking Enabled","Statutory Masking Enabled","19","Statutory Masking Enabled","Finland","passionpasi.com@wix-domains.com","Statutory Masking Enabled","Statutory Masking Enabled","Statutory Masking Enabled","Statutory Masking Enabled","Statutory Masking Enabled","Statutory Masking Enabled","19","Statutory Masking Enabled","Finland","white_nigga_8@hotmail.com","Statutory Masking Enabled","Statutory Masking Enabled","Statutory Masking Enabled","Statutory Masking Enabled","Statutory Masking Enabled","Statutory Masking Enabled","19","Statutory Masking Enabled","Finland","white_nigga_8@hotmail.com","Statutory Masking Enabled","Statutory Masking Enabled","","","","","","","","","","","ns8.wixdns.net","ns9.wixdns.net","","","clientTransferProhibited","clientUpdateProhibited","",""
"83","picote.cloud","2019-12-03 14:57:19","2019-12-02","2019-12-02","2020-12-02","146","GoDaddy.com, LLC","whois.godaddy.com","http://registrar.godaddy.com","Onos Oy","Onos Oy","","","Uusimaa","","Finland","","","","","","","","","","","","","","","","","","","","","","","","","","","","","","","","","","ns21.domaincontrol.com","ns22.domaincontrol.com","","","addPeriod","clientDeleteProhibited","clientRenewProhibited","clientTransferProhibited"
"84","picote.solutions","2019-12-03 19:09:37","2019-12-02","2019-12-02","2021-12-02","146","GoDaddy.com, LLC","whois.godaddy.com","http://registrar.godaddy.com","REDACTED FOR PRIVACY","Onos Oy","REDACTED FOR PRIVACY","REDACTED FOR PRIVACY","Uusimaa","REDACTED FOR PRIVACY","Finland","","REDACTED FOR PRIVACY","REDACTED FOR PRIVACY","","","","","","","","","","","","","","","","","","","","","","","","","","","","","","","","","","","addPeriod","clientDeleteProhibited","clientRenewProhibited","clientTransferProhibited"
"85","pmpchallengefoundation.com","2019-12-03 16:39:20","2019-12-01","2019-12-01","2021-12-01","146","GoDaddy.com, LLC","whois.godaddy.com","http://registrar.godaddy.com","PMPChallenge Foundation","PMPChallenge Foundation","","","Uusimaa","","Finland","","","","","","","","","","","","","","","","","","","","","","","","","","","","","","","","","","ns27.domaincontrol.com","ns28.domaincontrol.com","","","clientDeleteProhibited","clientRenewProhibited","clientTransferProhibited","clientUpdateProhibited"
"86","pornfreeman.com","2019-12-03 18:48:35","2019-12-01","2019-12-01","2020-12-01","146","GoDaddy.com, LLC","whois.godaddy.com","http://registrar.godaddy.com","","","","","Uusimaa","","Finland","","","","","","","","","","","","","","","","","","","","","","","","","","","","","","","","","","ns27.domaincontrol.com","ns28.domaincontrol.com","","","clientDeleteProhibited","clientRenewProhibited","clientTransferProhibited","clientUpdateProhibited"
"87","proeffect.net","2019-12-03 18:13:01","2019-12-02","2019-12-02","2020-12-02","113","CSL Computer Service Langenbach GmbH d/b/a joker.com","whois.joker.com","http://www.joker.com","Consaivo Oy","Consaivo Oy","","","","","Finland","","","","","","","","","","","","","","","","","","","","","","","","","","","","","","","","","","dns1.zoner.fi","dns2.zoner.fi","","","clientTransferProhibited","","",""
"88","profiant.net","2019-12-03 17:24:18","2019-12-02","2019-12-02","2020-12-02","113","CSL Computer Service Langenbach GmbH d/b/a joker.com","whois.joker.com","http://www.joker.com","Consaivo Oy","Consaivo Oy","","","","","Finland","","","","","","","","","","","","","","","","","","","","","","","","","","","","","","","","","","dns1.zoner.fi","dns2.zoner.fi","","","clientTransferProhibited","","",""
"89","rapid.agency","2019-12-03 18:23:55","2019-12-02","2019-12-02","2020-12-02","1479","Namesilo, LLC","whois.namesilo.com","http://www.namesilo.com","REDACTED FOR PRIVACY","INTL Enterprises","REDACTED FOR PRIVACY","REDACTED FOR PRIVACY","Uusimaa","REDACTED FOR PRIVACY","Finland","","REDACTED FOR PRIVACY","REDACTED FOR PRIVACY","","","","","","","","","","","","","","","","","","","","","","","","","","","","","","","","","","","addPeriod","clientTransferProhibited","",""
"90","ravintola64.com","2019-12-03 17:59:59","2019-12-02","2019-12-02","2020-12-02","146","GoDaddy.com, LLC","whois.godaddy.com","http://registrar.godaddy.com","","","","","Finland","","Finland","","","","","","","","","","","","","","","","","","","","","","","","","","","","","","","","","","ns27.domaincontrol.com","ns28.domaincontrol.com","","","clientDeleteProhibited","clientRenewProhibited","clientTransferProhibited","clientUpdateProhibited"
"91","reitille.com","2019-12-03 16:42:17","2019-12-02","2019-12-02","2024-12-01","1052","EuroDNS S.A.","http://whois.rotld.ro","http://www.eurodns.com","Aro Johanna","Helsingin Yliopisto","PL 3","Helsingin Yliopisto","","00014","Finland","domain@berggren.fi","+358.2941911","","Department Trademark","Berggren Oy","Etelainen Rautatiekatu 10 A","Helsinki","","00100","Finland","domain@berggren.fi","+358.102272000","+358.96933944","Department Trademark","Berggren Oy","Etelainen Rautatiekatu 10 A","Helsinki","","00100","Finland","domain@berggren.fi","+358.102272000","+358.96933944","","","","","","","","","","","ns.berggren.fi","ns2.berggren.fi","","","clientTransferProhibited","","",""
"92","reitille.net","2019-12-03 17:53:28","2019-12-02","2019-12-02","2024-12-01","1052","EuroDNS S.A.","http://whois.rotld.ro","http://www.eurodns.com","Aro Johanna","Helsingin Yliopisto","PL 3","Helsingin Yliopisto","","00014","Finland","domain@berggren.fi","+358.2941911","","Department Trademark","Berggren Oy","Etelainen Rautatiekatu 10 A","Helsinki","","00100","Finland","domain@berggren.fi","+358.102272000","+358.96933944","Department Trademark","Berggren Oy","Etelainen Rautatiekatu 10 A","Helsinki","","00100","Finland","domain@berggren.fi","+358.102272000","+358.96933944","","","","","","","","","","","ns.berggren.fi","ns2.berggren.fi","","","clientTransferProhibited","","",""
"93","riistamarket.com","2019-12-03 16:22:23","2019-12-02","2019-12-02","2020-12-02","433","OVH sas","whois.ovh.com","http://www.ovh.com","Archipelago Event Services Oy","Archipelago Event Services Oy","","","","","Finland","7rbyakqnax618sd7ob5c@b.o-w-o.info","","","","","","","","","","56k0gyu6j51tv33vhhe4@e.o-w-o.info","","","","","","","","","","56k0gyu6j51tv33vhhe4@e.o-w-o.info","","","","","","","","","","","","","dns105.ovh.net","ns105.ovh.net","","","clientDeleteProhibited","clientTransferProhibited","",""
"94","riistapuoti.com","2019-12-03 17:17:35","2019-12-02","2019-12-02","2020-12-02","433","OVH sas","whois.ovh.com","http://www.ovh.com","Archipelago Event Services Oy","Archipelago Event Services Oy","","","","","Finland","dkn32xup34blsyrso1fr@u.o-w-o.info","","","","","","","","","","56k0gyu6j51tv33vhhe4@e.o-w-o.info","","","","","","","","","","56k0gyu6j51tv33vhhe4@e.o-w-o.info","","","","","","","","","","","","","dns105.ovh.net","ns105.ovh.net","","","clientDeleteProhibited","clientTransferProhibited","",""
"95","ritvaranta.com","2019-12-03 17:49:17","2019-12-02","2019-12-02","2020-12-02","1636","Hostinger, UAB","whois.hostinger.com","http://www.hostinger.com","GDPR Masked","GDPR Masked","GDPR Masked GDPR Masked GDPR Masked","GDPR Masked","Varsinais-uomi","GDPR Masked","Finland","gdpr-masking@gdpr-masked.com","+GDPR Masked.GDPR Masked","+GDPR Masked.GDPR Masked","GDPR Masked","GDPR Masked","GDPR Masked GDPR Masked GDPR Masked","GDPR Masked","Varsinais-uomi","GDPR Masked","Finland","gdpr-masking@gdpr-masked.com","+GDPR Masked.GDPR Masked","+GDPR Masked.GDPR Masked","GDPR Masked","GDPR Masked","GDPR Masked GDPR Masked GDPR Masked","GDPR Masked","Varsinais-uomi","GDPR Masked","Finland","gdpr-masking@gdpr-masked.com","+GDPR Masked.GDPR Masked","+GDPR Masked.GDPR Masked","","","","","","","","","","","ns1.dns-parking.com","ns2.dns-parking.com","","","clientTransferProhibited","","",""
"96","samebaoy.com","2019-12-03 14:42:17","2019-12-02","2019-12-02","2020-12-02","2487","Internet Domain Services BS Corp","whois.publicinterestregistry.net","http://www.internetbs.net","Not disclosed Not disclosed","Sameba Oy","Sahaajankatu 24","Helsinki","","00880","Finland","6c05c8ed9c2ff838ee00a54c2fc65a65.gdrp@customers.whoisprivacycorp.com","+1.5163872248","","Not disclosed Not disclosed","Sameba Oy","Sahaajankatu 24","Helsinki","","00880","Finland","6c05c8ed9c2ff838ee00a54c2fc65a65.gdrp@customers.whoisprivacycorp.com","+1.5163872248","","Not disclosed Not disclosed","Sameba Oy","Sahaajankatu 24","Helsinki","","00880","Finland","6c05c8ed9c2ff838ee00a54c2fc65a65.gdrp@customers.whoisprivacycorp.com","+1.5163872248","","","","","","","","","","","","ns5.cpanel.ge","ns6.cpanel.ge","","","clientTransferProhibited","ok","",""
"97","sanasala.com","2019-12-03 17:39:29","2019-12-01","2019-12-01","2020-12-01","1387","1API GmbH","whois.1api.net","http://www.1api.net","REDACTED FOR PRIVACY","REDACTED FOR PRIVACY","REDACTED FOR PRIVACY","REDACTED FOR PRIVACY","","REDACTED FOR PRIVACY","Finland","","REDACTED FOR PRIVACY","","REDACTED FOR PRIVACY","REDACTED FOR PRIVACY","REDACTED FOR PRIVACY","REDACTED FOR PRIVACY","REDACTED FOR PRIVACY","REDACTED FOR PRIVACY","REDACTED FOR PRIVACY","","REDACTED FOR PRIVACY","","REDACTED FOR PRIVACY","REDACTED FOR PRIVACY","REDACTED FOR PRIVACY","REDACTED FOR PRIVACY","REDACTED FOR PRIVACY","REDACTED FOR PRIVACY","REDACTED FOR PRIVACY","","REDACTED FOR PRIVACY","","","","","","","","","","","","ns1.domainhotelli.fi","ns2.domainhotelli.fi","","","clientTransferProhibited","","",""
"98","santeridiego.com","2019-12-03 17:04:29","2019-12-02","2019-12-02","2020-12-02","3817","Wix.com Ltd.","","","Statutory Masking Enabled","Statutory Masking Enabled","Statutory Masking Enabled","Statutory Masking Enabled","FI-11","Statutory Masking Enabled","Finland","santeridiego.com@wix-domains.com","Statutory Masking Enabled","Statutory Masking Enabled","Statutory Masking Enabled","Statutory Masking Enabled","Statutory Masking Enabled","Statutory Masking Enabled","FI-11","Statutory Masking Enabled","Finland","santeridiego.com@wix-domains.com","Statutory Masking Enabled","Statutory Masking Enabled","Statutory Masking Enabled","Statutory Masking Enabled","Statutory Masking Enabled","Statutory Masking Enabled","FI-11","Statutory Masking Enabled","Finland","santeridiego.com@wix-domains.com","Statutory Masking Enabled","Statutory Masking Enabled","","","","","","","","","","","ns8.wixdns.net","ns9.wixdns.net","","","clientTransferProhibited","clientUpdateProhibited","",""
"99","siddharthr.com","2019-12-03 16:54:11","2019-12-01","2019-12-01","2020-12-01","3817","Wix.com Ltd.","","","Statutory Masking Enabled","Statutory Masking Enabled","Statutory Masking Enabled","Statutory Masking Enabled","10","Statutory Masking Enabled","Finland","siddharthr.com@wix-domains.com","Statutory Masking Enabled","Statutory Masking Enabled","Statutory Masking Enabled","Statutory Masking Enabled","Statutory Masking Enabled","Statutory Masking Enabled","10","Statutory Masking Enabled","Finland","sid.rama94@gmail.com","Statutory Masking Enabled","Statutory Masking Enabled","Statutory Masking Enabled","Statutory Masking Enabled","Statutory Masking Enabled","Statutory Masking Enabled","10","Statutory Masking Enabled","Finland","sid.rama94@gmail.com","Statutory Masking Enabled","Statutory Masking Enabled","","","","","","","","","","","ns6.wixdns.net","ns7.wixdns.net","","","clientTransferProhibited","clientUpdateProhibited","",""
"100","smartpirtti.com","2019-12-03 18:09:27","2019-12-01","2019-12-01","2024-12-01","113","CSL Computer Service Langenbach GmbH d/b/a joker.com","whois.joker.com","http://www.joker.com","","","","","","","Finland","","","","","","","","","","","","","","","","","","","","","","","","","","","","","","","","","","x.ns.joker.com","y.ns.joker.com","z.ns.joker.com","","clientTransferProhibited","","",""
"101","superdownloadpdf.com","2019-12-03 14:22:43","2019-12-01","2019-12-01","2020-12-01","146","GoDaddy.com, LLC","whois.godaddy.com","http://registrar.godaddy.com","Markku Hakala","MAHAKALA","Siukolantie 6 C 28","Yl?j?rvi","Pirkanmaa","33470","Finland","mrhakala@gmail.com","+358.503068084","","Markku Hakala","MAHAKALA","Siukolantie 6 C 28","Yl?j?rvi","Pirkanmaa","33470","Finland","mrhakala@gmail.com","+358.503068084","","Markku Hakala","MAHAKALA","Siukolantie 6 C 28","Yl?j?rvi","Pirkanmaa","33470","Finland","mrhakala@gmail.com","+358.503068084","","","","","","","","","","","","ns27.domaincontrol.com","ns28.domaincontrol.com","","","clientDeleteProhibited","clientRenewProhibited","clientTransferProhibited","clientUpdateProhibited"
"102","surutonfestival.com","2019-12-03 17:51:23","2019-12-02","2019-12-02","2020-12-02","3817","Wix.com Ltd.","","","Statutory Masking Enabled","Statutory Masking Enabled","Statutory Masking Enabled","Statutory Masking Enabled","04","Statutory Masking Enabled","Finland","surutonfestival.com@wix-domains.com","Statutory Masking Enabled","Statutory Masking Enabled","Statutory Masking Enabled","Statutory Masking Enabled","Statutory Masking Enabled","Statutory Masking Enabled","04","Statutory Masking Enabled","Finland","veerakolehmainen@hotmail.com","Statutory Masking Enabled","Statutory Masking Enabled","Statutory Masking Enabled","Statutory Masking Enabled","Statutory Masking Enabled","Statutory Masking Enabled","04","Statutory Masking Enabled","Finland","veerakolehmainen@hotmail.com","Statutory Masking Enabled","Statutory Masking Enabled","","","","","","","","","","","ns14.wixdns.net","ns15.wixdns.net","","","clientTransferProhibited","clientUpdateProhibited","",""
"103","sveetmusic.com","2019-12-03 17:04:16","2019-12-02","2019-12-02","2020-12-02","3817","Wix.com Ltd.","","","Statutory Masking Enabled","Statutory Masking Enabled","Statutory Masking Enabled","Statutory Masking Enabled","01","Statutory Masking Enabled","Finland","sveetmusic.com@wix-domains.com","Statutory Masking Enabled","Statutory Masking Enabled","Statutory Masking Enabled","Statutory Masking Enabled","Statutory Masking Enabled","Statutory Masking Enabled","01","Statutory Masking Enabled","Finland","sveetmusicinfo@gmail.com","Statutory Masking Enabled","Statutory Masking Enabled","Statutory Masking Enabled","Statutory Masking Enabled","Statutory Masking Enabled","Statutory Masking Enabled","01","Statutory Masking Enabled","Finland","sveetmusicinfo@gmail.com","Statutory Masking Enabled","Statutory Masking Enabled","","","","","","","","","","","ns4.wixdns.net","ns5.wixdns.net","","","clientTransferProhibited","clientUpdateProhibited","",""
"104","t9dev.com","2019-12-03 15:57:16","2019-12-02","2019-12-02","2020-12-02","146","GoDaddy.com, LLC","whois.godaddy.com","http://registrar.godaddy.com","- -","Talgraf Oy","Kirkkokatu 16","Oulu","","90100","Finland","root@talgraf.fi","+358.85637500","+358.85637510","- -","Talgraf Oy","Kirkkokatu 16","Oulu","","90100","Finland","root@talgraf.fi","+358.85637500","+358.85637510","- -","Talgraf Oy","Kirkkokatu 16","Oulu","","90100","Finland","root@talgraf.fi","+358.85637500","+358.85637510","","","","","","","","","","","ns27.domaincontrol.com","ns28.domaincontrol.com","","","clientDeleteProhibited","clientRenewProhibited","clientTransferProhibited","clientUpdateProhibited"
"105","taistohirvonen.com","2019-12-03 17:06:57","2019-12-02","2019-12-02","2020-12-02","1387","1API GmbH","whois.1api.net","http://www.1api.net","REDACTED FOR PRIVACY","REDACTED FOR PRIVACY","REDACTED FOR PRIVACY","REDACTED FOR PRIVACY","","REDACTED FOR PRIVACY","Finland","","REDACTED FOR PRIVACY","","REDACTED FOR PRIVACY","REDACTED FOR PRIVACY","REDACTED FOR PRIVACY","REDACTED FOR PRIVACY","REDACTED FOR PRIVACY","REDACTED FOR PRIVACY","REDACTED FOR PRIVACY","","REDACTED FOR PRIVACY","","REDACTED FOR PRIVACY","REDACTED FOR PRIVACY","REDACTED FOR PRIVACY","REDACTED FOR PRIVACY","REDACTED FOR PRIVACY","REDACTED FOR PRIVACY","REDACTED FOR PRIVACY","","REDACTED FOR PRIVACY","","","","","","","","","","","","ns1.domainhotelli.fi","ns2.domainhotelli.fi","","","clientTransferProhibited","","",""
"106","tanderoza.com","2019-12-03 15:36:21","2019-12-02","2019-12-02","2020-12-02","3817","Wix.com Ltd.","","","Statutory Masking Enabled","Statutory Masking Enabled","Statutory Masking Enabled","Statutory Masking Enabled","12","Statutory Masking Enabled","Finland","tanderoza.com@wix-domains.com","Statutory Masking Enabled","Statutory Masking Enabled","Statutory Masking Enabled","Statutory Masking Enabled","Statutory Masking Enabled","Statutory Masking Enabled","12","Statutory Masking Enabled","Finland","tanja@shoppis.fi","Statutory Masking Enabled","Statutory Masking Enabled","Statutory Masking Enabled","Statutory Masking Enabled","Statutory Masking Enabled","Statutory Masking Enabled","12","Statutory Masking Enabled","Finland","tanja@shoppis.fi","Statutory Masking Enabled","Statutory Masking Enabled","","","","","","","","","","","ns6.wixdns.net","ns7.wixdns.net","","","clientTransferProhibited","clientUpdateProhibited","",""
"107","tanjasworks.com","2019-12-03 15:35:23","2019-12-02","2019-12-02","2020-12-02","69","Tucows Domains Inc.","whois.tucows.com","http://domainhelp.opensrs.net","REDACTED FOR PRIVACY","REDACTED FOR PRIVACY","REDACTED FOR PRIVACY","REDACTED FOR PRIVACY","REDACTED FOR PRIVACY","REDACTED FOR PRIVACY","Finland","","REDACTED FOR PRIVACY","REDACTED FOR PRIVACY","REDACTED FOR PRIVACY","REDACTED FOR PRIVACY","REDACTED FOR PRIVACY","REDACTED FOR PRIVACY","REDACTED FOR PRIVACY","REDACTED FOR PRIVACY","REDACTED FOR PRIVACY","","REDACTED FOR PRIVACY","REDACTED FOR PRIVACY","REDACTED FOR PRIVACY","REDACTED FOR PRIVACY","REDACTED FOR PRIVACY","REDACTED FOR PRIVACY","REDACTED FOR PRIVACY","REDACTED FOR PRIVACY","REDACTED FOR PRIVACY","","REDACTED FOR PRIVACY","REDACTED FOR PRIVACY","","","","","","","","","","","ns1.systemdns.com","ns2.systemdns.com","ns3.systemdns.com","","clientTransferProhibited","clientUpdateProhibited","",""
"108","technetium.pink","2019-12-03 17:53:18","2019-12-02","2019-12-02","2020-12-02","113","CSL Computer Service Langenbach GmbH d/b/a joker.com","whois.joker.com","http://www.joker.com","","","","","","","Finland","","","","","","","","","","","","","","","","","","","","","","","","","","","","","","","","","","dns1.zoner.fi","dns2.zoner.fi","","","addPeriod","clientTransferProhibited","serverTransferProhibited",""
"109","testipalvelin.com","2019-12-03 18:02:21","2019-12-01","2019-12-01","2020-12-01","440","Wild West Domains, LLC","whois.wildwestdomains.com","http://www.wildwestdomains.com","","","","","Etela-Savo","","Finland","","","","","","","","","","","","","","","","","","","","","","","","","","","","","","","","","","pdns09.domaincontrol.com","pdns10.domaincontrol.com","","","clientDeleteProhibited","clientRenewProhibited","clientTransferProhibited","clientUpdateProhibited"
"110","thailandtravelogue.com","2019-12-03 15:54:52","2019-12-01","2019-12-02","2020-12-01","69","Tucows Domains Inc.","whois.tucows.com","http://domainhelp.opensrs.net","REDACTED FOR PRIVACY","REDACTED FOR PRIVACY","REDACTED FOR PRIVACY","REDACTED FOR PRIVACY","XX","REDACTED FOR PRIVACY","Finland","","REDACTED FOR PRIVACY","REDACTED FOR PRIVACY","REDACTED FOR PRIVACY","REDACTED FOR PRIVACY","REDACTED FOR PRIVACY","REDACTED FOR PRIVACY","REDACTED FOR PRIVACY","REDACTED FOR PRIVACY","REDACTED FOR PRIVACY","","REDACTED FOR PRIVACY","REDACTED FOR PRIVACY","REDACTED FOR PRIVACY","REDACTED FOR PRIVACY","REDACTED FOR PRIVACY","REDACTED FOR PRIVACY","REDACTED FOR PRIVACY","REDACTED FOR PRIVACY","REDACTED FOR PRIVACY","","REDACTED FOR PRIVACY","REDACTED FOR PRIVACY","","","","","","","","","","","ns1.giowm1002.siteground.biz","ns2.giowm1002.siteground.biz","","","clientTransferProhibited","clientUpdateProhibited","",""
"111","thailandtravelogues.com","2019-12-03 17:04:47","2019-12-01","2019-12-01","2020-12-01","69","Tucows Domains Inc.","whois.tucows.com","http://domainhelp.opensrs.net","REDACTED FOR PRIVACY","REDACTED FOR PRIVACY","REDACTED FOR PRIVACY","REDACTED FOR PRIVACY","XX","REDACTED FOR PRIVACY","Finland","","REDACTED FOR PRIVACY","REDACTED FOR PRIVACY","REDACTED FOR PRIVACY","REDACTED FOR PRIVACY","REDACTED FOR PRIVACY","REDACTED FOR PRIVACY","REDACTED FOR PRIVACY","REDACTED FOR PRIVACY","REDACTED FOR PRIVACY","","REDACTED FOR PRIVACY","REDACTED FOR PRIVACY","REDACTED FOR PRIVACY","REDACTED FOR PRIVACY","REDACTED FOR PRIVACY","REDACTED FOR PRIVACY","REDACTED FOR PRIVACY","REDACTED FOR PRIVACY","REDACTED FOR PRIVACY","","REDACTED FOR PRIVACY","REDACTED FOR PRIVACY","","","","","","","","","","","ns1.us272.siteground.us","ns2.us272.siteground.us","","","clientTransferProhibited","clientUpdateProhibited","",""
"112","thailandvacationspots.com","2019-12-03 18:07:06","2019-12-01","2019-12-01","2020-12-01","69","Tucows Domains Inc.","whois.tucows.com","http://domainhelp.opensrs.net","REDACTED FOR PRIVACY","REDACTED FOR PRIVACY","REDACTED FOR PRIVACY","REDACTED FOR PRIVACY","XX","REDACTED FOR PRIVACY","Finland","","REDACTED FOR PRIVACY","REDACTED FOR PRIVACY","REDACTED FOR PRIVACY","REDACTED FOR PRIVACY","REDACTED FOR PRIVACY","REDACTED FOR PRIVACY","REDACTED FOR PRIVACY","REDACTED FOR PRIVACY","REDACTED FOR PRIVACY","","REDACTED FOR PRIVACY","REDACTED FOR PRIVACY","REDACTED FOR PRIVACY","REDACTED FOR PRIVACY","REDACTED FOR PRIVACY","REDACTED FOR PRIVACY","REDACTED FOR PRIVACY","REDACTED FOR PRIVACY","REDACTED FOR PRIVACY","","REDACTED FOR PRIVACY","REDACTED FOR PRIVACY","","","","","","","","","","","ns1.us272.siteground.us","ns2.us272.siteground.us","","","clientTransferProhibited","clientUpdateProhibited","",""
"113","theangrybackpacker.com","2019-12-03 14:25:30","2019-12-02","2019-12-02","2020-12-02","48","eNom, Inc.","whois.enom.com","http://www.enom.com","REDACTED FOR PRIVACY","REDACTED FOR PRIVACY","REDACTED FOR PRIVACY","REDACTED FOR PRIVACY","Uusimaa","REDACTED FOR PRIVACY","Finland","","REDACTED FOR PRIVACY","REDACTED FOR PRIVACY","REDACTED FOR PRIVACY","REDACTED FOR PRIVACY","REDACTED FOR PRIVACY","REDACTED FOR PRIVACY","REDACTED FOR PRIVACY","REDACTED FOR PRIVACY","REDACTED FOR PRIVACY","","REDACTED FOR PRIVACY","REDACTED FOR PRIVACY","REDACTED FOR PRIVACY","REDACTED FOR PRIVACY","REDACTED FOR PRIVACY","REDACTED FOR PRIVACY","REDACTED FOR PRIVACY","REDACTED FOR PRIVACY","REDACTED FOR PRIVACY","","REDACTED FOR PRIVACY","REDACTED FOR PRIVACY","","","","","","","","","","","ns1.tentacle.fi","ns2.tentacle.fi","","","addPeriod","clientTransferProhibited","",""
"114","thearcticmonk.com","2019-12-03 16:04:17","2019-12-02","2019-12-02","2020-12-02","1387","1API GmbH","whois.1api.net","http://www.1api.net","REDACTED FOR PRIVACY","REDACTED FOR PRIVACY","REDACTED FOR PRIVACY","REDACTED FOR PRIVACY","","REDACTED FOR PRIVACY","Finland","","REDACTED FOR PRIVACY","","REDACTED FOR PRIVACY","REDACTED FOR PRIVACY","REDACTED FOR PRIVACY","REDACTED FOR PRIVACY","REDACTED FOR PRIVACY","REDACTED FOR PRIVACY","REDACTED FOR PRIVACY","","REDACTED FOR PRIVACY","","REDACTED FOR PRIVACY","REDACTED FOR PRIVACY","REDACTED FOR PRIVACY","REDACTED FOR PRIVACY","REDACTED FOR PRIVACY","REDACTED FOR PRIVACY","REDACTED FOR PRIVACY","","REDACTED FOR PRIVACY","","","","","","","","","","","","ns1.domainhotelli.fi","ns2.domainhotelli.fi","","","clientTransferProhibited","","",""
"115","toolsia.com","2019-12-03 18:32:45","2019-12-02","2019-12-02","2020-12-02","886","Domain.com, LLC","whois.domain.com","http://www.domain.com","REDACTED FOR PRIVACY","REDACTED FOR PRIVACY","REDACTED FOR PRIVACY","REDACTED FOR PRIVACY","NA","REDACTED FOR PRIVACY","Finland","","REDACTED FOR PRIVACY","REDACTED FOR PRIVACY","REDACTED FOR PRIVACY","REDACTED FOR PRIVACY","REDACTED FOR PRIVACY","REDACTED FOR PRIVACY","REDACTED FOR PRIVACY","REDACTED FOR PRIVACY","REDACTED FOR PRIVACY","","REDACTED FOR PRIVACY","REDACTED FOR PRIVACY","REDACTED FOR PRIVACY","REDACTED FOR PRIVACY","REDACTED FOR PRIVACY","REDACTED FOR PRIVACY","REDACTED FOR PRIVACY","REDACTED FOR PRIVACY","REDACTED FOR PRIVACY","","REDACTED FOR PRIVACY","REDACTED FOR PRIVACY","","","","","","","","","","","ns1.domain.com","ns2.domain.com","","","","","",""
"116","truenorthsearch.net","2019-12-03 14:16:53","2019-12-02","2019-12-02","2020-12-02","81","Gandi SAS","whois.gandi.net","http://www.gandi.net","REDACTED FOR PRIVACY","Conga Group Oy","REDACTED FOR PRIVACY","REDACTED FOR PRIVACY","","REDACTED FOR PRIVACY","Finland","c72003b26196245e03ce9e179ee3b88c-16370431@contact.gandi.net","REDACTED FOR PRIVACY","REDACTED FOR PRIVACY","REDACTED FOR PRIVACY","REDACTED FOR PRIVACY","REDACTED FOR PRIVACY","REDACTED FOR PRIVACY","REDACTED FOR PRIVACY","REDACTED FOR PRIVACY","REDACTED FOR PRIVACY","c72003b26196245e03ce9e179ee3b88c-16370431@contact.gandi.net","REDACTED FOR PRIVACY","REDACTED FOR PRIVACY","REDACTED FOR PRIVACY","REDACTED FOR PRIVACY","REDACTED FOR PRIVACY","REDACTED FOR PRIVACY","REDACTED FOR PRIVACY","REDACTED FOR PRIVACY","REDACTED FOR PRIVACY","c72003b26196245e03ce9e179ee3b88c-16370431@contact.gandi.net","REDACTED FOR PRIVACY","REDACTED FOR PRIVACY","","","","","","","","","","","ns-161-c.gandi.net","ns-192-a.gandi.net","ns-54-b.gandi.net","","clientTransferProhibited","","",""
"117","tsocrea.com","2019-12-03 19:15:41","2019-12-02","2019-12-02","2020-12-02","1387","1API GmbH","whois.1api.net","http://www.1api.net","REDACTED FOR PRIVACY","REDACTED FOR PRIVACY","REDACTED FOR PRIVACY","REDACTED FOR PRIVACY","","REDACTED FOR PRIVACY","Finland","","REDACTED FOR PRIVACY","","REDACTED FOR PRIVACY","REDACTED FOR PRIVACY","REDACTED FOR PRIVACY","REDACTED FOR PRIVACY","REDACTED FOR PRIVACY","REDACTED FOR PRIVACY","REDACTED FOR PRIVACY","","REDACTED FOR PRIVACY","","REDACTED FOR PRIVACY","REDACTED FOR PRIVACY","REDACTED FOR PRIVACY","REDACTED FOR PRIVACY","REDACTED FOR PRIVACY","REDACTED FOR PRIVACY","REDACTED FOR PRIVACY","","REDACTED FOR PRIVACY","","","","","","","","","","","","ns1.domainhotelli.fi","ns2.domainhotelli.fi","","","clientTransferProhibited","","",""
"118","twopandasontheroad.com","2019-12-03 14:49:48","2019-12-02","2019-12-02","2020-12-02","113","CSL Computer Service Langenbach GmbH d/b/a joker.com","whois.joker.com","http://www.joker.com","","","","","","","Finland","","","","","","","","","","","","","","","","","","","","","","","","","","","","","","","","","","ns1.shellit.org","ns2.shellit.org","ns3.shellit.org","","clientTransferProhibited","","",""
"119","tyopaja.net","2019-12-03 16:50:07","2019-12-02","2019-12-02","2021-12-02","113","CSL Computer Service Langenbach GmbH d/b/a joker.com","whois.joker.com","http://www.joker.com","Ksakki ry","Ksakki ry","","","","","Finland","","","","","","","","","","","","","","","","","","","","","","","","","","","","","","","","","","ns1.webhotelli.fi","ns2.webhotelli.fi","","","clientTransferProhibited","","",""
"120","unbiased-ats.com","2019-12-03 15:35:30","2019-12-02","2019-12-02","2020-12-02","146","GoDaddy.com, LLC","whois.godaddy.com","http://registrar.godaddy.com","The Creativity Family Oy","The Creativity Family Oy","","","","","Finland","","","","","","","","","","","","","","","","","","","","","","","","","","","","","","","","","","pdns09.domaincontrol.com","pdns10.domaincontrol.com","","","clientDeleteProhibited","clientRenewProhibited","clientTransferProhibited","clientUpdateProhibited"
"121","unbiased-hr.com","2019-12-03 14:40:18","2019-12-02","2019-12-02","2020-12-02","146","GoDaddy.com, LLC","whois.godaddy.com","http://registrar.godaddy.com","The Creativity Family Oy","The Creativity Family Oy","","","","","Finland","","","","","","","","","","","","","","","","","","","","","","","","","","","","","","","","","","pdns09.domaincontrol.com","pdns10.domaincontrol.com","","","clientDeleteProhibited","clientRenewProhibited","clientTransferProhibited","clientUpdateProhibited"
"122","work-motivation.net","2019-12-03 19:06:51","2019-12-02","2019-12-02","2020-12-02","113","CSL Computer Service Langenbach GmbH d/b/a joker.com","whois.joker.com","http://www.joker.com","ER-tuki tmi","ER-tuki tmi","","","","","Finland","","","","","","","","","","","","","","","","","","","","","","","","","","","","","","","","","","ns1.zoner.fi","ns2.zoner.fi","","","clientTransferProhibited","","",""
"123","yobbi.net","2019-12-03 19:00:53","2019-12-02","2019-12-02","2020-12-02","113","CSL Computer Service Langenbach GmbH d/b/a joker.com","whois.joker.com","http://www.joker.com","Superjymy Oy","Superjymy Oy","","","","","Finland","","","","","","","","","","","","","","","","","","","","","","","","","","","","","","","","","","ns.kpo.fi","ns2.kpo.fi","ns3.kpo.fi","","clientTransferProhibited","","",""
"124","yrityspalvelustar.com","2019-12-03 15:35:31","2019-12-02","2019-12-02","2020-12-02","3817","Wix.com Ltd.","","","Statutory Masking Enabled","Statutory Masking Enabled","Statutory Masking Enabled","Statutory Masking Enabled","12","Statutory Masking Enabled","Finland","yrityspalvelustar.com@wix-domains.com","Statutory Masking Enabled","Statutory Masking Enabled","Statutory Masking Enabled","Statutory Masking Enabled","Statutory Masking Enabled","Statutory Masking Enabled","12","Statutory Masking Enabled","Finland","esa.ys10@gmail.com","Statutory Masking Enabled","Statutory Masking Enabled","Statutory Masking Enabled","Statutory Masking Enabled","Statutory Masking Enabled","Statutory Masking Enabled","12","Statutory Masking Enabled","Finland","esa.ys10@gmail.com","Statutory Masking Enabled","Statutory Masking Enabled","","","","","","","","","","","ns10.wixdns.net","ns11.wixdns.net","","","clientTransferProhibited","clientUpdateProhibited","",""