"num","domain_name","query_time","create_date","update_date","expiry_date","domain_registrar_id","domain_registrar_name","domain_registrar_whois","domain_registrar_url","registrant_name","registrant_company","registrant_address","registrant_city","registrant_state","registrant_zip","registrant_country","registrant_email","registrant_phone","registrant_fax","administrative_name","administrative_company","administrative_address","administrative_city","administrative_state","administrative_zip","administrative_country","administrative_email","administrative_phone","administrative_fax","technical_name","technical_company","technical_address","technical_city","technical_state","technical_zip","technical_country","technical_email","technical_phone","technical_fax","billing_name","billing_company","billing_address","billing_city","billing_state","billing_zip","billing_country","billing_email","billing_phone","billing_fax","name_server_1","name_server_2","name_server_3","name_server_4","domain_status_1","domain_status_2","domain_status_3","domain_status_4"
"1","bankoftourism.com","2019-12-03 18:03:45","2019-12-02","2019-12-02","2020-12-02","146","GoDaddy.com, LLC","whois.godaddy.com","http://registrar.godaddy.com","","","","","Tbilisi","","Georgia","","","","","","","","","","","","","","","","","","","","","","","","","","","","","","","","","","ns27.domaincontrol.com","ns28.domaincontrol.com","","","clientDeleteProhibited","clientRenewProhibited","clientTransferProhibited","clientUpdateProhibited"
"2","bettigo.com","2019-12-03 15:00:18","2019-12-02","2019-12-02","2020-12-02","146","GoDaddy.com, LLC","whois.godaddy.com","http://registrar.godaddy.com","yib software","yib software","","","Batumi","","Georgia","","","","","","","","","","","","","","","","","","","","","","","","","","","","","","","","","","ns27.domaincontrol.com","ns28.domaincontrol.com","","","clientDeleteProhibited","clientRenewProhibited","clientTransferProhibited","clientUpdateProhibited"
"3","chamomitane.com","2019-12-03 18:10:22","2019-12-02","2019-12-02","2020-12-02","146","GoDaddy.com, LLC","whois.godaddy.com","http://registrar.godaddy.com","","","","","Tbilisi","","Georgia","","","","","","","","","","","","","","","","","","","","","","","","","","","","","","","","","","ns27.domaincontrol.com","ns28.domaincontrol.com","","","clientDeleteProhibited","clientRenewProhibited","clientTransferProhibited","clientUpdateProhibited"
"4","dmogeorgia.com","2019-12-03 18:21:58","2019-12-02","2019-12-02","2020-12-02","146","GoDaddy.com, LLC","whois.godaddy.com","http://registrar.godaddy.com","","","","","Tbilisi","","Georgia","","","","","","","","","","","","","","","","","","","","","","","","","","","","","","","","","","ns27.domaincontrol.com","ns28.domaincontrol.com","","","clientDeleteProhibited","clientRenewProhibited","clientTransferProhibited","clientUpdateProhibited"
"5","economist.express","2019-12-03 17:20:07","2019-12-02","2019-12-03","2020-12-02","146","GoDaddy.com, LLC","whois.godaddy.com","http://registrar.godaddy.com","REDACTED FOR PRIVACY","","REDACTED FOR PRIVACY","REDACTED FOR PRIVACY","Georgia","REDACTED FOR PRIVACY","Georgia","","REDACTED FOR PRIVACY","REDACTED FOR PRIVACY","","","","","","","","","","","","","","","","","","","","","","","","","","","","","","","","","","","addPeriod","clientDeleteProhibited","clientRenewProhibited","clientTransferProhibited"
"6","hiphoptvwhy.com","2019-12-03 17:48:31","2019-12-02","2019-12-02","2020-12-02","955","Launchpad, Inc.","whois.launchpad.com","http://www.launchpad.com","Zurab Kiknadze","None","Ak. Tsereteli Ave. Korpusi 8","Tbilisi","T'bilisi","0119","Georgia","anachedia187@gmail.com","+995.579957535","","Zurab Kiknadze","None","Ak. Tsereteli Ave. Korpusi 8","Tbilisi","T'bilisi","0119","Georgia","anachedia187@gmail.com","+995.579957535","","Zurab Kiknadze","None","Ak. Tsereteli Ave. Korpusi 8","Tbilisi","T'bilisi","0119","Georgia","anachedia187@gmail.com","+995.579957535","","","","","","","","","","","","wns2003.hostgator.com","wns2004.hostgator.com","","","clientTransferProhibited","","",""
"7","id451295.com","2019-12-03 16:18:16","2019-12-02","2019-12-02","2020-12-02","303","PDR Ltd. d/b/a PublicDomainRegistry.com","whois.publicdomainregistry.com","http://www.publicdomainregistry.com","James Stark","Ministry of Defense of Georgia","General Kvinitadze Str. N20","Tbilisi","Tbilisi","0112","Georgia","thjdz_kcino_vqoc0@yahoo.com","+995.686592588","","James Stark","Ministry of Defense of Georgia","General Kvinitadze Str. N20","Tbilisi","Tbilisi","0112","Georgia","thjdz_kcino_vqoc0@yahoo.com","+995.686592588","","James Stark","Ministry of Defense of Georgia","General Kvinitadze Str. N20","Tbilisi","Tbilisi","0112","Georgia","thjdz_kcino_vqoc0@yahoo.com","+995.686592588","","","","","","","","","","","","ns1.ititch.com","ns2.ititch.com","ns3.ititch.com","ns4.ititch.com","clientTransferProhibited","","",""
"8","oracle-cards.com","2019-12-03 17:07:46","2019-12-01","2019-12-01","2020-12-01","146","GoDaddy.com, LLC","whois.godaddy.com","http://registrar.godaddy.com","","","","","Tbilisi","","Georgia","","","","","","","","","","","","","","","","","","","","","","","","","","","","","","","","","","ns27.domaincontrol.com","ns28.domaincontrol.com","","","clientDeleteProhibited","clientRenewProhibited","clientTransferProhibited","clientUpdateProhibited"
"9","paulinagroup.com","2019-12-03 14:25:00","2019-12-02","2019-12-02","2020-12-02","291","DNC Holdings, Inc.","whois.directnic.com","http://www.directnic.com","Paul Linakowski","Paul Linakowski","","","K'alak'i T'bilisi","","Georgia","paulinagroup.com-registrant@directnicwhoiscompliance.com","","","","","","","","","","paulinagroup.com-admin@directnicwhoiscompliance.com","","","","","","","","","","paulinagroup.com-tech@directnicwhoiscompliance.com","","","","","","","","","","","","","amsns13.hostwindsdns.com","amsns14.hostwindsdns.com","","","addPeriod","ok","",""
"10","resorttskhaltubo.com","2019-12-03 15:25:18","2019-12-02","2019-12-02","2020-12-02","146","GoDaddy.com, LLC","whois.godaddy.com","http://registrar.godaddy.com","","","","","Tbilisi","","Georgia","","","","","","","","","","","","","","","","","","","","","","","","","","","","","","","","","","ns27.domaincontrol.com","ns28.domaincontrol.com","","","clientDeleteProhibited","clientRenewProhibited","clientTransferProhibited","clientUpdateProhibited"
"11","tskhaltuboresort.com","2019-12-03 15:25:24","2019-12-02","2019-12-02","2020-12-02","146","GoDaddy.com, LLC","whois.godaddy.com","http://registrar.godaddy.com","","","","","Tbilisi","","Georgia","","","","","","","","","","","","","","","","","","","","","","","","","","","","","","","","","","ns27.domaincontrol.com","ns28.domaincontrol.com","","","clientDeleteProhibited","clientRenewProhibited","clientTransferProhibited","clientUpdateProhibited"