"num","domain_name","query_time","create_date","update_date","expiry_date","domain_registrar_id","domain_registrar_name","domain_registrar_whois","domain_registrar_url","registrant_name","registrant_company","registrant_address","registrant_city","registrant_state","registrant_zip","registrant_country","registrant_email","registrant_phone","registrant_fax","administrative_name","administrative_company","administrative_address","administrative_city","administrative_state","administrative_zip","administrative_country","administrative_email","administrative_phone","administrative_fax","technical_name","technical_company","technical_address","technical_city","technical_state","technical_zip","technical_country","technical_email","technical_phone","technical_fax","billing_name","billing_company","billing_address","billing_city","billing_state","billing_zip","billing_country","billing_email","billing_phone","billing_fax","name_server_1","name_server_2","name_server_3","name_server_4","domain_status_1","domain_status_2","domain_status_3","domain_status_4"
"1","233tickets.com","2019-12-03 15:04:21","2019-12-02","2019-12-02","2020-12-02","955","Launchpad, Inc.","whois.launchpad.com","http://www.launchpad.com","Kofi","","Box UP 1294","Kumasi","Ashanti","","Ghana","kofi.dodoo33@gmail.com","+233.233201234708","","Kofi","","Box UP 1294","Kumasi","Ashanti","","Ghana","kofi.dodoo33@gmail.com","+233.233201234708","","Kofi","","Box UP 1294","Kumasi","Ashanti","","Ghana","kofi.dodoo33@gmail.com","+233.233201234708","","","","","","","","","","","","ns8197.hostgator.com","ns8198.hostgator.com","","","clientTransferProhibited","","",""
"2","absam85ltd.com","2019-12-03 14:23:28","2019-12-02","2019-12-02","2020-12-02","48","eNom, Inc.","whois.enom.com","http://www.enom.com","REDACTED FOR PRIVACY","REDACTED FOR PRIVACY","REDACTED FOR PRIVACY","REDACTED FOR PRIVACY","Central","REDACTED FOR PRIVACY","Ghana","","REDACTED FOR PRIVACY","REDACTED FOR PRIVACY","REDACTED FOR PRIVACY","REDACTED FOR PRIVACY","REDACTED FOR PRIVACY","REDACTED FOR PRIVACY","REDACTED FOR PRIVACY","REDACTED FOR PRIVACY","REDACTED FOR PRIVACY","","REDACTED FOR PRIVACY","REDACTED FOR PRIVACY","REDACTED FOR PRIVACY","REDACTED FOR PRIVACY","REDACTED FOR PRIVACY","REDACTED FOR PRIVACY","REDACTED FOR PRIVACY","REDACTED FOR PRIVACY","REDACTED FOR PRIVACY","","REDACTED FOR PRIVACY","REDACTED FOR PRIVACY","","","","","","","","","","","dns1.name-services.com","dns2.name-services.com","dns3.name-services.com","dns4.name-services.com","addPeriod","clientTransferProhibited","",""
"3","acvlghana.com","2019-12-03 19:06:04","2019-12-02","2019-12-02","2020-12-02","69","Tucows Domains Inc.","whois.tucows.com","http://domainhelp.opensrs.net","REDACTED FOR PRIVACY","REDACTED FOR PRIVACY","REDACTED FOR PRIVACY","REDACTED FOR PRIVACY","AN","REDACTED FOR PRIVACY","Ghana","","REDACTED FOR PRIVACY","REDACTED FOR PRIVACY","REDACTED FOR PRIVACY","REDACTED FOR PRIVACY","REDACTED FOR PRIVACY","REDACTED FOR PRIVACY","REDACTED FOR PRIVACY","REDACTED FOR PRIVACY","REDACTED FOR PRIVACY","","REDACTED FOR PRIVACY","REDACTED FOR PRIVACY","REDACTED FOR PRIVACY","REDACTED FOR PRIVACY","REDACTED FOR PRIVACY","REDACTED FOR PRIVACY","REDACTED FOR PRIVACY","REDACTED FOR PRIVACY","REDACTED FOR PRIVACY","","REDACTED FOR PRIVACY","REDACTED FOR PRIVACY","","","","","","","","","","","ns1.site4now.net","ns2.site4now.net","ns3.site4now.net","","OK","","",""
"4","adolfkarhin.com","2019-12-03 14:48:35","2019-12-02","2019-12-02","2020-12-02","146","GoDaddy.com, LLC","whois.godaddy.com","http://registrar.godaddy.com","Project Poodle","Project Poodle","","","CR","","Ghana","","","","","","","","","","","","","","","","","","","","","","","","","","","","","","","","","","ns27.domaincontrol.com","ns28.domaincontrol.com","","","clientDeleteProhibited","clientRenewProhibited","clientTransferProhibited","clientUpdateProhibited"
"5","afokpa.com","2019-12-03 14:32:53","2019-12-02","2019-12-02","2020-12-02","146","GoDaddy.com, LLC","whois.godaddy.com","http://registrar.godaddy.com","","","","","Greater Accra","","Ghana","","","","","","","","","","","","","","","","","","","","","","","","","","","","","","","","","","ns27.domaincontrol.com","ns28.domaincontrol.com","","","clientDeleteProhibited","clientRenewProhibited","clientTransferProhibited","clientUpdateProhibited"
"6","africanpetroleumgh.com","2019-12-03 14:48:53","2019-12-02","","2020-12-02","1068","NameCheap, Inc.","whois.namecheap.com","http://www.namecheap.com","DIVERSE ISP","BOX 5601 AN, ACCRA-GHANA","5601 ACCRA GHANA","ACCRA","TESANO","00233","Ghana","marshalcage@gmail.com","+233.0276188828","","DIVERSE ISP","BOX 5601 AN, ACCRA-GHANA","5601 ACCRA GHANA","ACCRA","TESANO","00233","Ghana","marshalcage@gmail.com","+233.0276188828","","DIVERSE ISP","BOX 5601 AN, ACCRA-GHANA","5601 ACCRA GHANA","ACCRA","TESANO","00233","Ghana","marshalcage@gmail.com","+233.0276188828","","","","","","","","","","","","ns1.admincpanel.com","ns2.admincpanel.com","","","addPeriod","clientTransferProhibited","",""
"7","agricutilization.com","2019-12-03 18:34:16","2019-12-02","2019-12-02","2020-12-02","303","PDR Ltd. d/b/a PublicDomainRegistry.com","whois.publicdomainregistry.com","http://www.publicdomainregistry.com","Faisal","LOGIKTECH","P.O.Box AN15685, Accra-North","Accra","Greater Accra","","Ghana","faisaldodo21@gmail.com","+233.242746770","","Faisal","LOGIKTECH","P.O.Box AN15685, Accra-North","Accra","Greater Accra","","Ghana","faisaldodo21@gmail.com","+233.242746770","","Faisal","LOGIKTECH","P.O.Box AN15685, Accra-North","Accra","Greater Accra","","Ghana","faisaldodo21@gmail.com","+233.242746770","","","","","","","","","","","","ns1.md-91.webhostbox.net","ns2.md-91.webhostbox.net","","","clientTransferProhibited","","",""
"8","beblesscharity.com","2019-12-03 16:47:10","2019-12-02","2019-12-02","2020-12-02","303","PDR Ltd. d/b/a PublicDomainRegistry.com","whois.publicdomainregistry.com","http://www.publicdomainregistry.com","Nathaniel Ananag","Ceritas Company Limited","p.o. box os 440","accra","greater accra","0000","Ghana","nyclef@gmail.com","+233.243430446","","Nathaniel Ananag","Ceritas Company Limited","p.o. box os 440","accra","greater accra","0000","Ghana","nyclef@gmail.com","+233.243430446","","Nathaniel Ananag","Ceritas Company Limited","p.o. box os 440","accra","greater accra","0000","Ghana","nyclef@gmail.com","+233.243430446","","","","","","","","","","","","ns1.ultrahostghana.com","ns101.ultrahostghana.com","ns102.ultrahostghana.com","ns2.ultrahostghana.com","clientTransferProhibited","","",""
"9","brainforestconsortium.com","2019-12-03 16:31:41","2019-12-02","2019-12-02","2020-12-02","1636","Hostinger, UAB","whois.hostinger.com","http://www.hostinger.com","Digitrust Ghana","Digitrust Ghana","Tesano Accra","Accra","Greater Accra","00233","Ghana","info@digitrustghana.com","+233.545064096","","Digitrust Ghana","Digitrust Ghana","Tesano Accra","Accra","Greater Accra","00233","Ghana","info@digitrustghana.com","+233.545064096","","Digitrust Ghana","Digitrust Ghana","Tesano Accra","Accra","Greater Accra","00233","Ghana","info@digitrustghana.com","+233.545064096","","","","","","","","","","","","ns1.dns-parking.com","ns2.dns-parking.com","","","clientTransferProhibited","","",""
"10","burnupgh.com","2019-12-03 17:01:06","2019-12-02","2019-12-02","2020-12-02","1636","Hostinger, UAB","whois.hostinger.com","http://www.hostinger.com","Digitrust Ghana","Digitrust Ghana","Lawyer Bus Stop, Nyanyano Road, Kasoa","Accra","Greater Accra","00233","Ghana","info@digitrustghana.com","+233.545588456","","Digitrust Ghana","Digitrust Ghana","Lawyer Bus Stop, Nyanyano Road, Kasoa","Accra","Greater Accra","00233","Ghana","info@digitrustghana.com","+233.545588456","","Digitrust Ghana","Digitrust Ghana","Lawyer Bus Stop, Nyanyano Road, Kasoa","Accra","Greater Accra","00233","Ghana","info@digitrustghana.com","+233.545588456","","","","","","","","","","","","ns1.dns-parking.com","ns2.dns-parking.com","","","clientTransferProhibited","","",""
"11","carinecosmetics.com","2019-12-03 15:03:17","2019-12-02","2019-12-02","2020-12-02","303","PDR Ltd. d/b/a PublicDomainRegistry.com","whois.publicdomainregistry.com","http://www.publicdomainregistry.com","ERNEST AMOAH","simple ict solutions","no 1 wawa lose north dzorwulu","accra","ACCRA","233","Ghana","donzigii@gmail.com","+233.244379196","","ERNEST AMOAH","simple ict solutions","no 1 wawa lose north dzorwulu","accra","ACCRA","233","Ghana","donzigii@gmail.com","+233.244379196","","ERNEST AMOAH","simple ict solutions","no 1 wawa lose north dzorwulu","accra","ACCRA","233","Ghana","donzigii@gmail.com","+233.244379196","","","","","","","","","","","","ns1.ultrahostghana.com","ns101.ultrahostghana.com","ns102.ultrahostghana.com","ns2.ultrahostghana.com","clientTransferProhibited","","",""
"12","divine-edna.com","2019-12-03 17:04:41","2019-12-01","2019-12-01","2020-12-01","146","GoDaddy.com, LLC","whois.godaddy.com","http://registrar.godaddy.com","Stimuluz Technologies Limited","Stimuluz Technologies Limited","","","Greater Accra","","Ghana","","","","","","","","","","","","","","","","","","","","","","","","","","","","","","","","","","ns27.domaincontrol.com","ns28.domaincontrol.com","","","clientDeleteProhibited","clientRenewProhibited","clientTransferProhibited","clientUpdateProhibited"
"13","emirates-express.com","2019-12-03 16:22:17","2019-12-02","2019-12-02","2020-12-02","303","PDR Ltd. d/b/a PublicDomainRegistry.com","whois.publicdomainregistry.com","http://www.publicdomainregistry.com","Douglas Quaye","CATION","P.O. Box 1986","Accra","GREATER ACCRA","0000","Ghana","douglasmcqoy@outlook.com","+233.504496627","","Douglas Quaye","CATION","P.O. Box 1986","Accra","GREATER ACCRA","0000","Ghana","douglasmcqoy@outlook.com","+233.504496627","","Douglas Quaye","CATION","P.O. Box 1986","Accra","GREATER ACCRA","0000","Ghana","douglasmcqoy@outlook.com","+233.504496627","","","","","","","","","","","","ns1.ultrahostghana.com","ns101.ultrahostghana.com","ns102.ultrahostghana.com","ns2.ultrahostghana.com","clientTransferProhibited","","",""
"14","fieldoms.com","2019-12-03 17:07:39","2019-12-02","2019-12-02","2020-12-02","146","GoDaddy.com, LLC","whois.godaddy.com","http://registrar.godaddy.com","","","","","Greater Accra","","Ghana","","","","","","","","","","","","","","","","","","","","","","","","","","","","","","","","","","ns27.domaincontrol.com","ns28.domaincontrol.com","","","clientDeleteProhibited","clientRenewProhibited","clientTransferProhibited","clientUpdateProhibited"
"15","fingerprintgh.com","2019-12-03 14:25:58","2019-12-02","2019-12-02","2020-12-02","625","Name.com, Inc.","whois.name.com","http://www.name.com","smollett Osae","Online media Ghana LLC","box 172","Nsawam","eatern region","00233","Ghana","support@omghlimited.com","+233.207537466x28954663","","smollett Osae","Online media Ghana LLC","box 172","Nsawam","eatern region","00233","Ghana","support@omghlimited.com","+233.207537466x28954663","","smollett Osae","Online media Ghana LLC","box 172","Nsawam","eatern region","00233","Ghana","support@omghlimited.com","+233.207537466x28954663","","","","","","","","","","","","ns1.ihostuk.com","ns2.ihostuk.com","","","addPeriod","clientTransferProhibited","",""
"16","guarantytrustexpress.com","2019-12-03 17:25:27","2019-12-01","2019-12-01","2020-12-01","146","GoDaddy.com, LLC","whois.godaddy.com","http://registrar.godaddy.com","KD Ideas","KD Ideas","","","Greater","","Ghana","","","","","","","","","","","","","","","","","","","","","","","","","","","","","","","","","","ns27.domaincontrol.com","ns28.domaincontrol.com","","","clientDeleteProhibited","clientRenewProhibited","clientTransferProhibited","clientUpdateProhibited"
"17","hajabucompany.com","2019-12-03 14:32:57","2019-12-02","2019-12-02","2020-12-02","303","PDR Ltd. d/b/a PublicDomainRegistry.com","whois.publicdomainregistry.com","http://www.publicdomainregistry.com","Haj abu","Haj Abu Company Ltd","Accra","Accra","Accra","00233","Ghana","hajabucompany@gmail.com","+233.241190470","","Haj abu","Haj Abu Company Ltd","Accra","Accra","Accra","00233","Ghana","hajabucompany@gmail.com","+233.241190470","","Haj abu","Haj Abu Company Ltd","Accra","Accra","Accra","00233","Ghana","hajabucompany@gmail.com","+233.241190470","","","","","","","","","","","","ns1.ultrahostghana.com","ns101.ultrahostghana.com","ns102.ultrahostghana.com","ns2.ultrahostghana.com","clientTransferProhibited","","",""
"18","incogad.com","2019-12-03 17:43:08","2019-12-02","2019-12-02","2020-12-02","1636","Hostinger, UAB","whois.hostinger.com","http://www.hostinger.com","Geography Conference","Geography Conference","Ghana steet 1","Ghana","Ghana","305136","Ghana","incogad2020@gmail.com","+233.501384768","","Geography Conference","Geography Conference","Ghana steet 1","Ghana","Ghana","305136","Ghana","incogad2020@gmail.com","+233.501384768","","Geography Conference","Geography Conference","Ghana steet 1","Ghana","Ghana","305136","Ghana","incogad2020@gmail.com","+233.501384768","","","","","","","","","","","","ns1.dns-parking.com","ns2.dns-parking.com","","","clientTransferProhibited","","",""
"19","jbcloset.com","2019-12-03 14:35:53","2019-12-02","2019-12-02","2020-12-02","303","PDR Ltd. d/b/a PublicDomainRegistry.com","whois.publicdomainregistry.com","http://www.publicdomainregistry.com","Heston Naawu","Door2Door Errand Services","P.O.Box CO 2034","Kumasi","Ashanti Region","0000","Ghana","contact.heston@gmail.com","+233.501428805","","Heston Naawu","Door2Door Errand Services","P.O.Box CO 2034","Kumasi","Ashanti Region","0000","Ghana","contact.heston@gmail.com","+233.501428805","","Heston Naawu","Door2Door Errand Services","P.O.Box CO 2034","Kumasi","Ashanti Region","0000","Ghana","contact.heston@gmail.com","+233.501428805","","","","","","","","","","","","ns1.ultrahostghana.com","ns101.ultrahostghana.com","ns102.ultrahostghana.com","ns2.ultrahostghana.com","clientTransferProhibited","","",""
"20","kenyanewsbrief.com","2019-12-03 15:04:07","2019-12-02","2019-12-02","2020-12-02","146","GoDaddy.com, LLC","whois.godaddy.com","http://registrar.godaddy.com","","","","","Greater Accra","","Ghana","","","","","","","","","","","","","","","","","","","","","","","","","","","","","","","","","","ns27.domaincontrol.com","ns28.domaincontrol.com","","","clientDeleteProhibited","clientRenewProhibited","clientTransferProhibited","clientUpdateProhibited"
"21","luxusestates.properties","2019-12-03 16:21:00","2019-12-02","2019-12-02","2020-12-02","146","GoDaddy.com, LLC","whois.godaddy.com","http://registrar.godaddy.com","REDACTED FOR PRIVACY","","REDACTED FOR PRIVACY","REDACTED FOR PRIVACY","GREATER ACCRA","REDACTED FOR PRIVACY","Ghana","","REDACTED FOR PRIVACY","REDACTED FOR PRIVACY","","","","","","","","","","","","","","","","","","","","","","","","","","","","","","","","","","","addPeriod","clientDeleteProhibited","clientRenewProhibited","clientTransferProhibited"
"22","lyncestinegroup.com","2019-12-03 15:25:03","2019-12-02","2019-12-02","2020-12-02","146","GoDaddy.com, LLC","whois.godaddy.com","http://registrar.godaddy.com","","","","","Ashanti","","Ghana","","","","","","","","","","","","","","","","","","","","","","","","","","","","","","","","","","ns27.domaincontrol.com","ns28.domaincontrol.com","","","clientDeleteProhibited","clientRenewProhibited","clientTransferProhibited","clientUpdateProhibited"
"23","measuremegh.com","2019-12-03 16:57:20","2019-12-02","2019-12-02","2020-12-02","303","PDR Ltd. d/b/a PublicDomainRegistry.com","whois.publicdomainregistry.com","http://www.publicdomainregistry.com","YAW BOAMAH","firstMicrodata","Plt 20, Blk B, Santasi P. O Box 14, Effiduasi - Ash.","Effiduasi","Effiduasi","233","Ghana","darlingbee2007@yahoo.com","+233.0244066384","","YAW BOAMAH","firstMicrodata","Plt 20, Blk B, Santasi P. O Box 14, Effiduasi - Ash.","Effiduasi","Effiduasi","233","Ghana","darlingbee2007@yahoo.com","+233.0244066384","","YAW BOAMAH","firstMicrodata","Plt 20, Blk B, Santasi P. O Box 14, Effiduasi - Ash.","Effiduasi","Effiduasi","233","Ghana","darlingbee2007@yahoo.com","+233.0244066384","","","","","","","","","","","","ns1.zenophweb.com","ns2.zenophweb.com","","","clientTransferProhibited","","",""
"24","nfoniafrica.com","2019-12-03 17:00:55","2019-12-02","2019-12-02","2020-12-02","955","Launchpad, Inc.","whois.launchpad.com","http://www.launchpad.com","nFoni Africa","","East Legon","Accra","Eastern","","Ghana","nfonibackup@gmail.com","+233.209762372","","nFoni Africa","","East Legon","Accra","Eastern","","Ghana","nfonibackup@gmail.com","+233.209762372","","nFoni Africa","","East Legon","Accra","Eastern","","Ghana","nfonibackup@gmail.com","+233.209762372","","","","","","","","","","","","cns441.hostgator.com","cns442.hostgator.com","","","clientTransferProhibited","","",""
"25","niiquayemensahandassociates.com","2019-12-03 17:08:07","2019-12-02","2019-12-02","2020-12-02","303","PDR Ltd. d/b/a PublicDomainRegistry.com","whois.publicdomainregistry.com","http://www.publicdomainregistry.com","nii quaye-mensah","Nii Quaye-Mensah and Associates","Tema","Ashaiman lebanon","Greater Accra Region","00233","Ghana","nquayemensah@gmail.com","+233.249879889","","nii quaye-mensah","Nii Quaye-Mensah and Associates","Tema","Ashaiman lebanon","Greater Accra Region","00233","Ghana","nquayemensah@gmail.com","+233.249879889","","nii quaye-mensah","Nii Quaye-Mensah and Associates","Tema","Ashaiman lebanon","Greater Accra Region","00233","Ghana","nquayemensah@gmail.com","+233.249879889","","","","","","","","","","","","ns3.stormerhost.com","ns4.stormerhost.com","","","clientTransferProhibited","","",""
"26","northroofgh.com","2019-12-03 16:56:28","2019-12-02","2019-12-02","2020-12-02","146","GoDaddy.com, LLC","whois.godaddy.com","http://registrar.godaddy.com","Breathe Creative Studio","Breathe Creative Studio","","","Greater Accra","","Ghana","","","","","","","","","","","","","","","","","","","","","","","","","","","","","","","","","","ns27.domaincontrol.com","ns28.domaincontrol.com","","","clientDeleteProhibited","clientRenewProhibited","clientTransferProhibited","clientUpdateProhibited"
"27","officemallghana.com","2019-12-03 14:16:46","2019-12-01","2019-12-01","2020-12-01","303","PDR Ltd. d/b/a PublicDomainRegistry.com","whois.publicdomainregistry.com","http://www.publicdomainregistry.com","Lord","","AD 601 Adisadel","ADISADEL","Central","233","Ghana","fdiamenu@gmail.com","+233.243268889","","Lord","","AD 601 Adisadel","ADISADEL","Central","233","Ghana","fdiamenu@gmail.com","+233.243268889","","Lord","","AD 601 Adisadel","ADISADEL","Central","233","Ghana","fdiamenu@gmail.com","+233.243268889","","","","","","","","","","","","ns1.bh-ht-2.webhostbox.net","ns2.bh-ht-2.webhostbox.net","","","clientTransferProhibited","","",""
"28","okay-taxi.com","2019-12-03 14:25:19","2019-12-02","2019-12-02","2020-12-02","303","PDR Ltd. d/b/a PublicDomainRegistry.com","whois.publicdomainregistry.com","http://www.publicdomainregistry.com","ERNEST AMOAH","simple ict solutions","no 1 wawa lose north dzorwulu","accra","ACCRA","233","Ghana","donzigii@gmail.com","+233.244379196","","ERNEST AMOAH","simple ict solutions","no 1 wawa lose north dzorwulu","accra","ACCRA","233","Ghana","donzigii@gmail.com","+233.244379196","","ERNEST AMOAH","simple ict solutions","no 1 wawa lose north dzorwulu","accra","ACCRA","233","Ghana","donzigii@gmail.com","+233.244379196","","","","","","","","","","","","ns1.ultrahostghana.com","ns101.ultrahostghana.com","ns102.ultrahostghana.com","ns2.ultrahostghana.com","clientTransferProhibited","","",""
"29","printcage.com","2019-12-03 16:38:34","2019-12-02","","2020-12-02","1068","NameCheap, Inc.","whois.namecheap.com","http://www.namecheap.com","DIVERSE ISP","BOX 5601 AN, ACCRA-GHANA","5601 ACCRA GHANA","ACCRA","TESANO","00233","Ghana","marshalcage@gmail.com","+233.0276188828","","DIVERSE ISP","BOX 5601 AN, ACCRA-GHANA","5601 ACCRA GHANA","ACCRA","TESANO","00233","Ghana","marshalcage@gmail.com","+233.0276188828","","DIVERSE ISP","BOX 5601 AN, ACCRA-GHANA","5601 ACCRA GHANA","ACCRA","TESANO","00233","Ghana","marshalcage@gmail.com","+233.0276188828","","","","","","","","","","","","ns1.admincpanel.com","ns2.admincpanel.com","","","addPeriod","clientTransferProhibited","",""
"30","psalmnewsblog.com","2019-12-03 15:28:29","2019-12-02","2019-12-02","2020-12-02","303","PDR Ltd. d/b/a PublicDomainRegistry.com","whois.publicdomainregistry.com","http://www.publicdomainregistry.com","Abraham Adeleke","Psalmnewsblog","Agormanya market odumase","Krobo","Eastern","10113","Ghana","abrahamadeleke8@gmail.com","+233.549518364","","Abraham Adeleke","Psalmnewsblog","Agormanya market odumase","Krobo","Eastern","10113","Ghana","abrahamadeleke8@gmail.com","+233.549518364","","Abraham Adeleke","Psalmnewsblog","Agormanya market odumase","Krobo","Eastern","10113","Ghana","abrahamadeleke8@gmail.com","+233.549518364","","","","","","","","","","","","ns5.stormerhost.com","ns6.stormerhost.com","ns7.stormerhost.com","ns8.stormerhost.com","clientTransferProhibited","","",""
"31","scentbygitta.com","2019-12-03 15:10:35","2019-12-02","2019-12-02","2020-12-02","69","Tucows Domains Inc.","whois.tucows.com","http://domainhelp.opensrs.net","REDACTED FOR PRIVACY","REDACTED FOR PRIVACY","REDACTED FOR PRIVACY","REDACTED FOR PRIVACY","Greater Accra","REDACTED FOR PRIVACY","Ghana","","REDACTED FOR PRIVACY","REDACTED FOR PRIVACY","REDACTED FOR PRIVACY","REDACTED FOR PRIVACY","REDACTED FOR PRIVACY","REDACTED FOR PRIVACY","REDACTED FOR PRIVACY","REDACTED FOR PRIVACY","REDACTED FOR PRIVACY","","REDACTED FOR PRIVACY","REDACTED FOR PRIVACY","REDACTED FOR PRIVACY","REDACTED FOR PRIVACY","REDACTED FOR PRIVACY","REDACTED FOR PRIVACY","REDACTED FOR PRIVACY","REDACTED FOR PRIVACY","REDACTED FOR PRIVACY","","REDACTED FOR PRIVACY","REDACTED FOR PRIVACY","","","","","","","","","","","ns.inmotionhosting.com","ns2.inmotionhosting.com","","","","","",""
"32","sekyedumasehealthcentre.com","2019-12-03 14:49:29","2019-12-02","2019-12-02","2020-12-02","303","PDR Ltd. d/b/a PublicDomainRegistry.com","whois.publicdomainregistry.com","http://www.publicdomainregistry.com","BRINTON PIOUS","SEKYEDUMASE HEALTH CENTRE","CLINIC ROAD","SEKYEDUMASE","ASHANTE REGION","5","Ghana","brintonmugeez@gmail.com","+233.556679506","","BRINTON PIOUS","SEKYEDUMASE HEALTH CENTRE","CLINIC ROAD","SEKYEDUMASE","ASHANTE REGION","5","Ghana","brintonmugeez@gmail.com","+233.556679506","","BRINTON PIOUS","SEKYEDUMASE HEALTH CENTRE","CLINIC ROAD","SEKYEDUMASE","ASHANTE REGION","5","Ghana","brintonmugeez@gmail.com","+233.556679506","","","","","","","","","","","","ns5.ovationhall.com","ns6.ovationhall.com","","","clientTransferProhibited","","",""
"33","selyao.com","2019-12-03 17:34:14","2019-12-02","2019-12-02","2020-12-02","303","PDR Ltd. d/b/a PublicDomainRegistry.com","whois.publicdomainregistry.com","http://www.publicdomainregistry.com","ERNEST AMOAH","simple ict solutions","no 1 wawa lose north dzorwulu","accra","ACCRA","233","Ghana","donzigii@gmail.com","+233.244379196","","ERNEST AMOAH","simple ict solutions","no 1 wawa lose north dzorwulu","accra","ACCRA","233","Ghana","donzigii@gmail.com","+233.244379196","","ERNEST AMOAH","simple ict solutions","no 1 wawa lose north dzorwulu","accra","ACCRA","233","Ghana","donzigii@gmail.com","+233.244379196","","","","","","","","","","","","ns1.ultrahostghana.com","ns101.ultrahostghana.com","ns102.ultrahostghana.com","ns2.ultrahostghana.com","clientTransferProhibited","","",""
"34","shielagockel.com","2019-12-03 17:38:59","2019-12-02","2019-12-02","2020-12-02","625","Name.com, Inc.","whois.name.com","http://www.name.com","Visual Insight","Visual Insight Inc","MP 1168 , Accra","Accra","Greater Accra","23321","Ghana","gustav@visualinsightinc.com","+233.208110480","","Visual Insight","Visual Insight Inc","MP 1168 , Accra","Accra","Greater Accra","23321","Ghana","gustav@visualinsightinc.com","+233.208110480","","Visual Insight","Visual Insight Inc","MP 1168 , Accra","Accra","Greater Accra","23321","Ghana","gustav@visualinsightinc.com","+233.208110480","","","","","","","","","","","","ns1bqx.name.com","ns2clp.name.com","ns3sxz.name.com","ns4ghm.name.com","addPeriod","clientTransferProhibited","",""
"35","spearmaneve.com","2019-12-03 17:25:10","2019-12-02","2019-12-02","2020-12-02","146","GoDaddy.com, LLC","whois.godaddy.com","http://registrar.godaddy.com","Breathe Creative Studio","Breathe Creative Studio","","","Greater Accra","","Ghana","","","","","","","","","","","","","","","","","","","","","","","","","","","","","","","","","","ns27.domaincontrol.com","ns28.domaincontrol.com","","","clientDeleteProhibited","clientRenewProhibited","clientTransferProhibited","clientUpdateProhibited"
"36","tbalecture.com","2019-12-03 18:26:27","2019-12-02","2019-12-02","2020-12-02","664","Web4Africa Inc","whois.web4africa.net","http://www.web4africa.net","Adams Solomon","","PT 89 Anaji, 2ND Avenue","Takoradi","Western","00233","Ghana","slbta@yahoo.com","+233.235762204","","Adams Solomon","","PT 89 Anaji, 2ND Avenue","Takoradi","Western","00233","Ghana","slbta@yahoo.com","+233.235762204","","Adams Solomon","","PT 89 Anaji, 2ND Avenue","Takoradi","Western","00233","Ghana","slbta@yahoo.com","+233.235762204","","","","","","","","","","","","gail.ns.cloudflare.com","zeus.ns.cloudflare.com","","","clientTransferProhibited","","",""
"37","thefabteam.com","2019-12-03 17:01:29","2019-12-02","2019-12-02","2020-12-02","69","Tucows Domains Inc.","whois.tucows.com","http://domainhelp.opensrs.net","REDACTED FOR PRIVACY","REDACTED FOR PRIVACY","REDACTED FOR PRIVACY","REDACTED FOR PRIVACY","Greater Accra","REDACTED FOR PRIVACY","Ghana","","REDACTED FOR PRIVACY","REDACTED FOR PRIVACY","REDACTED FOR PRIVACY","REDACTED FOR PRIVACY","REDACTED FOR PRIVACY","REDACTED FOR PRIVACY","REDACTED FOR PRIVACY","REDACTED FOR PRIVACY","REDACTED FOR PRIVACY","","REDACTED FOR PRIVACY","REDACTED FOR PRIVACY","REDACTED FOR PRIVACY","REDACTED FOR PRIVACY","REDACTED FOR PRIVACY","REDACTED FOR PRIVACY","REDACTED FOR PRIVACY","REDACTED FOR PRIVACY","REDACTED FOR PRIVACY","","REDACTED FOR PRIVACY","REDACTED FOR PRIVACY","","","","","","","","","","","ns1.wisteria.arvixe.com","ns2.wisteria.arvixe.com","","","clientTransferProhibited","clientUpdateProhibited","",""
"38","thisminds.com","2019-12-03 14:57:31","2019-12-02","2019-12-02","2020-12-02","146","GoDaddy.com, LLC","whois.godaddy.com","http://registrar.godaddy.com","thisminds","thisminds","","","Greater Accra","","Ghana","","","","","","","","","","","","","","","","","","","","","","","","","","","","","","","","","","ns27.domaincontrol.com","ns28.domaincontrol.com","","","clientDeleteProhibited","clientRenewProhibited","clientTransferProhibited","clientUpdateProhibited"
"39","vicontec.com","2019-12-03 18:23:14","2019-12-02","2019-12-02","2020-12-02","303","PDR Ltd. d/b/a PublicDomainRegistry.com","whois.publicdomainregistry.com","http://www.publicdomainregistry.com","Thomas Okai","Horizon Technologies","Community 9, X5","Tema","Greater Accra Region","0000","Ghana","swimgsts@gmail.com","+233.205409179","","Thomas Okai","Horizon Technologies","Community 9, X5","Tema","Greater Accra Region","0000","Ghana","swimgsts@gmail.com","+233.205409179","","Thomas Okai","Horizon Technologies","Community 9, X5","Tema","Greater Accra Region","0000","Ghana","swimgsts@gmail.com","+233.205409179","","","","","","","","","","","","ns1.ultrahostghana.com","ns101.ultrahostghana.com","ns102.ultrahostghana.com","ns2.ultrahostghana.com","clientTransferProhibited","","",""
"40","westcountriesmeatprocessing.com","2019-12-03 15:17:31","2019-12-02","2019-12-02","2020-12-02","146","GoDaddy.com, LLC","whois.godaddy.com","http://registrar.godaddy.com","PressBucket","PressBucket","","","Ashanti","","Ghana","","","","","","","","","","","","","","","","","","","","","","","","","","","","","","","","","","ns21.domaincontrol.com","ns22.domaincontrol.com","","","clientDeleteProhibited","clientRenewProhibited","clientTransferProhibited","clientUpdateProhibited"