"num","domain_name","query_time","create_date","update_date","expiry_date","domain_registrar_id","domain_registrar_name","domain_registrar_whois","domain_registrar_url","registrant_name","registrant_company","registrant_address","registrant_city","registrant_state","registrant_zip","registrant_country","registrant_email","registrant_phone","registrant_fax","administrative_name","administrative_company","administrative_address","administrative_city","administrative_state","administrative_zip","administrative_country","administrative_email","administrative_phone","administrative_fax","technical_name","technical_company","technical_address","technical_city","technical_state","technical_zip","technical_country","technical_email","technical_phone","technical_fax","billing_name","billing_company","billing_address","billing_city","billing_state","billing_zip","billing_country","billing_email","billing_phone","billing_fax","name_server_1","name_server_2","name_server_3","name_server_4","domain_status_1","domain_status_2","domain_status_3","domain_status_4"
"1","codefor.pizza","2019-12-03 17:34:40","2019-12-02","2019-12-02","2020-12-02","146","GoDaddy.com, LLC","whois.godaddy.com","http://registrar.godaddy.com","REDACTED FOR PRIVACY","Virtual World Services Ltd.","REDACTED FOR PRIVACY","REDACTED FOR PRIVACY","Gibraltar","REDACTED FOR PRIVACY","Gibraltar","","REDACTED FOR PRIVACY","REDACTED FOR PRIVACY","","","","","","","","","","","","","","","","","","","","","","","","","","","","","","","","","","","addPeriod","clientDeleteProhibited","clientRenewProhibited","clientTransferProhibited"
"2","coding.voyage","2019-12-03 14:30:12","2019-12-02","2019-12-02","2020-12-02","146","GoDaddy.com, LLC","whois.godaddy.com","http://registrar.godaddy.com","REDACTED FOR PRIVACY","Virtual World Services Ltd.","REDACTED FOR PRIVACY","REDACTED FOR PRIVACY","Gibraltar","REDACTED FOR PRIVACY","Gibraltar","","REDACTED FOR PRIVACY","REDACTED FOR PRIVACY","","","","","","","","","","","","","","","","","","","","","","","","","","","","","","","","","","","addPeriod","clientDeleteProhibited","clientRenewProhibited","clientTransferProhibited"
"3","cryptocoinmarket.net","2019-12-03 14:56:52","2019-12-01","2019-12-01","2020-12-01","3584","DropCatch.com 1375 LLC","","","Michael Daumen","+++ This domain is for SALE +++","414 Watergardens, Waterport Road","Gibraltar","Gibraltar","0000","Gibraltar","woonaming@gmail.com","+44.7418415815","","Michael Daumen","+++ This domain is for SALE +++","414 Watergardens, Waterport Road","Gibraltar","Gibraltar","0000","Gibraltar","woonaming@gmail.com","+44.7418415815","","Michael Daumen","+++ This domain is for SALE +++","414 Watergardens, Waterport Road","Gibraltar","Gibraltar","0000","Gibraltar","woonaming@gmail.com","+44.7418415815","","","","","","","","","","","","ns1.undeveloped.com","ns2.undeveloped.com","","","clientTransferProhibited","","",""
"4","gugamble.com","2019-12-03 14:46:24","2019-12-02","2019-12-02","2020-12-02","146","GoDaddy.com, LLC","whois.godaddy.com","http://registrar.godaddy.com","","","","","Gibraltar","","Gibraltar","","","","","","","","","","","","","","","","","","","","","","","","","","","","","","","","","","ns21.domaincontrol.com","ns22.domaincontrol.com","","","clientDeleteProhibited","clientRenewProhibited","clientTransferProhibited","clientUpdateProhibited"
"5","nuttyartisanfoodsco.com","2019-12-03 14:49:32","2019-12-01","2019-12-01","2020-12-01","146","GoDaddy.com, LLC","whois.godaddy.com","http://registrar.godaddy.com","","","","","Gibraltar","","Gibraltar","","","","","","","","","","","","","","","","","","","","","","","","","","","","","","","","","","ns27.domaincontrol.com","ns28.domaincontrol.com","","","clientDeleteProhibited","clientRenewProhibited","clientTransferProhibited","clientUpdateProhibited"
"6","nuttyartisanfoodscompany.com","2019-12-03 18:23:50","2019-12-01","2019-12-01","2020-12-01","146","GoDaddy.com, LLC","whois.godaddy.com","http://registrar.godaddy.com","","","","","Gibraltar","","Gibraltar","","","","","","","","","","","","","","","","","","","","","","","","","","","","","","","","","","ns27.domaincontrol.com","ns28.domaincontrol.com","","","clientDeleteProhibited","clientRenewProhibited","clientTransferProhibited","clientUpdateProhibited"
"7","okzilab.com","2019-12-03 18:56:30","2019-12-02","2019-12-02","2021-12-02","625","Name.com, Inc.","whois.name.com","http://www.name.com","Pieter Christiaens","Pieter David Christiaens","Vila Cristina","Lagoa","Algarve","8400-450","Gibraltar","mail_pieter@hotmail.com","+351.912078232","","Pieter Christiaens","Pieter David Christiaens","Vila Cristina","Lagoa","Algarve","8400-450","Gibraltar","mail_pieter@hotmail.com","+351.912078232","","Pieter Christiaens","Pieter David Christiaens","Vila Cristina","Lagoa","Algarve","8400-450","Gibraltar","mail_pieter@hotmail.com","+351.912078232","","","","","","","","","","","","ns641.websitewelcome.com","ns642.websitewelcome.com","","","addPeriod","clientTransferProhibited","",""