"num","domain_name","query_time","create_date","update_date","expiry_date","domain_registrar_id","domain_registrar_name","domain_registrar_whois","domain_registrar_url","registrant_name","registrant_company","registrant_address","registrant_city","registrant_state","registrant_zip","registrant_country","registrant_email","registrant_phone","registrant_fax","administrative_name","administrative_company","administrative_address","administrative_city","administrative_state","administrative_zip","administrative_country","administrative_email","administrative_phone","administrative_fax","technical_name","technical_company","technical_address","technical_city","technical_state","technical_zip","technical_country","technical_email","technical_phone","technical_fax","billing_name","billing_company","billing_address","billing_city","billing_state","billing_zip","billing_country","billing_email","billing_phone","billing_fax","name_server_1","name_server_2","name_server_3","name_server_4","domain_status_1","domain_status_2","domain_status_3","domain_status_4"
"1","abs-guinee.com","2019-12-03 18:37:18","2019-12-02","2019-12-02","2020-12-02","1630","Ligne Web Services SARL","whois.nic.fr","http://www.ait.com","CEDI","CEDI","","","","","Guinea","482735e36d5553331074ec41eede813f@whois-anonymous.com","","","CEDI","CEDI","","","","","Guinea","482735e36d5553331074ec41eede813f@whois-anonymous.com","","","CEDI","CEDI","","","","","Guinea","482735e36d5553331074ec41eede813f@whois-anonymous.com","","","CEDI","CEDI","","","","","Guinea","482735e36d5553331074ec41eede813f@whois-anonymous.com","","","","","","","More","clientTransferProhibited","informations","on"
"2","cayt-sarlu.com","2019-12-03 14:35:35","2019-12-02","2019-12-02","2020-12-02","1630","Ligne Web Services SARL","whois.nic.fr","http://www.ait.com","balde mamadou cellou","","ratoma","CONAKRY","","12300","Guinea","celloukourah@gmail.com","+224.662759920","","balde mamadou cellou","","ratoma","CONAKRY","","12300","Guinea","celloukourah@gmail.com","+224.662759920","","balde mamadou cellou","","ratoma","CONAKRY","","12300","Guinea","celloukourah@gmail.com","+224.662759920","","balde mamadou cellou","","ratoma","CONAKRY","","12300","Guinea","celloukourah@gmail.com","+224.662759920","","","","","","More","clientTransferProhibited","informations","on"
"3","guisasconsulting.com","2019-12-03 15:54:06","2019-12-02","2019-12-02","2020-12-02","303","PDR Ltd. d/b/a PublicDomainRegistry.com","whois.publicdomainregistry.com","http://www.publicdomainregistry.com","KOUROUMA Mandjou","GUISAS CONSULTING SARL","Conakry","Conakry","Other","224","Guinea","kmandjou84@gmail.com","+224.622609616","","KOUROUMA Mandjou","GUISAS CONSULTING SARL","Conakry","Conakry","Other","224","Guinea","kmandjou84@gmail.com","+224.622609616","","KOUROUMA Mandjou","GUISAS CONSULTING SARL","Conakry","Conakry","Other","224","Guinea","kmandjou84@gmail.com","+224.622609616","","","","","","","","","","","","ns1.md-22.webhostbox.net","ns2.md-22.webhostbox.net","","","clientTransferProhibited","","",""
"4","porosi.net","2019-12-03 15:32:27","2019-12-02","2019-12-02","2020-12-02","303","PDR Ltd. d/b/a PublicDomainRegistry.com","whois.publicdomainregistry.com","http://www.publicdomainregistry.com","Kourouma Doumbouya","","Kouroudakoro 1","Siguiri","Siguiri","370","Guinea","andsoumlenet@gmail.com","+224.626072253","","Kourouma Doumbouya","","Kouroudakoro 1","Siguiri","Siguiri","370","Guinea","andsoumlenet@gmail.com","+224.626072253","","Kourouma Doumbouya","","Kouroudakoro 1","Siguiri","Siguiri","370","Guinea","andsoumlenet@gmail.com","+224.626072253","","","","","","","","","","","","1.namedc.com","2.namedc.com","","","clientTransferProhibited","","",""
"5","som-prestationservices.com","2019-12-03 18:22:23","2019-12-02","2019-12-02","2020-12-02","1630","Ligne Web Services SARL","whois.nic.fr","http://www.ait.com","","","","","","","Guinea","ec76b8197b707c46437993c53c018cc9@whois-anonymous.com","","","","","","","","","Guinea","ec76b8197b707c46437993c53c018cc9@whois-anonymous.com","","","","","","","","","Guinea","ec76b8197b707c46437993c53c018cc9@whois-anonymous.com","","","","","","","","","Guinea","ec76b8197b707c46437993c53c018cc9@whois-anonymous.com","","","","","","","More","clientTransferProhibited","informations","on"
"6","terragroup.pro","2019-12-03 19:04:09","2019-12-02","2019-12-02","2020-12-02","1630","Ligne Web Services SARL","whois.nic.fr","http://www.ait.com","","","","","","","Guinea","","","","","","","","","","","","","","","","","","","","","","","","","","","","","","","","","","ns5.lwsdns.com","ns6.lwsdns.com","ns7.lwsdns.com","ns8.lwsdns.com","addPeriod","serverTransferProhibited","",""