"num","domain_name","query_time","create_date","update_date","expiry_date","domain_registrar_id","domain_registrar_name","domain_registrar_whois","domain_registrar_url","registrant_name","registrant_company","registrant_address","registrant_city","registrant_state","registrant_zip","registrant_country","registrant_email","registrant_phone","registrant_fax","administrative_name","administrative_company","administrative_address","administrative_city","administrative_state","administrative_zip","administrative_country","administrative_email","administrative_phone","administrative_fax","technical_name","technical_company","technical_address","technical_city","technical_state","technical_zip","technical_country","technical_email","technical_phone","technical_fax","billing_name","billing_company","billing_address","billing_city","billing_state","billing_zip","billing_country","billing_email","billing_phone","billing_fax","name_server_1","name_server_2","name_server_3","name_server_4","domain_status_1","domain_status_2","domain_status_3","domain_status_4"
"1","caribechannelred.com","2019-12-03 18:05:53","2019-12-02","2019-12-02","2020-12-02","440","Wild West Domains, LLC","whois.wildwestdomains.com","http://www.wildwestdomains.com","ACTIONS CARIPROCS","","Rue Darguin # 8","Petion ville","Ouest","HT6140","Haiti","contact@cariprocs.network","+509.28171766","","ACTIONS CARIPROCS","","Rue Darguin # 8","Petion ville","Ouest","HT6140","Haiti","contact@cariprocs.network","+509.28171766","","ACTIONS CARIPROCS","","Rue Darguin # 8","Petion ville","Ouest","HT6140","Haiti","contact@cariprocs.network","+509.28171766","","ACTIONS CARIPROCS","","Rue Darguin # 8","Petion ville","Ouest","HT6140","Haiti","contact@cariprocs.network","+509.28171766","","ns1.nitoweb.com","ns2.nitoweb.com","","","clientDeleteProhibited","clientRenewProhibited","clientTransferProhibited","clientUpdateProhibited"
"2","caribechannelweb.com","2019-12-03 16:14:54","2019-12-02","2019-12-02","2020-12-02","440","Wild West Domains, LLC","whois.wildwestdomains.com","http://www.wildwestdomains.com","Actions Cariprocs","Actions Cariprocs","","","Ouest","","Haiti","","","","","","","","","","","","","","","","","","","","","","","","","","","","","","","","","","ns1.nitoweb.com","ns2.nitoweb.com","","","clientDeleteProhibited","clientRenewProhibited","clientTransferProhibited","clientUpdateProhibited"
"3","ejaculationprematuree.com","2019-12-03 17:56:04","2019-12-02","2019-12-02","2020-12-02","1636","Hostinger, UAB","whois.hostinger.com","http://www.hostinger.com","Davidson Anis","Davidson Anis","Route de Pis, c18 building 2004","Delmas","Delmas","6120","Haiti","dadsonanis@gmail.com","+509.43499854","","Davidson Anis","Davidson Anis","Route de Pis, c18 building 2004","Delmas","Delmas","6120","Haiti","dadsonanis@gmail.com","+509.43499854","","Davidson Anis","Davidson Anis","Route de Pis, c18 building 2004","Delmas","Delmas","6120","Haiti","dadsonanis@gmail.com","+509.43499854","","","","","","","","","","","","ns1.dns-parking.com","ns2.dns-parking.com","","","clientTransferProhibited","","",""
"4","nosecretforme.com","2019-12-03 15:54:23","2019-12-02","2019-12-02","2021-12-02","146","GoDaddy.com, LLC","whois.godaddy.com","http://registrar.godaddy.com","Bailly Tech","Bailly Tech","","","Artibonite","","Haiti","","","","","","","","","","","","","","","","","","","","","","","","","","","","","","","","","","ns27.domaincontrol.com","ns28.domaincontrol.com","","","clientDeleteProhibited","clientRenewProhibited","clientTransferProhibited","clientUpdateProhibited"
"5","rezolevanjil.com","2019-12-03 18:52:57","2019-12-02","2019-12-02","2020-12-02","955","Launchpad, Inc.","whois.launchpad.com","http://www.launchpad.com","Ayiti Niouz","None","Port-au-Prince, Haiti","Port-au-Prince","OU","6120","Haiti","ayitiniouz@gmail.com","+509.48456293","","Ayiti Niouz","None","Port-au-Prince, Haiti","Port-au-Prince","OU","6120","Haiti","ayitiniouz@gmail.com","+509.48456293","","Ayiti Niouz","None","Port-au-Prince, Haiti","Port-au-Prince","OU","6120","Haiti","ayitiniouz@gmail.com","+509.48456293","","","","","","","","","","","","ns8251.hostgator.com","ns8252.hostgator.com","","","clientTransferProhibited","","",""