"num","domain_name","query_time","create_date","update_date","expiry_date","domain_registrar_id","domain_registrar_name","domain_registrar_whois","domain_registrar_url","registrant_name","registrant_company","registrant_address","registrant_city","registrant_state","registrant_zip","registrant_country","registrant_email","registrant_phone","registrant_fax","administrative_name","administrative_company","administrative_address","administrative_city","administrative_state","administrative_zip","administrative_country","administrative_email","administrative_phone","administrative_fax","technical_name","technical_company","technical_address","technical_city","technical_state","technical_zip","technical_country","technical_email","technical_phone","technical_fax","billing_name","billing_company","billing_address","billing_city","billing_state","billing_zip","billing_country","billing_email","billing_phone","billing_fax","name_server_1","name_server_2","name_server_3","name_server_4","domain_status_1","domain_status_2","domain_status_3","domain_status_4"
"1","alvlaws.com","2019-12-03 14:16:57","2019-12-02","2019-12-02","2021-12-02","146","GoDaddy.com, LLC","whois.godaddy.com","http://registrar.godaddy.com","Aguilera Lopez Vasquez, Firma Legal","Aguilera Lopez Vasquez, Firma Legal","","","Francisco Morazan","","Honduras","","","","","","","","","","","","","","","","","","","","","","","","","","","","","","","","","","ns27.domaincontrol.com","ns28.domaincontrol.com","","","clientDeleteProhibited","clientRenewProhibited","clientTransferProhibited","clientUpdateProhibited"
"2","hospitalyclinicasviera.com","2019-12-03 16:04:19","2019-12-01","2019-12-01","2021-12-01","146","GoDaddy.com, LLC","whois.godaddy.com","http://registrar.godaddy.com","Hospital y Clinicas","Hospital y Clinicas Viera","Hospital y Clinicas Viera","Tegucigalpa","Not Available","","Honduras","contacto@traviesosweb.com","+504.32442199","+504.22371365","Hospital y Clinicas","Hospital y Clinicas Viera","Hospital y Clinicas Viera","Tegucigalpa","Not Available","","Honduras","contacto@traviesosweb.com","+504.32442199","+504.22371365","Hospital y Clinicas","Hospital y Clinicas Viera","Hospital y Clinicas Viera","Tegucigalpa","Not Available","","Honduras","contacto@traviesosweb.com","+504.32442199","+504.22371365","Hospital y Clinicas","Hospital y Clinicas Viera","Hospital y Clinicas Viera","Tegucigalpa","Not Available","","Honduras","contacto@traviesosweb.com","+504.32442199","+504.22371365","ns27.domaincontrol.com","ns28.domaincontrol.com","","","clientDeleteProhibited","clientRenewProhibited","clientTransferProhibited","clientUpdateProhibited"
"3","merakisshop.com","2019-12-03 17:52:56","2019-12-02","2019-12-02","2020-12-02","955","Launchpad, Inc.","whois.launchpad.com","http://www.launchpad.com","Manuel Rodriguez","None","Bella Oriente, Bloque A, casa 30","Tegucigalpa","FM","11101","Honduras","progeohn@gmail.com","+504.32042158","","Manuel Rodriguez","None","Bella Oriente, Bloque A, casa 30","Tegucigalpa","FM","11101","Honduras","progeohn@gmail.com","+504.32042158","","Manuel Rodriguez","None","Bella Oriente, Bloque A, casa 30","Tegucigalpa","FM","11101","Honduras","progeohn@gmail.com","+504.32042158","","","","","","","","","","","","ns8509.hostgator.com","ns8510.hostgator.com","","","clientTransferProhibited","","",""
"4","rotulosrenierybe.com","2019-12-03 15:42:24","2019-12-01","2019-12-01","2020-12-01","146","GoDaddy.com, LLC","whois.godaddy.com","http://registrar.godaddy.com","","","","","Francisco Morazan","","Honduras","","","","","","","","","","","","","","","","","","","","","","","","","","","","","","","","","","ns27.domaincontrol.com","ns28.domaincontrol.com","","","clientDeleteProhibited","clientRenewProhibited","clientTransferProhibited","clientUpdateProhibited"
"5","rotulosrenierybelot.com","2019-12-03 14:45:52","2019-12-01","2019-12-01","2020-12-01","146","GoDaddy.com, LLC","whois.godaddy.com","http://registrar.godaddy.com","","","","","Francisco Morazan","","Honduras","","","","","","","","","","","","","","","","","","","","","","","","","","","","","","","","","","ns1.digitalocean.com","ns2.digitalocean.com","ns3.digitalocean.com","","OK","","",""