"num","domain_name","query_time","create_date","update_date","expiry_date","domain_registrar_id","domain_registrar_name","domain_registrar_whois","domain_registrar_url","registrant_name","registrant_company","registrant_address","registrant_city","registrant_state","registrant_zip","registrant_country","registrant_email","registrant_phone","registrant_fax","administrative_name","administrative_company","administrative_address","administrative_city","administrative_state","administrative_zip","administrative_country","administrative_email","administrative_phone","administrative_fax","technical_name","technical_company","technical_address","technical_city","technical_state","technical_zip","technical_country","technical_email","technical_phone","technical_fax","billing_name","billing_company","billing_address","billing_city","billing_state","billing_zip","billing_country","billing_email","billing_phone","billing_fax","name_server_1","name_server_2","name_server_3","name_server_4","domain_status_1","domain_status_2","domain_status_3","domain_status_4"
"1","abrishamasil.com","2019-12-03 16:14:38","2019-12-02","2019-12-02","2020-12-02","82","OnlineNIC, Inc.","whois.onlinenic.com","http://www.onlinenic.com","NicAgent","NicAgent","","","PECS","","Hungary","","","","","","","","","","","","","","","","","","","","","","","","","","","","","","","","","","ns1.mihanwebhost.com","ns2.mihanwebhost.com","","","clientTransferProhibited","","",""
"2","academicevent.education","2019-12-03 18:52:55","2019-12-02","2019-12-02","2020-12-02","146","GoDaddy.com, LLC","whois.godaddy.com","http://registrar.godaddy.com","REDACTED FOR PRIVACY","Paragon 5 Limited","REDACTED FOR PRIVACY","REDACTED FOR PRIVACY","Budapest","REDACTED FOR PRIVACY","Hungary","","REDACTED FOR PRIVACY","REDACTED FOR PRIVACY","","","","","","","","","","","","","","","","","","","","","","","","","","","","","","","","","","","addPeriod","clientDeleteProhibited","clientRenewProhibited","clientTransferProhibited"
"3","adamzatik.com","2019-12-03 15:04:05","2019-12-02","2019-12-02","2021-12-02","82","OnlineNIC, Inc.","whois.onlinenic.com","http://www.onlinenic.com","Private person","Private person","","","HU","","Hungary","","","","","","","","","","","","","","","","","","","","","","","","","","","","","","","","","","ns1.mediacenter.hu","ns2.mediacenter.hu","","","clientTransferProhibited","","",""
"4","androidappweb.com","2019-12-03 17:21:08","2019-12-02","2019-12-03","2020-12-02","1591","Promo People inc.","whois.nic.fr","http://www.ait.com","REDACTED FOR PRIVACY","REDACTED FOR PRIVACY","REDACTED FOR PRIVACY","REDACTED FOR PRIVACY","REDACTED FOR PRIVACY","REDACTED FOR PRIVACY","Hungary","","REDACTED FOR PRIVACY","REDACTED FOR PRIVACY","REDACTED FOR PRIVACY","REDACTED FOR PRIVACY","REDACTED FOR PRIVACY","REDACTED FOR PRIVACY","REDACTED FOR PRIVACY","REDACTED FOR PRIVACY","REDACTED FOR PRIVACY","","REDACTED FOR PRIVACY","REDACTED FOR PRIVACY","REDACTED FOR PRIVACY","REDACTED FOR PRIVACY","REDACTED FOR PRIVACY","REDACTED FOR PRIVACY","REDACTED FOR PRIVACY","REDACTED FOR PRIVACY","REDACTED FOR PRIVACY","","REDACTED FOR PRIVACY","REDACTED FOR PRIVACY","","","","","","","","","","","ns1.hostpapa.com","ns2.hostpapa.com","","","clientTransferProhibited","clientUpdateProhibited","",""
"5","androidwebapp.com","2019-12-03 18:46:17","2019-12-02","2019-12-03","2020-12-02","1591","Promo People inc.","whois.nic.fr","http://www.ait.com","REDACTED FOR PRIVACY","REDACTED FOR PRIVACY","REDACTED FOR PRIVACY","REDACTED FOR PRIVACY","REDACTED FOR PRIVACY","REDACTED FOR PRIVACY","Hungary","","REDACTED FOR PRIVACY","REDACTED FOR PRIVACY","REDACTED FOR PRIVACY","REDACTED FOR PRIVACY","REDACTED FOR PRIVACY","REDACTED FOR PRIVACY","REDACTED FOR PRIVACY","REDACTED FOR PRIVACY","REDACTED FOR PRIVACY","","REDACTED FOR PRIVACY","REDACTED FOR PRIVACY","REDACTED FOR PRIVACY","REDACTED FOR PRIVACY","REDACTED FOR PRIVACY","REDACTED FOR PRIVACY","REDACTED FOR PRIVACY","REDACTED FOR PRIVACY","REDACTED FOR PRIVACY","","REDACTED FOR PRIVACY","REDACTED FOR PRIVACY","","","","","","","","","","","ns1.hostpapa.com","ns2.hostpapa.com","","","clientTransferProhibited","clientUpdateProhibited","",""
"6","animoitalia-shop.com","2019-12-03 15:21:47","2019-12-02","2019-12-02","2021-12-02","82","OnlineNIC, Inc.","whois.onlinenic.com","http://www.onlinenic.com","Heibl Team Kft","Heibl Team Kft","","","HU","","Hungary","","","","","","","","","","","","","","","","","","","","","","","","","","","","","","","","","","ns1.mediacenter.hu","ns2.mediacenter.hu","","","clientTransferProhibited","","",""
"7","arenaofdeath.club","2019-12-03 16:14:39","2019-12-02","2019-12-02","2020-12-02","146","GoDaddy.com, LLC","whois.godaddy.com","http://registrar.godaddy.com","","","","","","","Hungary","","","","","","","","","","","","","","","","","","","","","","","","","","","","","","","","","","nameserver1.hu","nameserver2.hu","","","addPeriod","clientDeleteProhibited","clientRenewProhibited","clientTransferProhibited"
"8","arenaofdeath.network","2019-12-03 14:33:01","2019-12-02","2019-12-02","2020-12-02","146","GoDaddy.com, LLC","whois.godaddy.com","http://registrar.godaddy.com","REDACTED FOR PRIVACY","","REDACTED FOR PRIVACY","REDACTED FOR PRIVACY","","REDACTED FOR PRIVACY","Hungary","","REDACTED FOR PRIVACY","REDACTED FOR PRIVACY","","","","","","","","","","","","","","","","","","","","","","","","","","","","","","","","","","","addPeriod","clientDeleteProhibited","clientRenewProhibited","clientTransferProhibited"
"9","arianmodabber.com","2019-12-03 18:24:07","2019-12-02","2019-12-02","2020-12-02","82","OnlineNIC, Inc.","whois.onlinenic.com","http://www.onlinenic.com","NicAgent","NicAgent","","","PECS","","Hungary","","","","","","","","","","","","","","","","","","","","","","","","","","","","","","","","","","ns127.mihanwebhost.com","ns128.mihanwebhost.com","","","clientTransferProhibited","","",""
"10","aweben.net","2019-12-03 18:33:38","2019-12-02","2019-12-02","2020-12-02","1501","DotRoll Kft.","whois.dotroll.com","http://www.dotroll.com","Universal Global Kft.","Universal Global Kft.","","","","","Hungary","","","","","","","","","","","","","","","","","","","","","","","","","","","","","","","","","","ns1.webspacecontrol.com","ns2.webspacecontrol.com","","","OK","","",""
"11","aykala.com","2019-12-03 14:49:35","2019-12-02","2019-12-02","2020-12-02","82","OnlineNIC, Inc.","whois.onlinenic.com","http://www.onlinenic.com","NicAgent","NicAgent","","","PECS","","Hungary","","","","","","","","","","","","","","","","","","","","","","","","","","","","","","","","","","ns127.mihanwebhost.com","ns128.mihanwebhost.com","","","clientTransferProhibited","","",""
"12","barkacsportal.com","2019-12-03 18:16:14","2019-12-02","2019-12-02","2021-12-02","82","OnlineNIC, Inc.","whois.onlinenic.com","http://www.onlinenic.com","Tool City Kft","Tool City Kft","","","HU","","Hungary","","","","","","","","","","","","","","","","","","","","","","","","","","","","","","","","","","ns1.mediacenter.hu","ns2.mediacenter.hu","","","clientTransferProhibited","","",""
"13","befektetes50millioig.com","2019-12-03 17:25:03","2019-12-02","2019-12-02","2020-12-02","82","OnlineNIC, Inc.","whois.onlinenic.com","http://www.onlinenic.com","Amanda Invest Kft.","Amanda Invest Kft.","","","Pest","","Hungary","","","","","","","","","","","","","","","","","","","","","","","","","","","","","","","","","","amidala.dima.hu","eskimo.dima.hu","","","clientTransferProhibited","","",""
"14","bestofgrannysex.com","2019-12-03 18:03:38","2019-12-01","2019-12-01","2020-12-01","168","Register.it SPA","whois.register.it","http://we.register.it","REDACTED FOR PRIVACY","REDACTED FOR PRIVACY","REDACTED FOR PRIVACY","REDACTED FOR PRIVACY","Bacs-Kiskun Megye","REDACTED FOR PRIVACY","Hungary","","REDACTED.FORPRIVACY","REDACTED.FORPRIVACY","REDACTED FOR PRIVACY","REDACTED FOR PRIVACY","REDACTED FOR PRIVACY","REDACTED FOR PRIVACY","Bacs-Kiskun Megye","REDACTED FOR PRIVACY","Hungary","","REDACTED.FORPRIVACY","REDACTED.FORPRIVACY","REDACTED FOR PRIVACY","REDACTED FOR PRIVACY","REDACTED FOR PRIVACY","REDACTED FOR PRIVACY","FI","REDACTED FOR PRIVACY","Italy","","REDACTED.FORPRIVACY","REDACTED.FORPRIVACY","","","","","","","","","","","anna.ns.cloudflare.com","peyton.ns.cloudflare.com","","","OK","","",""
"15","breastaugmentation.club","2019-12-03 14:32:11","2019-12-03","2019-12-03","2020-12-03","146","GoDaddy.com, LLC","whois.godaddy.com","http://registrar.godaddy.com","","","","","HU","","Hungary","","","","","","","","","","","","","","","","","","","","","","","","","","","","","","","","","","ns21.domaincontrol.com","ns22.domaincontrol.com","","","addPeriod","clientDeleteProhibited","clientRenewProhibited","clientTransferProhibited"
"16","brillbabes.club","2019-12-03 17:44:17","2019-12-02","2019-12-02","2020-12-02","146","GoDaddy.com, LLC","whois.godaddy.com","http://registrar.godaddy.com","","","","","Tolna","","Hungary","","","","","","","","","","","","","","","","","","","","","","","","","","","","","","","","","","ns.tarhely.eu","ns22.tarhely.eu","","","addPeriod","clientDeleteProhibited","clientRenewProhibited","clientTransferProhibited"
"17","byesly.com","2019-12-03 14:29:59","2019-12-01","2019-12-01","2020-12-01","1501","DotRoll Kft.","whois.dotroll.com","http://www.dotroll.com","","","","","Pest","","Hungary","","","","","","","","","","","","","","","","","","","","","","","","","","","","","","","","","","ns1.webspacecontrol.com","ns2.webspacecontrol.com","","","OK","","",""
"18","cerfood.com","2019-12-03 17:45:23","2019-12-02","2019-12-02","2020-12-02","1501","DotRoll Kft.","whois.dotroll.com","http://www.dotroll.com","","","","","Budapest","","Hungary","","","","","","","","","","","","","","","","","","","","","","","","","","","","","","","","","","ns4.webparadicsom.hu","ns5.webparadicsom.hu","","","OK","","",""
"19","cib-ca.com","2019-12-03 16:30:53","2019-12-02","2019-12-02","2020-12-02","82","OnlineNIC, Inc.","whois.onlinenic.com","http://www.onlinenic.com","NicAgent","NicAgent","","","PECS","","Hungary","","","","","","","","","","","","","","","","","","","","","","","","","","","","","","","","","","ns1.prestionaa.com","ns2.prestionaa.com","","","clientTransferProhibited","","",""
"20","cib-creditagricole.com","2019-12-03 18:59:51","2019-12-02","2019-12-02","2020-12-02","82","OnlineNIC, Inc.","whois.onlinenic.com","http://www.onlinenic.com","NicAgent","NicAgent","","","PECS","","Hungary","","","","","","","","","","","","","","","","","","","","","","","","","","","","","","","","","","ns1.prestionaa.com","ns2.prestionaa.com","","","clientTransferProhibited","","",""
"21","corfuhomemanagement.com","2019-12-03 14:32:22","2019-12-02","2019-12-02","2020-12-02","69","Tucows Domains Inc.","whois.tucows.com","http://domainhelp.opensrs.net","REDACTED FOR PRIVACY","REDACTED FOR PRIVACY","REDACTED FOR PRIVACY","REDACTED FOR PRIVACY","REDACTED FOR PRIVACY","REDACTED FOR PRIVACY","Hungary","","REDACTED FOR PRIVACY","REDACTED FOR PRIVACY","REDACTED FOR PRIVACY","REDACTED FOR PRIVACY","REDACTED FOR PRIVACY","REDACTED FOR PRIVACY","REDACTED FOR PRIVACY","REDACTED FOR PRIVACY","REDACTED FOR PRIVACY","","REDACTED FOR PRIVACY","REDACTED FOR PRIVACY","REDACTED FOR PRIVACY","REDACTED FOR PRIVACY","REDACTED FOR PRIVACY","REDACTED FOR PRIVACY","REDACTED FOR PRIVACY","REDACTED FOR PRIVACY","REDACTED FOR PRIVACY","","REDACTED FOR PRIVACY","REDACTED FOR PRIVACY","","","","","","","","","","","ns.forpsi.cz","ns.forpsi.it","ns.forpsi.net","","clientTransferProhibited","clientUpdateProhibited","",""
"22","doorafra.com","2019-12-03 17:48:46","2019-12-02","2019-12-02","2020-12-02","82","OnlineNIC, Inc.","whois.onlinenic.com","http://www.onlinenic.com","NicAgent","NicAgent","","","PECS","","Hungary","","","","","","","","","","","","","","","","","","","","","","","","","","","","","","","","","","ns127.mihanwebhost.com","ns128.mihanwebhost.com","","","clientTransferProhibited","","",""
"23","doransi.com","2019-12-03 18:46:51","2019-12-02","2019-12-02","2020-12-02","82","OnlineNIC, Inc.","whois.onlinenic.com","http://www.onlinenic.com","NicAgent","NicAgent","","","PECS","","Hungary","","","","","","","","","","","","","","","","","","","","","","","","","","","","","","","","","","ns1.aradbranding.info","ns2.aradbranding.info","","","clientTransferProhibited","","",""
"24","dr-rajabpur.com","2019-12-03 18:56:43","2019-12-02","2019-12-02","2020-12-02","82","OnlineNIC, Inc.","whois.onlinenic.com","http://www.onlinenic.com","NicAgent","NicAgent","","","PECS","","Hungary","","","","","","","","","","","","","","","","","","","","","","","","","","","","","","","","","","ns259.mihanwebhost.com","ns260.mihanwebhost.com","","","clientTransferProhibited","","",""
"25","dr-shahabzare.com","2019-12-03 17:59:29","2019-12-02","2019-12-02","2020-12-02","82","OnlineNIC, Inc.","whois.onlinenic.com","http://www.onlinenic.com","NicAgent","NicAgent","","","PECS","","Hungary","","","","","","","","","","","","","","","","","","","","","","","","","","","","","","","","","","ns259.mihanwebhost.com","ns260.mihanwebhost.com","","","clientTransferProhibited","","",""
"26","drkhosravian.com","2019-12-03 18:20:43","2019-12-02","2019-12-02","2020-12-02","82","OnlineNIC, Inc.","whois.onlinenic.com","http://www.onlinenic.com","NicAgent","NicAgent","","","PECS","","Hungary","","","","","","","","","","","","","","","","","","","","","","","","","","","","","","","","","","ns259.mihanwebhost.com","ns260.mihanwebhost.com","","","clientTransferProhibited","","",""
"27","drlajer.net","2019-12-03 14:57:21","2019-12-02","2019-12-02","2020-12-02","146","GoDaddy.com, LLC","whois.godaddy.com","http://registrar.godaddy.com","Lion and Lion Consulting Kft.","Lion and Lion Consulting Kft.","","","HU","","Hungary","","","","","","","","","","","","","","","","","","","","","","","","","","","","","","","","","","pdns09.domaincontrol.com","pdns10.domaincontrol.com","","","clientDeleteProhibited","clientRenewProhibited","clientTransferProhibited","clientUpdateProhibited"
"28","drmaryamrostami.com","2019-12-03 19:04:20","2019-12-02","2019-12-02","2020-12-02","82","OnlineNIC, Inc.","whois.onlinenic.com","http://www.onlinenic.com","NicAgent","NicAgent","","","PECS","","Hungary","","","","","","","","","","","","","","","","","","","","","","","","","","","","","","","","","","ns259.mihanwebhost.com","ns260.mihanwebhost.com","","","clientTransferProhibited","","",""
"29","drnajmi.com","2019-12-03 14:16:12","2019-12-02","2019-12-02","2020-12-02","82","OnlineNIC, Inc.","whois.onlinenic.com","http://www.onlinenic.com","NicAgent","NicAgent","","","PECS","","Hungary","","","","","","","","","","","","","","","","","","","","","","","","","","","","","","","","","","ns259.mihanwebhost.com","ns260.mihanwebhost.com","","","clientTransferProhibited","","",""
"30","drtaari.com","2019-12-03 19:06:10","2019-12-02","2019-12-02","2020-12-02","82","OnlineNIC, Inc.","whois.onlinenic.com","http://www.onlinenic.com","NicAgent","NicAgent","","","PECS","","Hungary","","","","","","","","","","","","","","","","","","","","","","","","","","","","","","","","","","ns259.mihanwebhost.com","ns260.mihanwebhost.com","","","clientTransferProhibited","","",""
"31","earth21talks.com","2019-12-03 15:53:22","2019-12-02","2019-12-02","2020-12-02","69","Tucows Domains Inc.","whois.tucows.com","http://domainhelp.opensrs.net","REDACTED FOR PRIVACY","REDACTED FOR PRIVACY","REDACTED FOR PRIVACY","REDACTED FOR PRIVACY","REDACTED FOR PRIVACY","REDACTED FOR PRIVACY","Hungary","","REDACTED FOR PRIVACY","REDACTED FOR PRIVACY","REDACTED FOR PRIVACY","REDACTED FOR PRIVACY","REDACTED FOR PRIVACY","REDACTED FOR PRIVACY","REDACTED FOR PRIVACY","REDACTED FOR PRIVACY","REDACTED FOR PRIVACY","","REDACTED FOR PRIVACY","REDACTED FOR PRIVACY","REDACTED FOR PRIVACY","REDACTED FOR PRIVACY","REDACTED FOR PRIVACY","REDACTED FOR PRIVACY","REDACTED FOR PRIVACY","REDACTED FOR PRIVACY","REDACTED FOR PRIVACY","","REDACTED FOR PRIVACY","REDACTED FOR PRIVACY","","","","","","","","","","","ns.forpsi.cz","ns.forpsi.it","ns.forpsi.net","","clientTransferProhibited","clientUpdateProhibited","",""
"32","earthreloaded.com","2019-12-03 17:06:51","2019-12-02","2019-12-02","2020-12-02","82","OnlineNIC, Inc.","whois.onlinenic.com","http://www.onlinenic.com","HGY Invest Kft.","HGY Invest Kft.","","","Hungary","","Hungary","","","","","","","","","","","","","","","","","","","","","","","","","","","","","","","","","","dns1.hu","dns2.hu","dns3.hu","","OK","","",""
"33","educatingmedia.com","2019-12-03 15:03:38","2019-12-01","2019-12-01","2020-12-01","303","PDR Ltd. d/b/a PublicDomainRegistry.com","whois.publicdomainregistry.com","http://www.publicdomainregistry.com","GDPR Masked","GDPR Masked","GDPR Masked GDPR Masked GDPR Masked","GDPR Masked","Budapest","GDPR Masked","Hungary","gdpr-masking@gdpr-masked.com","+GDPR Masked.GDPR Masked","+GDPR Masked.GDPR Masked","GDPR Masked","GDPR Masked","GDPR Masked GDPR Masked GDPR Masked","GDPR Masked","Budapest","GDPR Masked","Hungary","gdpr-masking@gdpr-masked.com","+GDPR Masked.GDPR Masked","+GDPR Masked.GDPR Masked","GDPR Masked","GDPR Masked","GDPR Masked GDPR Masked GDPR Masked","GDPR Masked","Budapest","GDPR Masked","Hungary","gdpr-masking@gdpr-masked.com","+GDPR Masked.GDPR Masked","+GDPR Masked.GDPR Masked","","","","","","","","","","","ns1.tarhelypark.hu","ns3.tarhelypark.hu","","","clientTransferProhibited","","",""
"34","emelokosar.com","2019-12-03 16:25:29","2019-12-02","2019-12-02","2021-12-02","82","OnlineNIC, Inc.","whois.onlinenic.com","http://www.onlinenic.com","Klima Duo BT.","Klima Duo BT.","","","HU","","Hungary","","","","","","","","","","","","","","","","","","","","","","","","","","","","","","","","","","ns1.mediacenter.hu","ns2.mediacenter.hu","","","clientTransferProhibited","","",""
"35","fartakadditives.com","2019-12-03 15:28:46","2019-12-02","2019-12-02","2020-12-02","82","OnlineNIC, Inc.","whois.onlinenic.com","http://www.onlinenic.com","NicAgent","NicAgent","","","PECS","","Hungary","","","","","","","","","","","","","","","","","","","","","","","","","","","","","","","","","","ns127.mihanwebhost.com","ns128.mihanwebhost.com","","","clientTransferProhibited","","",""
"36","fatehiaref.com","2019-12-03 14:26:23","2019-12-01","2019-12-01","2020-12-01","82","OnlineNIC, Inc.","whois.onlinenic.com","http://www.onlinenic.com","NicAgent","NicAgent","","","PECS","","Hungary","","","","","","","","","","","","","","","","","","","","","","","","","","","","","","","","","","ns287.mihanwebhost.com","ns288.mihanwebhost.com","","","clientTransferProhibited","","",""
"37","gadgetbadger.net","2019-12-03 14:32:39","2019-12-01","2019-12-01","2020-12-01","146","GoDaddy.com, LLC","whois.godaddy.com","http://registrar.godaddy.com","Makermap Solutions Kft.","Makermap Solutions Kft.","","","Hungary","","Hungary","","","","","","","","","","","","","","","","","","","","","","","","","","","","","","","","","","ns27.domaincontrol.com","ns28.domaincontrol.com","","","clientDeleteProhibited","clientRenewProhibited","clientTransferProhibited","clientUpdateProhibited"
"38","gamesappcenter.com","2019-12-03 14:38:49","2019-12-02","2019-12-02","2020-12-02","146","GoDaddy.com, LLC","whois.godaddy.com","http://registrar.godaddy.com","","","","","Pest","","Hungary","","","","","","","","","","","","","","","","","","","","","","","","","","","","","","","","","","ns27.domaincontrol.com","ns28.domaincontrol.com","","","clientDeleteProhibited","clientRenewProhibited","clientTransferProhibited","clientUpdateProhibited"
"39","garageset.club","2019-12-03 17:00:48","2019-12-03","2019-12-03","2020-12-03","146","GoDaddy.com, LLC","whois.godaddy.com","http://registrar.godaddy.com","umbraLABS Kft.","umbraLABS Kft.","","","Budapest","","Hungary","","","","","","","","","","","","","","","","","","","","","","","","","","","","","","","","","","ns21.domaincontrol.com","ns22.domaincontrol.com","","","addPeriod","clientDeleteProhibited","clientRenewProhibited","clientTransferProhibited"
"40","ghahvesaz.com","2019-12-03 15:35:46","2019-12-01","2019-12-01","2020-12-01","82","OnlineNIC, Inc.","whois.onlinenic.com","http://www.onlinenic.com","NicAgent","NicAgent","","","PECS","","Hungary","","","","","","","","","","","","","","","","","","","","","","","","","","","","","","","","","","ns127.mihanwebhost.com","ns128.mihanwebhost.com","","","clientTransferProhibited","","",""
"41","graffsalon.com","2019-12-03 16:56:33","2019-12-02","2019-12-02","2020-12-02","82","OnlineNIC, Inc.","whois.onlinenic.com","http://www.onlinenic.com","Graff Studio Kft.","Graff Gergely","Vaci Mihaly u. 53.","Szigethalom","Pest","2315","Hungary","info@graff.hu","+36.306209407","+36.306209407","Graff Studio Kft.","Graff Gergely","Vaci Mihaly u. 53.","Szigethalom","Pest","2315","Hungary","info@graff.hu","+36.306209407","+36.306209407","Graff Studio Kft.","Graff Gergely","Vaci Mihaly u. 53.","Szigethalom","Pest","2315","Hungary","info@graff.hu","+36.306209407","+36.306209407","","","","","","","","","","","ns.tdns1.net","ns.tdns2.net","","","clientTransferProhibited","","",""
"42","grandmotherporn.com","2019-12-03 17:25:05","2019-12-01","2019-12-01","2020-12-01","168","Register.it SPA","whois.register.it","http://we.register.it","REDACTED FOR PRIVACY","REDACTED FOR PRIVACY","REDACTED FOR PRIVACY","REDACTED FOR PRIVACY","Bacs-Kiskun Megye","REDACTED FOR PRIVACY","Hungary","","REDACTED.FORPRIVACY","REDACTED.FORPRIVACY","REDACTED FOR PRIVACY","REDACTED FOR PRIVACY","REDACTED FOR PRIVACY","REDACTED FOR PRIVACY","Bacs-Kiskun Megye","REDACTED FOR PRIVACY","Hungary","","REDACTED.FORPRIVACY","REDACTED.FORPRIVACY","REDACTED FOR PRIVACY","REDACTED FOR PRIVACY","REDACTED FOR PRIVACY","REDACTED FOR PRIVACY","FI","REDACTED FOR PRIVACY","Italy","","REDACTED.FORPRIVACY","REDACTED.FORPRIVACY","","","","","","","","","","","anna.ns.cloudflare.com","peyton.ns.cloudflare.com","","","OK","","",""
"43","grannyhotvideo.com","2019-12-03 18:05:53","2019-12-01","2019-12-01","2020-12-01","168","Register.it SPA","whois.register.it","http://we.register.it","REDACTED FOR PRIVACY","REDACTED FOR PRIVACY","REDACTED FOR PRIVACY","REDACTED FOR PRIVACY","Bacs-Kiskun Megye","REDACTED FOR PRIVACY","Hungary","","REDACTED.FORPRIVACY","REDACTED.FORPRIVACY","REDACTED FOR PRIVACY","REDACTED FOR PRIVACY","REDACTED FOR PRIVACY","REDACTED FOR PRIVACY","Bacs-Kiskun Megye","REDACTED FOR PRIVACY","Hungary","","REDACTED.FORPRIVACY","REDACTED.FORPRIVACY","REDACTED FOR PRIVACY","REDACTED FOR PRIVACY","REDACTED FOR PRIVACY","REDACTED FOR PRIVACY","FI","REDACTED FOR PRIVACY","Italy","","REDACTED.FORPRIVACY","REDACTED.FORPRIVACY","","","","","","","","","","","anna.ns.cloudflare.com","peyton.ns.cloudflare.com","","","OK","","",""
"44","green-divizio.com","2019-12-03 18:20:53","2019-12-01","2019-12-01","2020-12-01","303","PDR Ltd. d/b/a PublicDomainRegistry.com","whois.publicdomainregistry.com","http://www.publicdomainregistry.com","GDPR Masked","GDPR Masked","GDPR Masked GDPR Masked GDPR Masked","GDPR Masked","Bekes","GDPR Masked","Hungary","gdpr-masking@gdpr-masked.com","+GDPR Masked.GDPR Masked","+GDPR Masked.GDPR Masked","GDPR Masked","GDPR Masked","GDPR Masked GDPR Masked GDPR Masked","GDPR Masked","Bekes","GDPR Masked","Hungary","gdpr-masking@gdpr-masked.com","+GDPR Masked.GDPR Masked","+GDPR Masked.GDPR Masked","GDPR Masked","GDPR Masked","GDPR Masked GDPR Masked GDPR Masked","GDPR Masked","Bekes","GDPR Masked","Hungary","gdpr-masking@gdpr-masked.com","+GDPR Masked.GDPR Masked","+GDPR Masked.GDPR Masked","","","","","","","","","","","ns.oroshaza.com","ns1.oroshaza.com","ns2.oroshaza.com","","clientTransferProhibited","","",""
"45","greendivizio.com","2019-12-03 15:21:16","2019-12-01","2019-12-01","2020-12-01","303","PDR Ltd. d/b/a PublicDomainRegistry.com","whois.publicdomainregistry.com","http://www.publicdomainregistry.com","GDPR Masked","GDPR Masked","GDPR Masked GDPR Masked GDPR Masked","GDPR Masked","Bekes","GDPR Masked","Hungary","gdpr-masking@gdpr-masked.com","+GDPR Masked.GDPR Masked","+GDPR Masked.GDPR Masked","GDPR Masked","GDPR Masked","GDPR Masked GDPR Masked GDPR Masked","GDPR Masked","Bekes","GDPR Masked","Hungary","gdpr-masking@gdpr-masked.com","+GDPR Masked.GDPR Masked","+GDPR Masked.GDPR Masked","GDPR Masked","GDPR Masked","GDPR Masked GDPR Masked GDPR Masked","GDPR Masked","Bekes","GDPR Masked","Hungary","gdpr-masking@gdpr-masked.com","+GDPR Masked.GDPR Masked","+GDPR Masked.GDPR Masked","","","","","","","","","","","ns.oroshaza.com","ns1.oroshaza.com","ns2.oroshaza.com","","clientTransferProhibited","","",""
"46","haddeaksar.com","2019-12-03 14:46:09","2019-12-02","2019-12-02","2020-12-02","82","OnlineNIC, Inc.","whois.onlinenic.com","http://www.onlinenic.com","NicAgent","NicAgent","","","PECS","","Hungary","","","","","","","","","","","","","","","","","","","","","","","","","","","","","","","","","","ns259.mihanwebhost.com","ns260.mihanwebhost.com","","","clientTransferProhibited","","",""
"47","hair-transplant.club","2019-12-03 14:15:29","2019-12-03","2019-12-03","2020-12-03","146","GoDaddy.com, LLC","whois.godaddy.com","http://registrar.godaddy.com","","","","","HU","","Hungary","","","","","","","","","","","","","","","","","","","","","","","","","","","","","","","","","","ns21.domaincontrol.com","ns22.domaincontrol.com","","","addPeriod","clientDeleteProhibited","clientRenewProhibited","clientTransferProhibited"
"48","hajatultetes.club","2019-12-03 18:53:26","2019-12-02","2019-12-02","2021-12-02","146","GoDaddy.com, LLC","whois.godaddy.com","http://registrar.godaddy.com","","","","","HU","","Hungary","","","","","","","","","","","","","","","","","","","","","","","","","","","","","","","","","","ns21.domaincontrol.com","ns22.domaincontrol.com","","","addPeriod","clientDeleteProhibited","clientRenewProhibited","clientTransferProhibited"
"49","hajbeultetes.club","2019-12-03 16:34:20","2019-12-02","2019-12-02","2021-12-02","146","GoDaddy.com, LLC","whois.godaddy.com","http://registrar.godaddy.com","","","","","HU","","Hungary","","","","","","","","","","","","","","","","","","","","","","","","","","","","","","","","","","ns21.domaincontrol.com","ns22.domaincontrol.com","","","addPeriod","clientDeleteProhibited","clientRenewProhibited","clientTransferProhibited"
"50","hangszerovi.com","2019-12-03 16:38:02","2019-12-01","2019-12-01","2020-12-01","3817","Wix.com Ltd.","","","Statutory Masking Enabled","Statutory Masking Enabled","Statutory Masking Enabled","Statutory Masking Enabled","","Statutory Masking Enabled","Hungary","hangszerovi.com@wix-domains.com","Statutory Masking Enabled","Statutory Masking Enabled","Statutory Masking Enabled","Statutory Masking Enabled","Statutory Masking Enabled","Statutory Masking Enabled","","Statutory Masking Enabled","Hungary","laguna.creative.bt@gmail.com","Statutory Masking Enabled","Statutory Masking Enabled","Statutory Masking Enabled","Statutory Masking Enabled","Statutory Masking Enabled","Statutory Masking Enabled","","Statutory Masking Enabled","Hungary","laguna.creative.bt@gmail.com","Statutory Masking Enabled","Statutory Masking Enabled","","","","","","","","","","","ns8.wixdns.net","ns9.wixdns.net","","","clientTransferProhibited","clientUpdateProhibited","",""
"51","hegesztestechnika.com","2019-12-03 14:17:11","2019-12-02","2019-12-02","2021-12-02","82","OnlineNIC, Inc.","whois.onlinenic.com","http://www.onlinenic.com","Tool City Kft","Tool City Kft","","","HU","","Hungary","","","","","","","","","","","","","","","","","","","","","","","","","","","","","","","","","","ns1.mediacenter.hu","ns2.mediacenter.hu","","","clientTransferProhibited","","",""
"52","iconbuda.com","2019-12-03 17:11:32","2019-12-02","2019-12-02","2020-12-02","1390","Mesh Digital Limited","whois.meshdigital.com","http://www.meshdigital.com","REDACTED FOR PRIVACY","","REDACTED FOR PRIVACY","REDACTED FOR PRIVACY","Pest","REDACTED FOR PRIVACY","Hungary","","REDACTED FOR PRIVACY","REDACTED FOR PRIVACY","","","","","","","","","","","","","","","","","","","","","","","","","","","","","","","ns1.contabo.net","ns2.contabo.net","ns3.contabo.net","","OK","","",""
"53","imrejancso.com","2019-12-03 18:22:32","2019-12-02","2019-12-02","2020-12-02","303","PDR Ltd. d/b/a PublicDomainRegistry.com","whois.publicdomainregistry.com","http://www.publicdomainregistry.com","GDPR Masked","GDPR Masked","GDPR Masked GDPR Masked GDPR Masked","GDPR Masked","Gyor-Moson-Sopron","GDPR Masked","Hungary","gdpr-masking@gdpr-masked.com","+GDPR Masked.GDPR Masked","+GDPR Masked.GDPR Masked","GDPR Masked","GDPR Masked","GDPR Masked GDPR Masked GDPR Masked","GDPR Masked","Gyor-Moson-Sopron","GDPR Masked","Hungary","gdpr-masking@gdpr-masked.com","+GDPR Masked.GDPR Masked","+GDPR Masked.GDPR Masked","GDPR Masked","GDPR Masked","GDPR Masked GDPR Masked GDPR Masked","GDPR Masked","Gyor-Moson-Sopron","GDPR Masked","Hungary","gdpr-masking@gdpr-masked.com","+GDPR Masked.GDPR Masked","+GDPR Masked.GDPR Masked","","","","","","","","","","","ns1.tarhelypark.hu","ns2.tarhelypark.hu","ns3.tarhelypark.hu","","clientTransferProhibited","","",""
"54","iot1912.pro","2019-12-03 15:19:57","2019-12-02","2019-12-02","2020-12-02","1068","NameCheap, Inc.","whois.namecheap.com","http://www.namecheap.com","IQREC KFT.","","XI. KORZET 503.","KISKUNFELEGYHAZA","BACS-KISKUN","6100","Hungary","reczi.gabor@gmail.com","+36.204291434","+36.17002335","GABOR RECZI","","XI. KORZET 503.","KISKUNFELEGYHAZA","BACS-KISKUN","6100","Hungary","reczi.gabor@gmail.com","+36.204291434","+36.17002335","GABOR RECZI","","XI. KORZET 503.","KISKUNFELEGYHAZA","BACS-KISKUN","6100","Hungary","reczi.gabor@gmail.com","+36.204291434","+36.17002335","","","","","","","","","","","ns1.bdm.microsoftonline.com","ns2.bdm.microsoftonline.com","ns3.bdm.microsoftonline.com","ns4.bdm.microsoftonline.com","addPeriod","clientTransferProhibited","serverTransferProhibited",""
"55","iran-cng.com","2019-12-03 15:58:10","2019-12-02","2019-12-02","2020-12-02","113","CSL Computer Service Langenbach GmbH d/b/a joker.com","whois.joker.com","http://www.joker.com","none","none","","","PECS","","Hungary","","","","","","","","","","","","","","","","","","","","","","","","","","","","","","","","","","ns273.mihanwebhost.com","ns274.mihanwebhost.com","","","clientTransferProhibited","","",""
"56","kavegepem.com","2019-12-03 17:59:29","2019-12-02","2019-12-02","2020-12-02","1390","Mesh Digital Limited","whois.meshdigital.com","http://www.meshdigital.com","REDACTED FOR PRIVACY","","REDACTED FOR PRIVACY","REDACTED FOR PRIVACY","Zala","REDACTED FOR PRIVACY","Hungary","","REDACTED FOR PRIVACY","REDACTED FOR PRIVACY","","","","","","","","","","","","","","","","","","","","","","","","","","","","","","","ns1.tarhely.com","ns2.tarhely.com","","","OK","","",""
"57","kisberifelver.com","2019-12-03 18:43:48","2019-12-02","2019-12-02","2021-12-02","82","OnlineNIC, Inc.","whois.onlinenic.com","http://www.onlinenic.com","Kisberi es Gidran Lotenyeszto Orszagos Egyesulet","Kisberi es Gidran Lotenyeszto Orszagos Egyesulet","","","Fejer","","Hungary","","","","","","","","","","","","","","","","","","","","","","","","","","","","","","","","","","ns.tdns1.net","ns.tdns2.net","","","clientTransferProhibited","","",""
"58","kolbaszliget.com","2019-12-03 18:52:59","2019-12-02","2019-12-02","2020-12-02","82","OnlineNIC, Inc.","whois.onlinenic.com","http://www.onlinenic.com","Epicure Events Kft.","Epicure Events Kft.","","","Hungary","","Hungary","","","","","","","","","","","","","","","","","","","","","","","","","","","","","","","","","","dns1.hu","dns2.hu","dns3.hu","","OK","","",""
"59","konyhabutor.pro","2019-12-03 15:06:04","2019-12-02","","2020-12-02","1505","Gransy s.r.o. d/b/a subreg.cz","whois.regtons.com","http://regtons.com","","","","","","","Hungary","","","","","","","","","","","","","","","","","","","","","","","","","","","","","","","","","","ns1.gyumolcstarhely.hu","ns2.gyumolcstarhely.hu","ns3.gyumolcstarhely.hu","","addPeriod","serverTransferProhibited","",""
"60","kubovics.com","2019-12-03 16:50:46","2019-12-02","2019-12-02","2020-12-02","1501","DotRoll Kft.","whois.dotroll.com","http://www.dotroll.com","","","","","Budapest","","Hungary","","","","","","","","","","","","","","","","","","","","","","","","","","","","","","","","","","ns1.dotroll.com","ns2.dotroll.com","","","OK","","",""
"61","kutyavalfutunk.com","2019-12-03 16:34:59","2019-12-02","2019-12-02","2020-12-02","1501","DotRoll Kft.","whois.dotroll.com","http://www.dotroll.com","","","","","","","Hungary","","","","","","","","","","","","","","","","","","","","","","","","","","","","","","","","","","hureg-dns1.webdigital.hu","hureg-dns2.webdigital.hu","","","OK","","",""
"62","lancfuresz.com","2019-12-03 17:32:15","2019-12-02","2019-12-02","2021-12-02","82","OnlineNIC, Inc.","whois.onlinenic.com","http://www.onlinenic.com","Tool City Kft","Tool City Kft","","","HU","","Hungary","","","","","","","","","","","","","","","","","","","","","","","","","","","","","","","","","","ns1.mediacenter.hu","ns2.mediacenter.hu","","","clientTransferProhibited","","",""
"63","laserklin.com","2019-12-03 18:02:50","2019-12-01","2019-12-02","2021-12-01","886","Domain.com, LLC","whois.domain.com","http://www.domain.com","REDACTED FOR PRIVACY","REDACTED FOR PRIVACY","REDACTED FOR PRIVACY","REDACTED FOR PRIVACY","NA","REDACTED FOR PRIVACY","Hungary","","REDACTED FOR PRIVACY","REDACTED FOR PRIVACY","REDACTED FOR PRIVACY","REDACTED FOR PRIVACY","REDACTED FOR PRIVACY","REDACTED FOR PRIVACY","REDACTED FOR PRIVACY","REDACTED FOR PRIVACY","REDACTED FOR PRIVACY","","REDACTED FOR PRIVACY","REDACTED FOR PRIVACY","REDACTED FOR PRIVACY","REDACTED FOR PRIVACY","REDACTED FOR PRIVACY","REDACTED FOR PRIVACY","REDACTED FOR PRIVACY","REDACTED FOR PRIVACY","REDACTED FOR PRIVACY","","REDACTED FOR PRIVACY","REDACTED FOR PRIVACY","","","","","","","","","","","ns1.domain.com","ns2.domain.com","","","","","",""
"64","linfix.com","2019-12-03 15:17:39","2019-12-02","2019-12-02","2020-12-02","625","Name.com, Inc.","whois.name.com","http://www.name.com","Non-Public Data","Webcom Bt.","Non-Public Data","Non-Public Data","NON-US","00000","Hungary","","+00.0000000","","Non-Public Data","Non-Public Data","Non-Public Data","Non-Public Data","Non-Public Data","00000","","","+00.0000000","","Non-Public Data","Non-Public Data","Non-Public Data","Non-Public Data","Non-Public Data","00000","","","+00.0000000","","","","","","","","","","","","ns1cvw.name.com","ns2bls.name.com","ns3fqs.name.com","ns4ksy.name.com","addPeriod","clientTransferProhibited","",""
"65","lovebeata.com","2019-12-03 15:38:37","2019-12-02","2019-12-02","2020-12-02","1515","Webfusion Ltd.","whois.123-reg.co.uk","http://www.123-reg.co.uk","REDACTED FOR PRIVACY","","REDACTED FOR PRIVACY","REDACTED FOR PRIVACY","","REDACTED FOR PRIVACY","Hungary","","REDACTED FOR PRIVACY","REDACTED FOR PRIVACY","","","","","","","","","","","","","","","","","","","","","","","","","","","","","","","ns.123-reg.co.uk","ns2.123-reg.co.uk","","","clientDeleteProhibited","clientTransferProhibited","clientUpdateProhibited",""
"66","luxcarpart.com","2019-12-03 16:11:57","2019-12-01","2019-12-01","2020-12-01","82","OnlineNIC, Inc.","whois.onlinenic.com","http://www.onlinenic.com","NicAgent","NicAgent","","","PECS","","Hungary","","","","","","","","","","","","","","","","","","","","","","","","","","","","","","","","","","ns127.mihanwebhost.com","ns128.mihanwebhost.com","","","clientTransferProhibited","","",""
"67","luxuryworldevent.com","2019-12-03 18:00:10","2019-12-01","2019-12-02","2020-12-01","955","Launchpad, Inc.","whois.launchpad.com","http://www.launchpad.com","GDPR Masked","GDPR Masked","GDPR Masked GDPR Masked GDPR Masked","GDPR Masked","PE","GDPR Masked","Hungary","gdpr-masking@gdpr-masked.com","+GDPR Masked.GDPR Masked","+GDPR Masked.GDPR Masked","GDPR Masked","GDPR Masked","GDPR Masked GDPR Masked GDPR Masked","GDPR Masked","PE","GDPR Masked","Hungary","gdpr-masking@gdpr-masked.com","+GDPR Masked.GDPR Masked","+GDPR Masked.GDPR Masked","GDPR Masked","GDPR Masked","GDPR Masked GDPR Masked GDPR Masked","GDPR Masked","PE","GDPR Masked","Hungary","gdpr-masking@gdpr-masked.com","+GDPR Masked.GDPR Masked","+GDPR Masked.GDPR Masked","","","","","","","","","","","ns6523.hostgator.com","ns6524.hostgator.com","","","clientTransferProhibited","","",""
"68","mahansampashi.com","2019-12-03 17:41:37","2019-12-02","2019-12-02","2020-12-02","82","OnlineNIC, Inc.","whois.onlinenic.com","http://www.onlinenic.com","NicAgent","NicAgent","","","PECS","","Hungary","","","","","","","","","","","","","","","","","","","","","","","","","","","","","","","","","","ns259.mihanwebhost.com","ns260.mihanwebhost.com","","","clientTransferProhibited","","",""
"69","mahdemahdiyaran.com","2019-12-03 15:13:30","2019-12-01","2019-12-01","2020-12-01","82","OnlineNIC, Inc.","whois.onlinenic.com","http://www.onlinenic.com","NicAgent","NicAgent","","","PECS","","Hungary","","","","","","","","","","","","","","","","","","","","","","","","","","","","","","","","","","ns205.mihanwebhost.com","ns206.mihanwebhost.com","","","clientTransferProhibited","","",""
"70","maputocity.com","2019-12-03 17:49:24","2019-12-01","2019-12-01","2021-12-01","146","GoDaddy.com, LLC","whois.godaddy.com","http://registrar.godaddy.com","","","","","Komarom-Esztergom","","Hungary","","","","","","","","","","","","","","","","","","","","","","","","","","","","","","","","","","ns27.domaincontrol.com","ns28.domaincontrol.com","","","clientDeleteProhibited","clientRenewProhibited","clientTransferProhibited","clientUpdateProhibited"
"71","marshmallowdogs.com","2019-12-03 15:38:07","2019-12-02","2019-12-02","2020-12-02","82","OnlineNIC, Inc.","whois.onlinenic.com","http://www.onlinenic.com","Prok Zoltan Egyeni vallakozo","Prok Zoltan Egyeni vallakozo","","","Zala","","Hungary","","","","","","","","","","","","","","","","","","","","","","","","","","","","","","","","","","ns.tdns1.net","ns.tdns2.net","","","clientTransferProhibited","","",""
"72","matureanaltube.com","2019-12-03 16:31:14","2019-12-01","2019-12-01","2020-12-01","168","Register.it SPA","whois.register.it","http://we.register.it","REDACTED FOR PRIVACY","REDACTED FOR PRIVACY","REDACTED FOR PRIVACY","REDACTED FOR PRIVACY","Bacs-Kiskun Megye","REDACTED FOR PRIVACY","Hungary","","REDACTED.FORPRIVACY","REDACTED.FORPRIVACY","REDACTED FOR PRIVACY","REDACTED FOR PRIVACY","REDACTED FOR PRIVACY","REDACTED FOR PRIVACY","Bacs-Kiskun Megye","REDACTED FOR PRIVACY","Hungary","","REDACTED.FORPRIVACY","REDACTED.FORPRIVACY","REDACTED FOR PRIVACY","REDACTED FOR PRIVACY","REDACTED FOR PRIVACY","REDACTED FOR PRIVACY","FI","REDACTED FOR PRIVACY","Italy","","REDACTED.FORPRIVACY","REDACTED.FORPRIVACY","","","","","","","","","","","anna.ns.cloudflare.com","peyton.ns.cloudflare.com","","","OK","","",""
"73","mohammadire.com","2019-12-03 16:08:03","2019-12-01","2019-12-03","2020-12-01","82","OnlineNIC, Inc.","whois.onlinenic.com","http://www.onlinenic.com","NicAgent","NicAgent","","","PECS","","Hungary","","","","","","","","","","","","","","","","","","","","","","","","","","","","","","","","","","ns1.mihanwebhost.com","ns2.mihanwebhost.com","","","clientTransferProhibited","","",""
"74","novinsampashi.com","2019-12-03 16:05:25","2019-12-02","2019-12-02","2020-12-02","82","OnlineNIC, Inc.","whois.onlinenic.com","http://www.onlinenic.com","NicAgent","NicAgent","","","PECS","","Hungary","","","","","","","","","","","","","","","","","","","","","","","","","","","","","","","","","","ns259.mihanwebhost.com","ns260.mihanwebhost.com","","","clientTransferProhibited","","",""
"75","novinsantral.com","2019-12-03 18:22:43","2019-12-02","2019-12-02","2020-12-02","82","OnlineNIC, Inc.","whois.onlinenic.com","http://www.onlinenic.com","NicAgent","NicAgent","","","PECS","","Hungary","","","","","","","","","","","","","","","","","","","","","","","","","","","","","","","","","","ns259.mihanwebhost.com","ns260.mihanwebhost.com","","","clientTransferProhibited","","",""
"76","oldmaturetv.com","2019-12-03 14:52:39","2019-12-01","2019-12-01","2020-12-01","168","Register.it SPA","whois.register.it","http://we.register.it","REDACTED FOR PRIVACY","REDACTED FOR PRIVACY","REDACTED FOR PRIVACY","REDACTED FOR PRIVACY","Bacs-Kiskun Megye","REDACTED FOR PRIVACY","Hungary","","REDACTED.FORPRIVACY","REDACTED.FORPRIVACY","REDACTED FOR PRIVACY","REDACTED FOR PRIVACY","REDACTED FOR PRIVACY","REDACTED FOR PRIVACY","Bacs-Kiskun Megye","REDACTED FOR PRIVACY","Hungary","","REDACTED.FORPRIVACY","REDACTED.FORPRIVACY","REDACTED FOR PRIVACY","REDACTED FOR PRIVACY","REDACTED FOR PRIVACY","REDACTED FOR PRIVACY","FI","REDACTED FOR PRIVACY","Italy","","REDACTED.FORPRIVACY","REDACTED.FORPRIVACY","","","","","","","","","","","anna.ns.cloudflare.com","peyton.ns.cloudflare.com","","","OK","","",""
"77","pciel.biz","2019-12-03 18:23:32","2019-11-29","2019-11-29","2020-11-29","82","OnlineNIC, Inc.","whois.onlinenic.com","http://www.onlinenic.com","NicAgent","NicAgent","","","PECS","","Hungary","","","","","","","","","","","","","","","","","","","","","","","","","","","","","","","","","","ns127.mihanwebhost.com","ns128.mihanwebhost.com","","","addPeriod","clientTransferProhibited","",""
"78","philekhoob.com","2019-12-03 19:14:13","2019-12-02","2019-12-02","2020-12-02","82","OnlineNIC, Inc.","whois.onlinenic.com","http://www.onlinenic.com","NicAgent","NicAgent","","","PECS","","Hungary","","","","","","","","","","","","","","","","","","","","","","","","","","","","","","","","","","ns127.mihanwebhost.com","ns128.mihanwebhost.com","","","clientTransferProhibited","","",""
"79","pizzamuhely.com","2019-12-03 18:18:42","2019-12-02","2019-12-02","2020-12-02","82","OnlineNIC, Inc.","whois.onlinenic.com","http://www.onlinenic.com","Pizzamuhely Kft.","Pizzamuhely Kft.","","","Fejer","","Hungary","","","","","","","","","","","","","","","","","","","","","","","","","","","","","","","","","","ns.tarhely.eu","nsth60.tarhely.eu","","","clientTransferProhibited","","",""
"80","raspinaadditives.com","2019-12-03 16:22:20","2019-12-02","2019-12-02","2020-12-02","82","OnlineNIC, Inc.","whois.onlinenic.com","http://www.onlinenic.com","NicAgent","NicAgent","","","PECS","","Hungary","","","","","","","","","","","","","","","","","","","","","","","","","","","","","","","","","","ns127.mihanwebhost.com","ns128.mihanwebhost.com","","","clientTransferProhibited","","",""
"81","rivotril.net","2019-12-03 18:20:21","2019-12-01","2019-12-01","2020-12-01","886","Domain.com, LLC","whois.domain.com","http://www.domain.com","REDACTED FOR PRIVACY","REDACTED FOR PRIVACY","REDACTED FOR PRIVACY","REDACTED FOR PRIVACY","NA","REDACTED FOR PRIVACY","Hungary","","REDACTED FOR PRIVACY","REDACTED FOR PRIVACY","REDACTED FOR PRIVACY","REDACTED FOR PRIVACY","REDACTED FOR PRIVACY","REDACTED FOR PRIVACY","REDACTED FOR PRIVACY","REDACTED FOR PRIVACY","REDACTED FOR PRIVACY","","REDACTED FOR PRIVACY","REDACTED FOR PRIVACY","REDACTED FOR PRIVACY","REDACTED FOR PRIVACY","REDACTED FOR PRIVACY","REDACTED FOR PRIVACY","REDACTED FOR PRIVACY","REDACTED FOR PRIVACY","REDACTED FOR PRIVACY","","REDACTED FOR PRIVACY","REDACTED FOR PRIVACY","","","","","","","","","","","ns1.domaincom-default.domainparkingserver.net","ns2.domaincom-default.domainparkingserver.net","","","","","",""
"82","seesomalia.com","2019-12-03 15:56:05","2019-12-01","2019-12-01","2021-12-01","146","GoDaddy.com, LLC","whois.godaddy.com","http://registrar.godaddy.com","","","","","Komarom-Esztergom","","Hungary","","","","","","","","","","","","","","","","","","","","","","","","","","","","","","","","","","ns27.domaincontrol.com","ns28.domaincontrol.com","","","clientDeleteProhibited","clientRenewProhibited","clientTransferProhibited","clientUpdateProhibited"
"83","senator-peyi.net","2019-12-03 16:00:12","2019-12-02","2019-12-02","2020-12-02","82","OnlineNIC, Inc.","whois.onlinenic.com","http://www.onlinenic.com","NicAgent","NicAgent","","","PECS","","Hungary","","","","","","","","","","","","","","","","","","","","","","","","","","","","","","","","","","ns127.mihanwebhost.com","ns128.mihanwebhost.com","","","clientTransferProhibited","","",""
"84","shahroudpg.com","2019-12-03 15:32:04","2019-12-02","2019-12-02","2020-12-02","82","OnlineNIC, Inc.","whois.onlinenic.com","http://www.onlinenic.com","NicAgent","NicAgent","","","PECS","","Hungary","","","","","","","","","","","","","","","","","","","","","","","","","","","","","","","","","","ns127.mihanwebhost.com","ns128.mihanwebhost.com","","","clientTransferProhibited","","",""
"85","socialtits.com","2019-12-03 18:42:10","2019-12-02","2019-12-02","2020-12-02","146","GoDaddy.com, LLC","whois.godaddy.com","http://registrar.godaddy.com","","","","","Gy\u0151r-Moson-Sopron","","Hungary","","","","","","","","","","","","","","","","","","","","","","","","","","","","","","","","","","ns27.domaincontrol.com","ns28.domaincontrol.com","","","clientDeleteProhibited","clientRenewProhibited","clientTransferProhibited","clientUpdateProhibited"
"86","solaris3dled.com","2019-12-03 14:26:43","2019-12-02","2019-12-02","2020-12-02","113","CSL Computer Service Langenbach GmbH d/b/a joker.com","whois.joker.com","http://www.joker.com","","","","","","","Hungary","","","","","","","","","","","","","","","","","","","","","","","","","","","","","","","","","","ns1.domdom.net","ns2.domdom.net","ns3.domdom.net","","clientTransferProhibited","","",""
"87","somaliadventure.com","2019-12-03 14:48:44","2019-12-01","2019-12-01","2021-12-01","146","GoDaddy.com, LLC","whois.godaddy.com","http://registrar.godaddy.com","","","","","Komarom-Esztergom","","Hungary","","","","","","","","","","","","","","","","","","","","","","","","","","","","","","","","","","ns27.domaincontrol.com","ns28.domaincontrol.com","","","clientDeleteProhibited","clientRenewProhibited","clientTransferProhibited","clientUpdateProhibited"
"88","somaliorganic.com","2019-12-03 18:16:04","2019-12-01","2019-12-01","2021-12-01","146","GoDaddy.com, LLC","whois.godaddy.com","http://registrar.godaddy.com","","","","","Komarom-Esztergom","","Hungary","","","","","","","","","","","","","","","","","","","","","","","","","","","","","","","","","","ns27.domaincontrol.com","ns28.domaincontrol.com","","","clientDeleteProhibited","clientRenewProhibited","clientTransferProhibited","clientUpdateProhibited"
"89","souifed-host.com","2019-12-03 15:36:40","2019-12-02","2019-12-02","2020-12-02","82","OnlineNIC, Inc.","whois.onlinenic.com","http://www.onlinenic.com","NicAgent","NicAgent","","","PECS","","Hungary","","","","","","","","","","","","","","","","","","","","","","","","","","","","","","","","","","ns1.mihanwebhost.com","ns2.mihanwebhost.com","","","clientTransferProhibited","","",""
"90","souifed-hostes.com","2019-12-03 14:28:39","2019-12-02","2019-12-02","2020-12-02","82","OnlineNIC, Inc.","whois.onlinenic.com","http://www.onlinenic.com","NicAgent","NicAgent","","","PECS","","Hungary","","","","","","","","","","","","","","","","","","","","","","","","","","","","","","","","","","ns1.mihanwebhost.com","ns2.mihanwebhost.com","","","clientTransferProhibited","","",""
"91","souifed-hostes.net","2019-12-03 15:24:25","2019-12-02","2019-12-02","2020-12-02","82","OnlineNIC, Inc.","whois.onlinenic.com","http://www.onlinenic.com","NicAgent","NicAgent","","","PECS","","Hungary","","","","","","","","","","","","","","","","","","","","","","","","","","","","","","","","","","ns127.mihanwebhost.com","ns128.mihanwebhost.com","","","clientTransferProhibited","","",""
"92","spiceofcuba.com","2019-12-03 17:38:57","2019-12-01","2019-12-01","2021-12-01","146","GoDaddy.com, LLC","whois.godaddy.com","http://registrar.godaddy.com","","","","","Komarom-Esztergom","","Hungary","","","","","","","","","","","","","","","","","","","","","","","","","","","","","","","","","","ns27.domaincontrol.com","ns28.domaincontrol.com","","","clientDeleteProhibited","clientRenewProhibited","clientTransferProhibited","clientUpdateProhibited"
"93","suifed-pore.com","2019-12-03 15:07:44","2019-12-02","2019-12-02","2020-12-02","82","OnlineNIC, Inc.","whois.onlinenic.com","http://www.onlinenic.com","NicAgent","NicAgent","","","PECS","","Hungary","","","","","","","","","","","","","","","","","","","","","","","","","","","","","","","","","","ns127.mihanwebhost.com","ns128.mihanwebhost.com","","","clientTransferProhibited","","",""
"94","suifed-pore.net","2019-12-03 18:10:35","2019-12-02","2019-12-02","2020-12-02","82","OnlineNIC, Inc.","whois.onlinenic.com","http://www.onlinenic.com","NicAgent","NicAgent","","","PECS","","Hungary","","","","","","","","","","","","","","","","","","","","","","","","","","","","","","","","","","ns127.mihanwebhost.com","ns128.mihanwebhost.com","","","clientTransferProhibited","","",""
"95","suitcasesmuggler.com","2019-12-03 18:56:30","2019-12-01","2019-12-01","2020-12-01","146","GoDaddy.com, LLC","whois.godaddy.com","http://registrar.godaddy.com","","","","","Illinois","","Hungary","","","","","","","","","","","","","","","","","","","","","","","","","","","","","","","","","","ns27.domaincontrol.com","ns28.domaincontrol.com","","","clientDeleteProhibited","clientRenewProhibited","clientTransferProhibited","clientUpdateProhibited"
"96","szamitogepjavitas.net","2019-12-03 17:25:10","2019-12-02","2019-12-02","2020-12-02","1501","DotRoll Kft.","whois.dotroll.com","http://www.dotroll.com","RendszerNET Kft.","RendszerNET Kft.","","","","","Hungary","","","","","","","","","","","","","","","","","","","","","","","","","","","","","","","","","","ns1.szerverpark.eu","ns2.szerverpark.eu","","","OK","","",""
"97","szilasrita.com","2019-12-03 17:11:10","2019-12-02","2019-12-02","2020-12-02","69","Tucows Domains Inc.","whois.tucows.com","http://domainhelp.opensrs.net","REDACTED FOR PRIVACY","REDACTED FOR PRIVACY","REDACTED FOR PRIVACY","REDACTED FOR PRIVACY","REDACTED FOR PRIVACY","REDACTED FOR PRIVACY","Hungary","","REDACTED FOR PRIVACY","REDACTED FOR PRIVACY","REDACTED FOR PRIVACY","REDACTED FOR PRIVACY","REDACTED FOR PRIVACY","REDACTED FOR PRIVACY","REDACTED FOR PRIVACY","REDACTED FOR PRIVACY","REDACTED FOR PRIVACY","","REDACTED FOR PRIVACY","REDACTED FOR PRIVACY","REDACTED FOR PRIVACY","REDACTED FOR PRIVACY","REDACTED FOR PRIVACY","REDACTED FOR PRIVACY","REDACTED FOR PRIVACY","REDACTED FOR PRIVACY","REDACTED FOR PRIVACY","","REDACTED FOR PRIVACY","REDACTED FOR PRIVACY","","","","","","","","","","","ns.forpsi.cz","ns.forpsi.it","ns.forpsi.net","","clientTransferProhibited","clientUpdateProhibited","",""
"98","thehairtransplant.club","2019-12-03 14:17:00","2019-12-03","2019-12-03","2020-12-03","146","GoDaddy.com, LLC","whois.godaddy.com","http://registrar.godaddy.com","","","","","HU","","Hungary","","","","","","","","","","","","","","","","","","","","","","","","","","","","","","","","","","ns21.domaincontrol.com","ns22.domaincontrol.com","","","addPeriod","clientDeleteProhibited","clientRenewProhibited","clientTransferProhibited"
"99","thenewfitlife.com","2019-12-03 14:28:43","2019-12-02","2019-12-02","2020-12-02","82","OnlineNIC, Inc.","whois.onlinenic.com","http://www.onlinenic.com","None","None","","","Budapest","","Hungary","","","","","","","","","","","","","","","","","","","","","","","","","","","","","","","","","","ns.tdns1.net","ns.tdns2.net","","","clientTransferProhibited","","",""
"100","theplasticsurgery.club","2019-12-03 19:06:03","2019-12-03","2019-12-03","2020-12-03","146","GoDaddy.com, LLC","whois.godaddy.com","http://registrar.godaddy.com","","","","","HU","","Hungary","","","","","","","","","","","","","","","","","","","","","","","","","","","","","","","","","","ns21.domaincontrol.com","ns22.domaincontrol.com","","","addPeriod","clientDeleteProhibited","clientRenewProhibited","clientTransferProhibited"
"101","thesgart.com","2019-12-03 17:45:55","2019-12-02","2019-12-02","2020-12-02","1387","1API GmbH","whois.1api.net","http://www.1api.net","REDACTED FOR PRIVACY","REDACTED FOR PRIVACY","REDACTED FOR PRIVACY","REDACTED FOR PRIVACY","","REDACTED FOR PRIVACY","Hungary","","REDACTED FOR PRIVACY","","REDACTED FOR PRIVACY","REDACTED FOR PRIVACY","REDACTED FOR PRIVACY","REDACTED FOR PRIVACY","REDACTED FOR PRIVACY","REDACTED FOR PRIVACY","REDACTED FOR PRIVACY","","REDACTED FOR PRIVACY","","REDACTED FOR PRIVACY","REDACTED FOR PRIVACY","REDACTED FOR PRIVACY","REDACTED FOR PRIVACY","REDACTED FOR PRIVACY","REDACTED FOR PRIVACY","REDACTED FOR PRIVACY","","REDACTED FOR PRIVACY","","","","","","","","","","","","ns1.dns24.hu","ns2.dns24.hu","ns3.dns24.hu","ns4.dns24.hu","clientTransferProhibited","","",""
"102","ticklessadventure.com","2019-12-03 18:19:37","2019-12-02","2019-12-02","2020-12-02","303","PDR Ltd. d/b/a PublicDomainRegistry.com","whois.publicdomainregistry.com","http://www.publicdomainregistry.com","GDPR Masked","GDPR Masked","GDPR Masked GDPR Masked GDPR Masked","GDPR Masked","Pest","GDPR Masked","Hungary","gdpr-masking@gdpr-masked.com","+GDPR Masked.GDPR Masked","+GDPR Masked.GDPR Masked","GDPR Masked","GDPR Masked","GDPR Masked GDPR Masked GDPR Masked","GDPR Masked","Pest","GDPR Masked","Hungary","gdpr-masking@gdpr-masked.com","+GDPR Masked.GDPR Masked","+GDPR Masked.GDPR Masked","GDPR Masked","GDPR Masked","GDPR Masked GDPR Masked GDPR Masked","GDPR Masked","Pest","GDPR Masked","Hungary","gdpr-masking@gdpr-masked.com","+GDPR Masked.GDPR Masked","+GDPR Masked.GDPR Masked","","","","","","","","","","","ns1.tarhelypark.hu","ns3.tarhelypark.hu","","","clientTransferProhibited","","",""
"103","tipcsi.com","2019-12-03 17:38:28","2019-12-02","2019-12-02","2020-12-02","82","OnlineNIC, Inc.","whois.onlinenic.com","http://www.onlinenic.com","HGY Invest Kft.","HGY Invest Kft.","Lisznyai utca 38.","Budapest","Hungary","H-1016","Hungary","domain@hamuesgyemant.hu","+36.13988350","+36.13988350","HGY Invest Kft.","HGY Invest Kft.","Lisznyai utca 38.","Budapest","Hungary","H-1016","Hungary","domain@hamuesgyemant.hu","+36.13988350","+36.13988350","INTEGRITY Billing Contact","INTEGRITY Kft.","Victor Hugo u. 18-22.","Budapest","Hungary","H-1132","Hungary","billing-c@integrity.hu","+36.14502660","+36.14120483","","","","","","","","","","","dns1.hu","dns2.hu","dns3.hu","","OK","","",""
"104","tmkia.com","2019-12-03 15:31:18","2019-12-02","2019-12-02","2020-12-02","82","OnlineNIC, Inc.","whois.onlinenic.com","http://www.onlinenic.com","NicAgent","NicAgent","","","PECS","","Hungary","","","","","","","","","","","","","","","","","","","","","","","","","","","","","","","","","","ns183.mihanwebhost.com","ns184.mihanwebhost.com","","","clientTransferProhibited","","",""
"105","tuguiaenbudapest.com","2019-12-03 16:42:30","2019-12-02","2019-12-02","2020-12-02","955","Launchpad, Inc.","whois.launchpad.com","http://www.launchpad.com","GDPR Masked","GDPR Masked","GDPR Masked GDPR Masked GDPR Masked","GDPR Masked","BU","GDPR Masked","Hungary","gdpr-masking@gdpr-masked.com","+GDPR Masked.GDPR Masked","+GDPR Masked.GDPR Masked","GDPR Masked","GDPR Masked","GDPR Masked GDPR Masked GDPR Masked","GDPR Masked","BU","GDPR Masked","Hungary","gdpr-masking@gdpr-masked.com","+GDPR Masked.GDPR Masked","+GDPR Masked.GDPR Masked","GDPR Masked","GDPR Masked","GDPR Masked GDPR Masked GDPR Masked","GDPR Masked","BU","GDPR Masked","Hungary","gdpr-masking@gdpr-masked.com","+GDPR Masked.GDPR Masked","+GDPR Masked.GDPR Masked","","","","","","","","","","","ns3703.hostgator.com","ns3704.hostgator.com","","","clientTransferProhibited","","",""
"106","tutorialtalent.com","2019-12-03 17:00:22","2019-12-01","2019-12-02","2020-12-01","1479","Namesilo, LLC","whois.namesilo.com","http://www.namesilo.com","Laszlo Nyari","","9 Jozsef Attila street","Nyarsapat","Pest","2712","Hungary","hetvenkedek@gmail.com","+36.202406040","","Laszlo Nyari","","9 Jozsef Attila street","Nyarsapat","Pest","2712","Hungary","hetvenkedek@gmail.com","+36.202406040","","Laszlo Nyari","","9 Jozsef Attila street","Nyarsapat","Pest","2712","Hungary","hetvenkedek@gmail.com","+36.202406040","","","","","","","","","","","","ns1.dnsowl.com","ns2.dnsowl.com","ns3.dnsowl.com","","clientTransferProhibited","","",""
"107","udemx.com","2019-12-03 15:32:43","2019-12-02","2019-12-02","2021-12-02","69","Tucows Domains Inc.","whois.tucows.com","http://domainhelp.opensrs.net","REDACTED FOR PRIVACY","REDACTED FOR PRIVACY","REDACTED FOR PRIVACY","REDACTED FOR PRIVACY","REDACTED FOR PRIVACY","REDACTED FOR PRIVACY","Hungary","","REDACTED FOR PRIVACY","REDACTED FOR PRIVACY","REDACTED FOR PRIVACY","REDACTED FOR PRIVACY","REDACTED FOR PRIVACY","REDACTED FOR PRIVACY","REDACTED FOR PRIVACY","REDACTED FOR PRIVACY","REDACTED FOR PRIVACY","","REDACTED FOR PRIVACY","REDACTED FOR PRIVACY","REDACTED FOR PRIVACY","REDACTED FOR PRIVACY","REDACTED FOR PRIVACY","REDACTED FOR PRIVACY","REDACTED FOR PRIVACY","REDACTED FOR PRIVACY","REDACTED FOR PRIVACY","","REDACTED FOR PRIVACY","REDACTED FOR PRIVACY","","","","","","","","","","","ns.forpsi.cz","ns.forpsi.it","ns.forpsi.net","","clientTransferProhibited","clientUpdateProhibited","",""
"108","ujrafiatalon.com","2019-12-03 16:23:10","2019-12-02","2019-12-02","2021-12-02","146","GoDaddy.com, LLC","whois.godaddy.com","http://registrar.godaddy.com","GFX Design","GFX Design","","","Pest","","Hungary","","","","","","","","","","","","","","","","","","","","","","","","","","","","","","","","","","ns27.domaincontrol.com","ns28.domaincontrol.com","","","clientDeleteProhibited","clientRenewProhibited","clientTransferProhibited","clientUpdateProhibited"
"109","ujszerszamok.com","2019-12-03 17:11:25","2019-12-02","2019-12-02","2021-12-02","82","OnlineNIC, Inc.","whois.onlinenic.com","http://www.onlinenic.com","Tool City Kft","Tool City Kft","","","HU","","Hungary","","","","","","","","","","","","","","","","","","","","","","","","","","","","","","","","","","ns1.mediacenter.hu","ns2.mediacenter.hu","","","clientTransferProhibited","","",""
"110","veryoldpussy.com","2019-12-03 18:33:11","2019-12-01","2019-12-01","2020-12-01","168","Register.it SPA","whois.register.it","http://we.register.it","REDACTED FOR PRIVACY","REDACTED FOR PRIVACY","REDACTED FOR PRIVACY","REDACTED FOR PRIVACY","Bacs-Kiskun Megye","REDACTED FOR PRIVACY","Hungary","","REDACTED.FORPRIVACY","REDACTED.FORPRIVACY","REDACTED FOR PRIVACY","REDACTED FOR PRIVACY","REDACTED FOR PRIVACY","REDACTED FOR PRIVACY","Bacs-Kiskun Megye","REDACTED FOR PRIVACY","Hungary","","REDACTED.FORPRIVACY","REDACTED.FORPRIVACY","REDACTED FOR PRIVACY","REDACTED FOR PRIVACY","REDACTED FOR PRIVACY","REDACTED FOR PRIVACY","FI","REDACTED FOR PRIVACY","Italy","","REDACTED.FORPRIVACY","REDACTED.FORPRIVACY","","","","","","","","","","","anna.ns.cloudflare.com","peyton.ns.cloudflare.com","","","OK","","",""
"111","vivinacafe.com","2019-12-03 18:05:54","2019-12-02","2019-12-02","2020-12-02","48","eNom, Inc.","whois.enom.com","http://www.enom.com","REDACTED FOR PRIVACY","REDACTED FOR PRIVACY","REDACTED FOR PRIVACY","REDACTED FOR PRIVACY","PEST","REDACTED FOR PRIVACY","Hungary","","REDACTED FOR PRIVACY","REDACTED FOR PRIVACY","REDACTED FOR PRIVACY","REDACTED FOR PRIVACY","REDACTED FOR PRIVACY","REDACTED FOR PRIVACY","REDACTED FOR PRIVACY","REDACTED FOR PRIVACY","REDACTED FOR PRIVACY","","REDACTED FOR PRIVACY","REDACTED FOR PRIVACY","REDACTED FOR PRIVACY","REDACTED FOR PRIVACY","REDACTED FOR PRIVACY","REDACTED FOR PRIVACY","REDACTED FOR PRIVACY","REDACTED FOR PRIVACY","REDACTED FOR PRIVACY","","REDACTED FOR PRIVACY","REDACTED FOR PRIVACY","","","","","","","","","","","ns1.sybell.hu","ns2.sybell.hu","","","addPeriod","clientTransferProhibited","",""
"112","webappandroid.com","2019-12-03 16:19:18","2019-12-02","2019-12-03","2020-12-02","1591","Promo People inc.","whois.nic.fr","http://www.ait.com","REDACTED FOR PRIVACY","REDACTED FOR PRIVACY","REDACTED FOR PRIVACY","REDACTED FOR PRIVACY","REDACTED FOR PRIVACY","REDACTED FOR PRIVACY","Hungary","","REDACTED FOR PRIVACY","REDACTED FOR PRIVACY","REDACTED FOR PRIVACY","REDACTED FOR PRIVACY","REDACTED FOR PRIVACY","REDACTED FOR PRIVACY","REDACTED FOR PRIVACY","REDACTED FOR PRIVACY","REDACTED FOR PRIVACY","","REDACTED FOR PRIVACY","REDACTED FOR PRIVACY","REDACTED FOR PRIVACY","REDACTED FOR PRIVACY","REDACTED FOR PRIVACY","REDACTED FOR PRIVACY","REDACTED FOR PRIVACY","REDACTED FOR PRIVACY","REDACTED FOR PRIVACY","","REDACTED FOR PRIVACY","REDACTED FOR PRIVACY","","","","","","","","","","","ns1.hostpapa.com","ns2.hostpapa.com","","","clientTransferProhibited","clientUpdateProhibited","",""
"113","webtvmastering.com","2019-12-03 18:58:36","2019-12-01","2019-12-01","2020-12-01","146","GoDaddy.com, LLC","whois.godaddy.com","http://registrar.godaddy.com","","","","","Kelemen","","Hungary","","","","","","","","","","","","","","","","","","","","","","","","","","","","","","","","","","ns27.domaincontrol.com","ns28.domaincontrol.com","","","clientDeleteProhibited","clientRenewProhibited","clientTransferProhibited","clientUpdateProhibited"
"114","woldem.com","2019-12-03 18:46:46","2019-12-02","2019-12-02","2020-12-02","151","PSI-USA, Inc. dba Domain Robot","whois.psi-usa.info","http://www.psi-usa.info","REDACTED FOR PRIVACY","WOLDEM KFt","REDACTED FOR PRIVACY","REDACTED FOR PRIVACY","HU","REDACTED FOR PRIVACY","Hungary","","REDACTED FOR PRIVACY","REDACTED FOR PRIVACY","REDACTED FOR PRIVACY","REDACTED FOR PRIVACY","REDACTED FOR PRIVACY","REDACTED FOR PRIVACY","REDACTED FOR PRIVACY","REDACTED FOR PRIVACY","REDACTED FOR PRIVACY","","REDACTED FOR PRIVACY","REDACTED FOR PRIVACY","REDACTED FOR PRIVACY","REDACTED FOR PRIVACY","REDACTED FOR PRIVACY","REDACTED FOR PRIVACY","REDACTED FOR PRIVACY","REDACTED FOR PRIVACY","REDACTED FOR PRIVACY","","REDACTED FOR PRIVACY","REDACTED FOR PRIVACY","","","","","","","","","","","ns1.versanus.hu","ns2.versanus.hu","ns3.versanus.hu","","clientTransferProhibited","","",""
"115","woldem.net","2019-12-03 17:28:15","2019-12-02","2019-12-02","2020-12-02","151","PSI-USA, Inc. dba Domain Robot","whois.psi-usa.info","http://www.psi-usa.info","REDACTED FOR PRIVACY","WOLDEM KFt","REDACTED FOR PRIVACY","REDACTED FOR PRIVACY","HU","REDACTED FOR PRIVACY","Hungary","","REDACTED FOR PRIVACY","REDACTED FOR PRIVACY","REDACTED FOR PRIVACY","REDACTED FOR PRIVACY","REDACTED FOR PRIVACY","REDACTED FOR PRIVACY","REDACTED FOR PRIVACY","REDACTED FOR PRIVACY","REDACTED FOR PRIVACY","","REDACTED FOR PRIVACY","REDACTED FOR PRIVACY","REDACTED FOR PRIVACY","REDACTED FOR PRIVACY","REDACTED FOR PRIVACY","REDACTED FOR PRIVACY","REDACTED FOR PRIVACY","REDACTED FOR PRIVACY","REDACTED FOR PRIVACY","","REDACTED FOR PRIVACY","REDACTED FOR PRIVACY","","","","","","","","","","","ns1.versanus.hu","ns2.versanus.hu","ns3.versanus.hu","","clientTransferProhibited","","",""
"116","woldemkft.com","2019-12-03 16:30:31","2019-12-02","2019-12-02","2020-12-02","151","PSI-USA, Inc. dba Domain Robot","whois.psi-usa.info","http://www.psi-usa.info","REDACTED FOR PRIVACY","WOLDEM KFt","REDACTED FOR PRIVACY","REDACTED FOR PRIVACY","HU","REDACTED FOR PRIVACY","Hungary","","REDACTED FOR PRIVACY","REDACTED FOR PRIVACY","REDACTED FOR PRIVACY","REDACTED FOR PRIVACY","REDACTED FOR PRIVACY","REDACTED FOR PRIVACY","REDACTED FOR PRIVACY","REDACTED FOR PRIVACY","REDACTED FOR PRIVACY","","REDACTED FOR PRIVACY","REDACTED FOR PRIVACY","REDACTED FOR PRIVACY","REDACTED FOR PRIVACY","REDACTED FOR PRIVACY","REDACTED FOR PRIVACY","REDACTED FOR PRIVACY","REDACTED FOR PRIVACY","REDACTED FOR PRIVACY","","REDACTED FOR PRIVACY","REDACTED FOR PRIVACY","","","","","","","","","","","ns1.versanus.hu","ns2.versanus.hu","ns3.versanus.hu","","clientTransferProhibited","","",""
"117","woldemkft.net","2019-12-03 14:38:05","2019-12-02","2019-12-02","2020-12-02","151","PSI-USA, Inc. dba Domain Robot","whois.psi-usa.info","http://www.psi-usa.info","REDACTED FOR PRIVACY","WOLDEM KFt","REDACTED FOR PRIVACY","REDACTED FOR PRIVACY","HU","REDACTED FOR PRIVACY","Hungary","","REDACTED FOR PRIVACY","REDACTED FOR PRIVACY","REDACTED FOR PRIVACY","REDACTED FOR PRIVACY","REDACTED FOR PRIVACY","REDACTED FOR PRIVACY","REDACTED FOR PRIVACY","REDACTED FOR PRIVACY","REDACTED FOR PRIVACY","","REDACTED FOR PRIVACY","REDACTED FOR PRIVACY","REDACTED FOR PRIVACY","REDACTED FOR PRIVACY","REDACTED FOR PRIVACY","REDACTED FOR PRIVACY","REDACTED FOR PRIVACY","REDACTED FOR PRIVACY","REDACTED FOR PRIVACY","","REDACTED FOR PRIVACY","REDACTED FOR PRIVACY","","","","","","","","","","","ns1.versanus.hu","ns2.versanus.hu","ns3.versanus.hu","","clientTransferProhibited","","",""
"118","xn--kohzak-rta8n.com","2019-12-03 15:04:18","2019-12-02","2019-12-02","2020-12-02","1501","DotRoll Kft.","whois.dotroll.com","http://www.dotroll.com","","","","","Szabolcs-Szatmar-Bereg","","Hungary","","","","","","","","","","","","","","","","","","","","","","","","","","","","","","","","","","ns4.webparadicsom.hu","ns5.webparadicsom.hu","","","OK","","",""
"119","yasindev.com","2019-12-03 18:42:41","2019-12-02","2019-12-02","2020-12-02","82","OnlineNIC, Inc.","whois.onlinenic.com","http://www.onlinenic.com","NicAgent","NicAgent","","","PECS","","Hungary","","","","","","","","","","","","","","","","","","","","","","","","","","","","","","","","","","ns1.mihanwebhost.com","ns2.mihanwebhost.com","","","clientTransferProhibited","","",""
"120","yogastreaming.net","2019-12-03 17:14:14","2019-12-02","2019-12-02","2020-12-02","82","OnlineNIC, Inc.","whois.onlinenic.com","http://www.onlinenic.com","None","None","","","Pest","","Hungary","","","","","","","","","","","","","","","","","","","","","","","","","","","","","","","","","","ns.tdns1.net","ns.tdns2.net","","","clientTransferProhibited","","",""
"121","youstanibility.com","2019-12-03 17:57:06","2019-12-02","2019-12-02","2020-12-02","82","OnlineNIC, Inc.","whois.onlinenic.com","http://www.onlinenic.com","HGY Invest Kft.","HGY Invest Kft.","","","Hungary","","Hungary","","","","","","","","","","","","","","","","","","","","","","","","","","","","","","","","","","dns1.hu","dns2.hu","dns3.hu","","OK","","",""
"122","zozidalom.com","2019-12-03 15:32:00","2019-12-01","2019-12-01","2021-12-01","146","GoDaddy.com, LLC","whois.godaddy.com","http://registrar.godaddy.com","Void IT Solutions Limited","Void IT Solutions Limited","","","Csongrad","","Hungary","","","","","","","","","","","","","","","","","","","","","","","","","","","","","","","","","","lex.ns.cloudflare.com","ruth.ns.cloudflare.com","","","clientDeleteProhibited","clientRenewProhibited","clientTransferProhibited","clientUpdateProhibited"