"num","domain_name","query_time","create_date","update_date","expiry_date","domain_registrar_id","domain_registrar_name","domain_registrar_whois","domain_registrar_url","registrant_name","registrant_company","registrant_address","registrant_city","registrant_state","registrant_zip","registrant_country","registrant_email","registrant_phone","registrant_fax","administrative_name","administrative_company","administrative_address","administrative_city","administrative_state","administrative_zip","administrative_country","administrative_email","administrative_phone","administrative_fax","technical_name","technical_company","technical_address","technical_city","technical_state","technical_zip","technical_country","technical_email","technical_phone","technical_fax","billing_name","billing_company","billing_address","billing_city","billing_state","billing_zip","billing_country","billing_email","billing_phone","billing_fax","name_server_1","name_server_2","name_server_3","name_server_4","domain_status_1","domain_status_2","domain_status_3","domain_status_4"
"1","adentsys.com","2019-12-03 16:53:37","2019-12-02","2019-12-02","2020-12-02","146","GoDaddy.com, LLC","whois.godaddy.com","http://registrar.godaddy.com","","","","","Baghdas","","Iraq","","","","","","","","","","","","","","","","","","","","","","","","","","","","","","","","","","ns27.domaincontrol.com","ns28.domaincontrol.com","","","clientDeleteProhibited","clientRenewProhibited","clientTransferProhibited","clientUpdateProhibited"
"2","alabedgroup.com","2019-12-03 14:55:28","2019-12-02","2019-12-02","2020-12-02","146","GoDaddy.com, LLC","whois.godaddy.com","http://registrar.godaddy.com","","","","","baghdad","","Iraq","","","","","","","","","","","","","","","","","","","","","","","","","","","","","","","","","","ns27.domaincontrol.com","ns28.domaincontrol.com","","","clientDeleteProhibited","clientRenewProhibited","clientTransferProhibited","clientUpdateProhibited"
"3","alamalemployess.net","2019-12-03 15:49:49","2019-12-02","2019-12-02","2020-12-02","625","Name.com, Inc.","whois.name.com","http://www.name.com","BASRA SERV","BASRA SERV CO","BASRAH","basra","basrah","12345","Iraq","info@basra-serv.com","+964.7801209301","","BASRA SERV","BASRA SERV CO","BASRAH","basra","basrah","12345","Iraq","info@basra-serv.com","+964.7801209301","","BASRA SERV","BASRA SERV CO","BASRAH","basra","basrah","12345","Iraq","info@basra-serv.com","+964.7801209301","","","","","","","","","","","","ns1.basra-serv.com","ns2.basra-serv.com","","","addPeriod","clientTransferProhibited","",""
"4","braeety.com","2019-12-03 18:23:58","2019-12-02","2019-12-02","2020-12-02","69","Tucows Domains Inc.","whois.tucows.com","http://domainhelp.opensrs.net","REDACTED FOR PRIVACY","REDACTED FOR PRIVACY","REDACTED FOR PRIVACY","REDACTED FOR PRIVACY","XX","REDACTED FOR PRIVACY","Iraq","","REDACTED FOR PRIVACY","REDACTED FOR PRIVACY","REDACTED FOR PRIVACY","REDACTED FOR PRIVACY","REDACTED FOR PRIVACY","REDACTED FOR PRIVACY","REDACTED FOR PRIVACY","REDACTED FOR PRIVACY","REDACTED FOR PRIVACY","","REDACTED FOR PRIVACY","REDACTED FOR PRIVACY","REDACTED FOR PRIVACY","REDACTED FOR PRIVACY","REDACTED FOR PRIVACY","REDACTED FOR PRIVACY","REDACTED FOR PRIVACY","REDACTED FOR PRIVACY","REDACTED FOR PRIVACY","","REDACTED FOR PRIVACY","REDACTED FOR PRIVACY","","","","","","","","","","","ns1.c47566.sgvps.net","ns2.c47566.sgvps.net","","","clientTransferProhibited","clientUpdateProhibited","",""
"5","ch-erbil.com","2019-12-03 17:32:38","2019-12-02","2019-12-02","2020-12-02","2487","Internet Domain Services BS Corp","whois.publicinterestregistry.net","http://www.internetbs.net","Not disclosed Not disclosed","Cloud House","Ankawa, Near DHL","Erbil","","112233","Iraq","5090f7061ed9cf5e7d662c32997ea21f.gdrp@customers.whoisprivacycorp.com","+1.5163872248","","Not disclosed Not disclosed","Cloud House","Ankawa, Near DHL","Erbil","","112233","Iraq","5090f7061ed9cf5e7d662c32997ea21f.gdrp@customers.whoisprivacycorp.com","+1.5163872248","","Not disclosed Not disclosed","Cloud House","Ankawa, Near DHL","Erbil","","112233","Iraq","5090f7061ed9cf5e7d662c32997ea21f.gdrp@customers.whoisprivacycorp.com","+1.5163872248","","","","","","","","","","","","ns-canada.topdns.com","ns-uk.topdns.com","ns-usa.topdns.com","","clientTransferProhibited","ok","",""
"6","creativeteamco.com","2019-12-03 18:37:08","2019-12-02","2019-12-02","2020-12-02","146","GoDaddy.com, LLC","whois.godaddy.com","http://registrar.godaddy.com","","","","","iraq","","Iraq","","","","","","","","","","","","","","","","","","","","","","","","","","","","","","","","","","ns21.domaincontrol.com","ns22.domaincontrol.com","","","clientDeleteProhibited","clientRenewProhibited","clientTransferProhibited","clientUpdateProhibited"
"7","eftp-server.com","2019-12-03 15:32:01","2019-12-02","2019-12-02","2020-12-02","48","eNom, Inc.","whois.enom.com","http://www.enom.com","REDACTED FOR PRIVACY","REDACTED FOR PRIVACY","REDACTED FOR PRIVACY","REDACTED FOR PRIVACY","Choose State","REDACTED FOR PRIVACY","Iraq","","REDACTED FOR PRIVACY","REDACTED FOR PRIVACY","REDACTED FOR PRIVACY","REDACTED FOR PRIVACY","REDACTED FOR PRIVACY","REDACTED FOR PRIVACY","REDACTED FOR PRIVACY","REDACTED FOR PRIVACY","REDACTED FOR PRIVACY","","REDACTED FOR PRIVACY","REDACTED FOR PRIVACY","REDACTED FOR PRIVACY","REDACTED FOR PRIVACY","REDACTED FOR PRIVACY","REDACTED FOR PRIVACY","REDACTED FOR PRIVACY","REDACTED FOR PRIVACY","REDACTED FOR PRIVACY","","REDACTED FOR PRIVACY","REDACTED FOR PRIVACY","","","","","","","","","","","ns1.easy-firmware.store","ns2.easy-firmware.store","","","addPeriod","clientTransferProhibited","",""
"8","gicceg.com","2019-12-03 16:42:29","2019-12-02","2019-12-02","2020-12-02","625","Name.com, Inc.","whois.name.com","http://www.name.com","Manarat Technology","Manarat Techonology Com","Iraq","All","Iraq","00964","Iraq","tech4hosting@gmail.com","+964.7701609684","","Manarat Technology","Manarat Techonology Com","Iraq","All","Iraq","00964","Iraq","tech4hosting@gmail.com","+964.7701609684","","Manarat Technology","Manarat Techonology Com","Iraq","All","Iraq","00964","Iraq","tech4hosting@gmail.com","+964.7701609684","","","","","","","","","","","","ns1.tech4hosting.com","ns2.tech4hosting.com","","","addPeriod","clientTransferProhibited","",""
"9","hasannoori.com","2019-12-03 14:45:02","2019-12-01","2019-12-01","2020-12-01","146","GoDaddy.com, LLC","whois.godaddy.com","http://registrar.godaddy.com","","","","","Erbil","","Iraq","","","","","","","","","","","","","","","","","","","","","","","","","","","","","","","","","","ns1.topdesign.pro","ns2.topdesign.pro","","","clientDeleteProhibited","clientRenewProhibited","clientTransferProhibited","clientUpdateProhibited"
"10","ilgcc.com","2019-12-03 18:10:46","2019-12-02","2019-12-03","2020-12-02","48","eNom, Inc.","whois.enom.com","http://www.enom.com","REDACTED FOR PRIVACY","REDACTED FOR PRIVACY","REDACTED FOR PRIVACY","REDACTED FOR PRIVACY","Basra","REDACTED FOR PRIVACY","Iraq","","REDACTED FOR PRIVACY","REDACTED FOR PRIVACY","REDACTED FOR PRIVACY","REDACTED FOR PRIVACY","REDACTED FOR PRIVACY","REDACTED FOR PRIVACY","REDACTED FOR PRIVACY","REDACTED FOR PRIVACY","REDACTED FOR PRIVACY","","REDACTED FOR PRIVACY","REDACTED FOR PRIVACY","REDACTED FOR PRIVACY","REDACTED FOR PRIVACY","REDACTED FOR PRIVACY","REDACTED FOR PRIVACY","REDACTED FOR PRIVACY","REDACTED FOR PRIVACY","REDACTED FOR PRIVACY","","REDACTED FOR PRIVACY","REDACTED FOR PRIVACY","","","","","","","","","","","ns1.bdm.microsoftonline.com","ns2.bdm.microsoftonline.com","ns3.bdm.microsoftonline.com","ns4.bdm.microsoftonline.com","addPeriod","clientTransferProhibited","",""
"11","kishexperts.com","2019-12-03 16:39:19","2019-12-02","2019-12-02","2020-12-02","625","Name.com, Inc.","whois.name.com","http://www.name.com","Rawand Peshdary","RMR-Soft","www.rmr4it.com","Erbil","Erbil","00964","Iraq","info@rmr4it.com","+964.7507138355","","Rawand Peshdary","RMR-Soft","www.rmr4it.com","Erbil","Erbil","00964","Iraq","info@rmr4it.com","+964.7507138355","","Rawand Peshdary","RMR-Soft","www.rmr4it.com","Erbil","Erbil","00964","Iraq","info@rmr4it.com","+964.7507138355","","","","","","","","","","","","ns102.rmr4it.org","ns103.rmr4it.org","","","addPeriod","clientTransferProhibited","",""
"12","korting.club","2019-12-03 17:53:11","2019-12-02","2019-12-02","2020-12-02","146","GoDaddy.com, LLC","whois.godaddy.com","http://registrar.godaddy.com","","","","","Utrecht","","Iraq","","","","","","","","","","","","","","","","","","","","","","","","","","","","","","","","","","ns21.domaincontrol.com","ns22.domaincontrol.com","","","addPeriod","clientDeleteProhibited","clientRenewProhibited","clientTransferProhibited"
"13","mardtravel.com","2019-12-03 18:30:24","2019-12-02","2019-12-02","2020-12-02","440","Wild West Domains, LLC","whois.wildwestdomains.com","http://www.wildwestdomains.com","Avesta Group","Avesta Group","","","Kurdistan","","Iraq","","","","","","","","","","","","","","","","","","","","","","","","","","","","","","","","","","ns27.domaincontrol.com","ns28.domaincontrol.com","","","clientDeleteProhibited","clientRenewProhibited","clientTransferProhibited","clientUpdateProhibited"
"14","moh-tech-reg.net","2019-12-03 18:26:42","2019-12-02","2019-12-03","2020-12-02","955","Launchpad, Inc.","whois.launchpad.com","http://www.launchpad.com","Hayder Saeed","None","Iraq, baghdad Baghdad","Baghdad","BG","00964","Iraq","abukarar2004@gmail.com","+964.7700235974","","Hayder Saeed","None","Iraq, baghdad Baghdad","Baghdad","BG","00964","Iraq","abukarar2004@gmail.com","+964.7700235974","","Hayder Saeed","None","Iraq, baghdad Baghdad","Baghdad","BG","00964","Iraq","abukarar2004@gmail.com","+964.7700235974","","","","","","","","","","","","ns1.moh-tech-reg.net","ns2.moh-tech-reg.net","","","clientTransferProhibited","","",""
"15","ocean.graphics","2019-12-03 15:17:12","2019-12-02","2019-12-02","2020-12-02","146","GoDaddy.com, LLC","whois.godaddy.com","http://registrar.godaddy.com","REDACTED FOR PRIVACY","","REDACTED FOR PRIVACY","REDACTED FOR PRIVACY","basra","REDACTED FOR PRIVACY","Iraq","","REDACTED FOR PRIVACY","REDACTED FOR PRIVACY","","","","","","","","","","","","","","","","","","","","","","","","","","","","","","","","","","","addPeriod","clientDeleteProhibited","clientRenewProhibited","clientTransferProhibited"
"16","osatranslation.com","2019-12-03 14:17:04","2019-12-02","2019-12-02","2020-12-02","625","Name.com, Inc.","whois.name.com","http://www.name.com","Beta Line","IT Solution","Iraq, Erbil, 40M Str, Opposite Gullan Tower , HawlerMall","Erbil","Kurdistan","44001","Iraq","info@beta-line.com","+964.7504979667","","Beta Line","IT Solution","Iraq, Erbil, 40M Str, Opposite Gullan Tower , HawlerMall","Erbil","Kurdistan","44001","Iraq","info@beta-line.com","+964.7504979667","","Beta Line","IT Solution","Iraq, Erbil, 40M Str, Opposite Gullan Tower , HawlerMall","Erbil","Kurdistan","44001","Iraq","info@beta-line.com","+964.7504979667","","","","","","","","","","","","ns1dnx.name.com","ns2lns.name.com","ns3dty.name.com","ns4sxy.name.com","addPeriod","clientTransferProhibited","",""
"17","pandacybercore.com","2019-12-03 17:25:47","2019-12-01","2019-12-01","2020-12-01","625","Name.com, Inc.","whois.name.com","http://www.name.com","MISBAR TECH","ALMISBAR TECH LTD.","Al-Sina'a St, Baghdad, Iraq","Baghdad","Karadah","00964","Iraq","info@misbarcom.com","+964.7813655996","","MISBAR TECH","ALMISBAR TECH LTD.","Al-Sina'a St, Baghdad, Iraq","Baghdad","Karadah","00964","Iraq","info@misbarcom.com","+964.7813655996","","MISBAR TECH","ALMISBAR TECH LTD.","Al-Sina'a St, Baghdad, Iraq","Baghdad","Karadah","00964","Iraq","info@misbarcom.com","+964.7813655996","","","","","","","","","","","","ns1.pearhosting.net","ns2.pearhosting.net","","","addPeriod","clientTransferProhibited","",""
"18","petersberggroup.com","2019-12-03 14:49:27","2019-12-02","2019-12-02","2020-12-02","146","GoDaddy.com, LLC","whois.godaddy.com","http://registrar.godaddy.com","Petersberg","Petersberg","","","Duhok","","Iraq","","","","","","","","","","","","","","","","","","","","","","","","","","","","","","","","","","ns27.domaincontrol.com","ns28.domaincontrol.com","","","clientDeleteProhibited","clientRenewProhibited","clientTransferProhibited","clientUpdateProhibited"
"19","rakhaa-goldengroup.com","2019-12-03 15:36:04","2019-12-01","2019-12-01","2020-12-01","303","PDR Ltd. d/b/a PublicDomainRegistry.com","whois.publicdomainregistry.com","http://www.publicdomainregistry.com","maram","maram","alkufa alnajaf","Najaf","An Najef","00964","Iraq","maram.iraq@gmail.com","+964.7806350996","","maram","maram","alkufa alnajaf","Najaf","An Najef","00964","Iraq","maram.iraq@gmail.com","+964.7806350996","","maram","maram","alkufa alnajaf","Najaf","An Najef","00964","Iraq","maram.iraq@gmail.com","+964.7806350996","","","","","","","","","","","","ns1.maramhost.com","ns2.maramhost.com","","","clientTransferProhibited","","",""
"20","shalawmajeed.com","2019-12-03 17:03:33","2019-12-02","2019-12-02","2020-12-02","146","GoDaddy.com, LLC","whois.godaddy.com","http://registrar.godaddy.com","","","","","Kurdistan","","Iraq","","","","","","","","","","","","","","","","","","","","","","","","","","","","","","","","","","ns27.domaincontrol.com","ns28.domaincontrol.com","","","clientDeleteProhibited","clientRenewProhibited","clientTransferProhibited","clientUpdateProhibited"
"21","vakifbankvibi.com","2019-12-03 16:14:56","2019-12-01","2019-12-01","2024-12-01","440","Wild West Domains, LLC","whois.wildwestdomains.com","http://www.wildwestdomains.com","GLOBALNET Internet Technologies","GLOBALNET Internet Technologies","","","Ankara","","Iraq","","","","","","","","","","","","","","","","","","","","","","","","","","","","","","","","","","ns27.domaincontrol.com","ns28.domaincontrol.com","","","clientDeleteProhibited","clientRenewProhibited","clientTransferProhibited","clientUpdateProhibited"