"num","domain_name","query_time","create_date","update_date","expiry_date","domain_registrar_id","domain_registrar_name","domain_registrar_whois","domain_registrar_url","registrant_name","registrant_company","registrant_address","registrant_city","registrant_state","registrant_zip","registrant_country","registrant_email","registrant_phone","registrant_fax","administrative_name","administrative_company","administrative_address","administrative_city","administrative_state","administrative_zip","administrative_country","administrative_email","administrative_phone","administrative_fax","technical_name","technical_company","technical_address","technical_city","technical_state","technical_zip","technical_country","technical_email","technical_phone","technical_fax","billing_name","billing_company","billing_address","billing_city","billing_state","billing_zip","billing_country","billing_email","billing_phone","billing_fax","name_server_1","name_server_2","name_server_3","name_server_4","domain_status_1","domain_status_2","domain_status_3","domain_status_4"
"1","beatifulworld.com","2019-12-03 16:50:42","2019-12-02","2019-12-02","2020-12-02","146","GoDaddy.com, LLC","whois.godaddy.com","http://registrar.godaddy.com","","","","","St. Catherine","","Jamaica","","","","","","","","","","","","","","","","","","","","","","","","","","","","","","","","","","ns27.domaincontrol.com","ns28.domaincontrol.com","","","clientDeleteProhibited","clientRenewProhibited","clientTransferProhibited","clientUpdateProhibited"
"2","bonnybellas.com","2019-12-03 17:04:56","2019-12-02","2019-12-02","2020-12-02","146","GoDaddy.com, LLC","whois.godaddy.com","http://registrar.godaddy.com","","","","","connecticut","","Jamaica","","","","","","","","","","","","","","","","","","","","","","","","","","","","","","","","","","ns27.domaincontrol.com","ns28.domaincontrol.com","","","clientDeleteProhibited","clientRenewProhibited","clientTransferProhibited","clientUpdateProhibited"
"3","brucealbertcollection.com","2019-12-03 16:34:20","2019-12-02","2019-12-02","2020-12-02","146","GoDaddy.com, LLC","whois.godaddy.com","http://registrar.godaddy.com","Bruce Wong Ken","BAWK Enterprises Limited","16 Little Premier Plaza","Kingston","none","00010","Jamaica","bwongken@gmail.com","+1.6154658331","","Bruce Wong Ken","BAWK Enterprises Limited","16 Little Premier Plaza","Kingston","none","00010","Jamaica","bwongken@gmail.com","+1.6154658331","","Bruce Wong Ken","BAWK Enterprises Limited","16 Little Premier Plaza","Kingston","none","00010","Jamaica","bwongken@gmail.com","+1.6154658331","","","","","","","","","","","","pdns09.domaincontrol.com","pdns10.domaincontrol.com","","","clientDeleteProhibited","clientRenewProhibited","clientTransferProhibited","clientUpdateProhibited"
"4","brucealbertcosmetics.com","2019-12-03 14:17:25","2019-12-02","2019-12-02","2020-12-02","146","GoDaddy.com, LLC","whois.godaddy.com","http://registrar.godaddy.com","BAWK Enterprises Limited","BAWK Enterprises Limited","","","none","","Jamaica","","","","","","","","","","","","","","","","","","","","","","","","","","","","","","","","","","pdns09.domaincontrol.com","pdns10.domaincontrol.com","","","clientDeleteProhibited","clientRenewProhibited","clientTransferProhibited","clientUpdateProhibited"
"5","dbwlegal.com","2019-12-03 18:58:46","2019-12-01","2019-12-01","2020-12-01","955","Launchpad, Inc.","whois.launchpad.com","http://www.launchpad.com","Dbw Legal","None","22 Trafalgar Park","Kingston","01","JMAAW03","Jamaica","dbwlegaljm@gmail.com","+1.8763205345","","Dbw Legal","None","22 Trafalgar Park","Kingston","01","JMAAW03","Jamaica","dbwlegaljm@gmail.com","+1.8763205345","","Dbw Legal","None","22 Trafalgar Park","Kingston","01","JMAAW03","Jamaica","dbwlegaljm@gmail.com","+1.8763205345","","","","","","","","","","","","ns3703.hostgator.com","ns3704.hostgator.com","","","clientTransferProhibited","","",""
"6","emarjm.com","2019-12-03 17:11:23","2019-12-02","2019-12-02","2020-12-02","955","Launchpad, Inc.","whois.launchpad.com","http://www.launchpad.com","Emar Morrison","None","3 Heliconia Way","Spanish Town","14","JMAAW03","Jamaica","emarmorrison@gmail.com","+1.8763146749","","Emar Morrison","None","3 Heliconia Way","Spanish Town","14","JMAAW03","Jamaica","emarmorrison@gmail.com","+1.8763146749","","Emar Morrison","None","3 Heliconia Way","Spanish Town","14","JMAAW03","Jamaica","emarmorrison@gmail.com","+1.8763146749","","","","","","","","","","","","ns8323.hostgator.com","ns8324.hostgator.com","","","clientTransferProhibited","","",""
"7","hedgedja.com","2019-12-03 18:06:50","2019-12-02","2019-12-02","2020-12-02","3817","Wix.com Ltd.","","","Tatiana Answer","Local Pathway","5 Chambers Drive","Kingston 6","","JMAAW08","Jamaica","hedgedja.com@wix-domains.com","+1.4159496022","","Tatiana Answer","Local Pathway","5 Chambers Drive","Kingston 6","","JMAAW08","Jamaica","tatianswer92@gmail.com","+1.8764814947","","Tatiana Answer","Local Pathway","5 Chambers Drive","Kingston 6","","JMAAW08","Jamaica","tatianswer92@gmail.com","+1.8764814947","","","","","","","","","","","","ns4.wixdns.net","ns5.wixdns.net","","","clientTransferProhibited","clientUpdateProhibited","",""
"8","heineken.zone","2019-12-03 18:20:10","2019-12-02","2019-12-02","2020-12-02","146","GoDaddy.com, LLC","whois.godaddy.com","http://registrar.godaddy.com","REDACTED FOR PRIVACY","CGR Communications","REDACTED FOR PRIVACY","REDACTED FOR PRIVACY","Kingston","REDACTED FOR PRIVACY","Jamaica","","REDACTED FOR PRIVACY","REDACTED FOR PRIVACY","","","","","","","","","","","","","","","","","","","","","","","","","","","","","","","","","","","addPeriod","clientDeleteProhibited","clientRenewProhibited","clientTransferProhibited"
"9","thejw.club","2019-12-03 15:02:11","2019-12-02","2019-12-02","2020-12-02","146","GoDaddy.com, LLC","whois.godaddy.com","http://registrar.godaddy.com","CGR Communications","CGR Communications","26 Munroe Road","Kingston 6","NA","00000","Jamaica","jranston@cgrjamaica.com","+1.8769775060","","CGR Communications","CGR Communications","26 Munroe Road","Kingston 6","NA","00000","Jamaica","jranston@cgrjamaica.com","+1.8769775060","","CGR Communications","CGR Communications","26 Munroe Road","Kingston 6","NA","00000","Jamaica","jranston@cgrjamaica.com","+1.8769775060","","","","","","","","","","","","cash.ns.cloudflare.com","tina.ns.cloudflare.com","","","addPeriod","clientDeleteProhibited","clientRenewProhibited","clientTransferProhibited"