"num","domain_name","query_time","create_date","update_date","expiry_date","domain_registrar_id","domain_registrar_name","domain_registrar_whois","domain_registrar_url","registrant_name","registrant_company","registrant_address","registrant_city","registrant_state","registrant_zip","registrant_country","registrant_email","registrant_phone","registrant_fax","administrative_name","administrative_company","administrative_address","administrative_city","administrative_state","administrative_zip","administrative_country","administrative_email","administrative_phone","administrative_fax","technical_name","technical_company","technical_address","technical_city","technical_state","technical_zip","technical_country","technical_email","technical_phone","technical_fax","billing_name","billing_company","billing_address","billing_city","billing_state","billing_zip","billing_country","billing_email","billing_phone","billing_fax","name_server_1","name_server_2","name_server_3","name_server_4","domain_status_1","domain_status_2","domain_status_3","domain_status_4"
"1","alijraat.com","2019-12-03 17:18:28","2019-12-02","2019-12-02","2020-12-02","625","Name.com, Inc.","whois.name.com","http://www.name.com","Omar Murtada","Murtada Logistics","Alia Housing  , P.O.BOX 195","amman","amman","11731","Jordan","o.murtada@gmail.com","+962.799066690","","Omar Murtada","Murtada Logistics","Alia Housing  , P.O.BOX 195","amman","amman","11731","Jordan","o.murtada@gmail.com","+962.799066690","","Omar Murtada","Murtada Logistics","Alia Housing  , P.O.BOX 195","amman","amman","11731","Jordan","o.murtada@gmail.com","+962.799066690","","","","","","","","","","","","ns1qsy.name.com","ns2clp.name.com","ns3cjl.name.com","ns4cgs.name.com","addPeriod","clientTransferProhibited","",""
"2","alshoani.com","2019-12-03 17:07:44","2019-12-02","2019-12-02","2020-12-02","1443","Vautron Rechenzentrum AG","whois.antagus.de","http://www.vautron.de","","","","","","","Jordan","abwlfaeogy@domprivacy.de","","","","","","","","","","abwlfaeogy@domprivacy.de","","","","","","","","","","a4o7tygxoo@domprivacy.de","","","","","","","","","","","","","ns1.contabo.net","ns2.contabo.net","ns3.contabo.net","","OK","","",""
"3","altamyuz.com","2019-12-03 15:31:31","2019-12-02","2019-12-02","2020-12-02","146","GoDaddy.com, LLC","whois.godaddy.com","http://registrar.godaddy.com","","","","","Amman","","Jordan","","","","","","","","","","","","","","","","","","","","","","","","","","","","","","","","","","ns27.domaincontrol.com","ns28.domaincontrol.com","","","clientDeleteProhibited","clientRenewProhibited","clientTransferProhibited","clientUpdateProhibited"
"4","arab4climate.com","2019-12-03 14:54:11","2019-12-02","2019-12-02","2020-12-02","146","GoDaddy.com, LLC","whois.godaddy.com","http://registrar.godaddy.com","arab climate center","arab climate center","","","madaba","","Jordan","","","","","","","","","","","","","","","","","","","","","","","","","","","","","","","","","","ns27.domaincontrol.com","ns28.domaincontrol.com","","","clientDeleteProhibited","clientRenewProhibited","clientTransferProhibited","clientUpdateProhibited"
"5","aurora-rentals.com","2019-12-03 14:23:31","2019-12-02","2019-12-02","2020-12-02","146","GoDaddy.com, LLC","whois.godaddy.com","http://registrar.godaddy.com","Mosaic","Mosaic","","","Jordan","","Jordan","","","","","","","","","","","","","","","","","","","","","","","","","","","","","","","","","","ns27.domaincontrol.com","ns28.domaincontrol.com","","","clientDeleteProhibited","clientRenewProhibited","clientTransferProhibited","clientUpdateProhibited"
"6","ayar-jo.com","2019-12-03 18:30:29","2019-12-02","2019-12-02","2020-12-02","146","GoDaddy.com, LLC","whois.godaddy.com","http://registrar.godaddy.com","\u0634\u0631\u0643\u0629 \u062f\u0645\u0634\u0642 \u0644\u0644\u","\u0634\u0631\u0643\u0629 \u062f\u0645\u0634\u0642 \u0644\u0644\u","","","amman","","Jordan","","","","","","","","","","","","","","","","","","","","","","","","","","","","","","","","","","ns27.domaincontrol.com","ns28.domaincontrol.com","","","clientDeleteProhibited","clientRenewProhibited","clientTransferProhibited","clientUpdateProhibited"
"7","belb8lk.com","2019-12-03 19:03:53","2019-12-02","2019-12-02","2020-12-02","146","GoDaddy.com, LLC","whois.godaddy.com","http://registrar.godaddy.com","","","","","Irbid","","Jordan","","","","","","","","","","","","","","","","","","","","","","","","","","","","","","","","","","ns1.generatehost.com","ns2.generatehost.com","","","clientDeleteProhibited","clientRenewProhibited","clientTransferProhibited","clientUpdateProhibited"
"8","eiccjo.com","2019-12-03 17:50:00","2019-12-01","2019-12-01","2021-12-01","146","GoDaddy.com, LLC","whois.godaddy.com","http://registrar.godaddy.com","Eicc","Eicc","","","amman","","Jordan","","","","","","","","","","","","","","","","","","","","","","","","","","","","","","","","","","ns27.domaincontrol.com","ns28.domaincontrol.com","","","clientDeleteProhibited","clientRenewProhibited","clientTransferProhibited","clientUpdateProhibited"
"9","elinasofia.com","2019-12-03 14:21:41","2019-12-02","2019-12-02","2020-12-02","113","CSL Computer Service Langenbach GmbH d/b/a joker.com","whois.joker.com","http://www.joker.com","SPARK TEAM","","11 ADIY BIN HATEM","AMMAN","AMMAN - NAZZAL","11171","Jordan","baraaezz@hotmail.com","+962.786286567","","SPARK TEAM","","11 ADIY BIN HATEM","AMMAN","AMMAN - NAZZAL","11171","Jordan","baraaezz@hotmail.com","+962.786286567","","SPARK TEAM","","11 ADIY BIN HATEM","AMMAN","AMMAN - NAZZAL","11171","Jordan","baraaezz@hotmail.com","+962.786286567","","","","","","","","","","","","ns1.soma.fi","ns2.soma.fi","","","clientTransferProhibited","","",""
"10","evergreenjo.com","2019-12-03 14:28:20","2019-12-02","2019-12-02","2020-12-02","146","GoDaddy.com, LLC","whois.godaddy.com","http://registrar.godaddy.com","cg imagine+invent","cg imagine+invent","","","Amman","","Jordan","","","","","","","","","","","","","","","","","","","","","","","","","","","","","","","","","","ns1.cgiisrv.com","ns2.cgiisrv.com","","","clientDeleteProhibited","clientRenewProhibited","clientTransferProhibited","clientUpdateProhibited"
"11","evsooq.com","2019-12-03 17:38:53","2019-12-02","2019-12-02","2020-12-02","291","DNC Holdings, Inc.","whois.directnic.com","http://www.directnic.com","Eyad Kilani","Eyad Kilani","","","Amman","","Jordan","evsooq.com-registrant@directnicwhoiscompliance.com","","","","","","","","","","evsooq.com-admin@directnicwhoiscompliance.com","","","","","","","","","","evsooq.com-tech@directnicwhoiscompliance.com","","","","","","","","","","","","","ns1.digitalocean.com","ns2.digitalocean.com","ns3.digitalocean.com","","addPeriod","clientDeleteProhibited","clientTransferProhibited","clientUpdateProhibited"
"12","galaxyhotelamman.com","2019-12-03 14:16:28","2019-12-02","2019-12-02","2020-12-02","146","GoDaddy.com, LLC","whois.godaddy.com","http://registrar.godaddy.com","","","","","Amman","","Jordan","","","","","","","","","","","","","","","","","","","","","","","","","","","","","","","","","","ns27.domaincontrol.com","ns28.domaincontrol.com","","","clientDeleteProhibited","clientRenewProhibited","clientTransferProhibited","clientUpdateProhibited"
"13","jostores1.com","2019-12-03 16:15:05","2019-12-01","2019-12-01","2020-12-01","146","GoDaddy.com, LLC","whois.godaddy.com","http://registrar.godaddy.com","najjar com","najjar com","","","amman","","Jordan","","","","","","","","","","","","","","","","","","","","","","","","","","","","","","","","","","ns27.domaincontrol.com","ns28.domaincontrol.com","","","clientDeleteProhibited","clientRenewProhibited","clientTransferProhibited","clientUpdateProhibited"
"14","julphars.com","2019-12-03 18:32:45","2019-12-02","2019-12-02","2020-12-02","146","GoDaddy.com, LLC","whois.godaddy.com","http://registrar.godaddy.com","1st Business Solutions","1st Business Solutions","","","","","Jordan","","","","","","","","","","","","","","","","","","","","","","","","","","","","","","","","","","dns2009a.trouble-free.net","dns2009b.trouble-free.net","","","clientDeleteProhibited","clientRenewProhibited","clientTransferProhibited","clientUpdateProhibited"
"15","manoushewnos.com","2019-12-03 19:07:33","2019-12-02","2019-12-02","2020-12-02","1636","Hostinger, UAB","whois.hostinger.com","http://www.hostinger.com","Mahmoud Momani Momani","Mahmoud Momani Momani","Shafiq Irshedat St., 306 Al Rawashdeh Complex","Irbid","Irbid","21163","Jordan","mhd88.1988@hotmail.com","+962.795512768","","Mahmoud Momani Momani","Mahmoud Momani Momani","Shafiq Irshedat St., 306 Al Rawashdeh Complex","Irbid","Irbid","21163","Jordan","mhd88.1988@hotmail.com","+962.795512768","","Mahmoud Momani Momani","Mahmoud Momani Momani","Shafiq Irshedat St., 306 Al Rawashdeh Complex","Irbid","Irbid","21163","Jordan","mhd88.1988@hotmail.com","+962.795512768","","","","","","","","","","","","ns1.dns-parking.com","ns2.dns-parking.com","","","clientTransferProhibited","","",""
"16","mirageest.com","2019-12-03 16:56:32","2019-12-02","2019-12-02","2020-12-02","146","GoDaddy.com, LLC","whois.godaddy.com","http://registrar.godaddy.com","","","","","Amman","","Jordan","","","","","","","","","","","","","","","","","","","","","","","","","","","","","","","","","","ns27.domaincontrol.com","ns28.domaincontrol.com","","","clientDeleteProhibited","clientRenewProhibited","clientTransferProhibited","clientUpdateProhibited"
"17","mosaic.training","2019-12-03 15:00:43","2019-12-02","2019-12-02","2020-12-02","146","GoDaddy.com, LLC","whois.godaddy.com","http://registrar.godaddy.com","REDACTED FOR PRIVACY","Mosaic","REDACTED FOR PRIVACY","REDACTED FOR PRIVACY","Jordan","REDACTED FOR PRIVACY","Jordan","","REDACTED FOR PRIVACY","REDACTED FOR PRIVACY","","","","","","","","","","","","","","","","","","","","","","","","","","","","","","","","","","","addPeriod","clientDeleteProhibited","clientRenewProhibited","clientTransferProhibited"
"18","phonesyria.com","2019-12-03 18:03:24","2019-12-01","2019-12-01","2020-12-01","146","GoDaddy.com, LLC","whois.godaddy.com","http://registrar.godaddy.com","","","","","Jordan","","Jordan","","","","","","","","","","","","","","","","","","","","","","","","","","","","","","","","","","ns27.domaincontrol.com","ns28.domaincontrol.com","","","clientDeleteProhibited","clientRenewProhibited","clientTransferProhibited","clientUpdateProhibited"
"19","popluncher.com","2019-12-03 17:13:58","2019-12-01","2019-12-01","2020-12-01","146","GoDaddy.com, LLC","whois.godaddy.com","http://registrar.godaddy.com","Raed","","63 Isam Alajlouni Street","Amman","Amman","11196","Jordan","dynadot@kuplix.com","+962.795758596","","Raed","","63 Isam Alajlouni Street","Amman","Amman","11196","Jordan","dynadot@kuplix.com","+962.795758596","","Raed","","63 Isam Alajlouni Street","Amman","Amman","11196","Jordan","dynadot@kuplix.com","+962.795758596","","Raed","","63 Isam Alajlouni Street","Amman","Amman","11196","Jordan","dynadot@kuplix.com","+962.795758596","","ns27.domaincontrol.com","ns28.domaincontrol.com","","","clientDeleteProhibited","clientRenewProhibited","clientTransferProhibited","clientUpdateProhibited"
"20","profixae.com","2019-12-03 14:42:42","2019-12-01","2019-12-01","2020-12-01","146","GoDaddy.com, LLC","whois.godaddy.com","http://registrar.godaddy.com","PROFECT Group","PROFECT Group","","","Amman","","Jordan","","","","","","","","","","","","","","","","","","","","","","","","","","","","","","","","","","ns27.domaincontrol.com","ns28.domaincontrol.com","","","clientDeleteProhibited","clientRenewProhibited","clientTransferProhibited","clientUpdateProhibited"
"21","re7nak.com","2019-12-03 17:52:36","2019-12-02","2019-12-02","2020-12-02","146","GoDaddy.com, LLC","whois.godaddy.com","http://registrar.godaddy.com","","","","","Irbid","","Jordan","","","","","","","","","","","","","","","","","","","","","","","","","","","","","","","","","","ns1.generatehost.com","ns2.generatehost.com","","","clientDeleteProhibited","clientRenewProhibited","clientTransferProhibited","clientUpdateProhibited"
"22","renaissanceviaggi.com","2019-12-03 14:53:29","2019-12-02","2019-12-02","2020-12-02","1636","Hostinger, UAB","whois.hostinger.com","http://www.hostinger.com","ghassan","renaissance Viaggi","jabal al wabdeh , M ajlouni street no. 10","Amman","amman","11191","Jordan","bookingtours.jordan@gmail.com","+962.795083635","","ghassan","renaissance Viaggi","jabal al wabdeh , M ajlouni street no. 10","Amman","amman","11191","Jordan","bookingtours.jordan@gmail.com","+962.795083635","","ghassan","renaissance Viaggi","jabal al wabdeh , M ajlouni street no. 10","Amman","amman","11191","Jordan","bookingtours.jordan@gmail.com","+962.795083635","","","","","","","","","","","","ns1.dns-parking.com","ns2.dns-parking.com","","","clientTransferProhibited","","",""
"23","seaj.net","2019-12-03 19:14:00","2019-12-02","2019-12-02","2020-12-02","146","GoDaddy.com, LLC","whois.godaddy.com","http://registrar.godaddy.com","Boostatic","Boostatic","","","Amman","","Jordan","","","","","","","","","","","","","","","","","","","","","","","","","","","","","","","","","","ns21.domaincontrol.com","ns22.domaincontrol.com","","","clientDeleteProhibited","clientRenewProhibited","clientTransferProhibited","clientUpdateProhibited"
"24","seajlf.com","2019-12-03 14:26:13","2019-12-02","2019-12-02","2020-12-02","146","GoDaddy.com, LLC","whois.godaddy.com","http://registrar.godaddy.com","Boostatic","Boostatic","","","Amman","","Jordan","","","","","","","","","","","","","","","","","","","","","","","","","","","","","","","","","","ns21.domaincontrol.com","ns22.domaincontrol.com","","","clientDeleteProhibited","clientRenewProhibited","clientTransferProhibited","clientUpdateProhibited"
"25","tech-jo.com","2019-12-03 17:17:45","2019-12-02","2019-12-02","2020-12-02","146","GoDaddy.com, LLC","whois.godaddy.com","http://registrar.godaddy.com","","","","","AMM","","Jordan","","","","","","","","","","","","","","","","","","","","","","","","","","","","","","","","","","ns21.domaincontrol.com","ns22.domaincontrol.com","","","clientDeleteProhibited","clientRenewProhibited","clientTransferProhibited","clientUpdateProhibited"
"26","theresinbox.com","2019-12-03 16:14:22","2019-12-02","2019-12-02","2020-12-02","146","GoDaddy.com, LLC","whois.godaddy.com","http://registrar.godaddy.com","","","","","Amman","","Jordan","","","","","","","","","","","","","","","","","","","","","","","","","","","","","","","","","","ns27.domaincontrol.com","ns28.domaincontrol.com","","","clientDeleteProhibited","clientRenewProhibited","clientTransferProhibited","clientUpdateProhibited"
"27","topquize.com","2019-12-03 17:29:25","2019-12-01","2019-12-01","2020-12-01","146","GoDaddy.com, LLC","whois.godaddy.com","http://registrar.godaddy.com","egyweb","egyweb","","","Aqba","","Jordan","","","","","","","","","","","","","","","","","","","","","","","","","","","","","","","","","","kay.ns.cloudflare.com","syeef.ns.cloudflare.com","","","clientDeleteProhibited","clientRenewProhibited","clientTransferProhibited","clientUpdateProhibited"
"28","tour-click.com","2019-12-03 17:25:26","2019-12-02","2019-12-02","2020-12-02","146","GoDaddy.com, LLC","whois.godaddy.com","http://registrar.godaddy.com","","","","","Amman","","Jordan","","","","","","","","","","","","","","","","","","","","","","","","","","","","","","","","","","ns27.domaincontrol.com","ns28.domaincontrol.com","","","clientDeleteProhibited","clientRenewProhibited","clientTransferProhibited","clientUpdateProhibited"
"29","unifiedaddress.com","2019-12-03 16:00:34","2019-12-02","2019-12-02","2020-12-02","146","GoDaddy.com, LLC","whois.godaddy.com","http://registrar.godaddy.com","","","","","AL","","Jordan","","","","","","","","","","","","","","","","","","","","","","","","","","","","","","","","","","ns27.domaincontrol.com","ns28.domaincontrol.com","","","clientDeleteProhibited","clientRenewProhibited","clientTransferProhibited","clientUpdateProhibited"
"30","waraqajo.com","2019-12-03 16:22:06","2019-12-02","2019-12-02","2021-12-02","146","GoDaddy.com, LLC","whois.godaddy.com","http://registrar.godaddy.com","Waraqa","Waraqa","","","Amman","","Jordan","","","","","","","","","","","","","","","","","","","","","","","","","","","","","","","","","","ns27.domaincontrol.com","ns28.domaincontrol.com","","","clientDeleteProhibited","clientRenewProhibited","clientTransferProhibited","clientUpdateProhibited"