"num","domain_name","query_time","create_date","update_date","expiry_date","domain_registrar_id","domain_registrar_name","domain_registrar_whois","domain_registrar_url","registrant_name","registrant_company","registrant_address","registrant_city","registrant_state","registrant_zip","registrant_country","registrant_email","registrant_phone","registrant_fax","administrative_name","administrative_company","administrative_address","administrative_city","administrative_state","administrative_zip","administrative_country","administrative_email","administrative_phone","administrative_fax","technical_name","technical_company","technical_address","technical_city","technical_state","technical_zip","technical_country","technical_email","technical_phone","technical_fax","billing_name","billing_company","billing_address","billing_city","billing_state","billing_zip","billing_country","billing_email","billing_phone","billing_fax","name_server_1","name_server_2","name_server_3","name_server_4","domain_status_1","domain_status_2","domain_status_3","domain_status_4"
"1","africanbackpacker.com","2019-12-03 15:43:13","2019-12-02","2019-12-02","2020-12-02","303","PDR Ltd. d/b/a PublicDomainRegistry.com","whois.publicdomainregistry.com","http://www.publicdomainregistry.com","Dennis Ofucho","Pixova Studio","Seasons road","Nairobi","Nairobi","00100","Kenya","denzeldenys@gmail.com","+254.0715262116","","Dennis Ofucho","Pixova Studio","Seasons road","Nairobi","Nairobi","00100","Kenya","denzeldenys@gmail.com","+254.0715262116","","Dennis Ofucho","Pixova Studio","Seasons road","Nairobi","Nairobi","00100","Kenya","denzeldenys@gmail.com","+254.0715262116","","","","","","","","","","","","ns1.ipage.com","ns2.ipage.com","","","clientTransferProhibited","","",""
"2","afriquestbiotech.com","2019-12-03 14:23:13","2019-12-02","2019-12-02","2020-12-02","146","GoDaddy.com, LLC","whois.godaddy.com","http://registrar.godaddy.com","","","","","MN","","Kenya","","","","","","","","","","","","","","","","","","","","","","","","","","","","","","","","","","ns27.domaincontrol.com","ns28.domaincontrol.com","","","clientDeleteProhibited","clientRenewProhibited","clientTransferProhibited","clientUpdateProhibited"
"3","afyachama.com","2019-12-03 18:12:28","2019-12-02","2019-12-02","2020-12-02","1005","NetEarth One Inc. d/b/a NetEarth","whois.advancedregistrar.com","http://www.netearthone.com","Dennis Kitheka","Soft Products Ltd","BOX 12699","Nairobi","Nairobi","00200","Kenya","denkytheka@gmail.com","+254.0727044818","","Dennis Kitheka","Soft Products Ltd","BOX 12699","Nairobi","Nairobi","00200","Kenya","denkytheka@gmail.com","+254.0727044818","","Dennis Kitheka","Soft Products Ltd","BOX 12699","Nairobi","Nairobi","00200","Kenya","denkytheka@gmail.com","+254.0727044818","","","","","","","","","","","","ns0.sasahost.com","ns309.sasahost.com","ns310.sasahost.com","ns418.sasahost.com","clientTransferProhibited","","",""
"4","agriculturalsolutionskenya.com","2019-12-03 17:01:04","2019-12-02","2019-12-02","2020-12-02","3817","Wix.com Ltd.","","","kelvin ndungu","AGRICULTURAL SOLUTIONS  KENYA","kfa biulding hailie sellassie avenue","nairobi","","00100","Kenya","agriculturalsolutionskenya.com@wix-domains.com","+1.4159496022","","kelvin ndungu","AGRICULTURAL SOLUTIONS  KENYA","kfa biulding hailie sellassie avenue","nairobi","","00100","Kenya","kgitata@yahoo.co.uk","+254.725522392","","kelvin ndungu","AGRICULTURAL SOLUTIONS  KENYA","kfa biulding hailie sellassie avenue","nairobi","","00100","Kenya","kgitata@yahoo.co.uk","+254.725522392","","","","","","","","","","","","ns0.wixdns.net","ns1.wixdns.net","","","clientTransferProhibited","clientUpdateProhibited","",""
"5","ajaexperience.com","2019-12-03 16:26:39","2019-12-02","2019-12-02","2020-12-02","3817","Wix.com Ltd.","","","Isaac Wangombe","Isaac Wangombe","Marula Lane","Nairobi","","21059","Kenya","ajaexperience.com@wix-domains.com","+1.4159496022","","Isaac Wangombe","Isaac Wangombe","Marula Lane","Nairobi","","21059","Kenya","inmariga@gmail.com","+254.706551542","","Isaac Wangombe","Isaac Wangombe","Marula Lane","Nairobi","","21059","Kenya","inmariga@gmail.com","+254.706551542","","","","","","","","","","","","ns14.wixdns.net","ns15.wixdns.net","","","clientTransferProhibited","clientUpdateProhibited","",""
"6","bid254.com","2019-12-03 15:14:07","2019-12-02","2019-12-02","2020-12-02","1443","Vautron Rechenzentrum AG","whois.antagus.de","http://www.vautron.de","","","","","","","Kenya","a2x8ahidkq@domprivacy.de","","","","","","","","","","a2x8ahidkq@domprivacy.de","","","","","","","","","","a4o7tygxoo@domprivacy.de","","","","","","","","","","","","","ns1.contabo.net","ns2.contabo.net","ns3.contabo.net","","OK","","",""
"7","breeanempreethrift.com","2019-12-03 14:36:45","2019-12-01","2019-12-01","2020-12-01","146","GoDaddy.com, LLC","whois.godaddy.com","http://registrar.godaddy.com","","","","","NA","","Kenya","","","","","","","","","","","","","","","","","","","","","","","","","","","","","","","","","","ns27.domaincontrol.com","ns28.domaincontrol.com","","","clientDeleteProhibited","clientRenewProhibited","clientTransferProhibited","clientUpdateProhibited"
"8","byroneodiwuor.world","2019-12-03 14:28:57","2019-12-02","2019-12-02","2020-12-02","1479","Namesilo, LLC","whois.namesilo.com","http://www.namesilo.com","REDACTED FOR PRIVACY","","REDACTED FOR PRIVACY","REDACTED FOR PRIVACY","Nyanza","REDACTED FOR PRIVACY","Kenya","","REDACTED FOR PRIVACY","REDACTED FOR PRIVACY","","","","","","","","","","","","","","","","","","","","","","","","","","","","","","","","","","","addPeriod","clientTransferProhibited","",""
"9","centfie.com","2019-12-03 16:15:06","2019-12-01","2019-12-02","2020-12-01","1479","Namesilo, LLC","whois.namesilo.com","http://www.namesilo.com","Sophy Chunge","","P.O BOX 1227 Kakamega","KAKAMEGA","WESTERN","50100","Kenya","centfie.1@gmail.com","+254.0713893328","","Sophy Chunge","","P.O BOX 1227 Kakamega","KAKAMEGA","WESTERN","50100","Kenya","centfie.1@gmail.com","+254.0713893328","","Sophy Chunge","","P.O BOX 1227 Kakamega","KAKAMEGA","WESTERN","50100","Kenya","centfie.1@gmail.com","+254.0713893328","","","","","","","","","","","","ns1.cloudoon.com","ns2.cloudoon.com","ns3.cloudoon.com","","clientTransferProhibited","","",""
"10","dumashienterprises.com","2019-12-03 14:26:02","2019-12-02","2019-12-02","2020-12-02","146","GoDaddy.com, LLC","whois.godaddy.com","http://registrar.godaddy.com","","","","","Nairobi","","Kenya","","","","","","","","","","","","","","","","","","","","","","","","","","","","","","","","","","ns27.domaincontrol.com","ns28.domaincontrol.com","","","clientDeleteProhibited","clientRenewProhibited","clientTransferProhibited","clientUpdateProhibited"
"11","ekaziglobal.com","2019-12-03 18:49:11","2019-12-02","2019-12-02","2020-12-02","1479","Namesilo, LLC","whois.namesilo.com","http://www.namesilo.com","Telaviv Traders","","1st Floor Sunshine Plaza Maua, Meru - Kenya","Maua","meru","60600","Kenya","telavivke@gmail.com","+254.715823592","","Telaviv Traders","","1st Floor Sunshine Plaza Maua, Meru - Kenya","Maua","meru","60600","Kenya","telavivke@gmail.com","+254.715823592","","Telaviv Traders","","1st Floor Sunshine Plaza Maua, Meru - Kenya","Maua","meru","60600","Kenya","telavivke@gmail.com","+254.715823592","","","","","","","","","","","","ns1.cloudoon.com","ns2.cloudoon.com","ns3.cloudoon.com","","clientTransferProhibited","","",""
"12","elmolosafarikenya.com","2019-12-03 18:26:01","2019-12-02","2019-12-02","2020-12-02","625","Name.com, Inc.","whois.name.com","http://www.name.com","Joseph Mbugua","Cormnets Technology","P.O. Box 26319 - 00100","Nairobi","Nairobi","254","Kenya","cormnets@gmail.com","+254.721226292","","Joseph Mbugua","Cormnets Technology","P.O. Box 26319 - 00100","Nairobi","Nairobi","254","Kenya","cormnets@gmail.com","+254.721226292","","Joseph Mbugua","Cormnets Technology","P.O. Box 26319 - 00100","Nairobi","Nairobi","254","Kenya","cormnets@gmail.com","+254.721226292","","","","","","","","","","","","ns321.websitewelcome.com","ns322.websitewelcome.com","","","addPeriod","clientTransferProhibited","",""
"13","genesystech.net","2019-12-03 14:20:11","2019-12-02","2019-12-03","2020-12-02","1479","Namesilo, LLC","whois.namesilo.com","http://www.namesilo.com","Peter Aleng","","Keren road Langata","Nairobi","State","000144","Kenya","osambotony@hitmail.com","+254.726056803","","Peter Aleng","","Keren road Langata","Nairobi","State","000144","Kenya","osambotony@hitmail.com","+254.726056803","","Peter Aleng","","Keren road Langata","Nairobi","State","000144","Kenya","osambotony@hitmail.com","+254.726056803","","","","","","","","","","","","corporate.vip11.noc40.com","corporate.vip12.noc40.com","","","clientTransferProhibited","","",""
"14","glsafaris.com","2019-12-03 18:52:03","2019-12-02","2019-12-02","2020-12-02","303","PDR Ltd. d/b/a PublicDomainRegistry.com","whois.publicdomainregistry.com","http://www.publicdomainregistry.com","Barizi Web Solutions","","3170","Nairobi","Other","00200","Kenya","info@bariziwebsolutions.com","+254.23236438","","Barizi Web Solutions","","3170","Nairobi","Other","00200","Kenya","info@bariziwebsolutions.com","+254.23236438","","Barizi Web Solutions","","3170","Nairobi","Other","00200","Kenya","info@bariziwebsolutions.com","+254.23236438","","","","","","","","","","","","dns1.bariziweb.com","dns2.bariziweb.com","","","clientTransferProhibited","","",""
"15","gokenyasafaris.com","2019-12-03 16:14:09","2019-12-02","2019-12-02","2020-12-02","303","PDR Ltd. d/b/a PublicDomainRegistry.com","whois.publicdomainregistry.com","http://www.publicdomainregistry.com","Onesmus Mutinda","Kenya Tours and Safaris","Nairobi","Nairobi","Kenya","00100","Kenya","tours.kenyasafaris@gmail.com","+254.722739549","","Onesmus Mutinda","Kenya Tours and Safaris","Nairobi","Nairobi","Kenya","00100","Kenya","tours.kenyasafaris@gmail.com","+254.722739549","","Onesmus Mutinda","Kenya Tours and Safaris","Nairobi","Nairobi","Kenya","00100","Kenya","tours.kenyasafaris@gmail.com","+254.722739549","","","","","","","","","","","","ns1.webscreationsdesigngroup.co.uk","ns2.webscreationsdesigngroup.co.uk","ns3.webscreationsdesigngroup.co.uk","","clientTransferProhibited","","",""
"16","grass-cow.com","2019-12-03 17:46:24","2019-12-01","2019-12-01","2020-12-01","1005","NetEarth One Inc. d/b/a NetEarth","whois.advancedregistrar.com","http://www.netearthone.com","Cynthia Muiga","","Tom Mboya","Kisumu","Kisumu","00200","Kenya","bakhita650@gmail.com","+254.740867393","","Cynthia Muiga","","Tom Mboya","Kisumu","Kisumu","00200","Kenya","bakhita650@gmail.com","+254.740867393","","Cynthia Muiga","","Tom Mboya","Kisumu","Kisumu","00200","Kenya","bakhita650@gmail.com","+254.740867393","","","","","","","","","","","","ns0.sasahost.com","ns309.sasahost.com","ns310.sasahost.com","ns418.sasahost.com","clientTransferProhibited","","",""
"17","iwakoli.com","2019-12-03 16:50:38","2019-12-02","2019-12-02","2020-12-02","1005","NetEarth One Inc. d/b/a NetEarth","whois.advancedregistrar.com","http://www.netearthone.com","ISAIAH WAKOLI","","5007 Chiromo","Nairobi","Nairobi","00100","Kenya","wakoli302@gmail.com","+254.715608524","","ISAIAH WAKOLI","","5007 Chiromo","Nairobi","Nairobi","00100","Kenya","wakoli302@gmail.com","+254.715608524","","ISAIAH WAKOLI","","5007 Chiromo","Nairobi","Nairobi","00100","Kenya","wakoli302@gmail.com","+254.715608524","","","","","","","","","","","","ns0.sasahost.com","ns309.sasahost.com","ns310.sasahost.com","ns418.sasahost.com","clientTransferProhibited","","",""
"18","jiranicredit.com","2019-12-03 17:39:34","2019-12-02","2019-12-02","2024-12-02","303","PDR Ltd. d/b/a PublicDomainRegistry.com","whois.publicdomainregistry.com","http://www.publicdomainregistry.com","Jirani  Direct","Jirani Direct Limited","12257","Nairobi","Kenya","00400","Kenya","jiranidirect@yahoo.com","+254.0716147750","","Jirani  Direct","Jirani Direct Limited","12257","Nairobi","Kenya","00400","Kenya","jiranidirect@yahoo.com","+254.0716147750","","Jirani  Direct","Jirani Direct Limited","12257","Nairobi","Kenya","00400","Kenya","jiranidirect@yahoo.com","+254.0716147750","","","","","","","","","","","","jim.ns.cloudflare.com","kim.ns.cloudflare.com","","","clientTransferProhibited","","",""
"19","kenyanpoets.com","2019-12-03 18:02:30","2019-12-02","2019-12-03","2020-12-02","1479","Namesilo, LLC","whois.namesilo.com","http://www.namesilo.com","kenyan poets","","Nairobi","Nairobi","Nairobi","00400","Kenya","kenyanpoets@gmail.com","+254.710650554","","kenyan poets","","Nairobi","Nairobi","Nairobi","00400","Kenya","kenyanpoets@gmail.com","+254.710650554","","kenyan poets","","Nairobi","Nairobi","Nairobi","00400","Kenya","kenyanpoets@gmail.com","+254.710650554","","","","","","","","","","","","ns1.cloudoon.com","ns2.cloudoon.com","ns3.cloudoon.com","","clientTransferProhibited","","",""
"20","kevintindi.com","2019-12-03 17:45:22","2019-12-01","2019-12-01","2020-12-01","303","PDR Ltd. d/b/a PublicDomainRegistry.com","whois.publicdomainregistry.com","http://www.publicdomainregistry.com","Collins Lenjo","","00200","Nairobi","Kenya","57431","Kenya","collinslenjo.cl@gmail.com","+254.708457639","","Collins Lenjo","","00200","Nairobi","Kenya","57431","Kenya","collinslenjo.cl@gmail.com","+254.708457639","","Collins Lenjo","","00200","Nairobi","Kenya","57431","Kenya","collinslenjo.cl@gmail.com","+254.708457639","","","","","","","","","","","","ns1.digitalocean.com","ns2.digitalocean.com","ns3.digitalocean.com","","clientTransferProhibited","","",""
"21","kiliseng.com","2019-12-03 18:23:27","2019-12-02","2019-12-03","2020-12-02","1479","Namesilo, LLC","whois.namesilo.com","http://www.namesilo.com","Eric Mocha","","367","Kenol","Central","01020","Kenya","mochaeric@yahoo.com","+254.707475114","","Eric Mocha","","367","Kenol","Central","01020","Kenya","mochaeric@yahoo.com","+254.707475114","","Eric Mocha","","367","Kenol","Central","01020","Kenya","mochaeric@yahoo.com","+254.707475114","","","","","","","","","","","","ns1.cloudoon.com","ns2.cloudoon.com","ns3.cloudoon.com","","clientTransferProhibited","","",""
"22","kizuritoursandtravel.com","2019-12-03 18:42:48","2019-12-02","2019-12-02","2020-12-02","146","GoDaddy.com, LLC","whois.godaddy.com","http://registrar.godaddy.com","Beldin Creations","Beldin Creations","","","Uasin Gishu","","Kenya","","","","","","","","","","","","","","","","","","","","","","","","","","","","","","","","","","ns27.domaincontrol.com","ns28.domaincontrol.com","","","clientDeleteProhibited","clientRenewProhibited","clientTransferProhibited","clientUpdateProhibited"
"23","legacylabafrica.com","2019-12-03 17:59:01","2019-12-02","2019-12-02","2020-12-02","303","PDR Ltd. d/b/a PublicDomainRegistry.com","whois.publicdomainregistry.com","http://www.publicdomainregistry.com","Mark Polo","","7292","ELDORET","ELDORET","30100","Kenya","mcpolo3d@gmail.com","+254.724790233","","Mark Polo","","7292","ELDORET","ELDORET","30100","Kenya","mcpolo3d@gmail.com","+254.724790233","","Mark Polo","","7292","ELDORET","ELDORET","30100","Kenya","mcpolo3d@gmail.com","+254.724790233","","","","","","","","","","","","ns469.kenyawebexperts.com","ns470.kenyawebexperts.com","","","clientTransferProhibited","","",""
"24","lokregroup.com","2019-12-03 14:53:31","2019-12-02","2019-12-02","2020-12-02","303","PDR Ltd. d/b/a PublicDomainRegistry.com","whois.publicdomainregistry.com","http://www.publicdomainregistry.com","Benjamin Opondo","Lokre IT & Network Solutions","1234 0","Nairobi","Kenya","00100","Kenya","admin@lokre.co.ke","+254.713160988","","Benjamin Opondo","Lokre IT & Network Solutions","1234 0","Nairobi","Kenya","00100","Kenya","admin@lokre.co.ke","+254.713160988","","Benjamin Opondo","Lokre IT & Network Solutions","1234 0","Nairobi","Kenya","00100","Kenya","admin@lokre.co.ke","+254.713160988","","","","","","","","","","","","ns1.lokre.co.ke","ns2.lokre.co.ke","","","clientTransferProhibited","","",""
"25","longidolivestockmarket.com","2019-12-03 14:46:58","2019-12-01","2019-12-01","2020-12-01","1472","LiquidNet Ltd.","whois.liquidnetlimited.com","http://www.liquidnetlimited.com","REDACTED FOR PRIVACY","REDACTED FOR PRIVACY","REDACTED FOR PRIVACY","REDACTED FOR PRIVACY","Kenya","REDACTED FOR PRIVACY","Kenya","","REDACTED FOR PRIVACY","REDACTED FOR PRIVACY","REDACTED FOR PRIVACY","REDACTED FOR PRIVACY","REDACTED FOR PRIVACY","REDACTED FOR PRIVACY","REDACTED FOR PRIVACY","REDACTED FOR PRIVACY","REDACTED FOR PRIVACY","","REDACTED FOR PRIVACY","REDACTED FOR PRIVACY","REDACTED FOR PRIVACY","REDACTED FOR PRIVACY","REDACTED FOR PRIVACY","REDACTED FOR PRIVACY","REDACTED FOR PRIVACY","REDACTED FOR PRIVACY","REDACTED FOR PRIVACY","","REDACTED FOR PRIVACY","REDACTED FOR PRIVACY","","","","","","","","","","","dns1.lonex.com","dns2.lonex.com","dns3.lonex.com","dns4.lonex.com","clientTransferProhibited","","",""
"26","marykeria.com","2019-12-03 14:49:38","2019-12-02","2019-12-02","2020-12-02","303","PDR Ltd. d/b/a PublicDomainRegistry.com","whois.publicdomainregistry.com","http://www.publicdomainregistry.com","Walter Okumu Oriaro","Goon Tora Hosting","35335","Nairobi","Nairobi","00200","Kenya","okumu.oriaro@gmail.com","+254.254715680932","","Walter Okumu Oriaro","Goon Tora Hosting","35335","Nairobi","Nairobi","00200","Kenya","okumu.oriaro@gmail.com","+254.254715680932","","Walter Okumu Oriaro","Goon Tora Hosting","35335","Nairobi","Nairobi","00200","Kenya","okumu.oriaro@gmail.com","+254.254715680932","","","","","","","","","","","","ns469.kenyawebexperts.com","ns470.kenyawebexperts.com","","","clientTransferProhibited","","",""
"27","mofinetech.com","2019-12-03 18:47:15","2019-12-02","2019-12-03","2020-12-02","1479","Namesilo, LLC","whois.namesilo.com","http://www.namesilo.com","John Kuria","","Elsyee Plaza building, 2nd Flr Kilimani RD","Nairobi","Central","00100","Kenya","davidkarani380@gmail.com","+254.706618760","","John Kuria","","Elsyee Plaza building, 2nd Flr Kilimani RD","Nairobi","Central","00100","Kenya","davidkarani380@gmail.com","+254.706618760","","John Kuria","","Elsyee Plaza building, 2nd Flr Kilimani RD","Nairobi","Central","00100","Kenya","davidkarani380@gmail.com","+254.706618760","","","","","","","","","","","","ns1.cloudoon.com","ns2.cloudoon.com","ns3.cloudoon.com","","clientTransferProhibited","","",""
"28","muthaigamart.com","2019-12-03 14:28:12","2019-12-02","2019-12-02","2020-12-02","955","Launchpad, Inc.","whois.launchpad.com","http://www.launchpad.com","Alex Maina","Amny Investment","1682 Nyeri","Nyeiri","200","10100","Kenya","munyirialex@gmail.com","+254.721135510","","Alex Maina","Amny Investment","1682 Nyeri","Nyeiri","200","10100","Kenya","munyirialex@gmail.com","+254.721135510","","Alex Maina","Amny Investment","1682 Nyeri","Nyeiri","200","10100","Kenya","munyirialex@gmail.com","+254.721135510","","","","","","","","","","","","wns2183.hostgator.com","wns2184.hostgator.com","","","clientTransferProhibited","","",""
"29","nawakais.com","2019-12-03 14:46:16","2019-12-02","2019-12-02","2020-12-02","303","PDR Ltd. d/b/a PublicDomainRegistry.com","whois.publicdomainregistry.com","http://www.publicdomainregistry.com","denis micheni","Sahara Webs","karen Karen","Nairobi","Nairobi","00100","Kenya","demshyna@gmail.com","+254.254723315919","","denis micheni","Sahara Webs","karen Karen","Nairobi","Nairobi","00100","Kenya","demshyna@gmail.com","+254.254723315919","","denis micheni","Sahara Webs","karen Karen","Nairobi","Nairobi","00100","Kenya","demshyna@gmail.com","+254.254723315919","","","","","","","","","","","","dns1.namecheaphosting.com","dns2.namecheaphosting.com","","","clientTransferProhibited","","",""
"30","newageagribusiness.com","2019-12-03 15:57:48","2019-12-02","2019-12-02","2020-12-02","303","PDR Ltd. d/b/a PublicDomainRegistry.com","whois.publicdomainregistry.com","http://www.publicdomainregistry.com","Gloria Ireri","Perfect Pixels Creatives","P.O Box 26316","Nairobi","Nairobi","00100","Kenya","gloriaireri@gmail.com","+254.0702785686","","Gloria Ireri","Perfect Pixels Creatives","P.O Box 26316","Nairobi","Nairobi","00100","Kenya","gloriaireri@gmail.com","+254.0702785686","","Gloria Ireri","Perfect Pixels Creatives","P.O Box 26316","Nairobi","Nairobi","00100","Kenya","gloriaireri@gmail.com","+254.0702785686","","","","","","","","","","","","ns1.inmotionhosting.com","ns2.inmotionhosting.com","","","clientTransferProhibited","","",""
"31","nivelynk.com","2019-12-03 19:07:03","2019-12-02","2019-12-03","2020-12-02","1479","Namesilo, LLC","whois.namesilo.com","http://www.namesilo.com","DANIEL OUMA","","SHABAB","NAKURU","NAKURU","20100","Kenya","oumadaniel900@gmail.com","+254.715387819","","DANIEL OUMA","","SHABAB","NAKURU","NAKURU","20100","Kenya","oumadaniel900@gmail.com","+254.715387819","","DANIEL OUMA","","SHABAB","NAKURU","NAKURU","20100","Kenya","oumadaniel900@gmail.com","+254.715387819","","","","","","","","","","","","ns1.cloudoon.com","ns2.cloudoon.com","ns3.cloudoon.com","","clientTransferProhibited","","",""
"32","novelbakery.com","2019-12-03 16:33:35","2019-12-02","2019-12-02","2024-12-02","146","GoDaddy.com, LLC","whois.godaddy.com","http://registrar.godaddy.com","","","","","Nairobi","","Kenya","","","","","","","","","","","","","","","","","","","","","","","","","","","","","","","","","","ns27.domaincontrol.com","ns28.domaincontrol.com","","","clientDeleteProhibited","clientRenewProhibited","clientTransferProhibited","clientUpdateProhibited"
"33","ofdensolutions.com","2019-12-03 16:07:35","2019-12-02","2019-12-02","2020-12-02","303","PDR Ltd. d/b/a PublicDomainRegistry.com","whois.publicdomainregistry.com","http://www.publicdomainregistry.com","Ibrahim Githinji","Dean Systems","07 Kitengela","Nairobi","Kenya","00100","Kenya","deansystems100@gmail.com","+254.703661665","","Ibrahim Githinji","Dean Systems","07 Kitengela","Nairobi","Kenya","00100","Kenya","deansystems100@gmail.com","+254.703661665","","Ibrahim Githinji","Dean Systems","07 Kitengela","Nairobi","Kenya","00100","Kenya","deansystems100@gmail.com","+254.703661665","","","","","","","","","","","","rc115.eacdirectory.com","rc116.eacdirectory.com","","","clientTransferProhibited","","",""
"34","parabolicsafaris.com","2019-12-03 14:46:39","2019-12-02","2019-12-03","2020-12-02","1479","Namesilo, LLC","whois.namesilo.com","http://www.namesilo.com","Dennis Barry","","Nairobi Nairobi","Nairobi","Ongata Rongai","00100","Kenya","info@oakcydensolutions.co.ke","+254.725887147","","Dennis Barry","","Nairobi Nairobi","Nairobi","Ongata Rongai","00100","Kenya","info@oakcydensolutions.co.ke","+254.725887147","","Dennis Barry","","Nairobi Nairobi","Nairobi","Ongata Rongai","00100","Kenya","info@oakcydensolutions.co.ke","+254.725887147","","","","","","","","","","","","ns1.cloudoon.com","ns2.cloudoon.com","ns3.cloudoon.com","","clientTransferProhibited","","",""
"35","peaceacrosstheglobe.com","2019-12-03 17:30:46","2019-12-02","2019-12-02","2020-12-02","146","GoDaddy.com, LLC","whois.godaddy.com","http://registrar.godaddy.com","International Social Movement Self help group","International Social Movement Self help group","","","Coast","","Kenya","","","","","","","","","","","","","","","","","","","","","","","","","","","","","","","","","","ns27.domaincontrol.com","ns28.domaincontrol.com","","","clientDeleteProhibited","clientRenewProhibited","clientTransferProhibited","clientUpdateProhibited"
"36","pesaloan.com","2019-12-03 14:42:52","2019-12-02","2019-12-02","2020-12-02","1479","Namesilo, LLC","whois.namesilo.com","http://www.namesilo.com","Denis Kipkorir","","2115","Eldoret","Uasin Gishu","30100","Kenya","deniskipkorir734@gmail.com","+254.748221885","","Denis Kipkorir","","2115","Eldoret","Uasin Gishu","30100","Kenya","deniskipkorir734@gmail.com","+254.748221885","","Denis Kipkorir","","2115","Eldoret","Uasin Gishu","30100","Kenya","deniskipkorir734@gmail.com","+254.748221885","","","","","","","","","","","","ns1.cloudoon.com","ns2.cloudoon.com","ns3.cloudoon.com","","clientTransferProhibited","","",""
"37","powellsinvestmentbank.com","2019-12-03 14:53:48","2019-12-02","2019-12-02","2020-12-02","955","Launchpad, Inc.","whois.launchpad.com","http://www.launchpad.com","Powells Bank","Powells Inc","Albany","Nairobi","200","00100","Kenya","scottyrules60@gmail.com","+254.207640429","","Powells Bank","Powells Inc","Albany","Nairobi","200","00100","Kenya","scottyrules60@gmail.com","+254.207640429","","Powells Bank","Powells Inc","Albany","Nairobi","200","00100","Kenya","scottyrules60@gmail.com","+254.207640429","","","","","","","","","","","","ns8267.hostgator.com","ns8268.hostgator.com","","","clientTransferProhibited","","",""
"38","premeseblog.com","2019-12-03 18:27:26","2019-12-02","2019-12-02","2020-12-02","303","PDR Ltd. d/b/a PublicDomainRegistry.com","whois.publicdomainregistry.com","http://www.publicdomainregistry.com","Thomas Gaitho","","P.O. Box 73444","Nairobi","Kenya","00200","Kenya","mbaithomas@gmail.com","+254.0723078151","","Thomas Gaitho","","P.O. Box 73444","Nairobi","Kenya","00200","Kenya","mbaithomas@gmail.com","+254.0723078151","","Thomas Gaitho","","P.O. Box 73444","Nairobi","Kenya","00200","Kenya","mbaithomas@gmail.com","+254.0723078151","","","","","","","","","","","","ns1.asmallorange.com","ns2.asmallorange.com","","","clientTransferProhibited","","",""
"39","protistlabafrica.com","2019-12-03 14:19:03","2019-12-02","2019-12-02","2020-12-02","303","PDR Ltd. d/b/a PublicDomainRegistry.com","whois.publicdomainregistry.com","http://www.publicdomainregistry.com","Mark Polo","","7292","ELDORET","UASIN GISHU","30100","Kenya","mcpolo3d@gmail.com","+254.0724790233","","Mark Polo","","7292","ELDORET","UASIN GISHU","30100","Kenya","mcpolo3d@gmail.com","+254.0724790233","","Mark Polo","","7292","ELDORET","UASIN GISHU","30100","Kenya","mcpolo3d@gmail.com","+254.0724790233","","","","","","","","","","","","ns469.kenyawebexperts.com","ns470.kenyawebexperts.com","","","clientTransferProhibited","","",""
"40","rankscollection.com","2019-12-03 16:34:57","2019-12-02","2019-12-02","2020-12-02","106","Ascio Technologies, Inc. Danmark - Filial af Ascio technologies, Inc. USA","whois.ascio.com","http://www.ascio.com","Not Disclosed","Not Disclosed","Not Disclosed","Not Disclosed","","Not Disclosed","Kenya","","Not Disclosed","Not Disclosed","Not Disclosed","Not Disclosed","Not Disclosed","Not Disclosed","Not Disclosed","Not Disclosed","Not Disclosed","","Not Disclosed","Not Disclosed","Not Disclosed","Not Disclosed","Not Disclosed","Not Disclosed","Not Disclosed","Not Disclosed","Not Disclosed","","Not Disclosed","Not Disclosed","","","","","","","","","","","dns1.123hjemmeside.dk","dns2.123hjemmeside.dk","dns3.123hjemmeside.dk","","OK","","",""
"41","roborte.com","2019-12-03 15:07:06","2019-12-01","2019-12-01","2020-12-01","146","GoDaddy.com, LLC","whois.godaddy.com","http://registrar.godaddy.com","","","","","Kenya","","Kenya","","","","","","","","","","","","","","","","","","","","","","","","","","","","","","","","","","ns27.domaincontrol.com","ns28.domaincontrol.com","","","clientDeleteProhibited","clientRenewProhibited","clientTransferProhibited","clientUpdateProhibited"
"42","ryokoafricasafaris.com","2019-12-03 15:49:44","2019-12-01","2019-12-01","2020-12-01","303","PDR Ltd. d/b/a PublicDomainRegistry.com","whois.publicdomainregistry.com","http://www.publicdomainregistry.com","moses bowen","","720","eldama ravine","Nairobi","00100","Kenya","lagatbrown@gmail.com","+254.0704010002","","moses bowen","","720","eldama ravine","Nairobi","00100","Kenya","lagatbrown@gmail.com","+254.0704010002","","moses bowen","","720","eldama ravine","Nairobi","00100","Kenya","lagatbrown@gmail.com","+254.0704010002","","","","","","","","","","","","ns243.kenyawebexperts.com","ns244.kenyawebexperts.com","","","clientTransferProhibited","","",""
"43","samjomen.com","2019-12-03 17:44:22","2019-12-02","2019-12-02","2020-12-02","48","eNom, Inc.","whois.enom.com","http://www.enom.com","REDACTED FOR PRIVACY","REDACTED FOR PRIVACY","REDACTED FOR PRIVACY","REDACTED FOR PRIVACY","Select","REDACTED FOR PRIVACY","Kenya","","REDACTED FOR PRIVACY","REDACTED FOR PRIVACY","REDACTED FOR PRIVACY","REDACTED FOR PRIVACY","REDACTED FOR PRIVACY","REDACTED FOR PRIVACY","REDACTED FOR PRIVACY","REDACTED FOR PRIVACY","REDACTED FOR PRIVACY","","REDACTED FOR PRIVACY","REDACTED FOR PRIVACY","REDACTED FOR PRIVACY","REDACTED FOR PRIVACY","REDACTED FOR PRIVACY","REDACTED FOR PRIVACY","REDACTED FOR PRIVACY","REDACTED FOR PRIVACY","REDACTED FOR PRIVACY","","REDACTED FOR PRIVACY","REDACTED FOR PRIVACY","","","","","","","","","","","ns1.xcobean.uk","ns2.xcobean.uk","ns3.xcobean.uk","ns4.xcobean.uk","addPeriod","clientTransferProhibited","",""
"44","sammynjoroge.com","2019-12-03 15:24:07","2019-12-02","2019-12-02","2020-12-02","955","Launchpad, Inc.","whois.launchpad.com","http://www.launchpad.com","Sammy Njoroge","None","Ngong Road Laikipia Road, Kileleshwa.","Nairobi","30","00100","Kenya","sammynnjoroge@gmail.com","+254.723100409","","Sammy Njoroge","None","Ngong Road Laikipia Road, Kileleshwa.","Nairobi","30","00100","Kenya","sammynnjoroge@gmail.com","+254.723100409","","Sammy Njoroge","None","Ngong Road Laikipia Road, Kileleshwa.","Nairobi","30","00100","Kenya","sammynnjoroge@gmail.com","+254.723100409","","","","","","","","","","","","ns6241.hostgator.com","ns6242.hostgator.com","","","clientTransferProhibited","","",""
"45","shamsudinhaji.com","2019-12-03 18:43:14","2019-12-02","2019-12-02","2020-12-02","303","PDR Ltd. d/b/a PublicDomainRegistry.com","whois.publicdomainregistry.com","http://www.publicdomainregistry.com","Abdulaziz Shamsudin Harunany","Sma Fibernet Ltd","Near Markiti, kuze road 0","mombasa","coast","80100","Kenya","hajibha@gmail.com","+254.0729993555","","Domain Administrator","Webhost Kenya Ltd","P.O.Box 1175 Gemina Court","Nairobi","Nairobi","00606","Kenya","registry@webhostkenya.co.ke","+254.254728787401","","Domain Administrator","Webhost Kenya Ltd","P.O.Box 1175 Gemina Court","Nairobi","Nairobi","00606","Kenya","registry@webhostkenya.co.ke","+254.254728787401","","","","","","","","","","","","ns1.arsnet.co.ke","ns2.arsnet.co.ke","","","clientTransferProhibited","","",""
"46","sharonwanjiru.com","2019-12-03 14:48:32","2019-12-02","2019-12-02","2020-12-02","303","PDR Ltd. d/b/a PublicDomainRegistry.com","whois.publicdomainregistry.com","http://www.publicdomainregistry.com","Sharon Wanjiru","","Mpost0721764962","Nairobi","Nairobi","00512","Kenya","santaclausa@gmail.com","+254.721764962","","DEEPAFRICA LIMITED","DEEPAFRICA.COM","72740","NAIROBI","NAIROBI","00200","Kenya","mydomain@deepafrica.com","+254.711488025","","DEEPAFRICA LIMITED","DEEPAFRICA.COM","72740","NAIROBI","NAIROBI","00200","Kenya","mydomain@deepafrica.com","+254.711488025","","","","","","","","","","","","hpone10.deepafrica.com","hpone20.deepafrica.com","","","clientTransferProhibited","","",""
"47","sokote.com","2019-12-03 16:12:24","2019-12-02","2019-12-02","2020-12-02","303","PDR Ltd. d/b/a PublicDomainRegistry.com","whois.publicdomainregistry.com","http://www.publicdomainregistry.com","Robert Mweu","Appframe Developers Ltd","48413","Nairobi","Nairobi","00100","Kenya","robert.mweu@gmail.com","+254.725794685","","Robert Mweu","Appframe Developers Ltd","48413","Nairobi","Nairobi","00100","Kenya","robert.mweu@gmail.com","+254.725794685","","Robert Mweu","Appframe Developers Ltd","48413","Nairobi","Nairobi","00100","Kenya","robert.mweu@gmail.com","+254.725794685","","","","","","","","","","","","ns1.digitalocean.com","ns2.digitalocean.com","ns3.digitalocean.com","","clientTransferProhibited","","",""
"48","sortika.com","2019-12-03 16:01:49","2019-12-02","2019-12-02","2020-12-02","303","PDR Ltd. d/b/a PublicDomainRegistry.com","whois.publicdomainregistry.com","http://www.publicdomainregistry.com","gideon gitonga","nunua investments solutions","Nairobi","Nairobi","Nairobi","00100","Kenya","gideonbgitonga@gmail.com","+254.0719114831","","gideon gitonga","nunua investments solutions","Nairobi","Nairobi","Nairobi","00100","Kenya","gideonbgitonga@gmail.com","+254.0719114831","","gideon gitonga","nunua investments solutions","Nairobi","Nairobi","Nairobi","00100","Kenya","gideonbgitonga@gmail.com","+254.0719114831","","","","","","","","","","","","ns469.kenyawebexperts.com","ns470.kenyawebexperts.com","","","clientTransferProhibited","","",""
"49","thebellair.com","2019-12-03 17:56:54","2019-12-02","2019-12-02","2020-12-02","146","GoDaddy.com, LLC","whois.godaddy.com","http://registrar.godaddy.com","student","student","","","kenya","","Kenya","","","","","","","","","","","","","","","","","","","","","","","","","","","","","","","","","","ns27.domaincontrol.com","ns28.domaincontrol.com","","","clientDeleteProhibited","clientRenewProhibited","clientTransferProhibited","clientUpdateProhibited"
"50","tripmoran.com","2019-12-03 18:50:23","2019-12-02","2019-12-02","2020-12-02","1479","Namesilo, LLC","whois.namesilo.com","http://www.namesilo.com","Sam Wakoba","","Nairobi Nairobi","Nairobi","Nairobi","00100","Kenya","wakobasam@gmail.com","+254.0722156552","","Sam Wakoba","","Nairobi Nairobi","Nairobi","Nairobi","00100","Kenya","wakobasam@gmail.com","+254.0722156552","","Sam Wakoba","","Nairobi Nairobi","Nairobi","Nairobi","00100","Kenya","wakobasam@gmail.com","+254.0722156552","","","","","","","","","","","","f.ns.buddyns.com","k.ns.buddyns.com","ns10.truehost.cloud","ns9.truehost.cloud","clientTransferProhibited","","",""
"51","truxure.com","2019-12-03 15:43:25","2019-11-25","2019-12-02","2020-11-25","1564","TLD Registrar Solutions Ltd.","whois.tldregistrarsolutions.com","http://www.tldregistrarsolutions.com","Not disclosed Not disclosed","","Not disclosed, Not disclosed, Not disclosed","Not disclosed","Kenya","00000","Kenya","c2a02d84e067317e9817798d8e5e5f95.gdrp@customers.whoisprivacycorp.com","+1.5163872248","","Not disclosed Not disclosed","","Not disclosed, Not disclosed, Not disclosed","Not disclosed","Kenya","00000","Kenya","c2a02d84e067317e9817798d8e5e5f95.gdrp@customers.whoisprivacycorp.com","+1.5163872248","","Not disclosed Not disclosed","","Not disclosed, Not disclosed, Not disclosed","Not disclosed","Kenya","00000","Kenya","c2a02d84e067317e9817798d8e5e5f95.gdrp@customers.whoisprivacycorp.com","+1.5163872248","","","","","","","","","","","","ns1.justhost.com","ns2.justhost.com","","","clientTransferProhibited","ok","",""
"52","u5radio.com","2019-12-03 14:23:41","2019-12-02","2019-12-02","2020-12-02","48","eNom, Inc.","whois.enom.com","http://www.enom.com","REDACTED FOR PRIVACY","REDACTED FOR PRIVACY","REDACTED FOR PRIVACY","REDACTED FOR PRIVACY","REDACTED FOR PRIVACY","REDACTED FOR PRIVACY","Kenya","","REDACTED FOR PRIVACY","REDACTED FOR PRIVACY","REDACTED FOR PRIVACY","REDACTED FOR PRIVACY","REDACTED FOR PRIVACY","REDACTED FOR PRIVACY","REDACTED FOR PRIVACY","REDACTED FOR PRIVACY","REDACTED FOR PRIVACY","","REDACTED FOR PRIVACY","REDACTED FOR PRIVACY","REDACTED FOR PRIVACY","REDACTED FOR PRIVACY","REDACTED FOR PRIVACY","REDACTED FOR PRIVACY","REDACTED FOR PRIVACY","REDACTED FOR PRIVACY","REDACTED FOR PRIVACY","","REDACTED FOR PRIVACY","REDACTED FOR PRIVACY","","","","","","","","","","","dns1.radio.co","dns2.radio.co","dns3.radio.co","","addPeriod","clientTransferProhibited","",""
"53","ventesfruits.com","2019-12-03 14:56:13","2019-12-02","2019-12-02","2020-12-02","146","GoDaddy.com, LLC","whois.godaddy.com","http://registrar.godaddy.com","","","","","Kenya","","Kenya","","","","","","","","","","","","","","","","","","","","","","","","","","","","","","","","","","ns7.websitewelcome.com","ns8.websitewelcome.com","","","clientDeleteProhibited","clientRenewProhibited","clientTransferProhibited","clientUpdateProhibited"
"54","yourextravaganza.com","2019-12-03 14:25:37","2019-12-02","2019-12-02","2020-12-02","146","GoDaddy.com, LLC","whois.godaddy.com","http://registrar.godaddy.com","Bole Limited","Bole Limited","","","Nairobi","","Kenya","","","","","","","","","","","","","","","","","","","","","","","","","","","","","","","","","","ns27.domaincontrol.com","ns28.domaincontrol.com","","","clientDeleteProhibited","clientRenewProhibited","clientTransferProhibited","clientUpdateProhibited"