"num","domain_name","query_time","create_date","update_date","expiry_date","domain_registrar_id","domain_registrar_name","domain_registrar_whois","domain_registrar_url","registrant_name","registrant_company","registrant_address","registrant_city","registrant_state","registrant_zip","registrant_country","registrant_email","registrant_phone","registrant_fax","administrative_name","administrative_company","administrative_address","administrative_city","administrative_state","administrative_zip","administrative_country","administrative_email","administrative_phone","administrative_fax","technical_name","technical_company","technical_address","technical_city","technical_state","technical_zip","technical_country","technical_email","technical_phone","technical_fax","billing_name","billing_company","billing_address","billing_city","billing_state","billing_zip","billing_country","billing_email","billing_phone","billing_fax","name_server_1","name_server_2","name_server_3","name_server_4","domain_status_1","domain_status_2","domain_status_3","domain_status_4"
"1","3alemne.com","2019-12-03 16:34:28","2019-12-02","2019-12-02","2020-12-02","146","GoDaddy.com, LLC","whois.godaddy.com","http://registrar.godaddy.com","Shoply","Shoply","","","Hawalli","","Kuwait","","","","","","","","","","","","","","","","","","","","","","","","","","","","","","","","","","ns27.domaincontrol.com","ns28.domaincontrol.com","","","clientDeleteProhibited","clientRenewProhibited","clientTransferProhibited","clientUpdateProhibited"
"2","3indik.com","2019-12-03 17:58:17","2019-12-01","2019-12-01","2020-12-01","146","GoDaddy.com, LLC","whois.godaddy.com","http://registrar.godaddy.com","Menu House","Zero2Two","sharq Adailiyah","Adailiyah","Kuwait","15300","Kuwait","zero2twoinfo@gmail.com","+965.99232328","","Menu House","Zero2Two","sharq Adailiyah","Adailiyah","Kuwait","15300","Kuwait","zero2twoinfo@gmail.com","+965.99232328","","Menu House","Zero2Two","sharq Adailiyah","Adailiyah","Kuwait","15300","Kuwait","zero2twoinfo@gmail.com","+965.99232328","","","","","","","","","","","","ns27.domaincontrol.com","ns28.domaincontrol.com","","","clientDeleteProhibited","clientRenewProhibited","clientTransferProhibited","clientUpdateProhibited"
"3","abdulrahmanalaql.com","2019-12-03 18:20:24","2019-12-02","2019-12-02","2020-12-02","625","Name.com, Inc.","whois.name.com","http://www.name.com","basher almajdi","","aljhra","aljhra","aljhra","1234","Kuwait","aln3esa@aln3esa.com","+965.66876136","","basher almajdi","","aljhra","aljhra","aljhra","1234","Kuwait","aln3esa@aln3esa.com","+965.66876136","","basher almajdi","","aljhra","aljhra","aljhra","1234","Kuwait","aln3esa@aln3esa.com","+965.66876136","","","","","","","","","","","","ns1.rhostbh.com","ns2.rhostbh.com","","","addPeriod","clientTransferProhibited","",""
"4","agckwt.com","2019-12-03 15:53:23","2019-12-02","2019-12-02","2021-12-02","146","GoDaddy.com, LLC","whois.godaddy.com","http://registrar.godaddy.com","","","","","Hawally","","Kuwait","","","","","","","","","","","","","","","","","","","","","","","","","","","","","","","","","","ns27.domaincontrol.com","ns28.domaincontrol.com","","","clientDeleteProhibited","clientRenewProhibited","clientTransferProhibited","clientUpdateProhibited"
"5","alhawiproductions.com","2019-12-03 18:49:58","2019-12-02","2019-12-02","2029-12-02","146","GoDaddy.com, LLC","whois.godaddy.com","http://registrar.godaddy.com","","","","","shuwiakh","","Kuwait","","","","","","","","","","","","","","","","","","","","","","","","","","","","","","","","","","ns27.domaincontrol.com","ns28.domaincontrol.com","","","clientDeleteProhibited","clientRenewProhibited","clientTransferProhibited","clientUpdateProhibited"
"6","almal1strealestate.com","2019-12-03 16:31:57","2019-12-02","2019-12-02","2020-12-02","146","GoDaddy.com, LLC","whois.godaddy.com","http://registrar.godaddy.com","","","","","kuwait \ sharq","","Kuwait","","","","","","","","","","","","","","","","","","","","","","","","","","","","","","","","","","ns27.domaincontrol.com","ns28.domaincontrol.com","","","clientDeleteProhibited","clientRenewProhibited","clientTransferProhibited","clientUpdateProhibited"
"7","architec-kw.com","2019-12-03 18:16:12","2019-12-01","2019-12-01","2021-12-01","146","GoDaddy.com, LLC","whois.godaddy.com","http://registrar.godaddy.com","","","","","kuwait/Al Asimah","","Kuwait","","","","","","","","","","","","","","","","","","","","","","","","","","","","","","","","","","ns27.domaincontrol.com","ns28.domaincontrol.com","","","clientDeleteProhibited","clientRenewProhibited","clientTransferProhibited","clientUpdateProhibited"
"8","azizvito.com","2019-12-03 19:03:44","2019-12-02","2019-12-02","2020-12-02","146","GoDaddy.com, LLC","whois.godaddy.com","http://registrar.godaddy.com","","","","","Qortuba","","Kuwait","","","","","","","","","","","","","","","","","","","","","","","","","","","","","","","","","","ns27.domaincontrol.com","ns28.domaincontrol.com","","","clientDeleteProhibited","clientRenewProhibited","clientTransferProhibited","clientUpdateProhibited"
"9","beautyve.com","2019-12-03 17:07:21","2019-12-01","2019-12-01","2020-12-01","146","GoDaddy.com, LLC","whois.godaddy.com","http://registrar.godaddy.com","BeautyVE","BeautyVE","","","hawalli","","Kuwait","","","","","","","","","","","","","","","","","","","","","","","","","","","","","","","","","","ns27.domaincontrol.com","ns28.domaincontrol.com","","","clientDeleteProhibited","clientRenewProhibited","clientTransferProhibited","clientUpdateProhibited"
"10","bostonindustries.net","2019-12-03 15:12:39","2019-12-02","2019-12-02","2020-12-02","1636","Hostinger, UAB","whois.hostinger.com","http://www.hostinger.com","Shabaan Saber","Shabaan Saber","Jleeb","Farwaniyah","Kuwait","85861","Kuwait","shabaan.saber@gmail.com","+965.65118480","","Shabaan Saber","Shabaan Saber","Jleeb","Farwaniyah","Kuwait","85861","Kuwait","shabaan.saber@gmail.com","+965.65118480","","Shabaan Saber","Shabaan Saber","Jleeb","Farwaniyah","Kuwait","85861","Kuwait","shabaan.saber@gmail.com","+965.65118480","","","","","","","","","","","","ns1.dns-parking.com","ns2.dns-parking.com","","","clientTransferProhibited","","",""
"11","catchofthedaycompany.com","2019-12-03 15:06:29","2019-12-02","2019-12-02","2020-12-02","320","TLDs LLC dba SRSplus","whois.srsplus.com","http://www.srsplus.com","Mohammed Al Bawi","","Shakar Al Kazmi, Buiding #9, 2nd Floor, Office #1 Sharq","Kuwait City","AL","12345","Kuwait","accounts@mawaqaa.com","+965.22250008","","Mohammed Al Bawi","","Shakar Al Kazmi, Buiding #9, 2nd Floor, Office #1 Sharq","Kuwait City","AL","12345","Kuwait","accounts@mawaqaa.com","+965.99869303","","Mohammad Al-Bawi","Iridium Plus Technologies","Kuwait","Sharq","NONE","36188","Kuwait","accounts@mawaqaa.com","+965.9659869303","","","","","","","","","","","","dns1.srsplus.com","dns2.srsplus.com","","","OK","","",""
"12","cloudaihub.com","2019-12-03 19:04:11","2019-12-02","2019-12-02","2022-12-02","146","GoDaddy.com, LLC","whois.godaddy.com","http://registrar.godaddy.com","","","","","Kuwait","","Kuwait","","","","","","","","","","","","","","","","","","","","","","","","","","","","","","","","","","ns27.domaincontrol.com","ns28.domaincontrol.com","","","clientDeleteProhibited","clientRenewProhibited","clientTransferProhibited","clientUpdateProhibited"
"13","cloudaihub.net","2019-12-03 19:07:38","2019-12-02","2019-12-02","2022-12-02","146","GoDaddy.com, LLC","whois.godaddy.com","http://registrar.godaddy.com","","","","","Kuwait","","Kuwait","","","","","","","","","","","","","","","","","","","","","","","","","","","","","","","","","","ns27.domaincontrol.com","ns28.domaincontrol.com","","","clientDeleteProhibited","clientRenewProhibited","clientTransferProhibited","clientUpdateProhibited"
"14","convoyvoluntary.com","2019-12-03 14:39:03","2019-12-02","2019-12-02","2021-12-02","146","GoDaddy.com, LLC","whois.godaddy.com","http://registrar.godaddy.com","ma3an voluntary","ma3an voluntary","","","NA","","Kuwait","","","","","","","","","","","","","","","","","","","","","","","","","","","","","","","","","","wind7.smart2dns.com","wind8.smart2dns.com","","","clientDeleteProhibited","clientRenewProhibited","clientTransferProhibited","clientUpdateProhibited"
"15","desadese.com","2019-12-03 18:06:09","2019-12-02","2019-12-02","2020-12-02","146","GoDaddy.com, LLC","whois.godaddy.com","http://registrar.godaddy.com","","","","","Farwaniya","","Kuwait","","","","","","","","","","","","","","","","","","","","","","","","","","","","","","","","","","ns27.domaincontrol.com","ns28.domaincontrol.com","","","clientDeleteProhibited","clientRenewProhibited","clientTransferProhibited","clientUpdateProhibited"
"16","droopuae.com","2019-12-03 15:16:27","2019-12-02","2019-12-02","2020-12-02","625","Name.com, Inc.","whois.name.com","http://www.name.com","emad ahmad","??? ?????","kuwait , kuwait","kuwait","safat","13029","Kuwait","niceadsabudhabi@gmail.com","+965.55090040","","emad ahmad","??? ?????","kuwait , kuwait","kuwait","safat","13029","Kuwait","niceadsabudhabi@gmail.com","+965.96929529","","emad ahmad","??? ?????","kuwait , kuwait","kuwait","safat","13029","Kuwait","niceadsabudhabi@gmail.com","+965.96929529","","","","","","","","","","","","ns1cwy.name.com","ns2bkr.name.com","ns3fgh.name.com","ns4kmw.name.com","addPeriod","clientTransferProhibited","",""
"17","estiradco.com","2019-12-03 18:23:43","2019-12-01","2019-12-01","2020-12-01","146","GoDaddy.com, LLC","whois.godaddy.com","http://registrar.godaddy.com","","","","","Assima","","Kuwait","","","","","","","","","","","","","","","","","","","","","","","","","","","","","","","","","","ns27.domaincontrol.com","ns28.domaincontrol.com","","","clientDeleteProhibited","clientRenewProhibited","clientTransferProhibited","clientUpdateProhibited"
"18","getjeni.com","2019-12-03 16:49:30","2019-12-02","2019-12-02","2020-12-02","146","GoDaddy.com, LLC","whois.godaddy.com","http://registrar.godaddy.com","","","","","","","Kuwait","","","","","","","","","","","","","","","","","","","","","","","","","","","","","","","","","","ns27.domaincontrol.com","ns28.domaincontrol.com","","","clientDeleteProhibited","clientRenewProhibited","clientTransferProhibited","clientUpdateProhibited"
"19","hawkalahlia.com","2019-12-03 18:59:49","2019-12-02","2019-12-02","2024-12-02","146","GoDaddy.com, LLC","whois.godaddy.com","http://registrar.godaddy.com","Hawk Al-Ahlia Co","Hawk Al-Ahlia Co","","","Capital","","Kuwait","","","","","","","","","","","","","","","","","","","","","","","","","","","","","","","","","","ns27.domaincontrol.com","ns28.domaincontrol.com","","","clientDeleteProhibited","clientRenewProhibited","clientTransferProhibited","clientUpdateProhibited"
"20","helol.net","2019-12-03 15:03:52","2019-12-01","2019-12-01","2020-12-01","146","GoDaddy.com, LLC","whois.godaddy.com","http://registrar.godaddy.com","","","","","Kuwait","","Kuwait","","","","","","","","","","","","","","","","","","","","","","","","","","","","","","","","","","ns27.domaincontrol.com","ns28.domaincontrol.com","","","clientDeleteProhibited","clientRenewProhibited","clientTransferProhibited","clientUpdateProhibited"
"21","kuwaitiwords.com","2019-12-03 17:28:17","2019-12-01","2019-12-01","2020-12-01","146","GoDaddy.com, LLC","whois.godaddy.com","http://registrar.godaddy.com","","","","","AHMADI","","Kuwait","","","","","","","","","","","","","","","","","","","","","","","","","","","","","","","","","","ns27.domaincontrol.com","ns28.domaincontrol.com","","","clientDeleteProhibited","clientRenewProhibited","clientTransferProhibited","clientUpdateProhibited"
"22","lawyeradvocatearackal.com","2019-12-03 15:54:15","2019-12-02","2019-12-02","2020-12-02","146","GoDaddy.com, LLC","whois.godaddy.com","http://registrar.godaddy.com","West Wind","West Wind","","","Other","","Kuwait","","","","","","","","","","","","","","","","","","","","","","","","","","","","","","","","","","ns27.domaincontrol.com","ns28.domaincontrol.com","","","clientDeleteProhibited","clientRenewProhibited","clientTransferProhibited","clientUpdateProhibited"
"23","metricaco.com","2019-12-03 14:30:34","2019-12-02","2019-12-03","2020-12-02","3817","Wix.com Ltd.","","","Ashraf Ahmed","Metrica for real estate & engineering works Co.","Al-Qasr, Block 4B, Road 2, Street 2, Building No.","Al-Jahra","","40000","Kuwait","metricaco.com@wix-domains.com","+1.4159496022","","Ashraf Ahmed","Metrica for real estate & engineering works Co.","Al-Qasr, Block 4B, Road 2, Street 2, Building No.","Al-Jahra","","40000","Kuwait","ashraf_elkady1@hotmail.com","+965.66787332","","Ashraf Ahmed","Metrica for real estate & engineering works Co.","Al-Qasr, Block 4B, Road 2, Street 2, Building No.","Al-Jahra","","40000","Kuwait","ashraf_elkady1@hotmail.com","+965.66787332","","","","","","","","","","","","ns14.wixdns.net","ns15.wixdns.net","","","clientTransferProhibited","clientUpdateProhibited","",""
"24","myamchealth.com","2019-12-03 15:09:58","2019-12-02","2019-12-02","2021-12-02","146","GoDaddy.com, LLC","whois.godaddy.com","http://registrar.godaddy.com","Johny Alkhoury","Markaz","Mubarak Alkabeer St.","Kuwait","","23444","Kuwait","jkhoury@markaz.com","+965.22248222","","Johny Alkhoury","Markaz","Mubarak Alkabeer St.","Kuwait","","23444","Kuwait","jkhoury@markaz.com","+965.22248222","","Johny Alkhoury","Markaz","Mubarak Alkabeer St.","Kuwait","","23444","Kuwait","jkhoury@markaz.com","+965.22248222","","","","","","","","","","","","ns27.domaincontrol.com","ns28.domaincontrol.com","","","clientDeleteProhibited","clientRenewProhibited","clientTransferProhibited","clientUpdateProhibited"
"25","octospeed.com","2019-12-03 14:16:19","2019-12-02","2019-12-02","2020-12-02","146","GoDaddy.com, LLC","whois.godaddy.com","http://registrar.godaddy.com","","","","","Salmiya","","Kuwait","","","","","","","","","","","","","","","","","","","","","","","","","","","","","","","","","","ns27.domaincontrol.com","ns28.domaincontrol.com","","","clientDeleteProhibited","clientRenewProhibited","clientTransferProhibited","clientUpdateProhibited"
"26","orderaldirwaza.com","2019-12-03 14:22:50","2019-12-02","2019-12-02","2020-12-02","146","GoDaddy.com, LLC","whois.godaddy.com","http://registrar.godaddy.com","KHC","KHC","","","Kuwait","","Kuwait","","","","","","","","","","","","","","","","","","","","","","","","","","","","","","","","","","ns27.domaincontrol.com","ns28.domaincontrol.com","","","clientDeleteProhibited","clientRenewProhibited","clientTransferProhibited","clientUpdateProhibited"
"27","proteinshei5.com","2019-12-03 14:38:45","2019-12-01","2019-12-01","2020-12-01","146","GoDaddy.com, LLC","whois.godaddy.com","http://registrar.godaddy.com","","","","","Kuwait","","Kuwait","","","","","","","","","","","","","","","","","","","","","","","","","","","","","","","","","","ns27.domaincontrol.com","ns28.domaincontrol.com","","","clientDeleteProhibited","clientRenewProhibited","clientTransferProhibited","clientUpdateProhibited"
"28","renturplaces.com","2019-12-03 18:35:42","2019-12-02","2019-12-02","2021-12-02","146","GoDaddy.com, LLC","whois.godaddy.com","http://registrar.godaddy.com","NIXON DIGITAL LABS","NIXON DIGITAL LABS","","","KL","","Kuwait","","","","","","","","","","","","","","","","","","","","","","","","","","","","","","","","","","ns27.domaincontrol.com","ns28.domaincontrol.com","","","clientDeleteProhibited","clientRenewProhibited","clientTransferProhibited","clientUpdateProhibited"
"29","tanreco.com","2019-12-03 18:29:47","2019-12-02","2019-12-02","2020-12-02","146","GoDaddy.com, LLC","whois.godaddy.com","http://registrar.godaddy.com","","","","","kuwait city","","Kuwait","","","","","","","","","","","","","","","","","","","","","","","","","","","","","","","","","","ns27.domaincontrol.com","ns28.domaincontrol.com","","","clientDeleteProhibited","clientRenewProhibited","clientTransferProhibited","clientUpdateProhibited"
"30","tpp-consultancy.com","2019-12-03 14:50:25","2019-12-02","2019-12-02","2020-12-02","2","Network Solutions, LLC","whois.networksolutions.com","http://networksolutions.com","Al-lahow, Nora","","Kuwait","Kuwait","","","Kuwait","nallahow@gmail.com","+96597866336","","Al-lahow, Nora","","Kuwait","Kuwait","","","Kuwait","nallahow@gmail.com","+96597866336","","Al-lahow, Nora","","Kuwait","Kuwait","","","Kuwait","nallahow@gmail.com","+96597866336","","","","","","","","","","","","ns53.worldnic.com","ns54.worldnic.com","","","clientTransferProhibited","","",""
"31","ttimberkw.com","2019-12-03 16:15:18","2019-12-02","2019-12-02","2020-12-02","146","GoDaddy.com, LLC","whois.godaddy.com","http://registrar.godaddy.com","","","","","Kuwait","","Kuwait","","","","","","","","","","","","","","","","","","","","","","","","","","","","","","","","","","ns27.domaincontrol.com","ns28.domaincontrol.com","","","clientDeleteProhibited","clientRenewProhibited","clientTransferProhibited","clientUpdateProhibited"
"32","unclej-kw.com","2019-12-03 17:42:18","2019-12-02","2019-12-02","2020-12-02","146","GoDaddy.com, LLC","whois.godaddy.com","http://registrar.godaddy.com","Zyda","Zyda","","","Kuwait","","Kuwait","","","","","","","","","","","","","","","","","","","","","","","","","","","","","","","","","","joan.ns.cloudflare.com","neil.ns.cloudflare.com","","","clientDeleteProhibited","clientRenewProhibited","clientTransferProhibited","clientUpdateProhibited"
"33","uzakstyle.com","2019-12-03 17:35:15","2019-12-02","2019-12-02","2020-12-02","146","GoDaddy.com, LLC","whois.godaddy.com","http://registrar.godaddy.com","","","","","Kuwait","","Kuwait","","","","","","","","","","","","","","","","","","","","","","","","","","","","","","","","","","ns27.domaincontrol.com","ns28.domaincontrol.com","","","clientDeleteProhibited","clientRenewProhibited","clientTransferProhibited","clientUpdateProhibited"
"34","voltbatt.com","2019-12-03 14:29:10","2019-12-01","","2020-12-01","1068","NameCheap, Inc.","whois.namecheap.com","http://www.namecheap.com","HUMOUD ALKHULAIFI","","QORTOBA BLOCK 2 ST 1, JADDA 2, HOUSE 7","Qortoba","KUWAIT","0073502","Kuwait","dsman84@gmail.com","+965.90060004","+965.90060004","HUMOUD ALKHULAIFI","","QORTOBA BLOCK 2 ST 1, JADDA 2, HOUSE 7","Qortoba","KUWAIT","0073502","Kuwait","dsman84@gmail.com","+965.90060004","+965.90060004","HUMOUD ALKHULAIFI","","QORTOBA BLOCK 2 ST 1, JADDA 2, HOUSE 7","Qortoba","KUWAIT","0073502","Kuwait","dsman84@gmail.com","+965.90060004","+965.90060004","","","","","","","","","","","dns1.registrar-servers.com","dns2.registrar-servers.com","","","addPeriod","clientTransferProhibited","",""
"35","winnerrealestate-eg.com","2019-12-03 17:55:36","2019-12-01","2019-12-01","2020-12-01","146","GoDaddy.com, LLC","whois.godaddy.com","http://registrar.godaddy.com","Emad","","Kuwait City","Kuwait","Al Kuwayt","66666","Kuwait","emad.kw@outlook.com","+965.60314949","","Emad","","Kuwait City","Kuwait","Al Kuwayt","66666","Kuwait","emad.kw@outlook.com","+965.60314949","","Emad","","Kuwait City","Kuwait","Al Kuwayt","66666","Kuwait","emad.kw@outlook.com","+965.60314949","","","","","","","","","","","","ns1.bluehost.com","ns2.bluehost.com","","","clientDeleteProhibited","clientRenewProhibited","clientTransferProhibited","clientUpdateProhibited"