"num","domain_name","query_time","create_date","update_date","expiry_date","domain_registrar_id","domain_registrar_name","domain_registrar_whois","domain_registrar_url","registrant_name","registrant_company","registrant_address","registrant_city","registrant_state","registrant_zip","registrant_country","registrant_email","registrant_phone","registrant_fax","administrative_name","administrative_company","administrative_address","administrative_city","administrative_state","administrative_zip","administrative_country","administrative_email","administrative_phone","administrative_fax","technical_name","technical_company","technical_address","technical_city","technical_state","technical_zip","technical_country","technical_email","technical_phone","technical_fax","billing_name","billing_company","billing_address","billing_city","billing_state","billing_zip","billing_country","billing_email","billing_phone","billing_fax","name_server_1","name_server_2","name_server_3","name_server_4","domain_status_1","domain_status_2","domain_status_3","domain_status_4"
"1","559kkk.com","2019-12-03 14:38:04","2019-12-01","2019-12-01","2020-12-01","625","Name.com, Inc.","whois.name.com","http://www.name.com","altan asilkan","","bishkek","bishkek","bishkek","720002","Kyrgyzstan","ocakonline@gmail.com","+1.996702012424","","altan asilkan","","bishkek","bishkek","bishkek","720002","Kyrgyzstan","ocakonline@gmail.com","+1.996702012424","","altan asilkan","","bishkek","bishkek","bishkek","720002","Kyrgyzstan","ocakonline@gmail.com","+1.996702012424","","","","","","","","","","","","ns1qsy.name.com","ns2lns.name.com","ns3gmv.name.com","ns4gvx.name.com","addPeriod","clientTransferProhibited","",""
"2","669kkk.com","2019-12-03 14:33:07","2019-12-01","2019-12-01","2020-12-01","625","Name.com, Inc.","whois.name.com","http://www.name.com","altan asilkan","","bishkek","bishkek","bishkek","720002","Kyrgyzstan","ocakonline@gmail.com","+1.996702012424","","altan asilkan","","bishkek","bishkek","bishkek","720002","Kyrgyzstan","ocakonline@gmail.com","+1.996702012424","","altan asilkan","","bishkek","bishkek","bishkek","720002","Kyrgyzstan","ocakonline@gmail.com","+1.996702012424","","","","","","","","","","","","ns1qsy.name.com","ns2lns.name.com","ns3gmv.name.com","ns4gvx.name.com","addPeriod","clientTransferProhibited","",""
"3","cryptotd.com","2019-12-03 14:53:46","2019-12-01","2019-12-01","2020-12-01","291","DNC Holdings, Inc.","whois.directnic.com","http://www.directnic.com","","","","","Oshskaya Oblast'","","Kyrgyzstan","cryptotd.com-registrant@directnicwhoiscompliance.com","","","","","","","","","","cryptotd.com-admin@directnicwhoiscompliance.com","","","","","","","","","","cryptotd.com-tech@directnicwhoiscompliance.com","","","","","","","","","","","","","ns1.undeveloped.com","ns2.undeveloped.com","","","addPeriod","clientDeleteProhibited","clientTransferProhibited","clientUpdateProhibited"
"4","csbvstore.com","2019-12-03 15:35:14","2019-12-02","2019-12-02","2020-12-02","146","GoDaddy.com, LLC","whois.godaddy.com","http://registrar.godaddy.com","","","","","\u0411\u0438\u0448\u043a\u0435\u043a","","Kyrgyzstan","","","","","","","","","","","","","","","","","","","","","","","","","","","","","","","","","","ns27.domaincontrol.com","ns28.domaincontrol.com","","","clientDeleteProhibited","clientRenewProhibited","clientTransferProhibited","clientUpdateProhibited"
"5","dawoodrehman.com","2019-12-03 15:47:35","2019-12-02","2019-12-02","2020-12-02","106","Ascio Technologies, Inc. Danmark - Filial af Ascio technologies, Inc. USA","whois.ascio.com","http://www.ascio.com","Not Disclosed","Not Disclosed","Not Disclosed","Not Disclosed","","Not Disclosed","Kyrgyzstan","","Not Disclosed","Not Disclosed","Not Disclosed","Not Disclosed","Not Disclosed","Not Disclosed","Not Disclosed","Not Disclosed","Not Disclosed","","Not Disclosed","Not Disclosed","Not Disclosed","Not Disclosed","Not Disclosed","Not Disclosed","Not Disclosed","Not Disclosed","Not Disclosed","","Not Disclosed","Not Disclosed","","","","","","","","","","","dns1.123hjemmeside.dk","dns2.123hjemmeside.dk","dns3.123hjemmeside.dk","","OK","","",""
"6","rustamtennis.com","2019-12-03 15:27:49","2019-12-02","2019-12-02","2020-12-02","3817","Wix.com Ltd.","","","rustamjan akhmatakhunov","rustamjan akhmatakhunov","Alieva 190-1","Osh","","723500","Kyrgyzstan","rustamtennis.com@wix-domains.com","+1.4159496022","","rustamjan akhmatakhunov","rustamjan akhmatakhunov","Alieva 190-1","Osh","","723500","Kyrgyzstan","rustamtennis@gmail.com","+996.555437711","","rustamjan akhmatakhunov","rustamjan akhmatakhunov","Alieva 190-1","Osh","","723500","Kyrgyzstan","rustamtennis@gmail.com","+996.555437711","","","","","","","","","","","","ns12.wixdns.net","ns13.wixdns.net","","","clientTransferProhibited","clientUpdateProhibited","",""
"7","scanyuan.com","2019-12-03 15:53:48","2019-12-02","2019-12-02","2020-12-02","303","PDR Ltd. d/b/a PublicDomainRegistry.com","whois.publicdomainregistry.com","http://www.publicdomainregistry.com","Domain RM","","Suvanberdiev 106","Bishkek","Chu","720031","Kyrgyzstan","domainrm@gmail.com","+996.777543210","","Domain RM","","Suvanberdiev 106","Bishkek","Chu","720031","Kyrgyzstan","domainrm@gmail.com","+996.777543210","","Domain RM","","Suvanberdiev 106","Bishkek","Chu","720031","Kyrgyzstan","domainrm@gmail.com","+996.777543210","","","","","","","","","","","","ns1.sedoparking.com","ns2.sedoparking.com","","","clientTransferProhibited","","",""
"8","skyrgyzstan.com","2019-12-03 16:30:45","2019-12-02","2019-12-02","2020-12-02","3806","Beget LLC","","","Chyngyz A Amatov","","Saliev 40A","Osh","Oshskaya Oblast","723500","Kyrgyzstan","kumar.kaarov.kk@gmail.com","+996.552126141","","Chyngyz A Amatov","","Saliev 40A","Osh","Oshskaya Oblast","723500","Kyrgyzstan","kumar.kaarov.kk@gmail.com","+996.552126141","","Chyngyz A Amatov","","Saliev 40A","Osh","Oshskaya Oblast","723500","Kyrgyzstan","kumar.kaarov.kk@gmail.com","+996.552126141","","","","","","","","","","","","ns1.beget.com","ns1.beget.pro","ns2.beget.com","ns2.beget.pro","clientTransferProhibited","","",""
"9","tdsai.com","2019-12-03 14:21:45","2019-12-02","2019-12-02","2020-12-02","146","GoDaddy.com, LLC","whois.godaddy.com","http://registrar.godaddy.com","tdsai","tdsai","","","Chui","","Kyrgyzstan","","","","","","","","","","","","","","","","","","","","","","","","","","","","","","","","","","ns27.domaincontrol.com","ns28.domaincontrol.com","","","clientDeleteProhibited","clientRenewProhibited","clientTransferProhibited","clientUpdateProhibited"
"10","yuanexplorer.com","2019-12-03 18:27:39","2019-12-02","2019-12-02","2020-12-02","303","PDR Ltd. d/b/a PublicDomainRegistry.com","whois.publicdomainregistry.com","http://www.publicdomainregistry.com","Domain RM","","Suvanberdiev 106","Bishkek","Chu","720031","Kyrgyzstan","domainrm@gmail.com","+996.777543210","","Domain RM","","Suvanberdiev 106","Bishkek","Chu","720031","Kyrgyzstan","domainrm@gmail.com","+996.777543210","","Domain RM","","Suvanberdiev 106","Bishkek","Chu","720031","Kyrgyzstan","domainrm@gmail.com","+996.777543210","","","","","","","","","","","","ns1.sedoparking.com","ns2.sedoparking.com","","","clientTransferProhibited","","",""
"11","yuanscan.com","2019-12-03 15:46:51","2019-12-02","2019-12-02","2020-12-02","303","PDR Ltd. d/b/a PublicDomainRegistry.com","whois.publicdomainregistry.com","http://www.publicdomainregistry.com","Domain RM","","Suvanberdiev 106","Bishkek","Chu","720031","Kyrgyzstan","domainrm@gmail.com","+996.777543210","","Domain RM","","Suvanberdiev 106","Bishkek","Chu","720031","Kyrgyzstan","domainrm@gmail.com","+996.777543210","","Domain RM","","Suvanberdiev 106","Bishkek","Chu","720031","Kyrgyzstan","domainrm@gmail.com","+996.777543210","","","","","","","","","","","","ns1.sedoparking.com","ns2.sedoparking.com","","","clientTransferProhibited","","",""