"num","domain_name","query_time","create_date","update_date","expiry_date","domain_registrar_id","domain_registrar_name","domain_registrar_whois","domain_registrar_url","registrant_name","registrant_company","registrant_address","registrant_city","registrant_state","registrant_zip","registrant_country","registrant_email","registrant_phone","registrant_fax","administrative_name","administrative_company","administrative_address","administrative_city","administrative_state","administrative_zip","administrative_country","administrative_email","administrative_phone","administrative_fax","technical_name","technical_company","technical_address","technical_city","technical_state","technical_zip","technical_country","technical_email","technical_phone","technical_fax","billing_name","billing_company","billing_address","billing_city","billing_state","billing_zip","billing_country","billing_email","billing_phone","billing_fax","name_server_1","name_server_2","name_server_3","name_server_4","domain_status_1","domain_status_2","domain_status_3","domain_status_4"
"1","atelierpaskunji.com","2019-12-03 14:42:42","2019-12-02","2019-12-02","2020-12-02","146","GoDaddy.com, LLC","whois.godaddy.com","http://registrar.godaddy.com","","","","","beirut","","Lebanon","","","","","","","","","","","","","","","","","","","","","","","","","","","","","","","","","","ns27.domaincontrol.com","ns28.domaincontrol.com","","","clientDeleteProhibited","clientRenewProhibited","clientTransferProhibited","clientUpdateProhibited"
"2","beiteljabal.com","2019-12-03 16:34:59","2019-12-02","2019-12-02","2029-12-02","146","GoDaddy.com, LLC","whois.godaddy.com","http://registrar.godaddy.com","","","","","beirut","","Lebanon","","","","","","","","","","","","","","","","","","","","","","","","","","","","","","","","","","ns21.domaincontrol.com","ns22.domaincontrol.com","","","clientDeleteProhibited","clientRenewProhibited","clientTransferProhibited","clientUpdateProhibited"
"3","boschlb.com","2019-12-03 18:22:43","2019-12-02","2019-12-02","2020-12-02","146","GoDaddy.com, LLC","whois.godaddy.com","http://registrar.godaddy.com","jabreengineering","jabreengineering","","","metn","","Lebanon","","","","","","","","","","","","","","","","","","","","","","","","","","","","","","","","","","ns27.domaincontrol.com","ns28.domaincontrol.com","","","clientDeleteProhibited","clientRenewProhibited","clientTransferProhibited","clientUpdateProhibited"
"4","brettbuyscars.com","2019-12-03 14:15:59","2019-12-02","2019-12-02","2021-12-02","146","GoDaddy.com, LLC","whois.godaddy.com","http://registrar.godaddy.com","ck advertising","","kaslik","jounieh","kesserwan","90-78","Lebanon","jabouhaydar@gmail.com","03525218","","ck advertising","","kaslik","jounieh","kesserwan","90-78","Lebanon","jabouhaydar@gmail.com","03525218","","ck advertising","","kaslik","jounieh","kesserwan","90-78","Lebanon","jabouhaydar@gmail.com","03525218","","","","","","","","","","","","pdns09.domaincontrol.com","pdns10.domaincontrol.com","","","clientDeleteProhibited","clientRenewProhibited","clientTransferProhibited","clientUpdateProhibited"
"5","businessstudiobd.com","2019-12-03 16:08:38","2019-12-02","2019-12-02","2020-12-02","303","PDR Ltd. d/b/a PublicDomainRegistry.com","whois.publicdomainregistry.com","http://www.publicdomainregistry.com","jashim uddin sarkar","somoy bangla","hamra","hamra","Beirut","1212","Lebanon","jashimsarkar1980@gmail.com","+961.78929008","","jashim uddin sarkar","somoy bangla","hamra","hamra","Beirut","1212","Lebanon","jashimsarkar1980@gmail.com","+961.78929008","","jashim uddin sarkar","somoy bangla","hamra","hamra","Beirut","1212","Lebanon","jashimsarkar1980@gmail.com","+961.78929008","","","","","","","","","","","","ns3.designhostbd.top","ns4.designhostbd.top","","","clientTransferProhibited","","",""
"6","circulareconomyme.com","2019-12-03 16:14:11","2019-12-02","2019-12-02","2020-12-02","146","GoDaddy.com, LLC","whois.godaddy.com","http://registrar.godaddy.com","","","","","beirut","","Lebanon","","","","","","","","","","","","","","","","","","","","","","","","","","","","","","","","","","ns27.domaincontrol.com","ns28.domaincontrol.com","","","clientDeleteProhibited","clientRenewProhibited","clientTransferProhibited","clientUpdateProhibited"
"7","circulareconomysummitme.com","2019-12-03 16:49:07","2019-12-02","2019-12-02","2020-12-02","146","GoDaddy.com, LLC","whois.godaddy.com","http://registrar.godaddy.com","","","","","beirut","","Lebanon","","","","","","","","","","","","","","","","","","","","","","","","","","","","","","","","","","ns27.domaincontrol.com","ns28.domaincontrol.com","","","clientDeleteProhibited","clientRenewProhibited","clientTransferProhibited","clientUpdateProhibited"
"8","greenzapps.com","2019-12-03 16:21:03","2019-12-02","2019-12-02","2020-12-02","3817","Wix.com Ltd.","","","K KANAAN","K KANAAN","BEIRUT","BEIRUT","","1024 2048","Lebanon","greenzapps.com@wix-domains.com","+1.4159496022","","K KANAAN","K KANAAN","BEIRUT","BEIRUT","","1024 2048","Lebanon","khodorkanaan@gmail.com","+961.3066396","","K KANAAN","K KANAAN","BEIRUT","BEIRUT","","1024 2048","Lebanon","khodorkanaan@gmail.com","+961.3066396","","","","","","","","","","","","ns10.wixdns.net","ns11.wixdns.net","","","clientTransferProhibited","clientUpdateProhibited","",""
"9","kamilbouloot.com","2019-12-03 17:28:02","2019-12-02","2019-12-02","2020-12-02","146","GoDaddy.com, LLC","whois.godaddy.com","http://registrar.godaddy.com","","","","","beirut","","Lebanon","","","","","","","","","","","","","","","","","","","","","","","","","","","","","","","","","","ns27.domaincontrol.com","ns28.domaincontrol.com","","","clientDeleteProhibited","clientRenewProhibited","clientTransferProhibited","clientUpdateProhibited"
"10","khutuhkhutuh.com","2019-12-03 18:43:06","2019-12-02","2019-12-02","2020-12-02","69","Tucows Domains Inc.","whois.tucows.com","http://domainhelp.opensrs.net","REDACTED FOR PRIVACY","REDACTED FOR PRIVACY","REDACTED FOR PRIVACY","REDACTED FOR PRIVACY","XX","REDACTED FOR PRIVACY","Lebanon","","REDACTED FOR PRIVACY","REDACTED FOR PRIVACY","REDACTED FOR PRIVACY","REDACTED FOR PRIVACY","REDACTED FOR PRIVACY","REDACTED FOR PRIVACY","REDACTED FOR PRIVACY","REDACTED FOR PRIVACY","REDACTED FOR PRIVACY","","REDACTED FOR PRIVACY","REDACTED FOR PRIVACY","REDACTED FOR PRIVACY","REDACTED FOR PRIVACY","REDACTED FOR PRIVACY","REDACTED FOR PRIVACY","REDACTED FOR PRIVACY","REDACTED FOR PRIVACY","REDACTED FOR PRIVACY","","REDACTED FOR PRIVACY","REDACTED FOR PRIVACY","","","","","","","","","","","ns1.es1005.siteground.eu","ns2.es1005.siteground.eu","","","clientTransferProhibited","clientUpdateProhibited","",""
"11","lebanonlira.com","2019-12-03 17:39:17","2019-12-02","2019-12-02","2020-12-02","146","GoDaddy.com, LLC","whois.godaddy.com","http://registrar.godaddy.com","Byootna.com","Byootna.com","","","Beirut","","Lebanon","","","","","","","","","","","","","","","","","","","","","","","","","","","","","","","","","","ns27.domaincontrol.com","ns28.domaincontrol.com","","","clientDeleteProhibited","clientRenewProhibited","clientTransferProhibited","clientUpdateProhibited"
"12","mediasolutionsqr.com","2019-12-03 18:40:45","2019-12-02","2019-12-02","2020-12-02","146","GoDaddy.com, LLC","whois.godaddy.com","http://registrar.godaddy.com","","","","","beirut","","Lebanon","","","","","","","","","","","","","","","","","","","","","","","","","","","","","","","","","","ns27.domaincontrol.com","ns28.domaincontrol.com","","","clientDeleteProhibited","clientRenewProhibited","clientTransferProhibited","clientUpdateProhibited"
"13","menlebnen.com","2019-12-03 15:03:50","2019-12-02","2019-12-02","2020-12-02","146","GoDaddy.com, LLC","whois.godaddy.com","http://registrar.godaddy.com","","","","","Baabda","","Lebanon","","","","","","","","","","","","","","","","","","","","","","","","","","","","","","","","","","ns21.domaincontrol.com","ns22.domaincontrol.com","","","clientDeleteProhibited","clientRenewProhibited","clientTransferProhibited","clientUpdateProhibited"
"14","mjn-international.com","2019-12-03 17:50:11","2019-12-01","2019-12-01","2020-12-01","146","GoDaddy.com, LLC","whois.godaddy.com","http://registrar.godaddy.com","","","","","Metn","","Lebanon","","","","","","","","","","","","","","","","","","","","","","","","","","","","","","","","","","ns3014.mochahost.com","ns4014.mochahost.com","","","clientDeleteProhibited","clientRenewProhibited","clientTransferProhibited","clientUpdateProhibited"
"15","mydailybasket.com","2019-12-03 15:48:59","2019-12-02","2019-12-02","2020-12-02","146","GoDaddy.com, LLC","whois.godaddy.com","http://registrar.godaddy.com","MAD promotion","MAD promotion","","","Beirut","","Lebanon","","","","","","","","","","","","","","","","","","","","","","","","","","","","","","","","","","ns27.domaincontrol.com","ns28.domaincontrol.com","","","clientDeleteProhibited","clientRenewProhibited","clientTransferProhibited","clientUpdateProhibited"
"16","mytown.tours","2019-12-03 14:32:14","2019-12-02","2019-12-02","2020-12-02","146","GoDaddy.com, LLC","whois.godaddy.com","http://registrar.godaddy.com","REDACTED FOR PRIVACY","","REDACTED FOR PRIVACY","REDACTED FOR PRIVACY","North Lebanon","REDACTED FOR PRIVACY","Lebanon","","REDACTED FOR PRIVACY","REDACTED FOR PRIVACY","","","","","","","","","","","","","","","","","","","","","","","","","","","","","","","","","","","addPeriod","clientDeleteProhibited","clientRenewProhibited","clientTransferProhibited"
"17","numcart.com","2019-12-03 19:04:07","2019-12-02","2019-12-02","2020-12-02","146","GoDaddy.com, LLC","whois.godaddy.com","http://registrar.godaddy.com","","","","","beirut","","Lebanon","","","","","","","","","","","","","","","","","","","","","","","","","","","","","","","","","","ns27.domaincontrol.com","ns28.domaincontrol.com","","","clientDeleteProhibited","clientRenewProhibited","clientTransferProhibited","clientUpdateProhibited"
"18","raneemkhawand.com","2019-12-03 16:56:29","2019-12-02","2019-12-02","2020-12-02","146","GoDaddy.com, LLC","whois.godaddy.com","http://registrar.godaddy.com","","","","","west bekaa","","Lebanon","","","","","","","","","","","","","","","","","","","","","","","","","","","","","","","","","","ns27.domaincontrol.com","ns28.domaincontrol.com","","","clientDeleteProhibited","clientRenewProhibited","clientTransferProhibited","clientUpdateProhibited"
"19","savrr.net","2019-12-03 16:47:22","2019-12-01","2019-12-01","2020-12-01","1636","Hostinger, UAB","whois.hostinger.com","http://www.hostinger.com","Tarek Mohamad","Tarek Mohamad","Naquash","Beirut","Beirut","2202","Lebanon","tfmohamad@outlook.com","+961.71688632","","Tarek Mohamad","Tarek Mohamad","Naquash","Beirut","Beirut","2202","Lebanon","tfmohamad@outlook.com","+961.71688632","","Tarek Mohamad","Tarek Mohamad","Naquash","Beirut","Beirut","2202","Lebanon","tfmohamad@outlook.com","+961.71688632","","","","","","","","","","","","ns1.dns-parking.com","ns2.dns-parking.com","","","clientTransferProhibited","","",""
"20","services-aruba.com","2019-12-03 16:22:02","2019-12-02","2019-12-02","2020-12-02","146","GoDaddy.com, LLC","whois.godaddy.com","http://registrar.godaddy.com","","","","","Beyrouth","","Lebanon","","","","","","","","","","","","","","","","","","","","","","","","","","","","","","","","","","ns27.domaincontrol.com","ns28.domaincontrol.com","","","clientDeleteProhibited","clientRenewProhibited","clientTransferProhibited","clientUpdateProhibited"
"21","simplyfreshideas.com","2019-12-03 19:04:01","2019-12-01","2019-12-01","2020-12-01","1636","Hostinger, UAB","whois.hostinger.com","http://www.hostinger.com","Simply Fresh Ideas","Simply Fresh Ideas","45 Ferdous Street","Beirut","Jdeideh","12022040","Lebanon","simplyfreshideas@outlook.com","+1.7866270185","","Simply Fresh Ideas","Simply Fresh Ideas","45 Ferdous Street","Beirut","Jdeideh","12022040","Lebanon","simplyfreshideas@outlook.com","+1.7866270185","","Simply Fresh Ideas","Simply Fresh Ideas","45 Ferdous Street","Beirut","Jdeideh","12022040","Lebanon","simplyfreshideas@outlook.com","+1.7866270185","","","","","","","","","","","","ns1.dns-parking.com","ns2.dns-parking.com","","","clientTransferProhibited","","",""
"22","swissfinancialhouse.com","2019-12-03 17:59:50","2019-12-02","2019-12-02","2024-12-02","146","GoDaddy.com, LLC","whois.godaddy.com","http://registrar.godaddy.com","Capital Outsourcing","Capital Outsourcing","","","beirut","","Lebanon","","","","","","","","","","","","","","","","","","","","","","","","","","","","","","","","","","ns27.domaincontrol.com","ns28.domaincontrol.com","","","clientDeleteProhibited","clientRenewProhibited","clientTransferProhibited","clientUpdateProhibited"
"23","theyareerywhere.com","2019-12-03 18:12:54","2019-12-02","2019-12-02","2020-12-02","146","GoDaddy.com, LLC","whois.godaddy.com","http://registrar.godaddy.com","","","","","beirut","","Lebanon","","","","","","","","","","","","","","","","","","","","","","","","","","","","","","","","","","ns27.domaincontrol.com","ns28.domaincontrol.com","","","clientDeleteProhibited","clientRenewProhibited","clientTransferProhibited","clientUpdateProhibited"
"24","turkispot.com","2019-12-03 16:21:51","2019-12-01","2019-12-01","2020-12-01","74","Online SAS","whois.bookmyname.com","http://www.bookmyname.com","REDACTED FOR PRIVACY","","REDACTED FOR PRIVACY","REDACTED FOR PRIVACY","","REDACTED FOR PRIVACY","Lebanon","5c50fae94b7c6b33.1094310@spamfree.bookmyname.com","REDACTED FOR PRIVACY","REDACTED FOR PRIVACY","REDACTED FOR PRIVACY","","REDACTED FOR PRIVACY","REDACTED FOR PRIVACY","","REDACTED FOR PRIVACY","Lebanon","5c50fae94b7c6b33.1094310@spamfree.bookmyname.com","REDACTED FOR PRIVACY","REDACTED FOR PRIVACY","REDACTED FOR PRIVACY","","REDACTED FOR PRIVACY","REDACTED FOR PRIVACY","","REDACTED FOR PRIVACY","Lebanon","5c50fae94b7c6b33.1094310@spamfree.bookmyname.com","REDACTED FOR PRIVACY","REDACTED FOR PRIVACY","","","","","","","","","","","nsa.bookmyname.com","nsb.bookmyname.com","nsc.bookmyname.com","","clientTransferProhibited","","",""
"25","wa3ialbak.com","2019-12-03 16:58:06","2019-12-02","2019-12-02","2020-12-02","146","GoDaddy.com, LLC","whois.godaddy.com","http://registrar.godaddy.com","","","","","beirut","","Lebanon","","","","","","","","","","","","","","","","","","","","","","","","","","","","","","","","","","ns1.graphics-i.com","ns2.graphics-i.com","","","clientDeleteProhibited","clientRenewProhibited","clientTransferProhibited","clientUpdateProhibited"
"26","wavron.com","2019-12-03 15:07:28","2019-12-01","2019-12-01","2020-12-01","146","GoDaddy.com, LLC","whois.godaddy.com","http://registrar.godaddy.com","","","","","Lebanon","","Lebanon","","","","","","","","","","","","","","","","","","","","","","","","","","","","","","","","","","ns27.domaincontrol.com","ns28.domaincontrol.com","","","clientDeleteProhibited","clientRenewProhibited","clientTransferProhibited","clientUpdateProhibited"
"27","yamarka-lb.com","2019-12-03 19:07:33","2019-12-02","2019-12-02","2020-12-02","440","Wild West Domains, LLC","whois.wildwestdomains.com","http://www.wildwestdomains.com","We For Media S.a.r.l","We For Media S.a.r.l","","","NA","","Lebanon","","","","","","","","","","","","","","","","","","","","","","","","","","","","","","","","","","ns21.domaincontrol.com","ns22.domaincontrol.com","","","clientDeleteProhibited","clientRenewProhibited","clientTransferProhibited","clientUpdateProhibited"