"num","domain_name","query_time","create_date","update_date","expiry_date","domain_registrar_id","domain_registrar_name","domain_registrar_whois","domain_registrar_url","registrant_name","registrant_company","registrant_address","registrant_city","registrant_state","registrant_zip","registrant_country","registrant_email","registrant_phone","registrant_fax","administrative_name","administrative_company","administrative_address","administrative_city","administrative_state","administrative_zip","administrative_country","administrative_email","administrative_phone","administrative_fax","technical_name","technical_company","technical_address","technical_city","technical_state","technical_zip","technical_country","technical_email","technical_phone","technical_fax","billing_name","billing_company","billing_address","billing_city","billing_state","billing_zip","billing_country","billing_email","billing_phone","billing_fax","name_server_1","name_server_2","name_server_3","name_server_4","domain_status_1","domain_status_2","domain_status_3","domain_status_4"
"1","allapptv.com","2019-12-03 18:23:02","2019-12-01","2019-12-01","2020-12-01","1636","Hostinger, UAB","whois.hostinger.com","http://www.hostinger.com","GDPR Masked","GDPR Masked","GDPR Masked GDPR Masked GDPR Masked","GDPR Masked","Vilniaus miestas","GDPR Masked","Lithuania","gdpr-masking@gdpr-masked.com","+GDPR Masked.GDPR Masked","+GDPR Masked.GDPR Masked","GDPR Masked","GDPR Masked","GDPR Masked GDPR Masked GDPR Masked","GDPR Masked","Vilniaus miestas","GDPR Masked","Lithuania","gdpr-masking@gdpr-masked.com","+GDPR Masked.GDPR Masked","+GDPR Masked.GDPR Masked","GDPR Masked","GDPR Masked","GDPR Masked GDPR Masked GDPR Masked","GDPR Masked","Vilniaus miestas","GDPR Masked","Lithuania","gdpr-masking@gdpr-masked.com","+GDPR Masked.GDPR Masked","+GDPR Masked.GDPR Masked","","","","","","","","","","","ns1.dns-parking.com","ns2.dns-parking.com","","","clientTransferProhibited","","",""
"2","allsmartwearables.com","2019-12-03 18:43:38","2019-12-02","","2020-12-02","1068","NameCheap, Inc.","whois.namecheap.com","http://www.namecheap.com","Mantas Audickas","","Silo g. 21 Kauno raj.","Noreikiskes","Kaunas","53363","Lithuania","mantas.audickas@gmail.com","+370.62048232","","Mantas Audickas","","Silo g. 21 Kauno raj.","Noreikiskes","Kaunas","53363","Lithuania","mantas.audickas@gmail.com","+370.62048232","","Mantas Audickas","","Silo g. 21 Kauno raj.","Noreikiskes","Kaunas","53363","Lithuania","mantas.audickas@gmail.com","+370.62048232","","","","","","","","","","","","ns175.alidropship.com","ns176.alidropship.com","","","clientTransferProhibited","","",""
"3","anekdotai.net","2019-12-03 14:36:48","2019-12-02","2019-12-02","2020-12-02","69","Tucows Domains Inc.","whois.tucows.com","http://domainhelp.opensrs.net","REDACTED FOR PRIVACY","REDACTED FOR PRIVACY","REDACTED FOR PRIVACY","REDACTED FOR PRIVACY","Plunges r.","REDACTED FOR PRIVACY","Lithuania","","REDACTED FOR PRIVACY","REDACTED FOR PRIVACY","REDACTED FOR PRIVACY","REDACTED FOR PRIVACY","REDACTED FOR PRIVACY","REDACTED FOR PRIVACY","REDACTED FOR PRIVACY","REDACTED FOR PRIVACY","REDACTED FOR PRIVACY","","REDACTED FOR PRIVACY","REDACTED FOR PRIVACY","REDACTED FOR PRIVACY","REDACTED FOR PRIVACY","REDACTED FOR PRIVACY","REDACTED FOR PRIVACY","REDACTED FOR PRIVACY","REDACTED FOR PRIVACY","REDACTED FOR PRIVACY","","REDACTED FOR PRIVACY","REDACTED FOR PRIVACY","","","","","","","","","","","ns1.serveriai.lt","ns2.serveriai.lt","ns3.serveriai.lt","ns4.serveriai.lt","","","",""
"4","bau-da.com","2019-12-03 18:10:36","2019-12-01","2019-12-01","2020-12-01","303","PDR Ltd. d/b/a PublicDomainRegistry.com","whois.publicdomainregistry.com","http://www.publicdomainregistry.com","GDPR Masked","GDPR Masked","GDPR Masked GDPR Masked GDPR Masked","GDPR Masked","Lietuva","GDPR Masked","Lithuania","gdpr-masking@gdpr-masked.com","+GDPR Masked.GDPR Masked","+GDPR Masked.GDPR Masked","GDPR Masked","GDPR Masked","GDPR Masked GDPR Masked GDPR Masked","GDPR Masked","Lietuva","GDPR Masked","Lithuania","gdpr-masking@gdpr-masked.com","+GDPR Masked.GDPR Masked","+GDPR Masked.GDPR Masked","GDPR Masked","GDPR Masked","GDPR Masked GDPR Masked GDPR Masked","GDPR Masked","Lietuva","GDPR Masked","Lithuania","gdpr-masking@gdpr-masked.com","+GDPR Masked.GDPR Masked","+GDPR Masked.GDPR Masked","","","","","","","","","","","ns1.vhost.lt","ns2.vhost.lt","","","clientTransferProhibited","","",""
"5","baudadesign.com","2019-12-03 14:25:35","2019-12-01","2019-12-01","2020-12-01","303","PDR Ltd. d/b/a PublicDomainRegistry.com","whois.publicdomainregistry.com","http://www.publicdomainregistry.com","GDPR Masked","GDPR Masked","GDPR Masked GDPR Masked GDPR Masked","GDPR Masked","Lietuva","GDPR Masked","Lithuania","gdpr-masking@gdpr-masked.com","+GDPR Masked.GDPR Masked","+GDPR Masked.GDPR Masked","GDPR Masked","GDPR Masked","GDPR Masked GDPR Masked GDPR Masked","GDPR Masked","Lietuva","GDPR Masked","Lithuania","gdpr-masking@gdpr-masked.com","+GDPR Masked.GDPR Masked","+GDPR Masked.GDPR Masked","GDPR Masked","GDPR Masked","GDPR Masked GDPR Masked GDPR Masked","GDPR Masked","Lietuva","GDPR Masked","Lithuania","gdpr-masking@gdpr-masked.com","+GDPR Masked.GDPR Masked","+GDPR Masked.GDPR Masked","","","","","","","","","","","ns1.vhost.lt","ns2.vhost.lt","","","clientTransferProhibited","","",""
"6","bigdataexcellence.com","2019-12-03 17:59:30","2019-12-02","2019-12-02","2020-12-02","69","Tucows Domains Inc.","whois.tucows.com","http://domainhelp.opensrs.net","REDACTED FOR PRIVACY","REDACTED FOR PRIVACY","REDACTED FOR PRIVACY","REDACTED FOR PRIVACY","REDACTED FOR PRIVACY","REDACTED FOR PRIVACY","Lithuania","","REDACTED FOR PRIVACY","REDACTED FOR PRIVACY","REDACTED FOR PRIVACY","REDACTED FOR PRIVACY","REDACTED FOR PRIVACY","REDACTED FOR PRIVACY","REDACTED FOR PRIVACY","REDACTED FOR PRIVACY","REDACTED FOR PRIVACY","","REDACTED FOR PRIVACY","REDACTED FOR PRIVACY","REDACTED FOR PRIVACY","REDACTED FOR PRIVACY","REDACTED FOR PRIVACY","REDACTED FOR PRIVACY","REDACTED FOR PRIVACY","REDACTED FOR PRIVACY","REDACTED FOR PRIVACY","","REDACTED FOR PRIVACY","REDACTED FOR PRIVACY","","","","","","","","","","","ns1.serveriai.lt","ns2.serveriai.lt","ns3.serveriai.lt","ns4.serveriai.lt","","","",""
"7","birthday-coin.com","2019-12-03 15:53:41","2019-12-02","2019-12-02","2021-12-02","146","GoDaddy.com, LLC","whois.godaddy.com","http://registrar.godaddy.com","","","","","LT","","Lithuania","","","","","","","","","","","","","","","","","","","","","","","","","","","","","","","","","","ns27.domaincontrol.com","ns28.domaincontrol.com","","","clientDeleteProhibited","clientRenewProhibited","clientTransferProhibited","clientUpdateProhibited"
"8","casualcivilengineer.com","2019-12-03 18:13:25","2019-12-01","2019-12-01","2021-12-01","1636","Hostinger, UAB","whois.hostinger.com","http://www.hostinger.com","GDPR Masked","GDPR Masked","GDPR Masked GDPR Masked GDPR Masked","GDPR Masked","Vilnius","GDPR Masked","Lithuania","gdpr-masking@gdpr-masked.com","+GDPR Masked.GDPR Masked","+GDPR Masked.GDPR Masked","GDPR Masked","GDPR Masked","GDPR Masked GDPR Masked GDPR Masked","GDPR Masked","Vilnius","GDPR Masked","Lithuania","gdpr-masking@gdpr-masked.com","+GDPR Masked.GDPR Masked","+GDPR Masked.GDPR Masked","GDPR Masked","GDPR Masked","GDPR Masked GDPR Masked GDPR Masked","GDPR Masked","Vilnius","GDPR Masked","Lithuania","gdpr-masking@gdpr-masked.com","+GDPR Masked.GDPR Masked","+GDPR Masked.GDPR Masked","","","","","","","","","","","ns1.dns-parking.com","ns2.dns-parking.com","","","clientTransferProhibited","","",""
"9","cesiuleviciute.com","2019-12-03 18:33:36","2019-12-02","2019-12-02","2020-12-02","69","Tucows Domains Inc.","whois.tucows.com","http://domainhelp.opensrs.net","REDACTED FOR PRIVACY","REDACTED FOR PRIVACY","REDACTED FOR PRIVACY","REDACTED FOR PRIVACY","REDACTED FOR PRIVACY","REDACTED FOR PRIVACY","Lithuania","","REDACTED FOR PRIVACY","REDACTED FOR PRIVACY","REDACTED FOR PRIVACY","REDACTED FOR PRIVACY","REDACTED FOR PRIVACY","REDACTED FOR PRIVACY","REDACTED FOR PRIVACY","REDACTED FOR PRIVACY","REDACTED FOR PRIVACY","","REDACTED FOR PRIVACY","REDACTED FOR PRIVACY","REDACTED FOR PRIVACY","REDACTED FOR PRIVACY","REDACTED FOR PRIVACY","REDACTED FOR PRIVACY","REDACTED FOR PRIVACY","REDACTED FOR PRIVACY","REDACTED FOR PRIVACY","","REDACTED FOR PRIVACY","REDACTED FOR PRIVACY","","","","","","","","","","","dns1.p01.nsone.net","dns2.p01.nsone.net","dns3.p01.nsone.net","dns4.p01.nsone.net","","","",""
"10","domo-pro.com","2019-12-03 18:37:35","2019-12-01","2019-12-01","2020-12-01","69","Tucows Domains Inc.","whois.tucows.com","http://domainhelp.opensrs.net","REDACTED FOR PRIVACY","REDACTED FOR PRIVACY","REDACTED FOR PRIVACY","REDACTED FOR PRIVACY","Kauno r.","REDACTED FOR PRIVACY","Lithuania","","REDACTED FOR PRIVACY","REDACTED FOR PRIVACY","REDACTED FOR PRIVACY","REDACTED FOR PRIVACY","REDACTED FOR PRIVACY","REDACTED FOR PRIVACY","REDACTED FOR PRIVACY","REDACTED FOR PRIVACY","REDACTED FOR PRIVACY","","REDACTED FOR PRIVACY","REDACTED FOR PRIVACY","REDACTED FOR PRIVACY","REDACTED FOR PRIVACY","REDACTED FOR PRIVACY","REDACTED FOR PRIVACY","REDACTED FOR PRIVACY","REDACTED FOR PRIVACY","REDACTED FOR PRIVACY","","REDACTED FOR PRIVACY","REDACTED FOR PRIVACY","","","","","","","","","","","ns1.serveriai.lt","ns2.serveriai.lt","ns3.serveriai.lt","ns4.serveriai.lt","","","",""
"11","evbatteryshop.com","2019-12-03 19:11:11","2019-12-01","2019-12-01","2020-12-01","1636","Hostinger, UAB","whois.hostinger.com","http://www.hostinger.com","GDPR Masked","GDPR Masked","GDPR Masked GDPR Masked GDPR Masked","GDPR Masked","Kauno","GDPR Masked","Lithuania","gdpr-masking@gdpr-masked.com","+GDPR Masked.GDPR Masked","+GDPR Masked.GDPR Masked","GDPR Masked","GDPR Masked","GDPR Masked GDPR Masked GDPR Masked","GDPR Masked","Kauno","GDPR Masked","Lithuania","gdpr-masking@gdpr-masked.com","+GDPR Masked.GDPR Masked","+GDPR Masked.GDPR Masked","GDPR Masked","GDPR Masked","GDPR Masked GDPR Masked GDPR Masked","GDPR Masked","Kauno","GDPR Masked","Lithuania","gdpr-masking@gdpr-masked.com","+GDPR Masked.GDPR Masked","+GDPR Masked.GDPR Masked","","","","","","","","","","","ns1.dns-parking.com","ns2.dns-parking.com","","","clientTransferProhibited","","",""
"12","gerovyno.com","2019-12-03 18:03:47","2019-12-02","2019-12-02","2020-12-02","69","Tucows Domains Inc.","whois.tucows.com","http://domainhelp.opensrs.net","REDACTED FOR PRIVACY","REDACTED FOR PRIVACY","REDACTED FOR PRIVACY","REDACTED FOR PRIVACY","XX","REDACTED FOR PRIVACY","Lithuania","","REDACTED FOR PRIVACY","REDACTED FOR PRIVACY","REDACTED FOR PRIVACY","REDACTED FOR PRIVACY","REDACTED FOR PRIVACY","REDACTED FOR PRIVACY","REDACTED FOR PRIVACY","REDACTED FOR PRIVACY","REDACTED FOR PRIVACY","","REDACTED FOR PRIVACY","REDACTED FOR PRIVACY","REDACTED FOR PRIVACY","REDACTED FOR PRIVACY","REDACTED FOR PRIVACY","REDACTED FOR PRIVACY","REDACTED FOR PRIVACY","REDACTED FOR PRIVACY","REDACTED FOR PRIVACY","","REDACTED FOR PRIVACY","REDACTED FOR PRIVACY","","","","","","","","","","","ns1.gnld1006.siteground.eu","ns2.gnld1006.siteground.eu","","","clientTransferProhibited","clientUpdateProhibited","",""
"13","illcoffee.com","2019-12-03 18:37:00","2019-12-02","2019-12-02","2020-12-02","303","PDR Ltd. d/b/a PublicDomainRegistry.com","whois.publicdomainregistry.com","http://www.publicdomainregistry.com","GDPR Masked","GDPR Masked","GDPR Masked GDPR Masked GDPR Masked","GDPR Masked","Vilnius","GDPR Masked","Lithuania","gdpr-masking@gdpr-masked.com","+GDPR Masked.GDPR Masked","+GDPR Masked.GDPR Masked","GDPR Masked","GDPR Masked","GDPR Masked GDPR Masked GDPR Masked","GDPR Masked","Vilnius","GDPR Masked","Lithuania","gdpr-masking@gdpr-masked.com","+GDPR Masked.GDPR Masked","+GDPR Masked.GDPR Masked","GDPR Masked","GDPR Masked","GDPR Masked GDPR Masked GDPR Masked","GDPR Masked","Vilnius","GDPR Masked","Lithuania","gdpr-masking@gdpr-masked.com","+GDPR Masked.GDPR Masked","+GDPR Masked.GDPR Masked","","","","","","","","","","","ns1.c04.tmdcloud.eu","ns2.c04.tmdcloud.eu","","","clientTransferProhibited","","",""
"14","ingridlebenstein.com","2019-12-03 17:32:33","2019-12-02","2019-12-02","2020-12-02","69","Tucows Domains Inc.","whois.tucows.com","http://domainhelp.opensrs.net","REDACTED FOR PRIVACY","REDACTED FOR PRIVACY","REDACTED FOR PRIVACY","REDACTED FOR PRIVACY","REDACTED FOR PRIVACY","REDACTED FOR PRIVACY","Lithuania","","REDACTED FOR PRIVACY","REDACTED FOR PRIVACY","REDACTED FOR PRIVACY","REDACTED FOR PRIVACY","REDACTED FOR PRIVACY","REDACTED FOR PRIVACY","REDACTED FOR PRIVACY","REDACTED FOR PRIVACY","REDACTED FOR PRIVACY","","REDACTED FOR PRIVACY","REDACTED FOR PRIVACY","REDACTED FOR PRIVACY","REDACTED FOR PRIVACY","REDACTED FOR PRIVACY","REDACTED FOR PRIVACY","REDACTED FOR PRIVACY","REDACTED FOR PRIVACY","REDACTED FOR PRIVACY","","REDACTED FOR PRIVACY","REDACTED FOR PRIVACY","","","","","","","","","","","ns1.serveriai.lt","ns2.serveriai.lt","ns3.serveriai.lt","ns4.serveriai.lt","","","",""
"15","irenworks.com","2019-12-03 15:17:57","2019-12-02","2019-12-02","2020-12-02","69","Tucows Domains Inc.","whois.tucows.com","http://domainhelp.opensrs.net","REDACTED FOR PRIVACY","REDACTED FOR PRIVACY","REDACTED FOR PRIVACY","REDACTED FOR PRIVACY","REDACTED FOR PRIVACY","REDACTED FOR PRIVACY","Lithuania","","REDACTED FOR PRIVACY","REDACTED FOR PRIVACY","REDACTED FOR PRIVACY","REDACTED FOR PRIVACY","REDACTED FOR PRIVACY","REDACTED FOR PRIVACY","REDACTED FOR PRIVACY","REDACTED FOR PRIVACY","REDACTED FOR PRIVACY","","REDACTED FOR PRIVACY","REDACTED FOR PRIVACY","REDACTED FOR PRIVACY","REDACTED FOR PRIVACY","REDACTED FOR PRIVACY","REDACTED FOR PRIVACY","REDACTED FOR PRIVACY","REDACTED FOR PRIVACY","REDACTED FOR PRIVACY","","REDACTED FOR PRIVACY","REDACTED FOR PRIVACY","","","","","","","","","","","ns1.serveriai.lt","ns2.serveriai.lt","ns3.serveriai.lt","ns4.serveriai.lt","","","",""
"16","jumocase.com","2019-12-03 17:42:11","2019-12-01","2019-12-01","2020-12-01","69","Tucows Domains Inc.","whois.tucows.com","http://domainhelp.opensrs.net","REDACTED FOR PRIVACY","REDACTED FOR PRIVACY","REDACTED FOR PRIVACY","REDACTED FOR PRIVACY","REDACTED FOR PRIVACY","REDACTED FOR PRIVACY","Lithuania","","REDACTED FOR PRIVACY","REDACTED FOR PRIVACY","REDACTED FOR PRIVACY","REDACTED FOR PRIVACY","REDACTED FOR PRIVACY","REDACTED FOR PRIVACY","REDACTED FOR PRIVACY","REDACTED FOR PRIVACY","REDACTED FOR PRIVACY","","REDACTED FOR PRIVACY","REDACTED FOR PRIVACY","REDACTED FOR PRIVACY","REDACTED FOR PRIVACY","REDACTED FOR PRIVACY","REDACTED FOR PRIVACY","REDACTED FOR PRIVACY","REDACTED FOR PRIVACY","REDACTED FOR PRIVACY","","REDACTED FOR PRIVACY","REDACTED FOR PRIVACY","","","","","","","","","","","ns1.serveriai.lt","ns2.serveriai.lt","ns3.serveriai.lt","ns4.serveriai.lt","","","",""
"17","konfer-baltics.com","2019-12-03 19:00:31","2019-12-02","2019-12-02","2020-12-02","82","OnlineNIC, Inc.","whois.onlinenic.com","http://www.onlinenic.com","UAB Confinn","UAB Confinn","","","Kauno m. sav.","","Lithuania","","","","","","","","","","","","","","","","","","","","","","","","","","","","","","","","","","dns1.balt.net","dns2.balt.net","","","clientTransferProhibited","","",""
"18","malaiska.com","2019-12-03 18:26:13","2019-12-02","2019-12-02","2020-12-02","146","GoDaddy.com, LLC","whois.godaddy.com","http://registrar.godaddy.com","","","","","Vilniaus Apskritis","","Lithuania","","","","","","","","","","","","","","","","","","","","","","","","","","","","","","","","","","maya.ns.cloudflare.com","oswald.ns.cloudflare.com","","","clientDeleteProhibited","clientRenewProhibited","clientTransferProhibited","clientUpdateProhibited"
"19","masturbatedeals.com","2019-12-03 17:14:41","2019-12-02","2019-12-02","2020-12-02","146","GoDaddy.com, LLC","whois.godaddy.com","http://registrar.godaddy.com","","","","","Vilniaus","","Lithuania","","","","","","","","","","","","","","","","","","","","","","","","","","","","","","","","","","ns27.domaincontrol.com","ns28.domaincontrol.com","","","clientDeleteProhibited","clientRenewProhibited","clientTransferProhibited","clientUpdateProhibited"
"20","mrcorky.com","2019-12-03 16:14:40","2019-12-02","2019-12-02","2020-12-02","1636","Hostinger, UAB","whois.hostinger.com","http://www.hostinger.com","GDPR Masked","GDPR Masked","GDPR Masked GDPR Masked GDPR Masked","GDPR Masked","Vilniaus","GDPR Masked","Lithuania","gdpr-masking@gdpr-masked.com","+GDPR Masked.GDPR Masked","+GDPR Masked.GDPR Masked","GDPR Masked","GDPR Masked","GDPR Masked GDPR Masked GDPR Masked","GDPR Masked","Vilniaus","GDPR Masked","Lithuania","gdpr-masking@gdpr-masked.com","+GDPR Masked.GDPR Masked","+GDPR Masked.GDPR Masked","GDPR Masked","GDPR Masked","GDPR Masked GDPR Masked GDPR Masked","GDPR Masked","Vilniaus","GDPR Masked","Lithuania","gdpr-masking@gdpr-masked.com","+GDPR Masked.GDPR Masked","+GDPR Masked.GDPR Masked","","","","","","","","","","","ns1.dns-parking.com","ns2.dns-parking.com","","","clientTransferProhibited","","",""
"21","muvermann.com","2019-12-03 18:06:48","2019-12-01","2019-12-01","2020-12-01","1647","Hosting Concepts B.V. dba Openprovider","whois.registrar.eu","http://www.openprovider.com","REDACTED FOR PRIVACY","","REDACTED FOR PRIVACY","REDACTED FOR PRIVACY","","REDACTED FOR PRIVACY","Lithuania","","REDACTED FOR PRIVACY","REDACTED FOR PRIVACY","REDACTED FOR PRIVACY","REDACTED FOR PRIVACY","REDACTED FOR PRIVACY","REDACTED FOR PRIVACY","REDACTED FOR PRIVACY","REDACTED FOR PRIVACY","REDACTED FOR PRIVACY","","REDACTED FOR PRIVACY","REDACTED FOR PRIVACY","REDACTED FOR PRIVACY","REDACTED FOR PRIVACY","REDACTED FOR PRIVACY","REDACTED FOR PRIVACY","REDACTED FOR PRIVACY","REDACTED FOR PRIVACY","REDACTED FOR PRIVACY","","REDACTED FOR PRIVACY","REDACTED FOR PRIVACY","","","","","","","","","","","ns1.us.lt","ns2.us.lt","","","clientTransferProhibited","ok","",""
"22","netinode.com","2019-12-03 18:46:42","2019-12-02","2019-12-02","2020-12-02","1636","Hostinger, UAB","whois.hostinger.com","http://www.hostinger.com","GDPR Masked","GDPR Masked","GDPR Masked GDPR Masked GDPR Masked","GDPR Masked","Kauno m.","GDPR Masked","Lithuania","gdpr-masking@gdpr-masked.com","+GDPR Masked.GDPR Masked","+GDPR Masked.GDPR Masked","GDPR Masked","GDPR Masked","GDPR Masked GDPR Masked GDPR Masked","GDPR Masked","Kauno m.","GDPR Masked","Lithuania","gdpr-masking@gdpr-masked.com","+GDPR Masked.GDPR Masked","+GDPR Masked.GDPR Masked","GDPR Masked","GDPR Masked","GDPR Masked GDPR Masked GDPR Masked","GDPR Masked","Kauno m.","GDPR Masked","Lithuania","gdpr-masking@gdpr-masked.com","+GDPR Masked.GDPR Masked","+GDPR Masked.GDPR Masked","","","","","","","","","","","ns1.dns-parking.com","ns2.dns-parking.com","","","clientTransferProhibited","","",""
"23","okksos.com","2019-12-03 18:05:53","2019-12-01","2019-12-02","2020-12-01","69","Tucows Domains Inc.","whois.tucows.com","http://domainhelp.opensrs.net","REDACTED FOR PRIVACY","REDACTED FOR PRIVACY","REDACTED FOR PRIVACY","REDACTED FOR PRIVACY","REDACTED FOR PRIVACY","REDACTED FOR PRIVACY","Lithuania","","REDACTED FOR PRIVACY","REDACTED FOR PRIVACY","REDACTED FOR PRIVACY","REDACTED FOR PRIVACY","REDACTED FOR PRIVACY","REDACTED FOR PRIVACY","REDACTED FOR PRIVACY","REDACTED FOR PRIVACY","REDACTED FOR PRIVACY","","REDACTED FOR PRIVACY","REDACTED FOR PRIVACY","REDACTED FOR PRIVACY","REDACTED FOR PRIVACY","REDACTED FOR PRIVACY","REDACTED FOR PRIVACY","REDACTED FOR PRIVACY","REDACTED FOR PRIVACY","REDACTED FOR PRIVACY","","REDACTED FOR PRIVACY","REDACTED FOR PRIVACY","","","","","","","","","","","ns1.serveriai.lt","ns2.serveriai.lt","ns3.serveriai.lt","ns4.serveriai.lt","","","",""
"24","petrasiunas.com","2019-12-03 18:13:12","2019-12-02","2019-12-02","2020-12-02","1636","Hostinger, UAB","whois.hostinger.com","http://www.hostinger.com","GDPR Masked","GDPR Masked","GDPR Masked GDPR Masked GDPR Masked","GDPR Masked","Vilniaus miestas","GDPR Masked","Lithuania","gdpr-masking@gdpr-masked.com","+GDPR Masked.GDPR Masked","+GDPR Masked.GDPR Masked","GDPR Masked","GDPR Masked","GDPR Masked GDPR Masked GDPR Masked","GDPR Masked","Vilniaus miestas","GDPR Masked","Lithuania","gdpr-masking@gdpr-masked.com","+GDPR Masked.GDPR Masked","+GDPR Masked.GDPR Masked","GDPR Masked","GDPR Masked","GDPR Masked GDPR Masked GDPR Masked","GDPR Masked","Vilniaus miestas","GDPR Masked","Lithuania","gdpr-masking@gdpr-masked.com","+GDPR Masked.GDPR Masked","+GDPR Masked.GDPR Masked","","","","","","","","","","","ns1.dns-parking.com","ns2.dns-parking.com","","","clientTransferProhibited","","",""
"25","shopthetg.com","2019-12-03 17:00:13","2019-12-02","2019-12-02","2020-12-02","1636","Hostinger, UAB","whois.hostinger.com","http://www.hostinger.com","GDPR Masked","GDPR Masked","GDPR Masked GDPR Masked GDPR Masked","GDPR Masked","Vilnius","GDPR Masked","Lithuania","gdpr-masking@gdpr-masked.com","+GDPR Masked.GDPR Masked","+GDPR Masked.GDPR Masked","GDPR Masked","GDPR Masked","GDPR Masked GDPR Masked GDPR Masked","GDPR Masked","Vilnius","GDPR Masked","Lithuania","gdpr-masking@gdpr-masked.com","+GDPR Masked.GDPR Masked","+GDPR Masked.GDPR Masked","GDPR Masked","GDPR Masked","GDPR Masked GDPR Masked GDPR Masked","GDPR Masked","Vilnius","GDPR Masked","Lithuania","gdpr-masking@gdpr-masked.com","+GDPR Masked.GDPR Masked","+GDPR Masked.GDPR Masked","","","","","","","","","","","ns1.dns-parking.com","ns2.dns-parking.com","","","clientTransferProhibited","","",""
"26","steelvelda.com","2019-12-03 16:01:06","2019-12-01","2019-12-01","2020-12-01","1636","Hostinger, UAB","whois.hostinger.com","http://www.hostinger.com","GDPR Masked","GDPR Masked","GDPR Masked GDPR Masked GDPR Masked","GDPR Masked","Kauno m","GDPR Masked","Lithuania","gdpr-masking@gdpr-masked.com","+GDPR Masked.GDPR Masked","+GDPR Masked.GDPR Masked","GDPR Masked","GDPR Masked","GDPR Masked GDPR Masked GDPR Masked","GDPR Masked","Kauno m","GDPR Masked","Lithuania","gdpr-masking@gdpr-masked.com","+GDPR Masked.GDPR Masked","+GDPR Masked.GDPR Masked","GDPR Masked","GDPR Masked","GDPR Masked GDPR Masked GDPR Masked","GDPR Masked","Kauno m","GDPR Masked","Lithuania","gdpr-masking@gdpr-masked.com","+GDPR Masked.GDPR Masked","+GDPR Masked.GDPR Masked","","","","","","","","","","","ns1.dns-parking.com","ns2.dns-parking.com","","","clientTransferProhibited","","",""
"27","tel-nr.com","2019-12-03 17:17:38","2019-12-02","2019-12-02","2020-12-02","146","GoDaddy.com, LLC","whois.godaddy.com","http://registrar.godaddy.com","","","","","Vilniaus Apskritis","","Lithuania","","","","","","","","","","","","","","","","","","","","","","","","","","","","","","","","","","maya.ns.cloudflare.com","oswald.ns.cloudflare.com","","","clientDeleteProhibited","clientRenewProhibited","clientTransferProhibited","clientUpdateProhibited"
"28","wycieczkiplus.com","2019-12-03 17:10:24","2019-12-02","2019-12-02","2020-12-02","69","Tucows Domains Inc.","whois.tucows.com","http://domainhelp.opensrs.net","REDACTED FOR PRIVACY","REDACTED FOR PRIVACY","REDACTED FOR PRIVACY","REDACTED FOR PRIVACY","REDACTED FOR PRIVACY","REDACTED FOR PRIVACY","Lithuania","","REDACTED FOR PRIVACY","REDACTED FOR PRIVACY","REDACTED FOR PRIVACY","REDACTED FOR PRIVACY","REDACTED FOR PRIVACY","REDACTED FOR PRIVACY","REDACTED FOR PRIVACY","REDACTED FOR PRIVACY","REDACTED FOR PRIVACY","","REDACTED FOR PRIVACY","REDACTED FOR PRIVACY","REDACTED FOR PRIVACY","REDACTED FOR PRIVACY","REDACTED FOR PRIVACY","REDACTED FOR PRIVACY","REDACTED FOR PRIVACY","REDACTED FOR PRIVACY","REDACTED FOR PRIVACY","","REDACTED FOR PRIVACY","REDACTED FOR PRIVACY","","","","","","","","","","","ns1.serveriai.lt","ns2.serveriai.lt","ns3.serveriai.lt","ns4.serveriai.lt","","","",""