"num","domain_name","query_time","create_date","update_date","expiry_date","domain_registrar_id","domain_registrar_name","domain_registrar_whois","domain_registrar_url","registrant_name","registrant_company","registrant_address","registrant_city","registrant_state","registrant_zip","registrant_country","registrant_email","registrant_phone","registrant_fax","administrative_name","administrative_company","administrative_address","administrative_city","administrative_state","administrative_zip","administrative_country","administrative_email","administrative_phone","administrative_fax","technical_name","technical_company","technical_address","technical_city","technical_state","technical_zip","technical_country","technical_email","technical_phone","technical_fax","billing_name","billing_company","billing_address","billing_city","billing_state","billing_zip","billing_country","billing_email","billing_phone","billing_fax","name_server_1","name_server_2","name_server_3","name_server_4","domain_status_1","domain_status_2","domain_status_3","domain_status_4"
"1","discountstoresaturne.com","2019-12-03 16:21:49","2019-12-02","2019-12-02","2020-12-02","303","PDR Ltd. d/b/a PublicDomainRegistry.com","whois.publicdomainregistry.com","http://www.publicdomainregistry.com","RATEFIARISON Aina Manoa","Hostibox","Antanivao Nord Lot 712N122","Antsirabe","Antananarivo","110","Madagascar","manoaratefy@hostibox.com","+261.341214468","","RATEFIARISON Aina Manoa","Hostibox","Antanivao Nord Lot 712N122","Antsirabe","Antananarivo","110","Madagascar","manoaratefy@hostibox.com","+261.341214468","","RATEFIARISON Aina Manoa","Hostibox","Antanivao Nord Lot 712N122","Antsirabe","Antananarivo","110","Madagascar","manoaratefy@hostibox.com","+261.341214468","","","","","","","","","","","","ns1.hostibox.com","ns2.hostibox.com","","","clientTransferProhibited","","",""
"2","egecorrz7.com","2019-12-03 16:39:40","2019-12-02","2019-12-02","2020-12-02","48","eNom, Inc.","whois.enom.com","http://www.enom.com","REDACTED FOR PRIVACY","REDACTED FOR PRIVACY","REDACTED FOR PRIVACY","REDACTED FOR PRIVACY","REDACTED FOR PRIVACY","REDACTED FOR PRIVACY","Madagascar","","REDACTED FOR PRIVACY","REDACTED FOR PRIVACY","REDACTED FOR PRIVACY","REDACTED FOR PRIVACY","REDACTED FOR PRIVACY","REDACTED FOR PRIVACY","REDACTED FOR PRIVACY","REDACTED FOR PRIVACY","REDACTED FOR PRIVACY","","REDACTED FOR PRIVACY","REDACTED FOR PRIVACY","REDACTED FOR PRIVACY","REDACTED FOR PRIVACY","REDACTED FOR PRIVACY","REDACTED FOR PRIVACY","REDACTED FOR PRIVACY","REDACTED FOR PRIVACY","REDACTED FOR PRIVACY","","REDACTED FOR PRIVACY","REDACTED FOR PRIVACY","","","","","","","","","","","ns1.cloudns.io","ns2.cloudns.io","","","addPeriod","clientTransferProhibited","",""
"3","emirates-company.com","2019-12-03 16:05:13","2019-12-02","2019-12-02","2024-12-02","146","GoDaddy.com, LLC","whois.godaddy.com","http://registrar.godaddy.com","SOCIETE EMIRATES CONSTRUCTION LIMITED","SOCIETE EMIRATES CONSTRUCTION LIMITED","","","Analamanga","","Madagascar","","","","","","","","","","","","","","","","","","","","","","","","","","","","","","","","","","ns27.domaincontrol.com","ns28.domaincontrol.com","","","clientDeleteProhibited","clientRenewProhibited","clientTransferProhibited","clientUpdateProhibited"
"4","enerjikizolasyon.email","2019-12-03 14:22:53","2019-12-02","2019-12-02","2020-12-02","303","PDR Ltd. d/b/a PublicDomainRegistry.com","whois.publicdomainregistry.com","http://www.publicdomainregistry.com","RADILOFE","Not Applicable","Lot VA 19 H ter - TSIADANA","ANTANANARIVO","ANTANANARIVO","101","Madagascar","mia.radilofe@yahoo.fr","00261202220414","000000000","RADILOFE","Not Applicable","Lot VA 19 H ter - TSIADANA","ANTANANARIVO","ANTANANARIVO","101","Madagascar","mia.radilofe@yahoo.fr","00261202220414","000000000","RADILOFE","Not Applicable","Lot VA 19 H ter - TSIADANA","ANTANANARIVO","ANTANANARIVO","101","Madagascar","mia.radilofe@yahoo.fr","00261202220414","000000000","","","","","","","","","","","","","","","addPeriod","clientTransferProhibited","",""
"5","ephenabeaute.com","2019-12-03 18:24:06","2019-12-02","2019-12-02","2020-12-02","48","eNom, Inc.","whois.enom.com","http://www.enom.com","REDACTED FOR PRIVACY","REDACTED FOR PRIVACY","REDACTED FOR PRIVACY","REDACTED FOR PRIVACY","Antananarivo","REDACTED FOR PRIVACY","Madagascar","","REDACTED FOR PRIVACY","REDACTED FOR PRIVACY","REDACTED FOR PRIVACY","REDACTED FOR PRIVACY","REDACTED FOR PRIVACY","REDACTED FOR PRIVACY","REDACTED FOR PRIVACY","REDACTED FOR PRIVACY","REDACTED FOR PRIVACY","","REDACTED FOR PRIVACY","REDACTED FOR PRIVACY","REDACTED FOR PRIVACY","REDACTED FOR PRIVACY","REDACTED FOR PRIVACY","REDACTED FOR PRIVACY","REDACTED FOR PRIVACY","REDACTED FOR PRIVACY","REDACTED FOR PRIVACY","","REDACTED FOR PRIVACY","REDACTED FOR PRIVACY","","","","","","","","","","","ns1.cloudns.io","ns2.cloudns.io","","","addPeriod","clientTransferProhibited","",""
"6","ikimakers.com","2019-12-03 16:11:33","2019-12-02","2019-12-02","2020-12-02","48","eNom, Inc.","whois.enom.com","http://www.enom.com","REDACTED FOR PRIVACY","REDACTED FOR PRIVACY","REDACTED FOR PRIVACY","REDACTED FOR PRIVACY","Antananarivo","REDACTED FOR PRIVACY","Madagascar","","REDACTED FOR PRIVACY","REDACTED FOR PRIVACY","REDACTED FOR PRIVACY","REDACTED FOR PRIVACY","REDACTED FOR PRIVACY","REDACTED FOR PRIVACY","REDACTED FOR PRIVACY","REDACTED FOR PRIVACY","REDACTED FOR PRIVACY","","REDACTED FOR PRIVACY","REDACTED FOR PRIVACY","REDACTED FOR PRIVACY","REDACTED FOR PRIVACY","REDACTED FOR PRIVACY","REDACTED FOR PRIVACY","REDACTED FOR PRIVACY","REDACTED FOR PRIVACY","REDACTED FOR PRIVACY","","REDACTED FOR PRIVACY","REDACTED FOR PRIVACY","","","","","","","","","","","ns1.cloudns.io","ns2.cloudns.io","","","addPeriod","clientTransferProhibited","",""
"7","kolotoursmada.com","2019-12-03 18:26:26","2019-12-02","2019-12-02","2020-12-02","433","OVH sas","whois.ovh.com","http://www.ovh.com","Malagasy Tours","Malagasy Tours","","","","","Madagascar","oo7rsqigojgxfwm7lozp@o.o-w-o.info","","","","","","","","","","kf1berkx5lv58xopbeoc@y.o-w-o.info","","","","","","","","","","7h3mvpicqeizs1buqx7l@o.o-w-o.info","","","","","","","","","","","","","dns105.ovh.net","ns105.ovh.net","","","clientDeleteProhibited","clientTransferProhibited","",""
"8","pedagogie-esmia-mada.com","2019-12-03 16:01:11","2019-12-02","2019-12-02","2020-12-02","820","ELB Group Inc.","whois.retailstudio.com","http://www.netissime.com","Mbola RAKOTONDRAHANTA","ESMIA","Maison Jean XXIII - Lot III E 58 Mahamasina Sud BP 418","Antananarivo","","102","Madagascar","rina.rkt@gmail.com","+261.202641362","","Mbola RAKOTONDRAHANTA","ESMIA","Maison Jean XXIII - Lot III E 58 Mahamasina Sud BP 418","Antananarivo","","102","Madagascar","rina.rkt@gmail.com","+261.202641362","","Mbola RAKOTONDRAHANTA","ESMIA","Maison Jean XXIII - Lot III E 58 Mahamasina Sud BP 418","Antananarivo","","102","Madagascar","rina.rkt@gmail.com","+261.202641362","","","","","","","","","","","","ns1.webmo.fr","ns2.webmo.fr","","","clientTransferProhibited","","",""
"9","sarlusama.com","2019-12-03 17:22:13","2019-12-02","2019-12-02","2020-12-02","303","PDR Ltd. d/b/a PublicDomainRegistry.com","whois.publicdomainregistry.com","http://www.publicdomainregistry.com","Mr Loo","Sama Sarlu","Rue marechal joffre","Majunga","Mahajanga","402","Madagascar","sarlusama@yahoo.com","+261.326020","","Mr Loo","Sama Sarlu","Rue marechal joffre","Majunga","Mahajanga","402","Madagascar","sarlusama@yahoo.com","+261.326020","","Mr Loo","Sama Sarlu","Rue marechal joffre","Majunga","Mahajanga","402","Madagascar","sarlusama@yahoo.com","+261.326020","","","","","","","","","","","","ns17.sitegiant.biz","ns18.sitegiant.biz","","","clientTransferProhibited","","",""
"10","sas-aap.com","2019-12-03 17:14:25","2019-12-02","2019-12-02","2020-12-02","48","eNom, Inc.","whois.enom.com","http://www.enom.com","REDACTED FOR PRIVACY","REDACTED FOR PRIVACY","REDACTED FOR PRIVACY","REDACTED FOR PRIVACY","REDACTED FOR PRIVACY","REDACTED FOR PRIVACY","Madagascar","","REDACTED FOR PRIVACY","REDACTED FOR PRIVACY","REDACTED FOR PRIVACY","REDACTED FOR PRIVACY","REDACTED FOR PRIVACY","REDACTED FOR PRIVACY","REDACTED FOR PRIVACY","REDACTED FOR PRIVACY","REDACTED FOR PRIVACY","","REDACTED FOR PRIVACY","REDACTED FOR PRIVACY","REDACTED FOR PRIVACY","REDACTED FOR PRIVACY","REDACTED FOR PRIVACY","REDACTED FOR PRIVACY","REDACTED FOR PRIVACY","REDACTED FOR PRIVACY","REDACTED FOR PRIVACY","","REDACTED FOR PRIVACY","REDACTED FOR PRIVACY","","","","","","","","","","","ns1.cloudns.io","ns2.cloudns.io","","","addPeriod","clientTransferProhibited","",""
"11","top-destionation.com","2019-12-03 16:22:03","2019-12-02","2019-12-02","2020-12-02","74","Online SAS","whois.bookmyname.com","http://www.bookmyname.com","REDACTED FOR PRIVACY","","REDACTED FOR PRIVACY","REDACTED FOR PRIVACY","","REDACTED FOR PRIVACY","Madagascar","1361c674c58f3c3a.1457431@spamfree.bookmyname.com","REDACTED FOR PRIVACY","REDACTED FOR PRIVACY","Alexandre YEPES","O2SWITCH","222 Boulevard Gustave Flaubert, For Customer","CLERMONT FERRAND","","63000","France","dns-nospam@o2switch.fr","+33.444446040","+33.444446041","Alexandre YEPES","O2SWITCH","222 Boulevard Gustave Flaubert, For Customer","CLERMONT FERRAND","","63000","France","dns-nospam@o2switch.fr","+33.444446040","+33.444446041","","","","","","","","","","","ns1.o2switch.net","ns2.o2switch.net","","","clientTransferProhibited","","",""