"num","domain_name","query_time","create_date","update_date","expiry_date","domain_registrar_id","domain_registrar_name","domain_registrar_whois","domain_registrar_url","registrant_name","registrant_company","registrant_address","registrant_city","registrant_state","registrant_zip","registrant_country","registrant_email","registrant_phone","registrant_fax","administrative_name","administrative_company","administrative_address","administrative_city","administrative_state","administrative_zip","administrative_country","administrative_email","administrative_phone","administrative_fax","technical_name","technical_company","technical_address","technical_city","technical_state","technical_zip","technical_country","technical_email","technical_phone","technical_fax","billing_name","billing_company","billing_address","billing_city","billing_state","billing_zip","billing_country","billing_email","billing_phone","billing_fax","name_server_1","name_server_2","name_server_3","name_server_4","domain_status_1","domain_status_2","domain_status_3","domain_status_4"
"1","civeng.net","2019-12-03 15:09:52","2019-12-02","2019-12-02","2021-12-02","303","PDR Ltd. d/b/a PublicDomainRegistry.com","whois.publicdomainregistry.com","http://www.publicdomainregistry.com","Adnan  Ali","civeng pvt ltd","2A, G. Vidhuvaruge, Male, Maldives","Male","","20098","Maldives","adnali@gmail.com","+960.9603345854","","Adnan  Ali","civeng pvt ltd","2A, G. Vidhuvaruge, Male, Maldives","Male","","20098","Maldives","adnali@gmail.com","+960.9603345854","","Adnan  Ali","civeng pvt ltd","2A, G. Vidhuvaruge, Male, Maldives","Male","","20098","Maldives","adnali@gmail.com","+960.9603345854","","","","","","","","","","","","ns1.active-dns.com","ns2.active-dns.com","ns3.active-dns.com","ns4.active-dns.com","clientTransferProhibited","","",""
"2","moosashifaz.com","2019-12-03 16:07:35","2019-12-02","2019-12-02","2020-12-02","146","GoDaddy.com, LLC","whois.godaddy.com","http://registrar.godaddy.com","Javiyani Pvt Ltd","Javiyani Pvt Ltd","","","JOASHEE HINGUN","","Maldives","","","","","","","","","","","","","","","","","","","","","","","","","","","","","","","","","","ns27.domaincontrol.com","ns28.domaincontrol.com","","","clientDeleteProhibited","clientRenewProhibited","clientTransferProhibited","clientUpdateProhibited"
"3","musafmohamed.com","2019-12-03 14:38:26","2019-12-02","2019-12-02","2020-12-02","146","GoDaddy.com, LLC","whois.godaddy.com","http://registrar.godaddy.com","","","","","KAAFU ATOLL","","Maldives","","","","","","","","","","","","","","","","","","","","","","","","","","","","","","","","","","ns1.bluehost.com","ns2.bluehost.com","","","clientDeleteProhibited","clientRenewProhibited","clientTransferProhibited","clientUpdateProhibited"
"4","resiliencemaldives.com","2019-12-03 17:05:02","2019-12-02","2019-12-02","2020-12-02","1636","Hostinger, UAB","whois.hostinger.com","http://www.hostinger.com","Ahmed Zain Shiyam Zain Shiyam","Ahmed Zain Shiyam Zain Shiyam","G, Asreemage","Male","DE","34433","Maldives","ahmed.zain.shiyam@live.com","+960.7256786","","Ahmed Zain Shiyam Zain Shiyam","Ahmed Zain Shiyam Zain Shiyam","G, Asreemage","Male","DE","34433","Maldives","ahmed.zain.shiyam@live.com","+960.7256786","","Ahmed Zain Shiyam Zain Shiyam","Ahmed Zain Shiyam Zain Shiyam","G, Asreemage","Male","DE","34433","Maldives","ahmed.zain.shiyam@live.com","+960.7256786","","","","","","","","","","","","ns1.dns-parking.com","ns2.dns-parking.com","","","clientTransferProhibited","","",""
"5","visitaddumeedhoo.com","2019-12-03 15:18:00","2019-12-02","2019-12-02","2020-12-02","146","GoDaddy.com, LLC","whois.godaddy.com","http://registrar.godaddy.com","Atolls Maldives","Atolls Maldives","","","Male' City","","Maldives","","","","","","","","","","","","","","","","","","","","","","","","","","","","","","","","","","ns27.domaincontrol.com","ns28.domaincontrol.com","","","clientDeleteProhibited","clientRenewProhibited","clientTransferProhibited","clientUpdateProhibited"