"num","domain_name","query_time","create_date","update_date","expiry_date","domain_registrar_id","domain_registrar_name","domain_registrar_whois","domain_registrar_url","registrant_name","registrant_company","registrant_address","registrant_city","registrant_state","registrant_zip","registrant_country","registrant_email","registrant_phone","registrant_fax","administrative_name","administrative_company","administrative_address","administrative_city","administrative_state","administrative_zip","administrative_country","administrative_email","administrative_phone","administrative_fax","technical_name","technical_company","technical_address","technical_city","technical_state","technical_zip","technical_country","technical_email","technical_phone","technical_fax","billing_name","billing_company","billing_address","billing_city","billing_state","billing_zip","billing_country","billing_email","billing_phone","billing_fax","name_server_1","name_server_2","name_server_3","name_server_4","domain_status_1","domain_status_2","domain_status_3","domain_status_4"
"1","apuestasblu.com","2019-12-03 18:21:58","2019-12-01","2019-12-01","2022-12-01","146","GoDaddy.com, LLC","whois.godaddy.com","http://registrar.godaddy.com","Blu Line Consultancy Ltd","Blu Line Consultancy Ltd","","","Malta","","Malta","","","","","","","","","","","","","","","","","","","","","","","","","","","","","","","","","","ns27.domaincontrol.com","ns28.domaincontrol.com","","","clientDeleteProhibited","clientRenewProhibited","clientTransferProhibited","clientUpdateProhibited"
"2","barnabasmarket.com","2019-12-03 17:48:50","2019-12-02","2019-12-02","2020-12-02","433","OVH sas","whois.ovh.com","http://www.ovh.com","Mateusz Francizek Piwek","Mateusz Francizek Piwek","","","","","Malta","02px2akliqgasm34efvi@o.o-w-o.info","","","","","","","","","","d42w9xi1cl20jnulrdc3@x.o-w-o.info","","","","","","","","","","d42w9xi1cl20jnulrdc3@x.o-w-o.info","","","","","","","","","","","","","dns105.ovh.net","ns105.ovh.net","","","clientDeleteProhibited","clientTransferProhibited","",""
"3","findjobsinmalta.com","2019-12-03 18:37:40","2019-12-02","2019-12-02","2020-12-02","303","PDR Ltd. d/b/a PublicDomainRegistry.com","whois.publicdomainregistry.com","http://www.publicdomainregistry.com","GDPR Masked","GDPR Masked","GDPR Masked GDPR Masked GDPR Masked","GDPR Masked","","GDPR Masked","Malta","gdpr-masking@gdpr-masked.com","+GDPR Masked.GDPR Masked","+GDPR Masked.GDPR Masked","GDPR Masked","GDPR Masked","GDPR Masked GDPR Masked GDPR Masked","GDPR Masked","","GDPR Masked","Malta","gdpr-masking@gdpr-masked.com","+GDPR Masked.GDPR Masked","+GDPR Masked.GDPR Masked","GDPR Masked","GDPR Masked","GDPR Masked GDPR Masked GDPR Masked","GDPR Masked","","GDPR Masked","Malta","gdpr-masking@gdpr-masked.com","+GDPR Masked.GDPR Masked","+GDPR Masked.GDPR Masked","","","","","","","","","","","ns1.recruitinmalta.org","ns2.recruitinmalta.org","","","clientTransferProhibited","","",""
"4","gatedrecordings.com","2019-12-03 18:06:15","2019-12-02","2019-12-02","2020-12-02","886","Domain.com, LLC","whois.domain.com","http://www.domain.com","REDACTED FOR PRIVACY","REDACTED FOR PRIVACY","REDACTED FOR PRIVACY","REDACTED FOR PRIVACY","NA","REDACTED FOR PRIVACY","Malta","","REDACTED FOR PRIVACY","REDACTED FOR PRIVACY","REDACTED FOR PRIVACY","REDACTED FOR PRIVACY","REDACTED FOR PRIVACY","REDACTED FOR PRIVACY","REDACTED FOR PRIVACY","REDACTED FOR PRIVACY","REDACTED FOR PRIVACY","","REDACTED FOR PRIVACY","REDACTED FOR PRIVACY","REDACTED FOR PRIVACY","REDACTED FOR PRIVACY","REDACTED FOR PRIVACY","REDACTED FOR PRIVACY","REDACTED FOR PRIVACY","REDACTED FOR PRIVACY","REDACTED FOR PRIVACY","","REDACTED FOR PRIVACY","REDACTED FOR PRIVACY","","","","","","","","","","","ns1.ipage.com","ns2.ipage.com","","","","","",""
"5","hepsibahiscasino11.com","2019-12-03 17:11:22","2019-12-02","2019-12-02","2021-12-02","146","GoDaddy.com, LLC","whois.godaddy.com","http://registrar.godaddy.com","Winunited Ltd.","Winunited Ltd.","","","Europe","","Malta","","","","","","","","","","","","","","","","","","","","","","","","","","","","","","","","","","pdns09.domaincontrol.com","pdns10.domaincontrol.com","","","clientDeleteProhibited","clientRenewProhibited","clientTransferProhibited","clientUpdateProhibited"
"6","hepsibahiscasino12.com","2019-12-03 18:39:47","2019-12-02","2019-12-02","2021-12-02","146","GoDaddy.com, LLC","whois.godaddy.com","http://registrar.godaddy.com","Winunited Ltd.","Winunited Ltd.","","","Europe","","Malta","","","","","","","","","","","","","","","","","","","","","","","","","","","","","","","","","","pdns09.domaincontrol.com","pdns10.domaincontrol.com","","","clientDeleteProhibited","clientRenewProhibited","clientTransferProhibited","clientUpdateProhibited"
"7","hepsibahiscasino13.com","2019-12-03 16:38:53","2019-12-02","2019-12-02","2021-12-02","146","GoDaddy.com, LLC","whois.godaddy.com","http://registrar.godaddy.com","Winunited Ltd.","Winunited Ltd.","","","Europe","","Malta","","","","","","","","","","","","","","","","","","","","","","","","","","","","","","","","","","pdns09.domaincontrol.com","pdns10.domaincontrol.com","","","clientDeleteProhibited","clientRenewProhibited","clientTransferProhibited","clientUpdateProhibited"
"8","hepsibahisyouwin5.com","2019-12-03 16:47:01","2019-12-02","2019-12-02","2021-12-02","146","GoDaddy.com, LLC","whois.godaddy.com","http://registrar.godaddy.com","Winunited Ltd","Winunited Ltd.","271, tower road|level 1","Sliema","Europe","SLM 1600","Malta","it@youwin.com","35623261306","","Winunited Ltd","Winunited Ltd.","271, tower road|level 1","Sliema","Europe","SLM 1600","Malta","it@youwin.com","35623261306","","Winunited Ltd","Winunited Ltd.","271, tower road|level 1","Sliema","Europe","SLM 1600","Malta","it@youwin.com","35623261306","","","","","","","","","","","","pdns09.domaincontrol.com","pdns10.domaincontrol.com","","","clientDeleteProhibited","clientRenewProhibited","clientTransferProhibited","clientUpdateProhibited"
"9","hepsibahisyouwin6.com","2019-12-03 14:22:49","2019-12-02","2019-12-02","2021-12-02","146","GoDaddy.com, LLC","whois.godaddy.com","http://registrar.godaddy.com","Winunited Ltd.","Winunited Ltd.","","","Europe","","Malta","","","","","","","","","","","","","","","","","","","","","","","","","","","","","","","","","","pdns09.domaincontrol.com","pdns10.domaincontrol.com","","","clientDeleteProhibited","clientRenewProhibited","clientTransferProhibited","clientUpdateProhibited"
"10","hepsibahisyouwin7.com","2019-12-03 15:21:42","2019-12-02","2019-12-02","2021-12-02","146","GoDaddy.com, LLC","whois.godaddy.com","http://registrar.godaddy.com","Winunited Ltd.","Winunited Ltd.","","","Europe","","Malta","","","","","","","","","","","","","","","","","","","","","","","","","","","","","","","","","","pdns09.domaincontrol.com","pdns10.domaincontrol.com","","","clientDeleteProhibited","clientRenewProhibited","clientTransferProhibited","clientUpdateProhibited"
"11","hepsibahisyouwin8.com","2019-12-03 14:53:03","2019-12-02","2019-12-02","2021-12-02","146","GoDaddy.com, LLC","whois.godaddy.com","http://registrar.godaddy.com","Winunited Ltd","Winunited Ltd.","271, tower road|level 1","Sliema","Europe","SLM 1600","Malta","it@youwin.com","35623261306","","Winunited Ltd","Winunited Ltd.","271, tower road|level 1","Sliema","Europe","SLM 1600","Malta","it@youwin.com","35623261306","","Winunited Ltd","Winunited Ltd.","271, tower road|level 1","Sliema","Europe","SLM 1600","Malta","it@youwin.com","35623261306","","","","","","","","","","","","pdns09.domaincontrol.com","pdns10.domaincontrol.com","","","clientDeleteProhibited","clientRenewProhibited","clientTransferProhibited","clientUpdateProhibited"
"12","hepsibahisyouwin9.com","2019-12-03 17:03:17","2019-12-02","2019-12-02","2021-12-02","146","GoDaddy.com, LLC","whois.godaddy.com","http://registrar.godaddy.com","Winunited Ltd.","Winunited Ltd.","","","Europe","","Malta","","","","","","","","","","","","","","","","","","","","","","","","","","","","","","","","","","pdns09.domaincontrol.com","pdns10.domaincontrol.com","","","clientDeleteProhibited","clientRenewProhibited","clientTransferProhibited","clientUpdateProhibited"
"13","jenniescicluna.com","2019-12-03 17:21:29","2019-12-02","2019-12-02","2021-12-02","3817","Wix.com Ltd.","","","Statutory Masking Enabled","Statutory Masking Enabled","Statutory Masking Enabled","Statutory Masking Enabled","","Statutory Masking Enabled","Malta","jenniescicluna.com@wix-domains.com","Statutory Masking Enabled","Statutory Masking Enabled","Statutory Masking Enabled","Statutory Masking Enabled","Statutory Masking Enabled","Statutory Masking Enabled","","Statutory Masking Enabled","Malta","sciclunajennie@gmail.com","Statutory Masking Enabled","Statutory Masking Enabled","Statutory Masking Enabled","Statutory Masking Enabled","Statutory Masking Enabled","Statutory Masking Enabled","","Statutory Masking Enabled","Malta","sciclunajennie@gmail.com","Statutory Masking Enabled","Statutory Masking Enabled","","","","","","","","","","","ns12.wixdns.net","ns13.wixdns.net","","","clientTransferProhibited","clientUpdateProhibited","",""
"14","never-daylight.com","2019-12-03 18:02:53","2019-12-02","2019-12-02","2020-12-02","146","GoDaddy.com, LLC","whois.godaddy.com","http://registrar.godaddy.com","","","","","Malta","","Malta","","","","","","","","","","","","","","","","","","","","","","","","","","","","","","","","","","ns27.domaincontrol.com","ns28.domaincontrol.com","","","clientDeleteProhibited","clientRenewProhibited","clientTransferProhibited","clientUpdateProhibited"
"15","onetothirtyone.net","2019-12-03 16:26:16","2019-12-02","2019-12-02","2020-12-02","146","GoDaddy.com, LLC","whois.godaddy.com","http://registrar.godaddy.com","","","","","Malta","","Malta","","","","","","","","","","","","","","","","","","","","","","","","","","","","","","","","","","ns27.domaincontrol.com","ns28.domaincontrol.com","","","clientDeleteProhibited","clientRenewProhibited","clientTransferProhibited","clientUpdateProhibited"
"16","playwin24.net","2019-12-03 16:00:07","2019-12-01","2019-12-01","2021-12-01","146","GoDaddy.com, LLC","whois.godaddy.com","http://registrar.godaddy.com","Bluesky","Bluesky","","","Malta","","Malta","","","","","","","","","","","","","","","","","","","","","","","","","","","","","","","","","","ian.ns.cloudflare.com","leah.ns.cloudflare.com","","","clientDeleteProhibited","clientRenewProhibited","clientTransferProhibited","clientUpdateProhibited"
"17","pragmatest.com","2019-12-03 18:49:33","2019-12-01","2019-12-01","2020-12-01","146","GoDaddy.com, LLC","whois.godaddy.com","http://registrar.godaddy.com","Pragmatest Consultancy","Pragmatest Consultancy","","","Malta","","Malta","","","","","","","","","","","","","","","","","","","","","","","","","","","","","","","","","","ns27.domaincontrol.com","ns28.domaincontrol.com","","","clientDeleteProhibited","clientRenewProhibited","clientTransferProhibited","clientUpdateProhibited"
"18","sanalbahissitesi14.com","2019-12-03 18:10:23","2019-12-02","2019-12-02","2021-12-02","146","GoDaddy.com, LLC","whois.godaddy.com","http://registrar.godaddy.com","Winunited Ltd.","Winunited Ltd.","","","Europe","","Malta","","","","","","","","","","","","","","","","","","","","","","","","","","","","","","","","","","pdns09.domaincontrol.com","pdns10.domaincontrol.com","","","clientDeleteProhibited","clientRenewProhibited","clientTransferProhibited","clientUpdateProhibited"
"19","sanalbahissitesi15.com","2019-12-03 15:02:04","2019-12-02","2019-12-02","2021-12-02","146","GoDaddy.com, LLC","whois.godaddy.com","http://registrar.godaddy.com","Winunited Ltd","Winunited Ltd.","271, tower road|level 1","Sliema","Europe","SLM 1600","Malta","it@youwin.com","35623261306","","Winunited Ltd","Winunited Ltd.","271, tower road|level 1","Sliema","Europe","SLM 1600","Malta","it@youwin.com","35623261306","","Winunited Ltd","Winunited Ltd.","271, tower road|level 1","Sliema","Europe","SLM 1600","Malta","it@youwin.com","35623261306","","","","","","","","","","","","pdns09.domaincontrol.com","pdns10.domaincontrol.com","","","clientDeleteProhibited","clientRenewProhibited","clientTransferProhibited","clientUpdateProhibited"
"20","suzettegrace.com","2019-12-03 16:04:09","2019-12-01","2019-12-01","2020-12-01","146","GoDaddy.com, LLC","whois.godaddy.com","http://registrar.godaddy.com","","","","","Malta","","Malta","","","","","","","","","","","","","","","","","","","","","","","","","","","","","","","","","","ns27.domaincontrol.com","ns28.domaincontrol.com","","","clientDeleteProhibited","clientRenewProhibited","clientTransferProhibited","clientUpdateProhibited"
"21","tegukeyword.com","2019-12-03 15:50:11","2019-12-01","2019-12-01","2021-12-01","146","GoDaddy.com, LLC","whois.godaddy.com","http://registrar.godaddy.com","Tegu Solutions","Tegu Solutions","","","Malta Xlokk","","Malta","","","","","","","","","","","","","","","","","","","","","","","","","","","","","","","","","","ns27.domaincontrol.com","ns28.domaincontrol.com","","","clientDeleteProhibited","clientRenewProhibited","clientTransferProhibited","clientUpdateProhibited"
"22","thefootsolution.com","2019-12-03 14:31:37","2019-12-02","2019-12-02","2020-12-02","146","GoDaddy.com, LLC","whois.godaddy.com","http://registrar.godaddy.com","General Informatix Ltd","General Informatix Ltd","","","Naxxar","","Malta","","","","","","","","","","","","","","","","","","","","","","","","","","","","","","","","","","ns27.domaincontrol.com","ns28.domaincontrol.com","","","clientDeleteProhibited","clientRenewProhibited","clientTransferProhibited","clientUpdateProhibited"
"23","thgreetingcards.com","2019-12-03 14:28:14","2019-12-01","2019-12-01","2021-12-01","146","GoDaddy.com, LLC","whois.godaddy.com","http://registrar.godaddy.com","","","","","Marsascala","","Malta","","","","","","","","","","","","","","","","","","","","","","","","","","","","","","","","","","ns12.wixdns.net","ns13.wixdns.net","","","clientDeleteProhibited","clientRenewProhibited","clientTransferProhibited","clientUpdateProhibited"
"24","youwinanaliz12.com","2019-12-03 17:31:36","2019-12-02","2019-12-02","2021-12-02","146","GoDaddy.com, LLC","whois.godaddy.com","http://registrar.godaddy.com","Winunited Ltd","Winunited Ltd.","271, tower road|level 1","Sliema","Europe","SLM 1600","Malta","it@youwin.com","35623261306","","Winunited Ltd","Winunited Ltd.","271, tower road|level 1","Sliema","Europe","SLM 1600","Malta","it@youwin.com","35623261306","","Winunited Ltd","Winunited Ltd.","271, tower road|level 1","Sliema","Europe","SLM 1600","Malta","it@youwin.com","35623261306","","","","","","","","","","","","pdns09.domaincontrol.com","pdns10.domaincontrol.com","","","clientDeleteProhibited","clientRenewProhibited","clientTransferProhibited","clientUpdateProhibited"
"25","youwinanaliz13.com","2019-12-03 17:27:51","2019-12-02","2019-12-02","2021-12-02","146","GoDaddy.com, LLC","whois.godaddy.com","http://registrar.godaddy.com","Winunited Ltd","Winunited Ltd.","271, tower road|level 1","Sliema","Europe","SLM 1600","Malta","it@youwin.com","35623261306","","Winunited Ltd","Winunited Ltd.","271, tower road|level 1","Sliema","Europe","SLM 1600","Malta","it@youwin.com","35623261306","","Winunited Ltd","Winunited Ltd.","271, tower road|level 1","Sliema","Europe","SLM 1600","Malta","it@youwin.com","35623261306","","","","","","","","","","","","pdns09.domaincontrol.com","pdns10.domaincontrol.com","","","clientDeleteProhibited","clientRenewProhibited","clientTransferProhibited","clientUpdateProhibited"
"26","youwinanaliz14.com","2019-12-03 16:14:06","2019-12-02","2019-12-02","2021-12-02","146","GoDaddy.com, LLC","whois.godaddy.com","http://registrar.godaddy.com","Winunited Ltd","Winunited Ltd.","271, tower road|level 1","Sliema","Europe","SLM 1600","Malta","it@youwin.com","35623261306","","Winunited Ltd","Winunited Ltd.","271, tower road|level 1","Sliema","Europe","SLM 1600","Malta","it@youwin.com","35623261306","","Winunited Ltd","Winunited Ltd.","271, tower road|level 1","Sliema","Europe","SLM 1600","Malta","it@youwin.com","35623261306","","","","","","","","","","","","pdns09.domaincontrol.com","pdns10.domaincontrol.com","","","clientDeleteProhibited","clientRenewProhibited","clientTransferProhibited","clientUpdateProhibited"
"27","youwinbets6.com","2019-12-03 18:39:07","2019-12-02","2019-12-02","2021-12-02","146","GoDaddy.com, LLC","whois.godaddy.com","http://registrar.godaddy.com","Winunited Ltd.","Winunited Ltd.","","","Europe","","Malta","","","","","","","","","","","","","","","","","","","","","","","","","","","","","","","","","","pdns09.domaincontrol.com","pdns10.domaincontrol.com","","","clientDeleteProhibited","clientRenewProhibited","clientTransferProhibited","clientUpdateProhibited"
"28","youwincep11.com","2019-12-03 18:30:48","2019-12-02","2019-12-02","2021-12-02","146","GoDaddy.com, LLC","whois.godaddy.com","http://registrar.godaddy.com","Winunited Ltd.","Winunited Ltd.","","","Europe","","Malta","","","","","","","","","","","","","","","","","","","","","","","","","","","","","","","","","","pdns09.domaincontrol.com","pdns10.domaincontrol.com","","","clientDeleteProhibited","clientRenewProhibited","clientTransferProhibited","clientUpdateProhibited"
"29","youwingiris30.com","2019-12-03 15:50:28","2019-12-02","2019-12-02","2021-12-02","146","GoDaddy.com, LLC","whois.godaddy.com","http://registrar.godaddy.com","Winunited Ltd","Winunited Ltd.","271, tower road|level 1","Sliema","Europe","SLM 1600","Malta","it@youwin.com","35623261306","","Winunited Ltd","Winunited Ltd.","271, tower road|level 1","Sliema","Europe","SLM 1600","Malta","it@youwin.com","35623261306","","Winunited Ltd","Winunited Ltd.","271, tower road|level 1","Sliema","Europe","SLM 1600","Malta","it@youwin.com","35623261306","","","","","","","","","","","","pdns09.domaincontrol.com","pdns10.domaincontrol.com","","","clientDeleteProhibited","clientRenewProhibited","clientTransferProhibited","clientUpdateProhibited"
"30","youwingiris31.com","2019-12-03 16:45:12","2019-12-02","2019-12-02","2021-12-02","146","GoDaddy.com, LLC","whois.godaddy.com","http://registrar.godaddy.com","Winunited Ltd","Winunited Ltd.","271, tower road|level 1","Sliema","Europe","SLM 1600","Malta","it@youwin.com","35623261306","","Winunited Ltd","Winunited Ltd.","271, tower road|level 1","Sliema","Europe","SLM 1600","Malta","it@youwin.com","35623261306","","Winunited Ltd","Winunited Ltd.","271, tower road|level 1","Sliema","Europe","SLM 1600","Malta","it@youwin.com","35623261306","","","","","","","","","","","","pdns09.domaincontrol.com","pdns10.domaincontrol.com","","","clientDeleteProhibited","clientRenewProhibited","clientTransferProhibited","clientUpdateProhibited"
"31","youwingiris32.com","2019-12-03 19:09:30","2019-12-02","2019-12-02","2021-12-02","146","GoDaddy.com, LLC","whois.godaddy.com","http://registrar.godaddy.com","Winunited Ltd.","Winunited Ltd.","","","Europe","","Malta","","","","","","","","","","","","","","","","","","","","","","","","","","","","","","","","","","pdns09.domaincontrol.com","pdns10.domaincontrol.com","","","clientDeleteProhibited","clientRenewProhibited","clientTransferProhibited","clientUpdateProhibited"
"32","youwingiris33.com","2019-12-03 14:48:36","2019-12-02","2019-12-02","2021-12-02","146","GoDaddy.com, LLC","whois.godaddy.com","http://registrar.godaddy.com","Winunited Ltd.","Winunited Ltd.","","","Europe","","Malta","","","","","","","","","","","","","","","","","","","","","","","","","","","","","","","","","","pdns09.domaincontrol.com","pdns10.domaincontrol.com","","","clientDeleteProhibited","clientRenewProhibited","clientTransferProhibited","clientUpdateProhibited"
"33","youwingirisadresi7.com","2019-12-03 14:25:58","2019-12-02","2019-12-02","2021-12-02","146","GoDaddy.com, LLC","whois.godaddy.com","http://registrar.godaddy.com","Winunited Ltd.","Winunited Ltd.","","","Europe","","Malta","","","","","","","","","","","","","","","","","","","","","","","","","","","","","","","","","","pdns09.domaincontrol.com","pdns10.domaincontrol.com","","","clientDeleteProhibited","clientRenewProhibited","clientTransferProhibited","clientUpdateProhibited"
"34","youwingirisadresi8.com","2019-12-03 15:49:46","2019-12-02","2019-12-02","2021-12-02","146","GoDaddy.com, LLC","whois.godaddy.com","http://registrar.godaddy.com","Winunited Ltd","Winunited Ltd.","271, tower road|level 1","Sliema","Europe","SLM 1600","Malta","it@youwin.com","35623261306","","Winunited Ltd","Winunited Ltd.","271, tower road|level 1","Sliema","Europe","SLM 1600","Malta","it@youwin.com","35623261306","","Winunited Ltd","Winunited Ltd.","271, tower road|level 1","Sliema","Europe","SLM 1600","Malta","it@youwin.com","35623261306","","","","","","","","","","","","pdns09.domaincontrol.com","pdns10.domaincontrol.com","","","clientDeleteProhibited","clientRenewProhibited","clientTransferProhibited","clientUpdateProhibited"
"35","youwingirisadresi9.com","2019-12-03 18:20:06","2019-12-02","2019-12-02","2021-12-02","146","GoDaddy.com, LLC","whois.godaddy.com","http://registrar.godaddy.com","Winunited Ltd.","Winunited Ltd.","","","Europe","","Malta","","","","","","","","","","","","","","","","","","","","","","","","","","","","","","","","","","pdns09.domaincontrol.com","pdns10.domaincontrol.com","","","clientDeleteProhibited","clientRenewProhibited","clientTransferProhibited","clientUpdateProhibited"
"36","youwinparacekme10.com","2019-12-03 15:20:15","2019-12-02","2019-12-02","2021-12-02","146","GoDaddy.com, LLC","whois.godaddy.com","http://registrar.godaddy.com","Winunited Ltd","Winunited Ltd.","271, tower road|level 1","Sliema","Europe","SLM 1600","Malta","it@youwin.com","35623261306","","Winunited Ltd","Winunited Ltd.","271, tower road|level 1","Sliema","Europe","SLM 1600","Malta","it@youwin.com","35623261306","","Winunited Ltd","Winunited Ltd.","271, tower road|level 1","Sliema","Europe","SLM 1600","Malta","it@youwin.com","35623261306","","","","","","","","","","","","pdns09.domaincontrol.com","pdns10.domaincontrol.com","","","clientDeleteProhibited","clientRenewProhibited","clientTransferProhibited","clientUpdateProhibited"
"37","youwinparacekme11.com","2019-12-03 15:05:44","2019-12-02","2019-12-02","2021-12-02","146","GoDaddy.com, LLC","whois.godaddy.com","http://registrar.godaddy.com","Winunited Ltd.","Winunited Ltd.","","","Europe","","Malta","","","","","","","","","","","","","","","","","","","","","","","","","","","","","","","","","","pdns09.domaincontrol.com","pdns10.domaincontrol.com","","","clientDeleteProhibited","clientRenewProhibited","clientTransferProhibited","clientUpdateProhibited"
"38","youwinparacekme12.com","2019-12-03 16:07:39","2019-12-02","2019-12-02","2021-12-02","146","GoDaddy.com, LLC","whois.godaddy.com","http://registrar.godaddy.com","Winunited Ltd","Winunited Ltd.","271, tower road|level 1","Sliema","Europe","SLM 1600","Malta","it@youwin.com","35623261306","","Winunited Ltd","Winunited Ltd.","271, tower road|level 1","Sliema","Europe","SLM 1600","Malta","it@youwin.com","35623261306","","Winunited Ltd","Winunited Ltd.","271, tower road|level 1","Sliema","Europe","SLM 1600","Malta","it@youwin.com","35623261306","","","","","","","","","","","","pdns09.domaincontrol.com","pdns10.domaincontrol.com","","","clientDeleteProhibited","clientRenewProhibited","clientTransferProhibited","clientUpdateProhibited"
"39","youwinparacekme13.com","2019-12-03 16:46:32","2019-12-02","2019-12-02","2021-12-02","146","GoDaddy.com, LLC","whois.godaddy.com","http://registrar.godaddy.com","Winunited Ltd.","Winunited Ltd.","","","Europe","","Malta","","","","","","","","","","","","","","","","","","","","","","","","","","","","","","","","","","pdns09.domaincontrol.com","pdns10.domaincontrol.com","","","clientDeleteProhibited","clientRenewProhibited","clientTransferProhibited","clientUpdateProhibited"
"40","youwinparacekme14.com","2019-12-03 14:49:13","2019-12-02","2019-12-02","2021-12-02","146","GoDaddy.com, LLC","whois.godaddy.com","http://registrar.godaddy.com","Winunited Ltd.","Winunited Ltd.","","","Europe","","Malta","","","","","","","","","","","","","","","","","","","","","","","","","","","","","","","","","","pdns09.domaincontrol.com","pdns10.domaincontrol.com","","","clientDeleteProhibited","clientRenewProhibited","clientTransferProhibited","clientUpdateProhibited"
"41","youwinparacekme9.com","2019-12-03 17:46:14","2019-12-02","2019-12-02","2021-12-02","146","GoDaddy.com, LLC","whois.godaddy.com","http://registrar.godaddy.com","Winunited Ltd.","Winunited Ltd.","","","Europe","","Malta","","","","","","","","","","","","","","","","","","","","","","","","","","","","","","","","","","pdns09.domaincontrol.com","pdns10.domaincontrol.com","","","clientDeleteProhibited","clientRenewProhibited","clientTransferProhibited","clientUpdateProhibited"
"42","youwinsikayet6.com","2019-12-03 18:26:56","2019-12-02","2019-12-02","2021-12-02","146","GoDaddy.com, LLC","whois.godaddy.com","http://registrar.godaddy.com","Winunited Ltd.","Winunited Ltd.","","","Europe","","Malta","","","","","","","","","","","","","","","","","","","","","","","","","","","","","","","","","","pdns09.domaincontrol.com","pdns10.domaincontrol.com","","","clientDeleteProhibited","clientRenewProhibited","clientTransferProhibited","clientUpdateProhibited"
"43","youwinturkiye15.com","2019-12-03 18:43:41","2019-12-02","2019-12-02","2021-12-02","146","GoDaddy.com, LLC","whois.godaddy.com","http://registrar.godaddy.com","Winunited Ltd.","Winunited Ltd.","","","Europe","","Malta","","","","","","","","","","","","","","","","","","","","","","","","","","","","","","","","","","pdns09.domaincontrol.com","pdns10.domaincontrol.com","","","clientDeleteProhibited","clientRenewProhibited","clientTransferProhibited","clientUpdateProhibited"
"44","youwinturkiye16.com","2019-12-03 14:28:31","2019-12-02","2019-12-02","2021-12-02","146","GoDaddy.com, LLC","whois.godaddy.com","http://registrar.godaddy.com","Winunited Ltd.","Winunited Ltd.","","","Europe","","Malta","","","","","","","","","","","","","","","","","","","","","","","","","","","","","","","","","","pdns09.domaincontrol.com","pdns10.domaincontrol.com","","","clientDeleteProhibited","clientRenewProhibited","clientTransferProhibited","clientUpdateProhibited"
"45","youwinturkiye17.com","2019-12-03 18:09:51","2019-12-02","2019-12-02","2021-12-02","146","GoDaddy.com, LLC","whois.godaddy.com","http://registrar.godaddy.com","Winunited Ltd","Winunited Ltd.","271, tower road|level 1","Sliema","Europe","SLM 1600","Malta","it@youwin.com","35623261306","","Winunited Ltd","Winunited Ltd.","271, tower road|level 1","Sliema","Europe","SLM 1600","Malta","it@youwin.com","35623261306","","Winunited Ltd","Winunited Ltd.","271, tower road|level 1","Sliema","Europe","SLM 1600","Malta","it@youwin.com","35623261306","","","","","","","","","","","","pdns09.domaincontrol.com","pdns10.domaincontrol.com","","","clientDeleteProhibited","clientRenewProhibited","clientTransferProhibited","clientUpdateProhibited"
"46","youwinturkiye18.com","2019-12-03 17:53:27","2019-12-02","2019-12-02","2021-12-02","146","GoDaddy.com, LLC","whois.godaddy.com","http://registrar.godaddy.com","Winunited Ltd.","Winunited Ltd.","","","Europe","","Malta","","","","","","","","","","","","","","","","","","","","","","","","","","","","","","","","","","pdns09.domaincontrol.com","pdns10.domaincontrol.com","","","clientDeleteProhibited","clientRenewProhibited","clientTransferProhibited","clientUpdateProhibited"
"47","youwinyeniadres11.com","2019-12-03 17:30:35","2019-12-02","2019-12-02","2021-12-02","146","GoDaddy.com, LLC","whois.godaddy.com","http://registrar.godaddy.com","Winunited Ltd","Winunited Ltd.","271, tower road|level 1","Sliema","Europe","SLM 1600","Malta","it@youwin.com","35623261306","","Winunited Ltd","Winunited Ltd.","271, tower road|level 1","Sliema","Europe","SLM 1600","Malta","it@youwin.com","35623261306","","Winunited Ltd","Winunited Ltd.","271, tower road|level 1","Sliema","Europe","SLM 1600","Malta","it@youwin.com","35623261306","","","","","","","","","","","","pdns09.domaincontrol.com","pdns10.domaincontrol.com","","","clientDeleteProhibited","clientRenewProhibited","clientTransferProhibited","clientUpdateProhibited"
"48","youwinyeniadres12.com","2019-12-03 19:04:17","2019-12-02","2019-12-02","2021-12-02","146","GoDaddy.com, LLC","whois.godaddy.com","http://registrar.godaddy.com","Winunited Ltd.","Winunited Ltd.","","","Europe","","Malta","","","","","","","","","","","","","","","","","","","","","","","","","","","","","","","","","","pdns09.domaincontrol.com","pdns10.domaincontrol.com","","","clientDeleteProhibited","clientRenewProhibited","clientTransferProhibited","clientUpdateProhibited"
"49","youwinyeniadres13.com","2019-12-03 15:06:54","2019-12-02","2019-12-02","2021-12-02","146","GoDaddy.com, LLC","whois.godaddy.com","http://registrar.godaddy.com","Winunited Ltd","Winunited Ltd.","271, tower road|level 1","Sliema","Europe","SLM 1600","Malta","it@youwin.com","35623261306","","Winunited Ltd","Winunited Ltd.","271, tower road|level 1","Sliema","Europe","SLM 1600","Malta","it@youwin.com","35623261306","","Winunited Ltd","Winunited Ltd.","271, tower road|level 1","Sliema","Europe","SLM 1600","Malta","it@youwin.com","35623261306","","","","","","","","","","","","pdns09.domaincontrol.com","pdns10.domaincontrol.com","","","clientDeleteProhibited","clientRenewProhibited","clientTransferProhibited","clientUpdateProhibited"
"50","youwinyeniadres14.com","2019-12-03 14:48:42","2019-12-02","2019-12-02","2021-12-02","146","GoDaddy.com, LLC","whois.godaddy.com","http://registrar.godaddy.com","Winunited Ltd.","Winunited Ltd.","","","Europe","","Malta","","","","","","","","","","","","","","","","","","","","","","","","","","","","","","","","","","pdns09.domaincontrol.com","pdns10.domaincontrol.com","","","clientDeleteProhibited","clientRenewProhibited","clientTransferProhibited","clientUpdateProhibited"
"51","youwinyeniadres15.com","2019-12-03 16:04:16","2019-12-02","2019-12-02","2021-12-02","146","GoDaddy.com, LLC","whois.godaddy.com","http://registrar.godaddy.com","Winunited Ltd","Winunited Ltd.","271, tower road|level 1","Sliema","Europe","SLM 1600","Malta","it@youwin.com","35623261306","","Winunited Ltd","Winunited Ltd.","271, tower road|level 1","Sliema","Europe","SLM 1600","Malta","it@youwin.com","35623261306","","Winunited Ltd","Winunited Ltd.","271, tower road|level 1","Sliema","Europe","SLM 1600","Malta","it@youwin.com","35623261306","","","","","","","","","","","","pdns09.domaincontrol.com","pdns10.domaincontrol.com","","","clientDeleteProhibited","clientRenewProhibited","clientTransferProhibited","clientUpdateProhibited"