"num","domain_name","query_time","create_date","update_date","expiry_date","domain_registrar_id","domain_registrar_name","domain_registrar_whois","domain_registrar_url","registrant_name","registrant_company","registrant_address","registrant_city","registrant_state","registrant_zip","registrant_country","registrant_email","registrant_phone","registrant_fax","administrative_name","administrative_company","administrative_address","administrative_city","administrative_state","administrative_zip","administrative_country","administrative_email","administrative_phone","administrative_fax","technical_name","technical_company","technical_address","technical_city","technical_state","technical_zip","technical_country","technical_email","technical_phone","technical_fax","billing_name","billing_company","billing_address","billing_city","billing_state","billing_zip","billing_country","billing_email","billing_phone","billing_fax","name_server_1","name_server_2","name_server_3","name_server_4","domain_status_1","domain_status_2","domain_status_3","domain_status_4"
"1","aztravelsmyanmar.com","2019-12-03 16:14:56","2019-12-02","2019-12-02","2020-12-02","146","GoDaddy.com, LLC","whois.godaddy.com","http://registrar.godaddy.com","","","","","Yangon","","Myanmar","","","","","","","","","","","","","","","","","","","","","","","","","","","","","","","","","","ns6071.hostgator.com","ns6072.hostgator.com","","","clientDeleteProhibited","clientRenewProhibited","clientTransferProhibited","clientUpdateProhibited"
"2","busineis.com","2019-12-03 15:46:05","2019-12-02","2019-12-02","2020-12-02","146","GoDaddy.com, LLC","whois.godaddy.com","http://registrar.godaddy.com","","","","","Hailang","","Myanmar","","","","","","","","","","","","","","","","","","","","","","","","","","","","","","","","","","ns27.domaincontrol.com","ns28.domaincontrol.com","","","clientDeleteProhibited","clientRenewProhibited","clientTransferProhibited","clientUpdateProhibited"
"3","copisz.com","2019-12-03 18:37:27","2019-12-02","2019-12-02","2020-12-02","146","GoDaddy.com, LLC","whois.godaddy.com","http://registrar.godaddy.com","","","","","Yangon","","Myanmar","","","","","","","","","","","","","","","","","","","","","","","","","","","","","","","","","","ns27.domaincontrol.com","ns28.domaincontrol.com","","","clientDeleteProhibited","clientRenewProhibited","clientTransferProhibited","clientUpdateProhibited"
"4","drteethdentalclinic.com","2019-12-03 16:22:23","2019-12-02","2019-12-02","2020-12-02","1472","LiquidNet Ltd.","whois.liquidnetlimited.com","http://www.liquidnetlimited.com","REDACTED FOR PRIVACY","REDACTED FOR PRIVACY","REDACTED FOR PRIVACY","REDACTED FOR PRIVACY","Yangon","REDACTED FOR PRIVACY","Myanmar","","REDACTED FOR PRIVACY","REDACTED FOR PRIVACY","REDACTED FOR PRIVACY","REDACTED FOR PRIVACY","REDACTED FOR PRIVACY","REDACTED FOR PRIVACY","REDACTED FOR PRIVACY","REDACTED FOR PRIVACY","REDACTED FOR PRIVACY","","REDACTED FOR PRIVACY","REDACTED FOR PRIVACY","REDACTED FOR PRIVACY","REDACTED FOR PRIVACY","REDACTED FOR PRIVACY","REDACTED FOR PRIVACY","REDACTED FOR PRIVACY","REDACTED FOR PRIVACY","REDACTED FOR PRIVACY","","REDACTED FOR PRIVACY","REDACTED FOR PRIVACY","","","","","","","","","","","dns1.goldendelta.net","dns2.goldendelta.net","dns3.goldendelta.net","dns4.goldendelta.net","clientTransferProhibited","","",""
"5","ecosiz.com","2019-12-03 17:53:27","2019-12-01","2019-12-01","2020-12-01","146","GoDaddy.com, LLC","whois.godaddy.com","http://registrar.godaddy.com","","","","","Yangon","","Myanmar","","","","","","","","","","","","","","","","","","","","","","","","","","","","","","","","","","ns27.domaincontrol.com","ns28.domaincontrol.com","","","clientDeleteProhibited","clientRenewProhibited","clientTransferProhibited","clientUpdateProhibited"
"6","myanmartravelplaner.com","2019-12-03 17:14:26","2019-12-02","2019-12-02","2020-12-02","1472","LiquidNet Ltd.","whois.liquidnetlimited.com","http://www.liquidnetlimited.com","REDACTED FOR PRIVACY","REDACTED FOR PRIVACY","REDACTED FOR PRIVACY","REDACTED FOR PRIVACY","Yangon","REDACTED FOR PRIVACY","Myanmar","","REDACTED FOR PRIVACY","REDACTED FOR PRIVACY","REDACTED FOR PRIVACY","REDACTED FOR PRIVACY","REDACTED FOR PRIVACY","REDACTED FOR PRIVACY","REDACTED FOR PRIVACY","REDACTED FOR PRIVACY","REDACTED FOR PRIVACY","","REDACTED FOR PRIVACY","REDACTED FOR PRIVACY","REDACTED FOR PRIVACY","REDACTED FOR PRIVACY","REDACTED FOR PRIVACY","REDACTED FOR PRIVACY","REDACTED FOR PRIVACY","REDACTED FOR PRIVACY","REDACTED FOR PRIVACY","","REDACTED FOR PRIVACY","REDACTED FOR PRIVACY","","","","","","","","","","","dns1.goldendelta.net","dns2.goldendelta.net","dns3.goldendelta.net","dns4.goldendelta.net","clientTransferProhibited","","",""
"7","smilelandwintravel.com","2019-12-03 16:12:12","2019-12-02","2019-12-02","2020-12-02","1636","Hostinger, UAB","whois.hostinger.com","http://www.hostinger.com","Smile Land Win","Smile Land Win","Yangon","Yangon","Kabaraye","10221","Myanmar","smilelandwintravel@gmail.com","+95.92061123","","Smile Land Win","Smile Land Win","Yangon","Yangon","Kabaraye","10221","Myanmar","smilelandwintravel@gmail.com","+95.92061123","","Smile Land Win","Smile Land Win","Yangon","Yangon","Kabaraye","10221","Myanmar","smilelandwintravel@gmail.com","+95.92061123","","","","","","","","","","","","ns1.dns-parking.com","ns2.dns-parking.com","","","clientTransferProhibited","","",""
"8","tip-topmm.club","2019-12-03 18:53:32","2019-12-02","","2020-12-02","49","GMO Internet Inc.","whois.discount-domain.com","http://www.onamae.com","Whois Privacy Protection Service by Z.com MM","Whois Privacy Protection Service by Z.com MM","","","Yangon","","Myanmar","","","","","","","","","","","","","","","","","","","","","","","","","","","","","","","","","","ns-a1.cloud.z.com","ns-a2.cloud.z.com","ns-a3.cloud.z.com","","addPeriod","ok","",""
"9","tripman.biz","2019-12-03 16:57:53","2019-11-29","2019-11-29","2020-11-29","1472","LiquidNet Ltd.","whois.liquidnetlimited.com","http://www.liquidnetlimited.com","","","","","Yangon","","Myanmar","","","","","","","","","","","","","","","","","","","","","","","","","","","","","","","","","","dns1.goldendelta.net","dns2.goldendelta.net","dns3.goldendelta.net","dns4.goldendelta.net","addPeriod","clientTransferProhibited","",""