"num","domain_name","query_time","create_date","update_date","expiry_date","domain_registrar_id","domain_registrar_name","domain_registrar_whois","domain_registrar_url","registrant_name","registrant_company","registrant_address","registrant_city","registrant_state","registrant_zip","registrant_country","registrant_email","registrant_phone","registrant_fax","administrative_name","administrative_company","administrative_address","administrative_city","administrative_state","administrative_zip","administrative_country","administrative_email","administrative_phone","administrative_fax","technical_name","technical_company","technical_address","technical_city","technical_state","technical_zip","technical_country","technical_email","technical_phone","technical_fax","billing_name","billing_company","billing_address","billing_city","billing_state","billing_zip","billing_country","billing_email","billing_phone","billing_fax","name_server_1","name_server_2","name_server_3","name_server_4","domain_status_1","domain_status_2","domain_status_3","domain_status_4"
"1","advertiiz.com","2019-12-03 15:31:34","2019-12-02","2019-12-02","2020-12-02","146","GoDaddy.com, LLC","whois.godaddy.com","http://registrar.godaddy.com","","","","","Bagmati","","Nepal","","","","","","","","","","","","","","","","","","","","","","","","","","","","","","","","","","ns27.domaincontrol.com","ns28.domaincontrol.com","","","clientDeleteProhibited","clientRenewProhibited","clientTransferProhibited","clientUpdateProhibited"
"2","affirmaz.com","2019-12-03 17:30:39","2019-12-02","2019-12-02","2020-12-02","146","GoDaddy.com, LLC","whois.godaddy.com","http://registrar.godaddy.com","","","","","lumbini","","Nepal","","","","","","","","","","","","","","","","","","","","","","","","","","","","","","","","","","ns27.domaincontrol.com","ns28.domaincontrol.com","","","clientDeleteProhibited","clientRenewProhibited","clientTransferProhibited","clientUpdateProhibited"
"3","aidainvestment.com","2019-12-03 16:01:00","2019-12-01","2019-12-01","2020-12-01","440","Wild West Domains, LLC","whois.wildwestdomains.com","http://www.wildwestdomains.com","AIDA Investment Pvt Ltd","AIDA Investment Pvt Ltd","","","Bagmati","","Nepal","","","","","","","","","","","","","","","","","","","","","","","","","","","","","","","","","","ns27.domaincontrol.com","ns28.domaincontrol.com","","","clientDeleteProhibited","clientRenewProhibited","clientTransferProhibited","clientUpdateProhibited"
"4","alarababaya.com","2019-12-03 15:07:45","2019-12-02","2019-12-02","2020-12-02","146","GoDaddy.com, LLC","whois.godaddy.com","http://registrar.godaddy.com","","","","","Seti","","Nepal","","","","","","","","","","","","","","","","","","","","","","","","","","","","","","","","","","ns1.symbolhost.org","ns2.symbolhost.org","","","clientDeleteProhibited","clientRenewProhibited","clientTransferProhibited","clientUpdateProhibited"
"5","albahills.com","2019-12-03 18:16:24","2019-12-02","2019-12-02","2020-12-02","303","PDR Ltd. d/b/a PublicDomainRegistry.com","whois.publicdomainregistry.com","http://www.publicdomainregistry.com","manoj rana","spica tech","charkhal","kathmandu","Bagmati","44660","Nepal","manojinvisible@gmail.com","+977.9858426707","","manoj rana","spica tech","charkhal","kathmandu","Bagmati","44660","Nepal","manojinvisible@gmail.com","+977.9858426707","","manoj rana","spica tech","charkhal","kathmandu","Bagmati","44660","Nepal","manojinvisible@gmail.com","+977.9858426707","","","","","","","","","","","","ohodomain.earth.orderbox-dns.com","ohodomain.mars.orderbox-dns.com","ohodomain.mercury.orderbox-dns.com","ohodomain.venus.orderbox-dns.com","clientTransferProhibited","","",""
"6","albahillsresort.com","2019-12-03 14:46:43","2019-12-02","2019-12-02","2020-12-02","303","PDR Ltd. d/b/a PublicDomainRegistry.com","whois.publicdomainregistry.com","http://www.publicdomainregistry.com","manoj rana","spica tech","charkhal","kathmandu","Bagmati","44660","Nepal","manojinvisible@gmail.com","+977.9858426707","","manoj rana","spica tech","charkhal","kathmandu","Bagmati","44660","Nepal","manojinvisible@gmail.com","+977.9858426707","","manoj rana","spica tech","charkhal","kathmandu","Bagmati","44660","Nepal","manojinvisible@gmail.com","+977.9858426707","","","","","","","","","","","","ohodomain.earth.orderbox-dns.com","ohodomain.mars.orderbox-dns.com","ohodomain.mercury.orderbox-dns.com","ohodomain.venus.orderbox-dns.com","clientTransferProhibited","","",""
"7","alwahidtraders.com","2019-12-03 15:39:37","2019-12-02","2019-12-02","2020-12-02","146","GoDaddy.com, LLC","whois.godaddy.com","http://registrar.godaddy.com","","","","","Seti","","Nepal","","","","","","","","","","","","","","","","","","","","","","","","","","","","","","","","","","ns27.domaincontrol.com","ns28.domaincontrol.com","","","clientDeleteProhibited","clientRenewProhibited","clientTransferProhibited","clientUpdateProhibited"
"8","aqibacademy.com","2019-12-03 19:04:29","2019-12-02","2019-12-02","2020-12-02","146","GoDaddy.com, LLC","whois.godaddy.com","http://registrar.godaddy.com","","","","","Seti","","Nepal","","","","","","","","","","","","","","","","","","","","","","","","","","","","","","","","","","ns27.domaincontrol.com","ns28.domaincontrol.com","","","clientDeleteProhibited","clientRenewProhibited","clientTransferProhibited","clientUpdateProhibited"
"9","askemitra.com","2019-12-03 15:25:37","2019-12-02","2019-12-02","2020-12-02","146","GoDaddy.com, LLC","whois.godaddy.com","http://registrar.godaddy.com","","","","","Seti","","Nepal","","","","","","","","","","","","","","","","","","","","","","","","","","","","","","","","","","ns1.serverpearl.com","ns2.serverpearl.com","","","clientDeleteProhibited","clientRenewProhibited","clientTransferProhibited","clientUpdateProhibited"
"10","ayeshaoli.com","2019-12-03 16:04:26","2019-12-01","2019-12-01","2020-12-01","146","GoDaddy.com, LLC","whois.godaddy.com","http://registrar.godaddy.com","","","","","Gandaki","","Nepal","","","","","","","","","","","","","","","","","","","","","","","","","","","","","","","","","","freedns1.registrar-servers.com","freedns2.registrar-servers.com","freedns3.registrar-servers.com","freedns4.registrar-servers.com","clientDeleteProhibited","clientRenewProhibited","clientTransferProhibited","clientUpdateProhibited"
"11","bzexch.com","2019-12-03 16:12:43","2019-12-02","2019-12-02","2020-12-02","303","PDR Ltd. d/b/a PublicDomainRegistry.com","whois.publicdomainregistry.com","http://www.publicdomainregistry.com","Longtail e media","Longtail e media pvt. ltd","Sankhamul 11, Lalitpur","patn","Bagmati","44600","Nepal","info@longtail.info","+977.9851092983","","Longtail e media","Longtail e media pvt. ltd","Sankhamul 11, Lalitpur","patn","Bagmati","44600","Nepal","info@longtail.info","+977.9851092983","","Longtail e media","Longtail e media pvt. ltd","Sankhamul 11, Lalitpur","patn","Bagmati","44600","Nepal","info@longtail.info","+977.9851092983","","","","","","","","","","","","ns1.yetiserver.com","ns2.yetiserver.com","","","clientTransferProhibited","","",""
"12","corporategiftingdelhi.com","2019-12-03 17:55:40","2019-12-02","2019-12-02","2020-12-02","146","GoDaddy.com, LLC","whois.godaddy.com","http://registrar.godaddy.com","","","","","Seti","","Nepal","","","","","","","","","","","","","","","","","","","","","","","","","","","","","","","","","","dane.ns.cloudflare.com","karina.ns.cloudflare.com","","","clientDeleteProhibited","clientRenewProhibited","clientTransferProhibited","clientUpdateProhibited"
"13","craftszz.com","2019-12-03 18:05:52","2019-12-01","2019-12-01","2020-12-01","146","GoDaddy.com, LLC","whois.godaddy.com","http://registrar.godaddy.com","","","","","Bagmati","","Nepal","","","","","","","","","","","","","","","","","","","","","","","","","","","","","","","","","","ns27.domaincontrol.com","ns28.domaincontrol.com","","","clientDeleteProhibited","clientRenewProhibited","clientTransferProhibited","clientUpdateProhibited"
"14","crosszz.com","2019-12-03 14:19:35","2019-12-01","2019-12-01","2020-12-01","146","GoDaddy.com, LLC","whois.godaddy.com","http://registrar.godaddy.com","","","","","Bagmati","","Nepal","","","","","","","","","","","","","","","","","","","","","","","","","","","","","","","","","","ns27.domaincontrol.com","ns28.domaincontrol.com","","","clientDeleteProhibited","clientRenewProhibited","clientTransferProhibited","clientUpdateProhibited"
"15","digitechpedia.com","2019-12-03 16:46:04","2019-12-02","2019-12-02","2020-12-02","146","GoDaddy.com, LLC","whois.godaddy.com","http://registrar.godaddy.com","","","","","Seti","","Nepal","","","","","","","","","","","","","","","","","","","","","","","","","","","","","","","","","","ns27.domaincontrol.com","ns28.domaincontrol.com","","","clientDeleteProhibited","clientRenewProhibited","clientTransferProhibited","clientUpdateProhibited"
"16","domaincb.com","2019-12-03 17:56:26","2019-12-02","2019-12-02","2020-12-02","146","GoDaddy.com, LLC","whois.godaddy.com","http://registrar.godaddy.com","","","","","Seti","","Nepal","","","","","","","","","","","","","","","","","","","","","","","","","","","","","","","","","","ns27.domaincontrol.com","ns28.domaincontrol.com","","","clientDeleteProhibited","clientRenewProhibited","clientTransferProhibited","clientUpdateProhibited"
"17","epaperfree.com","2019-12-03 14:37:00","2019-12-02","2019-12-02","2020-12-02","146","GoDaddy.com, LLC","whois.godaddy.com","http://registrar.godaddy.com","","","","","Seti","","Nepal","","","","","","","","","","","","","","","","","","","","","","","","","","","","","","","","","","ns1.bigitsolution.com","ns2.bigitsolution.com","","","clientDeleteProhibited","clientRenewProhibited","clientTransferProhibited","clientUpdateProhibited"
"18","floristnepal.com","2019-12-03 14:39:51","2019-12-02","2019-12-02","2020-12-02","146","GoDaddy.com, LLC","whois.godaddy.com","http://registrar.godaddy.com","Florist Nepal Pvt. Ltd","Florist Nepal Pvt. Ltd","","","kathmandu","","Nepal","","","","","","","","","","","","","","","","","","","","","","","","","","","","","","","","","","ns1.merodomain.com","ns2.merodomain.com","","","clientDeleteProhibited","clientRenewProhibited","clientTransferProhibited","clientUpdateProhibited"
"19","floristsnepal.com","2019-12-03 14:29:14","2019-12-02","2019-12-02","2020-12-02","146","GoDaddy.com, LLC","whois.godaddy.com","http://registrar.godaddy.com","PhulPasal.com","PhulPasal.com","","","kathmandu","","Nepal","","","","","","","","","","","","","","","","","","","","","","","","","","","","","","","","","","ns27.domaincontrol.com","ns28.domaincontrol.com","","","clientDeleteProhibited","clientRenewProhibited","clientTransferProhibited","clientUpdateProhibited"
"20","getnewsgk.com","2019-12-03 18:04:00","2019-12-01","2019-12-01","2020-12-01","146","GoDaddy.com, LLC","whois.godaddy.com","http://registrar.godaddy.com","","","","","Seti","","Nepal","","","","","","","","","","","","","","","","","","","","","","","","","","","","","","","","","","ns27.domaincontrol.com","ns28.domaincontrol.com","","","clientDeleteProhibited","clientRenewProhibited","clientTransferProhibited","clientUpdateProhibited"
"21","globalfilmnepal.com","2019-12-03 15:42:05","2019-12-02","2019-12-02","2020-12-02","303","PDR Ltd. d/b/a PublicDomainRegistry.com","whois.publicdomainregistry.com","http://www.publicdomainregistry.com","Domain","Nepfinder Innovative IT Solution","basundhara Chowk","Kathmandu","Bagmati","44611","Nepal","domain@nepfinder.com","+977.14360230","","Domain","Nepfinder Innovative IT Solution","basundhara Chowk","Kathmandu","Bagmati","44611","Nepal","domain@nepfinder.com","+977.14360230","","Domain","Nepfinder Innovative IT Solution","basundhara Chowk","Kathmandu","Bagmati","44611","Nepal","domain@nepfinder.com","+977.14360230","","","","","","","","","","","","ns1.gskhanal.com","ns2.gskhanal.com","","","clientTransferProhibited","","",""
"22","gotechtricks.com","2019-12-03 16:35:44","2019-12-02","2019-12-02","2020-12-02","146","GoDaddy.com, LLC","whois.godaddy.com","http://registrar.godaddy.com","","","","","Seti","","Nepal","","","","","","","","","","","","","","","","","","","","","","","","","","","","","","","","","","ns27.domaincontrol.com","ns28.domaincontrol.com","","","clientDeleteProhibited","clientRenewProhibited","clientTransferProhibited","clientUpdateProhibited"
"23","govjobmaterial.com","2019-12-03 14:33:28","2019-12-02","2019-12-02","2020-12-02","146","GoDaddy.com, LLC","whois.godaddy.com","http://registrar.godaddy.com","","","","","Seti","","Nepal","","","","","","","","","","","","","","","","","","","","","","","","","","","","","","","","","","ns27.domaincontrol.com","ns28.domaincontrol.com","","","clientDeleteProhibited","clientRenewProhibited","clientTransferProhibited","clientUpdateProhibited"
"24","gpldaddy.com","2019-12-03 15:17:38","2019-12-02","2019-12-02","2020-12-02","146","GoDaddy.com, LLC","whois.godaddy.com","http://registrar.godaddy.com","","","","","Seti","","Nepal","","","","","","","","","","","","","","","","","","","","","","","","","","","","","","","","","","isaac.ns.cloudflare.com","wally.ns.cloudflare.com","","","clientDeleteProhibited","clientRenewProhibited","clientTransferProhibited","clientUpdateProhibited"
"25","growhealthtips.com","2019-12-03 18:13:23","2019-12-01","2019-12-01","2020-12-01","146","GoDaddy.com, LLC","whois.godaddy.com","http://registrar.godaddy.com","","","","","Seti","","Nepal","","","","","","","","","","","","","","","","","","","","","","","","","","","","","","","","","","ns27.domaincontrol.com","ns28.domaincontrol.com","","","clientDeleteProhibited","clientRenewProhibited","clientTransferProhibited","clientUpdateProhibited"
"26","gyanigujarat.com","2019-12-03 15:28:27","2019-12-02","2019-12-02","2020-12-02","146","GoDaddy.com, LLC","whois.godaddy.com","http://registrar.godaddy.com","","","","","Seti","","Nepal","","","","","","","","","","","","","","","","","","","","","","","","","","","","","","","","","","ns21.domaincontrol.com","ns22.domaincontrol.com","","","clientDeleteProhibited","clientRenewProhibited","clientTransferProhibited","clientUpdateProhibited"
"27","hamrosundarharaicha.com","2019-12-03 15:28:59","2019-12-01","2019-12-02","2020-12-01","1479","Namesilo, LLC","whois.namesilo.com","http://www.namesilo.com","Shubham Shah","","New Baneshor, Kathmandu, Nepal","Kathmandu","3","44605","Nepal","frnz.shubham2@gmail.com","+977.9801175152","","Shubham Shah","","New Baneshor, Kathmandu, Nepal","Kathmandu","3","44605","Nepal","frnz.shubham2@gmail.com","+977.9801175152","","Shubham Shah","","New Baneshor, Kathmandu, Nepal","Kathmandu","3","44605","Nepal","frnz.shubham2@gmail.com","+977.9801175152","","","","","","","","","","","","ns101.prabhuhost.com","ns102.prabhuhost.com","","","clientTransferProhibited","","",""
"28","hostingskull.com","2019-12-03 15:14:46","2019-12-02","2019-12-02","2020-12-02","146","GoDaddy.com, LLC","whois.godaddy.com","http://registrar.godaddy.com","","","","","Seti","","Nepal","","","","","","","","","","","","","","","","","","","","","","","","","","","","","","","","","","ns1.mvsoftwares.com","ns2.mvsoftwares.com","","","clientDeleteProhibited","clientRenewProhibited","clientTransferProhibited","clientUpdateProhibited"
"29","hoteldiyo.com","2019-12-03 14:33:31","2019-12-02","2019-12-02","2020-12-02","303","PDR Ltd. d/b/a PublicDomainRegistry.com","whois.publicdomainregistry.com","http://www.publicdomainregistry.com","Bipin Kumar Khatri","Elite Technologies Pvt Ltd.","Koteshwor, Kathmandu, Nepal.","Koteshwor","Bagmati","00977","Nepal","kumarbipin38@gmail.com","+977.5100424","","Bipin Kumar Khatri","Elite Technologies Pvt Ltd.","Koteshwor, Kathmandu, Nepal.","Koteshwor","Bagmati","00977","Nepal","kumarbipin38@gmail.com","+977.5100424","","Bipin Kumar Khatri","Elite Technologies Pvt Ltd.","Koteshwor, Kathmandu, Nepal.","Koteshwor","Bagmati","00977","Nepal","kumarbipin38@gmail.com","+977.5100424","","","","","","","","","","","","ns1.siddharthabiz.com","ns2.siddharthabiz.com","","","clientTransferProhibited","","",""
"30","idnregistration.com","2019-12-03 18:40:00","2019-12-02","2019-12-02","2020-12-02","303","PDR Ltd. d/b/a PublicDomainRegistry.com","whois.publicdomainregistry.com","http://www.publicdomainregistry.com","Arjun Oli","","Koteshwor sahayoginagar","Kathmandu","Bagmati","44600","Nepal","duskarjun@gmail.com","+977.9847831204","","Arjun Oli","","Koteshwor sahayoginagar","Kathmandu","Bagmati","44600","Nepal","duskarjun@gmail.com","+977.9847831204","","Arjun Oli","","Koteshwor sahayoginagar","Kathmandu","Bagmati","44600","Nepal","duskarjun@gmail.com","+977.9847831204","","","","","","","","","","","","ns1.sedoparking.com","ns2.sedoparking.com","","","clientTransferProhibited","","",""
"31","ientrdb.com","2019-12-03 17:06:32","2019-12-02","2019-12-02","2020-12-02","146","GoDaddy.com, LLC","whois.godaddy.com","http://registrar.godaddy.com","Internet Entrepreneur Database","Internet Entrepreneur Database","","","kathmandu","","Nepal","","","","","","","","","","","","","","","","","","","","","","","","","","","","","","","","","","ns1.merodomain.com","ns2.merodomain.com","","","clientDeleteProhibited","clientRenewProhibited","clientTransferProhibited","clientUpdateProhibited"
"32","immigz.com","2019-12-03 18:52:32","2019-12-01","2019-12-01","2020-12-01","146","GoDaddy.com, LLC","whois.godaddy.com","http://registrar.godaddy.com","","","","","Bagmati","","Nepal","","","","","","","","","","","","","","","","","","","","","","","","","","","","","","","","","","ns27.domaincontrol.com","ns28.domaincontrol.com","","","clientDeleteProhibited","clientRenewProhibited","clientTransferProhibited","clientUpdateProhibited"
"33","independencedayy.com","2019-12-03 19:13:50","2019-12-02","2019-12-02","2020-12-02","146","GoDaddy.com, LLC","whois.godaddy.com","http://registrar.godaddy.com","","","","","Seti","","Nepal","","","","","","","","","","","","","","","","","","","","","","","","","","","","","","","","","","ns27.domaincontrol.com","ns28.domaincontrol.com","","","clientDeleteProhibited","clientRenewProhibited","clientTransferProhibited","clientUpdateProhibited"
"34","karnalidarpan.com","2019-12-03 17:17:30","2019-12-02","2019-12-02","2020-12-02","303","PDR Ltd. d/b/a PublicDomainRegistry.com","whois.publicdomainregistry.com","http://www.publicdomainregistry.com","Suresh Acharya","Aarush Creation","Birendranagar-3, Surkhet, Nepal","Surkhet","Bheri","21700","Nepal","info@suresha.com.np","+977.9858051869","","Suresh Acharya","Aarush Creation","Birendranagar-3, Surkhet, Nepal","Surkhet","Bheri","21700","Nepal","info@suresha.com.np","+977.9858051869","","Suresh Acharya","Aarush Creation","Birendranagar-3, Surkhet, Nepal","Surkhet","Bheri","21700","Nepal","info@suresha.com.np","+977.9858051869","","","","","","","","","","","","ns1.aarushcreation.com","ns2.aarushcreation.com","","","clientTransferProhibited","","",""
"35","khalikotha.com","2019-12-03 16:38:44","2019-12-02","2019-12-02","2020-12-02","303","PDR Ltd. d/b/a PublicDomainRegistry.com","whois.publicdomainregistry.com","http://www.publicdomainregistry.com","parbat raj jha","paaila technologies","biratnagar","biratnagar","Other","56700","Nepal","roshanyou07@gmail.com","+977.9802779023","","parbat raj jha","paaila technologies","biratnagar","biratnagar","Other","56700","Nepal","roshanyou07@gmail.com","+977.9802779023","","parbat raj jha","paaila technologies","biratnagar","biratnagar","Other","56700","Nepal","roshanyou07@gmail.com","+977.9802779023","","","","","","","","","","","","dns3.parkpage.foundationapi.com","dns4.parkpage.foundationapi.com","","","clientTransferProhibited","","",""
"36","krishnapauroti.com","2019-12-03 15:54:52","2019-12-02","2019-12-02","2020-12-02","886","Domain.com, LLC","whois.domain.com","http://www.domain.com","REDACTED FOR PRIVACY","REDACTED FOR PRIVACY","REDACTED FOR PRIVACY","REDACTED FOR PRIVACY","NA","REDACTED FOR PRIVACY","Nepal","","REDACTED FOR PRIVACY","REDACTED FOR PRIVACY","REDACTED FOR PRIVACY","REDACTED FOR PRIVACY","REDACTED FOR PRIVACY","REDACTED FOR PRIVACY","REDACTED FOR PRIVACY","REDACTED FOR PRIVACY","REDACTED FOR PRIVACY","","REDACTED FOR PRIVACY","REDACTED FOR PRIVACY","REDACTED FOR PRIVACY","REDACTED FOR PRIVACY","REDACTED FOR PRIVACY","REDACTED FOR PRIVACY","REDACTED FOR PRIVACY","REDACTED FOR PRIVACY","REDACTED FOR PRIVACY","","REDACTED FOR PRIVACY","REDACTED FOR PRIVACY","","","","","","","","","","","ns1.domain.com","ns2.domain.com","","","","","",""
"37","mediapati.com","2019-12-03 15:53:54","2019-12-02","2019-12-02","2020-12-02","303","PDR Ltd. d/b/a PublicDomainRegistry.com","whois.publicdomainregistry.com","http://www.publicdomainregistry.com","macos xetry","","bhingri pyuthan","nepal","rupandehi","32907","Nepal","macos.kc77@gmail.com","+977.9809837550","","macos xetry","","bhingri pyuthan","nepal","rupandehi","32907","Nepal","macos.kc77@gmail.com","+977.9809837550","","macos xetry","","bhingri pyuthan","nepal","rupandehi","32907","Nepal","macos.kc77@gmail.com","+977.9809837550","","","","","","","","","","","","dns2000a.trouble-free.net","dns2000b.trouble-free.net","","","clientTransferProhibited","","",""
"38","metrobazzar.com","2019-12-03 16:56:48","2019-12-02","2019-12-02","2020-12-02","146","GoDaddy.com, LLC","whois.godaddy.com","http://registrar.godaddy.com","Ma Bhawani Stationery Pasal","Ma Bhawani Stationery Pasal","","","Narayani","","Nepal","","","","","","","","","","","","","","","","","","","","","","","","","","","","","","","","","","ns27.domaincontrol.com","ns28.domaincontrol.com","","","clientDeleteProhibited","clientRenewProhibited","clientTransferProhibited","clientUpdateProhibited"
"39","nagarikonline.com","2019-12-03 17:03:59","2019-12-02","2019-12-02","2020-12-02","303","PDR Ltd. d/b/a PublicDomainRegistry.com","whois.publicdomainregistry.com","http://www.publicdomainregistry.com","birod  sigdel","personal","bharatpur-12 chitwan 0","bharatpur","3","00977","Nepal","birodsigdel@gmail.com","+977.9855083036","","birod  sigdel","personal","bharatpur-12 chitwan 0","bharatpur","3","00977","Nepal","birodsigdel@gmail.com","+977.9855083036","","birod  sigdel","personal","bharatpur-12 chitwan 0","bharatpur","3","00977","Nepal","birodsigdel@gmail.com","+977.9855083036","","","","","","","","","","","","ns50.agmwebhosting.com","ns51.agmwebhosting.com","ns52.agmwebhosting.com","ns53.agmwebhosting.com","clientTransferProhibited","","",""
"40","nechasalyanonline.com","2019-12-03 18:49:19","2019-12-02","2019-12-02","2020-12-02","303","PDR Ltd. d/b/a PublicDomainRegistry.com","whois.publicdomainregistry.com","http://www.publicdomainregistry.com","prajjwal sharma","iceberg Technology","sukedhara Kathmandu kathmand-4","kathmandu","bagmati","44600","Nepal","sharma.prajjwal123@gmail.com","+977.9843621764","","prajjwal sharma","iceberg Technology","sukedhara Kathmandu kathmand-4","kathmandu","bagmati","44600","Nepal","sharma.prajjwal123@gmail.com","+977.9843621764","","prajjwal sharma","iceberg Technology","sukedhara Kathmandu kathmand-4","kathmandu","bagmati","44600","Nepal","sharma.prajjwal123@gmail.com","+977.9843621764","","","","","","","","","","","","ns1.icebergtechnepal.com","ns2.icebergtechnepal.com","","","clientTransferProhibited","","",""
"41","nepastar.com","2019-12-03 15:14:08","2019-12-01","2019-12-02","2020-12-01","1479","Namesilo, LLC","whois.namesilo.com","http://www.namesilo.com","Kiran Dahal","","Kathmandu Balkumari, Lalitpur","Kathmandu","Narayani","44600","Nepal","kirandahal@gmail.com","+977.9801088550","","Kiran Dahal","","Kathmandu Balkumari, Lalitpur","Kathmandu","Narayani","44600","Nepal","kirandahal@gmail.com","+977.9801088550","","Kiran Dahal","","Kathmandu Balkumari, Lalitpur","Kathmandu","Narayani","44600","Nepal","kirandahal@gmail.com","+977.9801088550","","","","","","","","","","","","ns1.ehostingserver.com","ns2.ehostingserver.com","","","clientTransferProhibited","","",""
"42","nicefoodclip.com","2019-12-03 15:00:02","2019-12-01","2019-12-01","2020-12-01","146","GoDaddy.com, LLC","whois.godaddy.com","http://registrar.godaddy.com","","","","","Seti","","Nepal","","","","","","","","","","","","","","","","","","","","","","","","","","","","","","","","","","ns27.domaincontrol.com","ns28.domaincontrol.com","","","clientDeleteProhibited","clientRenewProhibited","clientTransferProhibited","clientUpdateProhibited"
"43","npamag.com","2019-12-03 16:31:08","2019-12-02","2019-12-03","2020-12-02","1479","Namesilo, LLC","whois.namesilo.com","http://www.namesilo.com","Sazzad Seikh","","Kathmandu, Nepal Tahachal","Kathmandu","Madhyamanchal","44600","Nepal","aaishatech92@gmail.com","+977.9801136791","","Sazzad Seikh","","Kathmandu, Nepal Tahachal","Kathmandu","Madhyamanchal","44600","Nepal","aaishatech92@gmail.com","+977.9801136791","","Sazzad Seikh","","Kathmandu, Nepal Tahachal","Kathmandu","Madhyamanchal","44600","Nepal","aaishatech92@gmail.com","+977.9801136791","","","","","","","","","","","","uk1.ehostingserver.com","uk2.ehostingserver.com","uk3.ehostingserver.com","","clientTransferProhibited","","",""
"44","oddeffort.com","2019-12-03 17:06:38","2019-12-02","2019-12-02","2020-12-02","303","PDR Ltd. d/b/a PublicDomainRegistry.com","whois.publicdomainregistry.com","http://www.publicdomainregistry.com","Akhil Gautam","","Jorpati","Kathmandu","3","00977","Nepal","affixakhil@gmail.com","+977.9841955591","","Akhil Gautam","","Jorpati","Kathmandu","3","00977","Nepal","affixakhil@gmail.com","+977.9841955591","","Akhil Gautam","","Jorpati","Kathmandu","3","00977","Nepal","affixakhil@gmail.com","+977.9841955591","","","","","","","","","","","","ns1.gethhosts.com","ns2.gethhosts.com","","","clientTransferProhibited","","",""
"45","pinoy4tv.com","2019-12-03 18:23:25","2019-12-02","2019-12-02","2020-12-02","146","GoDaddy.com, LLC","whois.godaddy.com","http://registrar.godaddy.com","","","","","Seti","","Nepal","","","","","","","","","","","","","","","","","","","","","","","","","","","","","","","","","","dns1.namecheaphosting.com","dns2.namecheaphosting.com","","","clientDeleteProhibited","clientRenewProhibited","clientTransferProhibited","clientUpdateProhibited"
"46","pinoyreplayshows.com","2019-12-03 15:06:14","2019-12-02","2019-12-02","2020-12-02","146","GoDaddy.com, LLC","whois.godaddy.com","http://registrar.godaddy.com","","","","","Seti","","Nepal","","","","","","","","","","","","","","","","","","","","","","","","","","","","","","","","","","dns1.namecheaphosting.com","dns2.namecheaphosting.com","","","clientDeleteProhibited","clientRenewProhibited","clientTransferProhibited","clientUpdateProhibited"
"47","productxz.com","2019-12-03 15:39:09","2019-12-02","2019-12-02","2020-12-02","146","GoDaddy.com, LLC","whois.godaddy.com","http://registrar.godaddy.com","","","","","Dhaka","","Nepal","","","","","","","","","","","","","","","","","","","","","","","","","","","","","","","","","","ns27.domaincontrol.com","ns28.domaincontrol.com","","","clientDeleteProhibited","clientRenewProhibited","clientTransferProhibited","clientUpdateProhibited"
"48","quickfitnesshints.com","2019-12-03 18:16:55","2019-12-01","2019-12-01","2020-12-01","146","GoDaddy.com, LLC","whois.godaddy.com","http://registrar.godaddy.com","","","","","Seti","","Nepal","","","","","","","","","","","","","","","","","","","","","","","","","","","","","","","","","","ns27.domaincontrol.com","ns28.domaincontrol.com","","","clientDeleteProhibited","clientRenewProhibited","clientTransferProhibited","clientUpdateProhibited"
"49","rakshabandhanquotes.com","2019-12-03 15:38:35","2019-12-02","2019-12-02","2020-12-02","146","GoDaddy.com, LLC","whois.godaddy.com","http://registrar.godaddy.com","","","","","Seti","","Nepal","","","","","","","","","","","","","","","","","","","","","","","","","","","","","","","","","","ns27.domaincontrol.com","ns28.domaincontrol.com","","","clientDeleteProhibited","clientRenewProhibited","clientTransferProhibited","clientUpdateProhibited"
"50","ranimahalresort.com","2019-12-03 14:23:45","2019-12-01","2019-12-02","2020-12-01","1479","Namesilo, LLC","whois.namesilo.com","http://www.namesilo.com","Jyoti Pandey","","Butwal 06 Rupandehi","Butwal","Trafficchock","32500","Nepal","jyotiprasad.pandey815@gmail.com","+977.9857060510","","Jyoti Pandey","","Butwal 06 Rupandehi","Butwal","Trafficchock","32500","Nepal","jyotiprasad.pandey815@gmail.com","+977.9857060510","","Jyoti Pandey","","Butwal 06 Rupandehi","Butwal","Trafficchock","32500","Nepal","jyotiprasad.pandey815@gmail.com","+977.9857060510","","","","","","","","","","","","ns4.hostmero.com","ns5.hostmero.com","","","clientTransferProhibited","","",""
"51","rmdixit.com","2019-12-03 18:43:13","2019-12-02","2019-12-02","2020-12-02","146","GoDaddy.com, LLC","whois.godaddy.com","http://registrar.godaddy.com","","","","","Seti","","Nepal","","","","","","","","","","","","","","","","","","","","","","","","","","","","","","","","","","ns27.domaincontrol.com","ns28.domaincontrol.com","","","clientDeleteProhibited","clientRenewProhibited","clientTransferProhibited","clientUpdateProhibited"
"52","rmgiroux.com","2019-12-03 16:04:37","2019-12-02","2019-12-02","2020-12-02","146","GoDaddy.com, LLC","whois.godaddy.com","http://registrar.godaddy.com","","","","","Seti","","Nepal","","","","","","","","","","","","","","","","","","","","","","","","","","","","","","","","","","ns27.domaincontrol.com","ns28.domaincontrol.com","","","clientDeleteProhibited","clientRenewProhibited","clientTransferProhibited","clientUpdateProhibited"
"53","shixansetu.com","2019-12-03 18:40:56","2019-12-02","2019-12-02","2020-12-02","146","GoDaddy.com, LLC","whois.godaddy.com","http://registrar.godaddy.com","","","","","Seti","","Nepal","","","","","","","","","","","","","","","","","","","","","","","","","","","","","","","","","","ns21.domaincontrol.com","ns22.domaincontrol.com","","","clientDeleteProhibited","clientRenewProhibited","clientTransferProhibited","clientUpdateProhibited"
"54","shixanupdate.com","2019-12-03 19:10:59","2019-12-02","2019-12-02","2020-12-02","146","GoDaddy.com, LLC","whois.godaddy.com","http://registrar.godaddy.com","","","","","Seti","","Nepal","","","","","","","","","","","","","","","","","","","","","","","","","","","","","","","","","","ns21.domaincontrol.com","ns22.domaincontrol.com","","","clientDeleteProhibited","clientRenewProhibited","clientTransferProhibited","clientUpdateProhibited"
"55","studyiasclasses.com","2019-12-03 16:26:08","2019-12-02","2019-12-02","2020-12-02","146","GoDaddy.com, LLC","whois.godaddy.com","http://registrar.godaddy.com","","","","","Seti","","Nepal","","","","","","","","","","","","","","","","","","","","","","","","","","","","","","","","","","ns27.domaincontrol.com","ns28.domaincontrol.com","","","clientDeleteProhibited","clientRenewProhibited","clientTransferProhibited","clientUpdateProhibited"
"56","teamnepalmobilesolution.com","2019-12-03 19:11:18","2019-12-02","2019-12-02","2020-12-02","303","PDR Ltd. d/b/a PublicDomainRegistry.com","whois.publicdomainregistry.com","http://www.publicdomainregistry.com","suraj sharma","Chhorepatan game house","chorepatan 17 pokhara","pokhara","Gandaki","33700","Nepal","surajvanje91@gmail.com","+977.9816647465","","suraj sharma","Chhorepatan game house","chorepatan 17 pokhara","pokhara","Gandaki","33700","Nepal","surajvanje91@gmail.com","+977.9816647465","","suraj sharma","Chhorepatan game house","chorepatan 17 pokhara","pokhara","Gandaki","33700","Nepal","surajvanje91@gmail.com","+977.9816647465","","","","","","","","","","","","dns1.himalayanwebinfo.com","dns2.himalayanwebinfo.com","dns3.himalayanwebinfo.com","dns4.himalayanwebinfo.com","clientTransferProhibited","","",""
"57","techcontrarian.com","2019-12-03 16:47:22","2019-12-02","2019-12-02","2020-12-02","146","GoDaddy.com, LLC","whois.godaddy.com","http://registrar.godaddy.com","","","","","Seti","","Nepal","","","","","","","","","","","","","","","","","","","","","","","","","","","","","","","","","","ns27.domaincontrol.com","ns28.domaincontrol.com","","","clientDeleteProhibited","clientRenewProhibited","clientTransferProhibited","clientUpdateProhibited"
"58","techdod.com","2019-12-03 16:31:42","2019-12-02","2019-12-02","2020-12-02","146","GoDaddy.com, LLC","whois.godaddy.com","http://registrar.godaddy.com","","","","","Seti","","Nepal","","","","","","","","","","","","","","","","","","","","","","","","","","","","","","","","","","ns27.domaincontrol.com","ns28.domaincontrol.com","","","clientDeleteProhibited","clientRenewProhibited","clientTransferProhibited","clientUpdateProhibited"
"59","techknowlogiz.com","2019-12-03 15:59:44","2019-12-02","2019-12-02","2020-12-02","146","GoDaddy.com, LLC","whois.godaddy.com","http://registrar.godaddy.com","","","","","Seti","","Nepal","","","","","","","","","","","","","","","","","","","","","","","","","","","","","","","","","","ns27.domaincontrol.com","ns28.domaincontrol.com","","","clientDeleteProhibited","clientRenewProhibited","clientTransferProhibited","clientUpdateProhibited"
"60","technarrator.com","2019-12-03 16:01:12","2019-12-02","2019-12-02","2020-12-02","146","GoDaddy.com, LLC","whois.godaddy.com","http://registrar.godaddy.com","","","","","Seti","","Nepal","","","","","","","","","","","","","","","","","","","","","","","","","","","","","","","","","","ns27.domaincontrol.com","ns28.domaincontrol.com","","","clientDeleteProhibited","clientRenewProhibited","clientTransferProhibited","clientUpdateProhibited"
"61","technicaliz.com","2019-12-03 17:20:46","2019-12-02","2019-12-02","2020-12-02","146","GoDaddy.com, LLC","whois.godaddy.com","http://registrar.godaddy.com","","","","","Bagmati","","Nepal","","","","","","","","","","","","","","","","","","","","","","","","","","","","","","","","","","ns27.domaincontrol.com","ns28.domaincontrol.com","","","clientDeleteProhibited","clientRenewProhibited","clientTransferProhibited","clientUpdateProhibited"
"62","teleniumpvtltd.com","2019-12-03 17:07:01","2019-12-02","2019-12-02","2020-12-02","303","PDR Ltd. d/b/a PublicDomainRegistry.com","whois.publicdomainregistry.com","http://www.publicdomainregistry.com","Amit Manandhar","","Tahachal 0","Kathmandu","Province 3","44600","Nepal","manandharamit5@gmail.com","+977.9803693226","","Amit Manandhar","","Tahachal 0","Kathmandu","Province 3","44600","Nepal","manandharamit5@gmail.com","+977.9803693226","","Amit Manandhar","","Tahachal 0","Kathmandu","Province 3","44600","Nepal","manandharamit5@gmail.com","+977.9803693226","","","","","","","","","","","","ns20.agmwebhosting.com","ns21.agmwebhosting.com","","","clientTransferProhibited","","",""
"63","theeduclip.com","2019-12-03 15:13:40","2019-12-01","2019-12-01","2020-12-01","146","GoDaddy.com, LLC","whois.godaddy.com","http://registrar.godaddy.com","","","","","Seti","","Nepal","","","","","","","","","","","","","","","","","","","","","","","","","","","","","","","","","","ns27.domaincontrol.com","ns28.domaincontrol.com","","","clientDeleteProhibited","clientRenewProhibited","clientTransferProhibited","clientUpdateProhibited"
"64","thefashiongk.com","2019-12-03 18:26:18","2019-12-01","2019-12-01","2020-12-01","146","GoDaddy.com, LLC","whois.godaddy.com","http://registrar.godaddy.com","","","","","Seti","","Nepal","","","","","","","","","","","","","","","","","","","","","","","","","","","","","","","","","","ns27.domaincontrol.com","ns28.domaincontrol.com","","","clientDeleteProhibited","clientRenewProhibited","clientTransferProhibited","clientUpdateProhibited"
"65","tvpinoytambayans.com","2019-12-03 18:33:33","2019-12-02","2019-12-02","2020-12-02","146","GoDaddy.com, LLC","whois.godaddy.com","http://registrar.godaddy.com","","","","","Seti","","Nepal","","","","","","","","","","","","","","","","","","","","","","","","","","","","","","","","","","ns27.domaincontrol.com","ns28.domaincontrol.com","","","clientDeleteProhibited","clientRenewProhibited","clientTransferProhibited","clientUpdateProhibited"
"66","ujyaalopost.com","2019-12-03 18:08:54","2019-12-02","2019-12-03","2020-12-02","69","Tucows Domains Inc.","whois.tucows.com","http://domainhelp.opensrs.net","REDACTED FOR PRIVACY","REDACTED FOR PRIVACY","REDACTED FOR PRIVACY","REDACTED FOR PRIVACY","05","REDACTED FOR PRIVACY","Nepal","","REDACTED FOR PRIVACY","REDACTED FOR PRIVACY","REDACTED FOR PRIVACY","REDACTED FOR PRIVACY","REDACTED FOR PRIVACY","REDACTED FOR PRIVACY","REDACTED FOR PRIVACY","REDACTED FOR PRIVACY","REDACTED FOR PRIVACY","","REDACTED FOR PRIVACY","REDACTED FOR PRIVACY","REDACTED FOR PRIVACY","REDACTED FOR PRIVACY","REDACTED FOR PRIVACY","REDACTED FOR PRIVACY","REDACTED FOR PRIVACY","REDACTED FOR PRIVACY","REDACTED FOR PRIVACY","","REDACTED FOR PRIVACY","REDACTED FOR PRIVACY","","","","","","","","","","","ns1.stackdns.com","ns2.stackdns.com","ns3.stackdns.com","ns4.stackdns.com","clientTransferProhibited","clientUpdateProhibited","",""
"67","voyagepost.com","2019-12-03 14:25:02","2019-12-02","2019-12-02","2020-12-02","291","DNC Holdings, Inc.","whois.directnic.com","http://www.directnic.com","Krishna DOTEL","Krishna DOTEL","","","Bagmati Zone","","Nepal","voyagepost.com-registrant@directnicwhoiscompliance.com","","","","","","","","","","voyagepost.com-admin@directnicwhoiscompliance.com","","","","","","","","","","voyagepost.com-tech@directnicwhoiscompliance.com","","","","","","","","","","","","","ns1.dan.com","ns2.dan.com","","","addPeriod","clientDeleteProhibited","clientTransferProhibited","clientUpdateProhibited"
"68","wealthplannerindia.com","2019-12-03 16:15:03","2019-12-02","2019-12-02","2020-12-02","146","GoDaddy.com, LLC","whois.godaddy.com","http://registrar.godaddy.com","","","","","Seti","","Nepal","","","","","","","","","","","","","","","","","","","","","","","","","","","","","","","","","","ns27.domaincontrol.com","ns28.domaincontrol.com","","","clientDeleteProhibited","clientRenewProhibited","clientTransferProhibited","clientUpdateProhibited"
"69","wheelnepal.com","2019-12-03 18:34:21","2019-12-02","2019-12-02","2020-12-02","303","PDR Ltd. d/b/a PublicDomainRegistry.com","whois.publicdomainregistry.com","http://www.publicdomainregistry.com","Raja Ram Paneru","MagicMinds Pvt. Ltd.","Chandragiri-13,","Kathmandu","Bagmati","44619","Nepal","paneru@gmail.com","+977.9841288837","","Raja Ram Paneru","MagicMinds Pvt. Ltd.","Chandragiri-13,","Kathmandu","Bagmati","44619","Nepal","paneru@gmail.com","+977.9841288837","","Raja Ram Paneru","MagicMinds Pvt. Ltd.","Chandragiri-13,","Kathmandu","Bagmati","44619","Nepal","paneru@gmail.com","+977.9841288837","","","","","","","","","","","","ns47.websitewelcome.com","ns48.websitewelcome.com","","","clientTransferProhibited","","",""
"70","wildsz.com","2019-12-03 17:24:45","2019-12-02","2019-12-02","2020-12-02","146","GoDaddy.com, LLC","whois.godaddy.com","http://registrar.godaddy.com","","","","","Bagmati","","Nepal","","","","","","","","","","","","","","","","","","","","","","","","","","","","","","","","","","ns21.domaincontrol.com","ns22.domaincontrol.com","","","clientDeleteProhibited","clientRenewProhibited","clientTransferProhibited","clientUpdateProhibited"