"num","domain_name","query_time","create_date","update_date","expiry_date","domain_registrar_id","domain_registrar_name","domain_registrar_whois","domain_registrar_url","registrant_name","registrant_company","registrant_address","registrant_city","registrant_state","registrant_zip","registrant_country","registrant_email","registrant_phone","registrant_fax","administrative_name","administrative_company","administrative_address","administrative_city","administrative_state","administrative_zip","administrative_country","administrative_email","administrative_phone","administrative_fax","technical_name","technical_company","technical_address","technical_city","technical_state","technical_zip","technical_country","technical_email","technical_phone","technical_fax","billing_name","billing_company","billing_address","billing_city","billing_state","billing_zip","billing_country","billing_email","billing_phone","billing_fax","name_server_1","name_server_2","name_server_3","name_server_4","domain_status_1","domain_status_2","domain_status_3","domain_status_4"
"1","accreditedbreeder.com","2019-12-03 17:14:34","2019-12-02","2019-12-02","2020-12-02","69","Tucows Domains Inc.","whois.tucows.com","http://domainhelp.opensrs.net","REDACTED FOR PRIVACY","REDACTED FOR PRIVACY","REDACTED FOR PRIVACY","REDACTED FOR PRIVACY","Canterbury","REDACTED FOR PRIVACY","New Zealand","","REDACTED FOR PRIVACY","REDACTED FOR PRIVACY","REDACTED FOR PRIVACY","REDACTED FOR PRIVACY","REDACTED FOR PRIVACY","REDACTED FOR PRIVACY","REDACTED FOR PRIVACY","REDACTED FOR PRIVACY","REDACTED FOR PRIVACY","","REDACTED FOR PRIVACY","REDACTED FOR PRIVACY","REDACTED FOR PRIVACY","REDACTED FOR PRIVACY","REDACTED FOR PRIVACY","REDACTED FOR PRIVACY","REDACTED FOR PRIVACY","REDACTED FOR PRIVACY","REDACTED FOR PRIVACY","","REDACTED FOR PRIVACY","REDACTED FOR PRIVACY","","","","","","","","","","","ns1.discountdomains.co.nz","ns2.discountdomains.co.nz","ns3.discountdomains.co.nz","","clientTransferProhibited","clientUpdateProhibited","",""
"2","advanceipglobal.com","2019-12-03 17:04:13","2019-12-02","2019-12-02","2020-12-02","9","register.com, Inc.","whois.register.com","http://www.register.com","ER Schuch","","PO Box 10 615","Wellington","","6143","New Zealand","contact@advanceip.co.nz","+64.44990915","","ER Schuch","","PO Box 10 615","Wellington","","6143","New Zealand","mail@iplaw.co.nz","+64.44990915","","DNS Admin","Freeparking","Level 2 2 Devon Street East","New Plymouth","","4310","New Zealand","domains@freeparking.co.nz","+64.67572881","+64.67572883","","","","","","","","","","","ns.freeparking.co.nz","ns2.freeparking.co.nz","","","clientTransferProhibited","","",""
"3","airportshuttlesandtours.com","2019-12-03 15:20:18","2019-12-02","2019-12-02","2022-12-02","3817","Wix.com Ltd.","","","Aaron Cohen","297 Taxis Ltd trading as dialadriver wellington","3 John Street Stokes Valley","Lower Hutt, Wellington","N","5019","New Zealand","airportshuttlesandtours.com@wix-domains.com","+1.4159496022","","Aaron Cohen","297 Taxis Ltd trading as dialadriver wellington","3 John Street Stokes Valley","Lower Hutt, Wellington","N","5019","New Zealand","aaronkarlcohen@gmail.com","+64.275858382","","Aaron Cohen","297 Taxis Ltd trading as dialadriver wellington","3 John Street Stokes Valley","Lower Hutt, Wellington","N","5019","New Zealand","aaronkarlcohen@gmail.com","+64.275858382","","","","","","","","","","","","ns8.wixdns.net","ns9.wixdns.net","","","clientTransferProhibited","clientUpdateProhibited","",""
"4","angelexchange.pro","2019-12-03 17:07:01","2019-12-02","2019-12-02","2020-12-02","1647","Hosting Concepts B.V. dba Openprovider","whois.registrar.eu","http://www.openprovider.com","","","","","WELLINGTON","","New Zealand","","","","","","","","","","","","","","","","","","","","","","","","","","","","","","","","","","ns1.site-dns.com","ns2.site-dns.com","ns3.site-dns.com","","addPeriod","clientTransferProhibited","serverTransferProhibited",""
"5","balletcollectiveaotearoa.com","2019-12-03 15:20:08","2019-12-02","2019-12-02","2021-12-02","146","GoDaddy.com, LLC","whois.godaddy.com","http://registrar.godaddy.com","Ballet Collective Aotearoa","Ballet Collective Aotearoa","","","Wellington","","New Zealand","","","","","","","","","","","","","","","","","","","","","","","","","","","","","","","","","","ns27.domaincontrol.com","ns28.domaincontrol.com","","","clientDeleteProhibited","clientRenewProhibited","clientTransferProhibited","clientUpdateProhibited"
"6","bhantejinalankara.com","2019-12-03 14:41:55","2019-12-01","2019-12-02","2020-12-01","1591","Promo People inc.","whois.nic.fr","http://www.ait.com","REDACTED FOR PRIVACY","REDACTED FOR PRIVACY","REDACTED FOR PRIVACY","REDACTED FOR PRIVACY","REDACTED FOR PRIVACY","REDACTED FOR PRIVACY","New Zealand","","REDACTED FOR PRIVACY","REDACTED FOR PRIVACY","REDACTED FOR PRIVACY","REDACTED FOR PRIVACY","REDACTED FOR PRIVACY","REDACTED FOR PRIVACY","REDACTED FOR PRIVACY","REDACTED FOR PRIVACY","REDACTED FOR PRIVACY","","REDACTED FOR PRIVACY","REDACTED FOR PRIVACY","REDACTED FOR PRIVACY","REDACTED FOR PRIVACY","REDACTED FOR PRIVACY","REDACTED FOR PRIVACY","REDACTED FOR PRIVACY","REDACTED FOR PRIVACY","REDACTED FOR PRIVACY","","REDACTED FOR PRIVACY","REDACTED FOR PRIVACY","","","","","","","","","","","ns1.hostpapa.com","ns2.hostpapa.com","","","clientTransferProhibited","clientUpdateProhibited","",""
"7","bizmeasures.com","2019-12-03 15:14:25","2019-12-02","2019-12-02","2021-12-02","146","GoDaddy.com, LLC","whois.godaddy.com","http://registrar.godaddy.com","BizMeasures","BizMeasures","","","Auckland","","New Zealand","","","","","","","","","","","","","","","","","","","","","","","","","","","","","","","","","","ns27.domaincontrol.com","ns28.domaincontrol.com","","","clientDeleteProhibited","clientRenewProhibited","clientTransferProhibited","clientUpdateProhibited"
"8","cardanovault.com","2019-12-03 16:38:09","2019-12-01","2019-12-01","2020-12-01","1591","Promo People inc.","whois.nic.fr","http://www.ait.com","REDACTED FOR PRIVACY","REDACTED FOR PRIVACY","REDACTED FOR PRIVACY","REDACTED FOR PRIVACY","REDACTED FOR PRIVACY","REDACTED FOR PRIVACY","New Zealand","","REDACTED FOR PRIVACY","REDACTED FOR PRIVACY","REDACTED FOR PRIVACY","REDACTED FOR PRIVACY","REDACTED FOR PRIVACY","REDACTED FOR PRIVACY","REDACTED FOR PRIVACY","REDACTED FOR PRIVACY","REDACTED FOR PRIVACY","","REDACTED FOR PRIVACY","REDACTED FOR PRIVACY","REDACTED FOR PRIVACY","REDACTED FOR PRIVACY","REDACTED FOR PRIVACY","REDACTED FOR PRIVACY","REDACTED FOR PRIVACY","REDACTED FOR PRIVACY","REDACTED FOR PRIVACY","","REDACTED FOR PRIVACY","REDACTED FOR PRIVACY","","","","","","","","","","","ns1.hostpapa.com","ns2.hostpapa.com","","","clientTransferProhibited","clientUpdateProhibited","",""
"9","central-station.biz","2019-12-03 14:19:04","2019-11-29","","2020-11-29","1376","Instra Corporation Pty Ltd.","whois.instra.net","http://www.instra.com","Registrant of central-station.biz","Registrant of central-station.biz","","","Auckland District","","New Zealand","","","","","","","","","","","","","","","","","","","","","","","","","","","","","","","","","","ns1.onlydomains.com","ns2.onlydomains.com","ns3.onlydomains.com","","addPeriod","ok","",""
"10","chessnz.com","2019-12-03 19:14:33","2019-12-02","2019-12-02","2021-12-02","9","register.com, Inc.","whois.register.com","http://www.register.com","Susie Drummond","Newpro Packaging Ltd","152 Waikoukou Valley Rd RD 2 Waimauku","Auckland","","0882","New Zealand","susie@newpro.co.nz","+64.94119176","+64.94119172","Susie Drummond","Newpro Packaging Ltd","152 Waikoukou Valley Rd RD 2 Waimauku","Auckland","","0882","New Zealand","susie@newpro.co.nz","+64.94119176","+64.94119172","DNS Admin","Freeparking","Level 2 2 Devon Street East","New Plymouth","","4310","New Zealand","domains@freeparking.co.nz","+64.67572881","+64.67572883","","","","","","","","","","","ns.freeparking.co.nz","ns2.freeparking.co.nz","","","clientTransferProhibited","","",""
"11","christchurchstrippers.com","2019-12-03 18:41:01","2019-12-02","2019-12-02","2020-12-02","146","GoDaddy.com, LLC","whois.godaddy.com","http://registrar.godaddy.com","Melbourne strippers","Melbourne strippers","","","VIC","","New Zealand","","","","","","","","","","","","","","","","","","","","","","","","","","","","","","","","","","ns27.domaincontrol.com","ns28.domaincontrol.com","","","clientDeleteProhibited","clientRenewProhibited","clientTransferProhibited","clientUpdateProhibited"
"12","cimerat.com","2019-12-03 16:53:28","2019-12-01","2019-12-01","2021-12-01","146","GoDaddy.com, LLC","whois.godaddy.com","http://registrar.godaddy.com","","","","","Auckland","","New Zealand","","","","","","","","","","","","","","","","","","","","","","","","","","","","","","","","","","ns27.domaincontrol.com","ns28.domaincontrol.com","","","clientDeleteProhibited","clientRenewProhibited","clientTransferProhibited","clientUpdateProhibited"
"13","clearheaddrinks.com","2019-12-03 15:10:49","2019-12-02","2019-12-02","2022-12-02","9","register.com, Inc.","whois.register.com","http://www.register.com","Richard Bartlett","","4 Victor Road Raumati Beach","Kapiti Coast","","5032","New Zealand","westbart@xtra.co.nz","+64.042992917","","Richard Bartlett","","4 Victor Road Raumati Beach","Kapiti Coast","","5032","New Zealand","westbart@xtra.co.nz","+64.042992917","","DNS Admin","Freeparking","Level 2 2 Devon Street East","New Plymouth","","4310","New Zealand","domains@freeparking.co.nz","+64.67572881","+64.67572883","","","","","","","","","","","ns.freeparking.co.nz","ns2.freeparking.co.nz","","","clientTransferProhibited","","",""
"14","cuttingedgeoptimisation.com","2019-12-03 17:24:06","2019-12-02","2019-12-02","2021-12-02","9","register.com, Inc.","whois.register.com","http://www.register.com","Steve Ellis","","PO Box 8013 Gardens","Dunedin","","9041","New Zealand","theglassgalleryltd@gmail.com","+64.34739221","","Steve Ellis","","PO Box 8013 Gardens","Dunedin","","9041","New Zealand","theglassgalleryltd@gmail.com","+64.34730215","","DNS Admin","Freeparking","Level 2 2 Devon Street East","New Plymouth","","4310","New Zealand","domains@freeparking.co.nz","+64.67572881","+64.67572883","","","","","","","","","","","ns.freeparking.co.nz","ns2.freeparking.co.nz","","","clientTransferProhibited","","",""
"15","dafnimkovsky.com","2019-12-03 14:59:57","2019-12-02","2019-12-02","2020-12-02","3817","Wix.com Ltd.","","","Dafna Nimkovsky","Dafna Nimkovsky","Auckland","Auckland","N","1024","New Zealand","dafnimkovsky.com@wix-domains.com","+1.4159496022","","Dafna Nimkovsky","Dafna Nimkovsky","Auckland","Auckland","N","1024","New Zealand","nimkovsky.dafna@gmail.com","+64.211030808","","Dafna Nimkovsky","Dafna Nimkovsky","Auckland","Auckland","N","1024","New Zealand","nimkovsky.dafna@gmail.com","+64.211030808","","","","","","","","","","","","ns12.wixdns.net","ns13.wixdns.net","","","clientTransferProhibited","clientUpdateProhibited","",""
"16","diabetessmartssite.com","2019-12-03 17:56:04","2019-12-01","2019-12-01","2020-12-01","146","GoDaddy.com, LLC","whois.godaddy.com","http://registrar.godaddy.com","Unica Publications","Unica Publications","","","canterbury","","New Zealand","","","","","","","","","","","","","","","","","","","","","","","","","","","","","","","","","","ns1.jvarea.com","ns2.jvarea.com","","","clientDeleteProhibited","clientRenewProhibited","clientTransferProhibited","clientUpdateProhibited"
"17","dontbelocobuycoco.com","2019-12-03 17:48:01","2019-12-01","2019-12-01","2020-12-01","146","GoDaddy.com, LLC","whois.godaddy.com","http://registrar.godaddy.com","","","","","WELLINGTON","","New Zealand","","","","","","","","","","","","","","","","","","","","","","","","","","","","","","","","","","ns27.domaincontrol.com","ns28.domaincontrol.com","","","clientDeleteProhibited","clientRenewProhibited","clientTransferProhibited","clientUpdateProhibited"
"18","electrician-marketing.com","2019-12-03 15:16:32","2019-12-02","2019-12-02","2020-12-02","146","GoDaddy.com, LLC","whois.godaddy.com","http://registrar.godaddy.com","Optimal Agility International Ltd","Optimal Agility International Ltd","","","","","New Zealand","","","","","","","","","","","","","","","","","","","","","","","","","","","","","","","","","","ns27.domaincontrol.com","ns28.domaincontrol.com","","","clientDeleteProhibited","clientRenewProhibited","clientTransferProhibited","clientUpdateProhibited"
"19","emergencynotes.com","2019-12-03 14:17:44","2019-12-02","2019-12-02","2020-12-02","146","GoDaddy.com, LLC","whois.godaddy.com","http://registrar.godaddy.com","Blinkdata Limited","Blinkdata Limited","","","Auckland","","New Zealand","","","","","","","","","","","","","","","","","","","","","","","","","","","","","","","","","","ns27.domaincontrol.com","ns28.domaincontrol.com","","","clientDeleteProhibited","clientRenewProhibited","clientTransferProhibited","clientUpdateProhibited"
"20","equestrifittrainingsystems.com","2019-12-03 16:56:36","2019-12-02","2019-12-02","2029-12-02","146","GoDaddy.com, LLC","whois.godaddy.com","http://registrar.godaddy.com","","","","","Auckland","","New Zealand","","","","","","","","","","","","","","","","","","","","","","","","","","","","","","","","","","ns27.domaincontrol.com","ns28.domaincontrol.com","","","clientDeleteProhibited","clientRenewProhibited","clientTransferProhibited","clientUpdateProhibited"
"21","ewasterecyling.com","2019-12-03 18:50:31","2019-12-01","","2020-12-01","1068","NameCheap, Inc.","whois.namecheap.com","http://www.namecheap.com","Deepak Thakker","TechOcus","Kingsland","Auckland","Auckland","1021","New Zealand","djthakker@gmail.com","+64.224125575","","Deepak Thakker","TechOcus","Kingsland","Auckland","Auckland","1021","New Zealand","djthakker@gmail.com","+64.224125575","","Deepak Thakker","TechOcus","Kingsland","Auckland","Auckland","1021","New Zealand","djthakker@gmail.com","+64.224125575","","","","","","","","","","","","dns1.registrar-servers.com","dns2.registrar-servers.com","","","addPeriod","clientTransferProhibited","",""
"22","ezycarrelo.com","2019-12-03 14:46:24","2019-12-02","2019-12-02","2021-12-02","146","GoDaddy.com, LLC","whois.godaddy.com","http://registrar.godaddy.com","Hireace","Hireace","","","Auckland","","New Zealand","","","","","","","","","","","","","","","","","","","","","","","","","","","","","","","","","","ns27.domaincontrol.com","ns28.domaincontrol.com","","","clientDeleteProhibited","clientRenewProhibited","clientTransferProhibited","clientUpdateProhibited"
"23","friendsofficial.com","2019-12-03 17:18:31","2019-12-01","2019-12-01","2020-12-01","146","GoDaddy.com, LLC","whois.godaddy.com","http://registrar.godaddy.com","","","","","WELLINGTON","","New Zealand","","","","","","","","","","","","","","","","","","","","","","","","","","","","","","","","","","ns27.domaincontrol.com","ns28.domaincontrol.com","","","clientDeleteProhibited","clientRenewProhibited","clientTransferProhibited","clientUpdateProhibited"
"24","getsetgonz.com","2019-12-03 18:33:29","2019-12-01","2019-12-01","2020-12-01","13","Melbourne IT, Ltd","whois.melbourneit.com","http://www.melbourneit.com","REDACTED FOR PRIVACY","REDACTED FOR PRIVACY","REDACTED FOR PRIVACY","REDACTED FOR PRIVACY","REDACTED FOR PRIVACY","REDACTED FOR PRIVACY","New Zealand","","REDACTED FOR PRIVACY","REDACTED FOR PRIVACY","REDACTED FOR PRIVACY","REDACTED FOR PRIVACY","REDACTED FOR PRIVACY","REDACTED FOR PRIVACY","REDACTED FOR PRIVACY","REDACTED FOR PRIVACY","REDACTED FOR PRIVACY","","REDACTED FOR PRIVACY","REDACTED FOR PRIVACY","REDACTED FOR PRIVACY","REDACTED FOR PRIVACY","REDACTED FOR PRIVACY","REDACTED FOR PRIVACY","REDACTED FOR PRIVACY","REDACTED FOR PRIVACY","REDACTED FOR PRIVACY","","REDACTED FOR PRIVACY","REDACTED FOR PRIVACY","","","","","","","","","","","ns1.nsserver.net.nz","ns2.nsserver.net.nz","ns3.nsserver.net.nz","","OK","","",""
"25","glennmcleary.com","2019-12-03 16:19:28","2019-12-02","2019-12-02","2020-12-02","48","eNom, Inc.","whois.enom.com","http://www.enom.com","REDACTED FOR PRIVACY","REDACTED FOR PRIVACY","REDACTED FOR PRIVACY","REDACTED FOR PRIVACY","REDACTED FOR PRIVACY","REDACTED FOR PRIVACY","New Zealand","","REDACTED FOR PRIVACY","REDACTED FOR PRIVACY","REDACTED FOR PRIVACY","REDACTED FOR PRIVACY","REDACTED FOR PRIVACY","REDACTED FOR PRIVACY","REDACTED FOR PRIVACY","REDACTED FOR PRIVACY","REDACTED FOR PRIVACY","","REDACTED FOR PRIVACY","REDACTED FOR PRIVACY","REDACTED FOR PRIVACY","REDACTED FOR PRIVACY","REDACTED FOR PRIVACY","REDACTED FOR PRIVACY","REDACTED FOR PRIVACY","REDACTED FOR PRIVACY","REDACTED FOR PRIVACY","","REDACTED FOR PRIVACY","REDACTED FOR PRIVACY","","","","","","","","","","","ns1.1stdomains.net.nz","ns2.1stdomains.net.nz","","","addPeriod","ok","",""
"26","gospeldownloads.net","2019-12-03 17:40:46","2019-12-01","2019-12-01","2021-12-01","146","GoDaddy.com, LLC","whois.godaddy.com","http://registrar.godaddy.com","","","","","WELLINGTON","","New Zealand","","","","","","","","","","","","","","","","","","","","","","","","","","","","","","","","","","ns27.domaincontrol.com","ns28.domaincontrol.com","","","clientDeleteProhibited","clientRenewProhibited","clientTransferProhibited","clientUpdateProhibited"
"27","haykubeta.com","2019-12-03 18:32:10","2019-12-01","2019-12-01","2020-12-01","1636","Hostinger, UAB","whois.hostinger.com","http://www.hostinger.com","Yang Bai","Yang Bai","170 Featherstone Street","Wellington","Wellington","6011","New Zealand","hyakubeta@gmail.com","+64.2102785570","","Yang Bai","Yang Bai","170 Featherstone Street","Wellington","Wellington","6011","New Zealand","hyakubeta@gmail.com","+64.2102785570","","Yang Bai","Yang Bai","170 Featherstone Street","Wellington","Wellington","6011","New Zealand","hyakubeta@gmail.com","+64.2102785570","","","","","","","","","","","","ns1.dns-parking.com","ns2.dns-parking.com","","","clientTransferProhibited","","",""
"28","headlyfurniture.com","2019-12-03 17:18:40","2019-12-02","2019-12-03","2020-12-02","3817","Wix.com Ltd.","","","Joshua Hearn","Bradleys Garden","251 Park Rd Palmerston north","Palmerston North","N","4410","New Zealand","headlyfurniture.com@wix-domains.com","+1.4159496022","","Joshua Hearn","Bradleys Garden","251 Park Rd Palmerston north","Palmerston North","N","4410","New Zealand","jrdhearn@gmail.com","+64.220249161","","Joshua Hearn","Bradleys Garden","251 Park Rd Palmerston north","Palmerston North","N","4410","New Zealand","jrdhearn@gmail.com","+64.220249161","","","","","","","","","","","","ns14.wixdns.net","ns15.wixdns.net","","","clientTransferProhibited","clientUpdateProhibited","",""
"29","hoodtribe.com","2019-12-03 17:16:37","2019-12-02","2019-12-02","2020-12-02","146","GoDaddy.com, LLC","whois.godaddy.com","http://registrar.godaddy.com","","","","","Auckland","","New Zealand","","","","","","","","","","","","","","","","","","","","","","","","","","","","","","","","","","ns27.domaincontrol.com","ns28.domaincontrol.com","","","clientDeleteProhibited","clientRenewProhibited","clientTransferProhibited","clientUpdateProhibited"
"30","hostgator-support.com","2019-12-03 17:52:20","2019-12-02","2019-12-02","2020-12-02","146","GoDaddy.com, LLC","whois.godaddy.com","http://registrar.godaddy.com","quardDesigns Limited","quardDesigns Limited","","","Auckland","","New Zealand","","","","","","","","","","","","","","","","","","","","","","","","","","","","","","","","","","ns27.domaincontrol.com","ns28.domaincontrol.com","","","clientDeleteProhibited","clientRenewProhibited","clientTransferProhibited","clientUpdateProhibited"
"31","katherinekennardvoiceover.com","2019-12-03 14:50:36","2019-12-01","2019-12-01","2020-12-01","69","Tucows Domains Inc.","whois.tucows.com","http://domainhelp.opensrs.net","REDACTED FOR PRIVACY","REDACTED FOR PRIVACY","REDACTED FOR PRIVACY","REDACTED FOR PRIVACY","Auckland","REDACTED FOR PRIVACY","New Zealand","","REDACTED FOR PRIVACY","REDACTED FOR PRIVACY","REDACTED FOR PRIVACY","REDACTED FOR PRIVACY","REDACTED FOR PRIVACY","REDACTED FOR PRIVACY","REDACTED FOR PRIVACY","REDACTED FOR PRIVACY","REDACTED FOR PRIVACY","","REDACTED FOR PRIVACY","REDACTED FOR PRIVACY","REDACTED FOR PRIVACY","REDACTED FOR PRIVACY","REDACTED FOR PRIVACY","REDACTED FOR PRIVACY","REDACTED FOR PRIVACY","REDACTED FOR PRIVACY","REDACTED FOR PRIVACY","","REDACTED FOR PRIVACY","REDACTED FOR PRIVACY","","","","","","","","","","","ns1.systemdns.com","ns2.systemdns.com","ns3.systemdns.com","","","","",""
"32","kerekerevou.com","2019-12-03 18:44:08","2019-12-01","2019-12-01","2020-12-01","13","Melbourne IT, Ltd","whois.melbourneit.com","http://www.melbourneit.com","REDACTED FOR PRIVACY","REDACTED FOR PRIVACY","REDACTED FOR PRIVACY","REDACTED FOR PRIVACY","Auckland","REDACTED FOR PRIVACY","New Zealand","","REDACTED FOR PRIVACY","REDACTED FOR PRIVACY","REDACTED FOR PRIVACY","REDACTED FOR PRIVACY","REDACTED FOR PRIVACY","REDACTED FOR PRIVACY","REDACTED FOR PRIVACY","REDACTED FOR PRIVACY","REDACTED FOR PRIVACY","","REDACTED FOR PRIVACY","REDACTED FOR PRIVACY","REDACTED FOR PRIVACY","REDACTED FOR PRIVACY","REDACTED FOR PRIVACY","REDACTED FOR PRIVACY","REDACTED FOR PRIVACY","REDACTED FOR PRIVACY","REDACTED FOR PRIVACY","","REDACTED FOR PRIVACY","REDACTED FOR PRIVACY","","","","","","","","","","","ns1.melbourneit.net","ns2.melbourneit.net","ns3.melbourneit.net","","OK","","",""
"33","kerekerevou.net","2019-12-03 15:39:42","2019-12-01","2019-12-01","2020-12-01","13","Melbourne IT, Ltd","whois.melbourneit.com","http://www.melbourneit.com","REDACTED FOR PRIVACY","REDACTED FOR PRIVACY","REDACTED FOR PRIVACY","REDACTED FOR PRIVACY","Auckland","REDACTED FOR PRIVACY","New Zealand","","REDACTED FOR PRIVACY","REDACTED FOR PRIVACY","REDACTED FOR PRIVACY","REDACTED FOR PRIVACY","REDACTED FOR PRIVACY","REDACTED FOR PRIVACY","REDACTED FOR PRIVACY","REDACTED FOR PRIVACY","REDACTED FOR PRIVACY","","REDACTED FOR PRIVACY","REDACTED FOR PRIVACY","REDACTED FOR PRIVACY","REDACTED FOR PRIVACY","REDACTED FOR PRIVACY","REDACTED FOR PRIVACY","REDACTED FOR PRIVACY","REDACTED FOR PRIVACY","REDACTED FOR PRIVACY","","REDACTED FOR PRIVACY","REDACTED FOR PRIVACY","","","","","","","","","","","ns1.melbourneit.net","ns2.melbourneit.net","ns3.melbourneit.net","","OK","","",""
"34","kiwipossum.com","2019-12-03 16:35:26","2019-12-02","2019-12-02","2020-12-02","69","Tucows Domains Inc.","whois.tucows.com","http://domainhelp.opensrs.net","REDACTED FOR PRIVACY","REDACTED FOR PRIVACY","REDACTED FOR PRIVACY","REDACTED FOR PRIVACY","REDACTED FOR PRIVACY","REDACTED FOR PRIVACY","New Zealand","","REDACTED FOR PRIVACY","REDACTED FOR PRIVACY","REDACTED FOR PRIVACY","REDACTED FOR PRIVACY","REDACTED FOR PRIVACY","REDACTED FOR PRIVACY","REDACTED FOR PRIVACY","REDACTED FOR PRIVACY","REDACTED FOR PRIVACY","","REDACTED FOR PRIVACY","REDACTED FOR PRIVACY","REDACTED FOR PRIVACY","REDACTED FOR PRIVACY","REDACTED FOR PRIVACY","REDACTED FOR PRIVACY","REDACTED FOR PRIVACY","REDACTED FOR PRIVACY","REDACTED FOR PRIVACY","","REDACTED FOR PRIVACY","REDACTED FOR PRIVACY","","","","","","","","","","","ns10.domains4less.co.nz","ns11.domains4less.co.nz","","","clientTransferProhibited","clientUpdateProhibited","",""
"35","landlord.exchange","2019-12-03 15:43:54","2019-12-02","2019-12-02","2020-12-02","146","GoDaddy.com, LLC","whois.godaddy.com","http://registrar.godaddy.com","REDACTED FOR PRIVACY","","REDACTED FOR PRIVACY","REDACTED FOR PRIVACY","Marlborough","REDACTED FOR PRIVACY","New Zealand","","REDACTED FOR PRIVACY","REDACTED FOR PRIVACY","","","","","","","","","","","","","","","","","","","","","","","","","","","","","","","","","","","addPeriod","clientDeleteProhibited","clientRenewProhibited","clientTransferProhibited"
"36","landlordx.club","2019-12-03 14:49:11","2019-12-02","2019-12-02","2020-12-02","146","GoDaddy.com, LLC","whois.godaddy.com","http://registrar.godaddy.com","","","","","Marlborough","","New Zealand","","","","","","","","","","","","","","","","","","","","","","","","","","","","","","","","","","ns01.cashparking.com","ns02.cashparking.com","","","addPeriod","clientDeleteProhibited","clientRenewProhibited","clientTransferProhibited"
"37","landx.club","2019-12-03 19:15:42","2019-12-02","2019-12-02","2020-12-02","146","GoDaddy.com, LLC","whois.godaddy.com","http://registrar.godaddy.com","","","","","Marlborough","","New Zealand","","","","","","","","","","","","","","","","","","","","","","","","","","","","","","","","","","ns01.cashparking.com","ns02.cashparking.com","","","addPeriod","clientDeleteProhibited","clientRenewProhibited","clientTransferProhibited"
"38","littlepetcompany.com","2019-12-03 18:39:32","2019-12-02","2019-12-02","2020-12-02","146","GoDaddy.com, LLC","whois.godaddy.com","http://registrar.godaddy.com","","","","","Nelson","","New Zealand","","","","","","","","","","","","","","","","","","","","","","","","","","","","","","","","","","ns27.domaincontrol.com","ns28.domaincontrol.com","","","clientDeleteProhibited","clientRenewProhibited","clientTransferProhibited","clientUpdateProhibited"
"39","lostforfound.com","2019-12-03 15:53:57","2019-12-01","2019-12-01","2020-12-01","146","GoDaddy.com, LLC","whois.godaddy.com","http://registrar.godaddy.com","","","","","Tasman","","New Zealand","","","","","","","","","","","","","","","","","","","","","","","","","","","","","","","","","","ns27.domaincontrol.com","ns28.domaincontrol.com","","","clientDeleteProhibited","clientRenewProhibited","clientTransferProhibited","clientUpdateProhibited"
"40","marstrade.pro","2019-12-03 14:18:39","2019-12-02","2019-12-02","2020-12-02","1647","Hosting Concepts B.V. dba Openprovider","whois.registrar.eu","http://www.openprovider.com","","","","","WELLINGTON","","New Zealand","","","","","","","","","","","","","","","","","","","","","","","","","","","","","","","","","","ns1.site-dns.com","ns2.site-dns.com","ns3.site-dns.com","","addPeriod","clientTransferProhibited","serverTransferProhibited",""
"41","melissavranjes.com","2019-12-03 14:56:15","2019-12-02","2019-12-02","2020-12-02","146","GoDaddy.com, LLC","whois.godaddy.com","http://registrar.godaddy.com","","","","","North Island","","New Zealand","","","","","","","","","","","","","","","","","","","","","","","","","","","","","","","","","","ns27.domaincontrol.com","ns28.domaincontrol.com","","","clientDeleteProhibited","clientRenewProhibited","clientTransferProhibited","clientUpdateProhibited"
"42","ngatihau.com","2019-12-03 16:54:11","2019-12-01","2019-12-01","2020-12-01","9","register.com, Inc.","whois.register.com","http://www.register.com","Kellee Lowe","Ngati Hau","45 Waro Drive Hikurangi","Northland","Northland","0114","New Zealand","kellee.lowe@gmail.com","+64.211657663","","Kellee Lowe","Ngati Hau","45 Waro Drive Hikurangi","Northland","Northland","0114","New Zealand","kellee.lowe@gmail.com","+64.211657663","","DNS Admin","Freeparking","Level 2 2 Devon Street East","New Plymouth","","4310","New Zealand","domains@freeparking.co.nz","+64.67572881","+64.67572883","","","","","","","","","","","ns.freeparking.co.nz","ns2.freeparking.co.nz","","","clientTransferProhibited","","",""
"43","novaphotography.pro","2019-12-03 18:26:16","2019-12-02","2019-12-02","2020-12-02","69","Tucows Domains Inc.","whois.tucows.com","http://domainhelp.opensrs.net","Jennifer Marriott","Nova Photography","1 Hiwi Cres, None","Auckland","","0932","New Zealand","info@novaphotography.co.nz","+64.220708845","","Jennifer Marriott","Nova Photography","1 Hiwi Cres, None","Auckland","","0932","New Zealand","info@novaphotography.co.nz","+64.220708845","","Jennifer Marriott","Nova Photography","1 Hiwi Cres, None","Auckland","","0932","New Zealand","info@novaphotography.co.nz","+64.220708845","","Jennifer Marriott","Nova Photography","1 Hiwi Cres, None","Auckland","","0932","New Zealand","info@novaphotography.co.nz","+64.220708845","","ns1.systemdns.com","ns2.systemdns.com","ns3.systemdns.com","","addPeriod","clientTransferProhibited","clientUpdateProhibited","serverTransferProhibited"
"44","nvisionappoint.com","2019-12-03 16:04:12","2019-12-01","2019-12-01","2021-12-01","146","GoDaddy.com, LLC","whois.godaddy.com","http://registrar.godaddy.com","","","","","WELLINGTON","","New Zealand","","","","","","","","","","","","","","","","","","","","","","","","","","","","","","","","","","ns27.domaincontrol.com","ns28.domaincontrol.com","","","clientDeleteProhibited","clientRenewProhibited","clientTransferProhibited","clientUpdateProhibited"
"45","onepluspainting.com","2019-12-03 16:15:21","2019-12-02","2019-12-02","2020-12-02","146","GoDaddy.com, LLC","whois.godaddy.com","http://registrar.godaddy.com","","","","","WELLINGTON","","New Zealand","","","","","","","","","","","","","","","","","","","","","","","","","","","","","","","","","","michelle.ns.cloudflare.com","walt.ns.cloudflare.com","","","clientDeleteProhibited","clientRenewProhibited","clientTransferProhibited","clientUpdateProhibited"
"46","philrasmussenherbalist.com","2019-12-03 15:32:28","2019-12-02","2019-12-02","2021-12-02","69","Tucows Domains Inc.","whois.tucows.com","http://domainhelp.opensrs.net","REDACTED FOR PRIVACY","REDACTED FOR PRIVACY","REDACTED FOR PRIVACY","REDACTED FOR PRIVACY","REDACTED FOR PRIVACY","REDACTED FOR PRIVACY","New Zealand","","REDACTED FOR PRIVACY","REDACTED FOR PRIVACY","REDACTED FOR PRIVACY","REDACTED FOR PRIVACY","REDACTED FOR PRIVACY","REDACTED FOR PRIVACY","REDACTED FOR PRIVACY","REDACTED FOR PRIVACY","REDACTED FOR PRIVACY","","REDACTED FOR PRIVACY","REDACTED FOR PRIVACY","REDACTED FOR PRIVACY","REDACTED FOR PRIVACY","REDACTED FOR PRIVACY","REDACTED FOR PRIVACY","REDACTED FOR PRIVACY","REDACTED FOR PRIVACY","REDACTED FOR PRIVACY","","REDACTED FOR PRIVACY","REDACTED FOR PRIVACY","","","","","","","","","","","ns10.domains4less.co.nz","ns11.domains4less.co.nz","","","clientTransferProhibited","clientUpdateProhibited","",""
"47","plan2site.com","2019-12-03 18:37:22","2019-12-02","2019-12-02","2021-12-02","13","Melbourne IT, Ltd","whois.melbourneit.com","http://www.melbourneit.com","REDACTED FOR PRIVACY","REDACTED FOR PRIVACY","REDACTED FOR PRIVACY","REDACTED FOR PRIVACY","Auckland","REDACTED FOR PRIVACY","New Zealand","","REDACTED FOR PRIVACY","REDACTED FOR PRIVACY","REDACTED FOR PRIVACY","REDACTED FOR PRIVACY","REDACTED FOR PRIVACY","REDACTED FOR PRIVACY","REDACTED FOR PRIVACY","REDACTED FOR PRIVACY","REDACTED FOR PRIVACY","","REDACTED FOR PRIVACY","REDACTED FOR PRIVACY","REDACTED FOR PRIVACY","REDACTED FOR PRIVACY","REDACTED FOR PRIVACY","REDACTED FOR PRIVACY","REDACTED FOR PRIVACY","REDACTED FOR PRIVACY","REDACTED FOR PRIVACY","","REDACTED FOR PRIVACY","REDACTED FOR PRIVACY","","","","","","","","","","","ns1.nsserver.net.nz","ns2.nsserver.net.nz","ns3.nsserver.net.nz","","OK","","",""
"48","proexchange.club","2019-12-03 14:40:14","2019-12-02","2019-12-02","2020-12-02","146","GoDaddy.com, LLC","whois.godaddy.com","http://registrar.godaddy.com","","","","","Marlborough","","New Zealand","","","","","","","","","","","","","","","","","","","","","","","","","","","","","","","","","","ns01.cashparking.com","ns02.cashparking.com","","","addPeriod","clientDeleteProhibited","clientRenewProhibited","clientTransferProhibited"
"49","professionalsbestlife.com","2019-12-03 15:28:16","2019-12-02","2019-12-02","2021-12-02","9","register.com, Inc.","whois.register.com","http://www.register.com","Adrian Harrison","Creating Now Ltd","439 Mahurangi West Rd Mahurangi West, RD3","Warkworth","","0983","New Zealand","adrian@spindoctor.com","+64.093609111","","Adrian Harrison","Creating Now Ltd","439 Mahurangi West Rd Mahurangi West, RD3","Warkworth","","0983","New Zealand","adrian@spindoctor.com","+64.093609111","","DNS Admin","Freeparking","Level 2 2 Devon Street East","New Plymouth","","4310","New Zealand","domains@freeparking.co.nz","+64.67572881","+64.67572883","","","","","","","","","","","ns.freeparking.co.nz","ns2.freeparking.co.nz","","","clientTransferProhibited","","",""
"50","proflo.club","2019-12-03 14:20:16","2019-12-02","2019-12-02","2020-12-02","146","GoDaddy.com, LLC","whois.godaddy.com","http://registrar.godaddy.com","","","","","Marlborough","","New Zealand","","","","","","","","","","","","","","","","","","","","","","","","","","","","","","","","","","ns01.cashparking.com","ns02.cashparking.com","","","addPeriod","clientDeleteProhibited","clientRenewProhibited","clientTransferProhibited"
"51","proflow.club","2019-12-03 14:22:28","2019-12-02","2019-12-02","2020-12-02","146","GoDaddy.com, LLC","whois.godaddy.com","http://registrar.godaddy.com","","","","","Marlborough","","New Zealand","","","","","","","","","","","","","","","","","","","","","","","","","","","","","","","","","","ns01.cashparking.com","ns02.cashparking.com","","","addPeriod","clientDeleteProhibited","clientRenewProhibited","clientTransferProhibited"
"52","propertyx.club","2019-12-03 17:02:57","2019-12-02","2019-12-02","2020-12-02","146","GoDaddy.com, LLC","whois.godaddy.com","http://registrar.godaddy.com","","","","","Marlborough","","New Zealand","","","","","","","","","","","","","","","","","","","","","","","","","","","","","","","","","","ns01.cashparking.com","ns02.cashparking.com","","","addPeriod","clientDeleteProhibited","clientRenewProhibited","clientTransferProhibited"
"53","propshop.club","2019-12-03 17:36:00","2019-12-02","2019-12-02","2020-12-02","146","GoDaddy.com, LLC","whois.godaddy.com","http://registrar.godaddy.com","","","","","Marlborough","","New Zealand","","","","","","","","","","","","","","","","","","","","","","","","","","","","","","","","","","ns01.cashparking.com","ns02.cashparking.com","","","addPeriod","clientDeleteProhibited","clientRenewProhibited","clientTransferProhibited"
"54","prox.direct","2019-12-03 14:45:47","2019-12-02","2019-12-02","2020-12-02","146","GoDaddy.com, LLC","whois.godaddy.com","http://registrar.godaddy.com","REDACTED FOR PRIVACY","","REDACTED FOR PRIVACY","REDACTED FOR PRIVACY","Marlborough","REDACTED FOR PRIVACY","New Zealand","","REDACTED FOR PRIVACY","REDACTED FOR PRIVACY","","","","","","","","","","","","","","","","","","","","","","","","","","","","","","","","","","","addPeriod","clientDeleteProhibited","clientRenewProhibited","clientTransferProhibited"
"55","proxchange.club","2019-12-03 17:07:05","2019-12-02","2019-12-02","2020-12-02","146","GoDaddy.com, LLC","whois.godaddy.com","http://registrar.godaddy.com","","","","","Marlborough","","New Zealand","","","","","","","","","","","","","","","","","","","","","","","","","","","","","","","","","","ns01.cashparking.com","ns02.cashparking.com","","","addPeriod","clientDeleteProhibited","clientRenewProhibited","clientTransferProhibited"
"56","rbgfx.com","2019-12-03 18:03:11","2019-12-02","2019-12-02","2020-12-02","625","Name.com, Inc.","whois.name.com","http://www.name.com","Aston Martin","RBG MARKETS LIMITED","Suit 1, 35 Level , 48 Shortland Street","AUCKLAND","AUCKLAND","0629","New Zealand","supports@djfx.nz","+64.277774423","","Aston Martin","RBG MARKETS LIMITED","Suit 1, 35 Level , 48 Shortland Street","AUCKLAND","AUCKLAND","0629","New Zealand","supports@djfx.nz","+64.277774423","","Aston Martin","RBG MARKETS LIMITED","Suit 1, 35 Level , 48 Shortland Street","AUCKLAND","AUCKLAND","0629","New Zealand","supports@djfx.nz","+64.277774423","","","","","","","","","","","","ns1mpz.name.com","ns2fwz.name.com","ns3fhx.name.com","ns4cfn.name.com","addPeriod","clientTransferProhibited","",""
"57","recoup.zone","2019-12-03 19:07:34","2019-12-02","2019-12-02","2020-12-02","146","GoDaddy.com, LLC","whois.godaddy.com","http://registrar.godaddy.com","REDACTED FOR PRIVACY","Living Movement","REDACTED FOR PRIVACY","REDACTED FOR PRIVACY","Auckland","REDACTED FOR PRIVACY","New Zealand","","REDACTED FOR PRIVACY","REDACTED FOR PRIVACY","","","","","","","","","","","","","","","","","","","","","","","","","","","","","","","","","","","addPeriod","clientDeleteProhibited","clientRenewProhibited","clientTransferProhibited"
"58","richwayhelp.com","2019-12-03 19:11:09","2019-12-02","2019-12-03","2020-12-02","303","PDR Ltd. d/b/a PublicDomainRegistry.com","whois.publicdomainregistry.com","http://www.publicdomainregistry.com","Richard Solomon","Richard Solomon","Level 2, 128-138 Parnell Road, Parnell","Auckland","Auckland","1150","New Zealand","richardsolomon101@yahoo.co.nz","+64.2102322010","","Richard Solomon","Richard Solomon","Level 2, 128-138 Parnell Road, Parnell","Auckland","Auckland","1150","New Zealand","richardsolomon101@yahoo.co.nz","+64.2102322010","","Richard Solomon","Richard Solomon","Level 2, 128-138 Parnell Road, Parnell","Auckland","Auckland","1150","New Zealand","richardsolomon101@yahoo.co.nz","+64.2102322010","","","","","","","","","","","","ns1.richwayhelp.com","ns2.richwayhelp.com","","","clientTransferProhibited","","",""
"59","rocketsalebot.com","2019-12-03 14:38:50","2019-12-02","2019-12-02","2020-12-02","303","PDR Ltd. d/b/a PublicDomainRegistry.com","whois.publicdomainregistry.com","http://www.publicdomainregistry.com","Peter van Wyk","Indengo","1/21 Bernie Edwards Place","Botany Downs","Auckland","2010","New Zealand","petervw13@gmail.com","+64.095331377","","Peter van Wyk","Indengo","1/21 Bernie Edwards Place","Botany Downs","Auckland","2010","New Zealand","petervw13@gmail.com","+64.095331377","","Peter van Wyk","Indengo","1/21 Bernie Edwards Place","Botany Downs","Auckland","2010","New Zealand","petervw13@gmail.com","+64.095331377","","","","","","","","","","","","ns1.sgp12.siteground.asia","ns2.sgp12.siteground.asia","","","clientTransferProhibited","","",""
"60","rocketsalesbot.com","2019-12-03 16:00:54","2019-12-02","2019-12-02","2020-12-02","303","PDR Ltd. d/b/a PublicDomainRegistry.com","whois.publicdomainregistry.com","http://www.publicdomainregistry.com","Peter van Wyk","Indengo","1/21 Bernie Edwards Place","Botany Downs","Auckland","2010","New Zealand","petervw13@gmail.com","+64.095331377","","Peter van Wyk","Indengo","1/21 Bernie Edwards Place","Botany Downs","Auckland","2010","New Zealand","petervw13@gmail.com","+64.095331377","","Peter van Wyk","Indengo","1/21 Bernie Edwards Place","Botany Downs","Auckland","2010","New Zealand","petervw13@gmail.com","+64.095331377","","","","","","","","","","","","ns1.sgp12.siteground.asia","ns2.sgp12.siteground.asia","","","clientTransferProhibited","","",""
"61","saneminvestments.com","2019-12-03 18:40:17","2019-12-02","2019-12-02","2020-12-02","48","eNom, Inc.","whois.enom.com","http://www.enom.com","REDACTED FOR PRIVACY","REDACTED FOR PRIVACY","REDACTED FOR PRIVACY","REDACTED FOR PRIVACY","WAIKATO","REDACTED FOR PRIVACY","New Zealand","","REDACTED FOR PRIVACY","REDACTED FOR PRIVACY","REDACTED FOR PRIVACY","REDACTED FOR PRIVACY","REDACTED FOR PRIVACY","REDACTED FOR PRIVACY","REDACTED FOR PRIVACY","REDACTED FOR PRIVACY","REDACTED FOR PRIVACY","","REDACTED FOR PRIVACY","REDACTED FOR PRIVACY","REDACTED FOR PRIVACY","REDACTED FOR PRIVACY","REDACTED FOR PRIVACY","REDACTED FOR PRIVACY","REDACTED FOR PRIVACY","REDACTED FOR PRIVACY","REDACTED FOR PRIVACY","","REDACTED FOR PRIVACY","REDACTED FOR PRIVACY","","","","","","","","","","","ns1.1stdomains.net.nz","ns2.1stdomains.net.nz","","","addPeriod","ok","",""
"62","simonjagerphotography.com","2019-12-03 17:39:29","2019-12-02","2019-12-02","2020-12-02","146","GoDaddy.com, LLC","whois.godaddy.com","http://registrar.godaddy.com","","","","","Auckland","","New Zealand","","","","","","","","","","","","","","","","","","","","","","","","","","","","","","","","","","ns27.domaincontrol.com","ns28.domaincontrol.com","","","clientDeleteProhibited","clientRenewProhibited","clientTransferProhibited","clientUpdateProhibited"
"63","sixlearninglevers.com","2019-12-03 17:49:49","2019-12-01","2019-12-01","2020-12-01","955","Launchpad, Inc.","whois.launchpad.com","http://www.launchpad.com","John Kirkland","None","P.O. Box 26 38 Grammar Street","Kimbolton","MWT","4774","New Zealand","johnkirkland@gmail.com","+64.210563720","","John Kirkland","None","P.O. Box 26 38 Grammar Street","Kimbolton","MWT","4774","New Zealand","johnkirkland@gmail.com","+64.210563720","","John Kirkland","None","P.O. Box 26 38 Grammar Street","Kimbolton","MWT","4774","New Zealand","johnkirkland@gmail.com","+64.210563720","","","","","","","","","","","","ns6561.hostgator.com","ns6562.hostgator.com","","","clientTransferProhibited","","",""
"64","sorbetmove.com","2019-12-03 18:13:37","2019-12-02","2019-12-03","2020-12-02","1591","Promo People inc.","whois.nic.fr","http://www.ait.com","REDACTED FOR PRIVACY","REDACTED FOR PRIVACY","REDACTED FOR PRIVACY","REDACTED FOR PRIVACY","REDACTED FOR PRIVACY","REDACTED FOR PRIVACY","New Zealand","","REDACTED FOR PRIVACY","REDACTED FOR PRIVACY","REDACTED FOR PRIVACY","REDACTED FOR PRIVACY","REDACTED FOR PRIVACY","REDACTED FOR PRIVACY","REDACTED FOR PRIVACY","REDACTED FOR PRIVACY","REDACTED FOR PRIVACY","","REDACTED FOR PRIVACY","REDACTED FOR PRIVACY","REDACTED FOR PRIVACY","REDACTED FOR PRIVACY","REDACTED FOR PRIVACY","REDACTED FOR PRIVACY","REDACTED FOR PRIVACY","REDACTED FOR PRIVACY","REDACTED FOR PRIVACY","","REDACTED FOR PRIVACY","REDACTED FOR PRIVACY","","","","","","","","","","","ns1.hostpapa.com","ns2.hostpapa.com","","","clientTransferProhibited","clientUpdateProhibited","",""
"65","swipedon.cloud","2019-12-03 14:38:10","2019-12-02","2019-12-02","2020-12-02","81","Gandi SAS","whois.gandi.net","http://www.gandi.net","SwipedOn","SwipedOn","","","","","New Zealand","","","","","","","","","","","","","","","","","","","","","","","","","","","","","","","","","","ns-1519.awsdns-61.org","ns-2004.awsdns-58.co.uk","ns-427.awsdns-53.com","ns-611.awsdns-12.net","addPeriod","clientTransferProhibited","",""
"66","tartecourte.com","2019-12-03 14:25:20","2019-12-02","2019-12-02","2020-12-02","955","Launchpad, Inc.","whois.launchpad.com","http://www.launchpad.com","Fiona Cartwright","None","39 Paturoa Road Titirangi","Auckland","AUK","0604","New Zealand","sootyandspock@gmail.com","+64.221699118","","Fiona Cartwright","None","39 Paturoa Road Titirangi","Auckland","AUK","0604","New Zealand","sootyandspock@gmail.com","+64.221699118","","Fiona Cartwright","None","39 Paturoa Road Titirangi","Auckland","AUK","0604","New Zealand","sootyandspock@gmail.com","+64.221699118","","","","","","","","","","","","ns8113.hostgator.com","ns8114.hostgator.com","","","clientTransferProhibited","","",""
"67","taupoforklift.com","2019-12-03 14:23:39","2019-12-01","2019-12-01","2021-12-01","146","GoDaddy.com, LLC","whois.godaddy.com","http://registrar.godaddy.com","","","","","waikato","","New Zealand","","","","","","","","","","","","","","","","","","","","","","","","","","","","","","","","","","ns27.domaincontrol.com","ns28.domaincontrol.com","","","clientDeleteProhibited","clientRenewProhibited","clientTransferProhibited","clientUpdateProhibited"
"68","teacherspensiongps.com","2019-12-03 17:17:28","2019-12-02","2019-12-02","2024-12-02","146","GoDaddy.com, LLC","whois.godaddy.com","http://registrar.godaddy.com","Bombshell Creative Limited","Bombshell","P O Box 99326 Newmarket Auckland","Auckland","","","New Zealand","bombshell@orcon.net.nz","+64.275605923","","Bombshell Creative Limited","Bombshell","P O Box 99326 Newmarket Auckland","Auckland","","","New Zealand","bombshell@orcon.net.nz","+64.275605923","","DNS Admin Team Orcon Internet","DNS Admin Team","PO Box 302362 North Harbour","Auckland","","1330","New Zealand","dns@orcon.net.nz","+64.94444414","+64.94444444","","","","","","","","","","","ns27.domaincontrol.com","ns28.domaincontrol.com","","","clientDeleteProhibited","clientRenewProhibited","clientTransferProhibited","clientUpdateProhibited"
"69","teitikahurangi.com","2019-12-03 17:11:26","2019-12-02","2019-12-02","2021-12-02","3817","Wix.com Ltd.","","","Robyn Curry","Robyn Curry","219 Mount Smart Road, Onehunga","Auckland","N","1061","New Zealand","teitikahurangi.com@wix-domains.com","+1.4159496022","","Robyn Curry","Robyn Curry","219 Mount Smart Road, Onehunga","Auckland","N","1061","New Zealand","raymond0@maxnet.co.nz","+64.21544051","","Robyn Curry","Robyn Curry","219 Mount Smart Road, Onehunga","Auckland","N","1061","New Zealand","raymond0@maxnet.co.nz","+64.21544051","","","","","","","","","","","","ns14.wixdns.net","ns15.wixdns.net","","","clientTransferProhibited","clientUpdateProhibited","",""
"70","tenantshare.club","2019-12-03 18:53:39","2019-12-02","2019-12-02","2020-12-02","146","GoDaddy.com, LLC","whois.godaddy.com","http://registrar.godaddy.com","","","","","Marlborough","","New Zealand","","","","","","","","","","","","","","","","","","","","","","","","","","","","","","","","","","ns01.cashparking.com","ns02.cashparking.com","","","addPeriod","clientDeleteProhibited","clientRenewProhibited","clientTransferProhibited"
"71","thailandbackpackingguide.com","2019-12-03 18:43:12","2019-12-01","2019-12-01","2020-12-01","146","GoDaddy.com, LLC","whois.godaddy.com","http://registrar.godaddy.com","","","","","Auckland","","New Zealand","","","","","","","","","","","","","","","","","","","","","","","","","","","","","","","","","","ns27.domaincontrol.com","ns28.domaincontrol.com","","","clientDeleteProhibited","clientRenewProhibited","clientTransferProhibited","clientUpdateProhibited"
"72","thecarboncyclebinco.com","2019-12-03 16:15:19","2019-12-01","2019-12-01","2021-12-01","69","Tucows Domains Inc.","whois.tucows.com","http://domainhelp.opensrs.net","REDACTED FOR PRIVACY","REDACTED FOR PRIVACY","REDACTED FOR PRIVACY","REDACTED FOR PRIVACY","Auckland","REDACTED FOR PRIVACY","New Zealand","","REDACTED FOR PRIVACY","REDACTED FOR PRIVACY","REDACTED FOR PRIVACY","REDACTED FOR PRIVACY","REDACTED FOR PRIVACY","REDACTED FOR PRIVACY","REDACTED FOR PRIVACY","REDACTED FOR PRIVACY","REDACTED FOR PRIVACY","","REDACTED FOR PRIVACY","REDACTED FOR PRIVACY","REDACTED FOR PRIVACY","REDACTED FOR PRIVACY","REDACTED FOR PRIVACY","REDACTED FOR PRIVACY","REDACTED FOR PRIVACY","REDACTED FOR PRIVACY","REDACTED FOR PRIVACY","","REDACTED FOR PRIVACY","REDACTED FOR PRIVACY","","","","","","","","","","","ns1.discountdomains.co.nz","ns2.discountdomains.co.nz","ns3.discountdomains.co.nz","","clientTransferProhibited","clientUpdateProhibited","",""
"73","thecarboncycleco.com","2019-12-03 17:58:08","2019-12-01","2019-12-01","2021-12-01","69","Tucows Domains Inc.","whois.tucows.com","http://domainhelp.opensrs.net","REDACTED FOR PRIVACY","REDACTED FOR PRIVACY","REDACTED FOR PRIVACY","REDACTED FOR PRIVACY","Auckland","REDACTED FOR PRIVACY","New Zealand","","REDACTED FOR PRIVACY","REDACTED FOR PRIVACY","REDACTED FOR PRIVACY","REDACTED FOR PRIVACY","REDACTED FOR PRIVACY","REDACTED FOR PRIVACY","REDACTED FOR PRIVACY","REDACTED FOR PRIVACY","REDACTED FOR PRIVACY","","REDACTED FOR PRIVACY","REDACTED FOR PRIVACY","REDACTED FOR PRIVACY","REDACTED FOR PRIVACY","REDACTED FOR PRIVACY","REDACTED FOR PRIVACY","REDACTED FOR PRIVACY","REDACTED FOR PRIVACY","REDACTED FOR PRIVACY","","REDACTED FOR PRIVACY","REDACTED FOR PRIVACY","","","","","","","","","","","ns1.discountdomains.co.nz","ns2.discountdomains.co.nz","ns3.discountdomains.co.nz","","clientTransferProhibited","clientUpdateProhibited","",""
"74","thecarboncyclecompany.com","2019-12-03 14:19:11","2019-12-01","2019-12-01","2021-12-01","69","Tucows Domains Inc.","whois.tucows.com","http://domainhelp.opensrs.net","REDACTED FOR PRIVACY","REDACTED FOR PRIVACY","REDACTED FOR PRIVACY","REDACTED FOR PRIVACY","Auckland","REDACTED FOR PRIVACY","New Zealand","","REDACTED FOR PRIVACY","REDACTED FOR PRIVACY","REDACTED FOR PRIVACY","REDACTED FOR PRIVACY","REDACTED FOR PRIVACY","REDACTED FOR PRIVACY","REDACTED FOR PRIVACY","REDACTED FOR PRIVACY","REDACTED FOR PRIVACY","","REDACTED FOR PRIVACY","REDACTED FOR PRIVACY","REDACTED FOR PRIVACY","REDACTED FOR PRIVACY","REDACTED FOR PRIVACY","REDACTED FOR PRIVACY","REDACTED FOR PRIVACY","REDACTED FOR PRIVACY","REDACTED FOR PRIVACY","","REDACTED FOR PRIVACY","REDACTED FOR PRIVACY","","","","","","","","","","","ns1.discountdomains.co.nz","ns2.discountdomains.co.nz","ns3.discountdomains.co.nz","","clientTransferProhibited","clientUpdateProhibited","",""
"75","topheatedsocks.com","2019-12-03 18:09:08","2019-12-01","2019-12-01","2020-12-01","146","GoDaddy.com, LLC","whois.godaddy.com","http://registrar.godaddy.com","Blinkdata Limited","Blinkdata Limited","","","Auckland","","New Zealand","","","","","","","","","","","","","","","","","","","","","","","","","","","","","","","","","","ns27.domaincontrol.com","ns28.domaincontrol.com","","","clientDeleteProhibited","clientRenewProhibited","clientTransferProhibited","clientUpdateProhibited"
"76","treatpaw.com","2019-12-03 16:52:43","2019-12-02","2019-12-02","2020-12-02","69","Tucows Domains Inc.","whois.tucows.com","http://domainhelp.opensrs.net","REDACTED FOR PRIVACY","REDACTED FOR PRIVACY","REDACTED FOR PRIVACY","REDACTED FOR PRIVACY","WGN","REDACTED FOR PRIVACY","New Zealand","","REDACTED FOR PRIVACY","REDACTED FOR PRIVACY","REDACTED FOR PRIVACY","REDACTED FOR PRIVACY","REDACTED FOR PRIVACY","REDACTED FOR PRIVACY","REDACTED FOR PRIVACY","REDACTED FOR PRIVACY","REDACTED FOR PRIVACY","","REDACTED FOR PRIVACY","REDACTED FOR PRIVACY","REDACTED FOR PRIVACY","REDACTED FOR PRIVACY","REDACTED FOR PRIVACY","REDACTED FOR PRIVACY","REDACTED FOR PRIVACY","REDACTED FOR PRIVACY","REDACTED FOR PRIVACY","","REDACTED FOR PRIVACY","REDACTED FOR PRIVACY","","","","","","","","","","","ns-cloud-e1.googledomains.com","ns-cloud-e2.googledomains.com","ns-cloud-e3.googledomains.com","ns-cloud-e4.googledomains.com","clientTransferProhibited","clientUpdateProhibited","",""
"77","upashana.com","2019-12-03 17:54:44","2019-12-02","2019-12-02","2020-12-02","48","eNom, Inc.","whois.enom.com","http://www.enom.com","REDACTED FOR PRIVACY","REDACTED FOR PRIVACY","REDACTED FOR PRIVACY","REDACTED FOR PRIVACY","REDACTED FOR PRIVACY","REDACTED FOR PRIVACY","New Zealand","","REDACTED FOR PRIVACY","REDACTED FOR PRIVACY","REDACTED FOR PRIVACY","REDACTED FOR PRIVACY","REDACTED FOR PRIVACY","REDACTED FOR PRIVACY","REDACTED FOR PRIVACY","REDACTED FOR PRIVACY","REDACTED FOR PRIVACY","","REDACTED FOR PRIVACY","REDACTED FOR PRIVACY","REDACTED FOR PRIVACY","REDACTED FOR PRIVACY","REDACTED FOR PRIVACY","REDACTED FOR PRIVACY","REDACTED FOR PRIVACY","REDACTED FOR PRIVACY","REDACTED FOR PRIVACY","","REDACTED FOR PRIVACY","REDACTED FOR PRIVACY","","","","","","","","","","","ns1.1stdomains.net.nz","ns2.1stdomains.net.nz","","","addPeriod","ok","",""
"78","vegancookingforcarnivores.com","2019-12-03 17:52:51","2019-12-02","2019-12-02","2020-12-02","146","GoDaddy.com, LLC","whois.godaddy.com","http://registrar.godaddy.com","","","","","WELLINGTON","","New Zealand","","","","","","","","","","","","","","","","","","","","","","","","","","","","","","","","","","ns27.domaincontrol.com","ns28.domaincontrol.com","","","clientDeleteProhibited","clientRenewProhibited","clientTransferProhibited","clientUpdateProhibited"
"79","vegedout.com","2019-12-03 19:03:45","2019-12-01","2019-12-02","2020-12-01","81","Gandi SAS","whois.gandi.net","http://www.gandi.net","REDACTED FOR PRIVACY","","REDACTED FOR PRIVACY","REDACTED FOR PRIVACY","","REDACTED FOR PRIVACY","New Zealand","523414ecc9dcf5e8748bf4edbc9c8b12-16361711@contact.gandi.net","REDACTED FOR PRIVACY","REDACTED FOR PRIVACY","REDACTED FOR PRIVACY","REDACTED FOR PRIVACY","REDACTED FOR PRIVACY","REDACTED FOR PRIVACY","REDACTED FOR PRIVACY","REDACTED FOR PRIVACY","REDACTED FOR PRIVACY","523414ecc9dcf5e8748bf4edbc9c8b12-16361711@contact.gandi.net","REDACTED FOR PRIVACY","REDACTED FOR PRIVACY","REDACTED FOR PRIVACY","REDACTED FOR PRIVACY","REDACTED FOR PRIVACY","REDACTED FOR PRIVACY","REDACTED FOR PRIVACY","REDACTED FOR PRIVACY","REDACTED FOR PRIVACY","523414ecc9dcf5e8748bf4edbc9c8b12-16361711@contact.gandi.net","REDACTED FOR PRIVACY","REDACTED FOR PRIVACY","","","","","","","","","","","ns-188-c.gandi.net","ns-22-b.gandi.net","ns-97-a.gandi.net","","clientTransferProhibited","","",""
"80","vent-krew.com","2019-12-03 17:52:16","2019-12-02","2019-12-02","2020-12-02","146","GoDaddy.com, LLC","whois.godaddy.com","http://registrar.godaddy.com","","","","","Auckland","","New Zealand","","","","","","","","","","","","","","","","","","","","","","","","","","","","","","","","","","ns8509.hostgator.com","ns8510.hostgator.com","","","clientDeleteProhibited","clientRenewProhibited","clientTransferProhibited","clientUpdateProhibited"
"81","vitaaquatica.com","2019-12-03 16:25:28","2019-12-02","2019-12-02","2020-12-02","1609","Synergy Wholesale Pty Ltd","whois.ausregistry.net.au","http://synergywholesale.com","Daniel Poloha","","10/61A Birkdale Road","Birkdale","Auckland","0626","New Zealand","danopoloha@gmail.com","+64.210306259","","Daniel Poloha","","10/61A Birkdale Road","Birkdale","Auckland","0626","New Zealand","danopoloha@gmail.com","+64.210306259","","Daniel Poloha","","10/61A Birkdale Road","Birkdale","Auckland","0626","New Zealand","danopoloha@gmail.com","+64.210306259","","","","","","","","","","","","wh1.vpscity.co.nz","wh2.vpscity.co.nz","","","OK","","",""
"82","wanalearn.com","2019-12-03 16:14:25","2019-12-02","2019-12-03","2020-12-02","1591","Promo People inc.","whois.nic.fr","http://www.ait.com","REDACTED FOR PRIVACY","REDACTED FOR PRIVACY","REDACTED FOR PRIVACY","REDACTED FOR PRIVACY","Manawatu","REDACTED FOR PRIVACY","New Zealand","","REDACTED FOR PRIVACY","REDACTED FOR PRIVACY","REDACTED FOR PRIVACY","REDACTED FOR PRIVACY","REDACTED FOR PRIVACY","REDACTED FOR PRIVACY","REDACTED FOR PRIVACY","REDACTED FOR PRIVACY","REDACTED FOR PRIVACY","","REDACTED FOR PRIVACY","REDACTED FOR PRIVACY","REDACTED FOR PRIVACY","REDACTED FOR PRIVACY","REDACTED FOR PRIVACY","REDACTED FOR PRIVACY","REDACTED FOR PRIVACY","REDACTED FOR PRIVACY","REDACTED FOR PRIVACY","","REDACTED FOR PRIVACY","REDACTED FOR PRIVACY","","","","","","","","","","","ns1.hostpapa.com","ns2.hostpapa.com","","","clientTransferProhibited","clientUpdateProhibited","",""
"83","xproperty.club","2019-12-03 17:48:56","2019-12-02","2019-12-02","2020-12-02","146","GoDaddy.com, LLC","whois.godaddy.com","http://registrar.godaddy.com","","","","","Marlborough","","New Zealand","","","","","","","","","","","","","","","","","","","","","","","","","","","","","","","","","","ns01.cashparking.com","ns02.cashparking.com","","","addPeriod","clientDeleteProhibited","clientRenewProhibited","clientTransferProhibited"
"84","youngnlipz.com","2019-12-03 16:25:20","2019-12-02","2019-12-02","2020-12-02","146","GoDaddy.com, LLC","whois.godaddy.com","http://registrar.godaddy.com","1stepairbnb","1stepairbnb","","","papakaru","","New Zealand","","","","","","","","","","","","","","","","","","","","","","","","","","","","","","","","","","ns27.domaincontrol.com","ns28.domaincontrol.com","","","clientDeleteProhibited","clientRenewProhibited","clientTransferProhibited","clientUpdateProhibited"