"num","domain_name","query_time","create_date","update_date","expiry_date","domain_registrar_id","domain_registrar_name","domain_registrar_whois","domain_registrar_url","registrant_name","registrant_company","registrant_address","registrant_city","registrant_state","registrant_zip","registrant_country","registrant_email","registrant_phone","registrant_fax","administrative_name","administrative_company","administrative_address","administrative_city","administrative_state","administrative_zip","administrative_country","administrative_email","administrative_phone","administrative_fax","technical_name","technical_company","technical_address","technical_city","technical_state","technical_zip","technical_country","technical_email","technical_phone","technical_fax","billing_name","billing_company","billing_address","billing_city","billing_state","billing_zip","billing_country","billing_email","billing_phone","billing_fax","name_server_1","name_server_2","name_server_3","name_server_4","domain_status_1","domain_status_2","domain_status_3","domain_status_4"
"1","archermediagroup.net","2019-12-03 16:25:16","2019-12-02","2019-12-02","2020-12-02","3817","Wix.com Ltd.","","","Alejandro Marin Perez","Alejandro Marin Perez","Praderas de Sandino 5etp, 2Q7","Cuidad Sandino","","15700","Nicaragua","archermediagroup.net@wix-domains.com","+1.4159496022","","Alejandro Marin Perez","Alejandro Marin Perez","Praderas de Sandino 5etp, 2Q7","Cuidad Sandino","","15700","Nicaragua","armesa.alex@gmail.com","+505.82174070","","Alejandro Marin Perez","Alejandro Marin Perez","Praderas de Sandino 5etp, 2Q7","Cuidad Sandino","","15700","Nicaragua","armesa.alex@gmail.com","+505.82174070","","","","","","","","","","","","ns6.wixdns.net","ns7.wixdns.net","","","clientTransferProhibited","clientUpdateProhibited","",""
"2","asistentenica.com","2019-12-03 14:29:10","2019-12-02","2019-12-02","2020-12-02","625","Name.com, Inc.","whois.name.com","http://www.name.com","Moises  Morales","DIGITALNIC","MonseA?or Lezcano 3 c Este 3 1/2 Sur","Managua","Managua","00","Nicaragua","morales@nicaservers.net","+505.22660942","","Moises  Morales","DIGITALNIC","MonseA?or Lezcano 3 c Este 3 1/2 Sur","Managua","Managua","00","Nicaragua","alejandrotablada@digitalnic.net","+505.22660942","","Moises  Morales","DIGITALNIC","MonseA?or Lezcano 3 c Este 3 1/2 Sur","Managua","Managua","00","Nicaragua","alejandrotablada@digitalnic.net","+505.22660942","","","","","","","","","","","","ns1fkl.name.com","ns2kqz.name.com","ns3dty.name.com","ns4ghm.name.com","addPeriod","clientTransferProhibited","",""
"3","dicupro.com","2019-12-03 18:06:03","2019-12-02","2019-12-02","2020-12-02","48","eNom, Inc.","whois.enom.com","http://www.enom.com","REDACTED FOR PRIVACY","REDACTED FOR PRIVACY","REDACTED FOR PRIVACY","REDACTED FOR PRIVACY","Managua","REDACTED FOR PRIVACY","Nicaragua","","REDACTED FOR PRIVACY","REDACTED FOR PRIVACY","REDACTED FOR PRIVACY","REDACTED FOR PRIVACY","REDACTED FOR PRIVACY","REDACTED FOR PRIVACY","REDACTED FOR PRIVACY","REDACTED FOR PRIVACY","REDACTED FOR PRIVACY","","REDACTED FOR PRIVACY","REDACTED FOR PRIVACY","REDACTED FOR PRIVACY","REDACTED FOR PRIVACY","REDACTED FOR PRIVACY","REDACTED FOR PRIVACY","REDACTED FOR PRIVACY","REDACTED FOR PRIVACY","REDACTED FOR PRIVACY","","REDACTED FOR PRIVACY","REDACTED FOR PRIVACY","","","","","","","","","","","ns3001.mochahost.com","ns4001.mochahost.com","","","addPeriod","clientTransferProhibited","",""
"4","nicadeportivo.com","2019-12-03 17:49:26","2019-12-02","2019-12-02","2020-12-02","146","GoDaddy.com, LLC","whois.godaddy.com","http://registrar.godaddy.com","rafael main","rafael main","","","masaya","","Nicaragua","","","","","","","","","","","","","","","","","","","","","","","","","","","","","","","","","","ns27.domaincontrol.com","ns28.domaincontrol.com","","","clientDeleteProhibited","clientRenewProhibited","clientTransferProhibited","clientUpdateProhibited"
"5","pranamar.net","2019-12-03 15:13:30","2019-12-01","2019-12-01","2020-12-01","146","GoDaddy.com, LLC","whois.godaddy.com","http://registrar.godaddy.com","","","","","managua","","Nicaragua","","","","","","","","","","","","","","","","","","","","","","","","","","","","","","","","","","ns27.domaincontrol.com","ns28.domaincontrol.com","","","clientDeleteProhibited","clientRenewProhibited","clientTransferProhibited","clientUpdateProhibited"
"6","reyescoaching.com","2019-12-03 16:25:15","2019-12-01","2019-12-01","2020-12-01","146","GoDaddy.com, LLC","whois.godaddy.com","http://registrar.godaddy.com","","","","","managua","","Nicaragua","","","","","","","","","","","","","","","","","","","","","","","","","","","","","","","","","","ns27.domaincontrol.com","ns28.domaincontrol.com","","","clientDeleteProhibited","clientRenewProhibited","clientTransferProhibited","clientUpdateProhibited"
"7","somosferretti.com","2019-12-03 19:10:49","2019-12-01","2019-12-01","2020-12-01","146","GoDaddy.com, LLC","whois.godaddy.com","http://registrar.godaddy.com","Club Deportivo Walter Ferretti","Club Deportivo Walter Ferretti","","","Managua","","Nicaragua","","","","","","","","","","","","","","","","","","","","","","","","","","","","","","","","","","ns27.domaincontrol.com","ns28.domaincontrol.com","","","clientDeleteProhibited","clientRenewProhibited","clientTransferProhibited","clientUpdateProhibited"