"num","domain_name","query_time","create_date","update_date","expiry_date","domain_registrar_id","domain_registrar_name","domain_registrar_whois","domain_registrar_url","registrant_name","registrant_company","registrant_address","registrant_city","registrant_state","registrant_zip","registrant_country","registrant_email","registrant_phone","registrant_fax","administrative_name","administrative_company","administrative_address","administrative_city","administrative_state","administrative_zip","administrative_country","administrative_email","administrative_phone","administrative_fax","technical_name","technical_company","technical_address","technical_city","technical_state","technical_zip","technical_country","technical_email","technical_phone","technical_fax","billing_name","billing_company","billing_address","billing_city","billing_state","billing_zip","billing_country","billing_email","billing_phone","billing_fax","name_server_1","name_server_2","name_server_3","name_server_4","domain_status_1","domain_status_2","domain_status_3","domain_status_4"
"1","3dmap.cloud","2019-12-03 15:07:11","2019-12-02","2019-12-02","2020-12-02","1001","Domeneshop AS dba  domainnameshop.com","whois.domainnameshop.com","http://www.domainnameshop.com","SIMEN SCHARNING","SIMEN SCHARNING","","","","","Norway","","","","","","","","","","","","","","","","","","","","","","","","","","","","","","","","","","ns1.hyp.net","ns2.hyp.net","ns3.hyp.net","","addPeriod","clientTransferProhibited","",""
"2","acutleiebil.com","2019-12-03 17:15:24","2019-12-02","2019-12-02","2020-12-02","106","Ascio Technologies, Inc. Danmark - Filial af Ascio technologies, Inc. USA","whois.ascio.com","http://www.ascio.com","Not Disclosed","Not Disclosed","Not Disclosed","Not Disclosed","","Not Disclosed","Norway","","Not Disclosed","Not Disclosed","Not Disclosed","Not Disclosed","Not Disclosed","Not Disclosed","Not Disclosed","Not Disclosed","Not Disclosed","","Not Disclosed","Not Disclosed","Not Disclosed","Not Disclosed","Not Disclosed","Not Disclosed","Not Disclosed","Not Disclosed","Not Disclosed","","Not Disclosed","Not Disclosed","","","","","","","","","","","ns.datacenter.no","ns2.datacenter.no","","","OK","","",""
"3","acutleiebil.email","2019-12-03 15:17:14","2019-12-02","2019-12-02","2020-12-02","106","Ascio Technologies, Inc. Danmark - Filial af Ascio technologies, Inc. USA","whois.ascio.com","http://www.ascio.com","REDACTED FOR PRIVACY","BASEL AS","REDACTED FOR PRIVACY","REDACTED FOR PRIVACY","","REDACTED FOR PRIVACY","Norway","","REDACTED FOR PRIVACY","REDACTED FOR PRIVACY","","","","","","","","","","","","","","","","","","","","","","","","","","","","","","","","","","","addPeriod","","",""
"4","alisarakey.com","2019-12-03 18:26:30","2019-12-02","2019-12-02","2020-12-02","3817","Wix.com Ltd.","","","Statutory Masking Enabled","Statutory Masking Enabled","Statutory Masking Enabled","Statutory Masking Enabled","01","Statutory Masking Enabled","Norway","alisarakey.com@wix-domains.com","Statutory Masking Enabled","Statutory Masking Enabled","Statutory Masking Enabled","Statutory Masking Enabled","Statutory Masking Enabled","Statutory Masking Enabled","01","Statutory Masking Enabled","Norway","alisara.keyser@gmail.com","Statutory Masking Enabled","Statutory Masking Enabled","Statutory Masking Enabled","Statutory Masking Enabled","Statutory Masking Enabled","Statutory Masking Enabled","01","Statutory Masking Enabled","Norway","alisara.keyser@gmail.com","Statutory Masking Enabled","Statutory Masking Enabled","","","","","","","","","","","ns6.wixdns.net","ns7.wixdns.net","","","clientTransferProhibited","clientUpdateProhibited","",""
"5","aloe-vera.party","2019-12-03 19:10:42","2019-12-02","2019-12-02","2020-12-02","1001","Domeneshop AS dba  domainnameshop.com","whois.domainnameshop.com","http://www.domainnameshop.com","PSYKOLOG HENNING TVEDT","PSYKOLOG HENNING TVEDT","","","","","Norway","","","","","","","","","","","","","","","","","","","","","","","","","","","","","","","","","","ns1.hyp.net","ns2.hyp.net","ns3.hyp.net","","addPeriod","clientTransferProhibited","",""
"6","bauta-studio.com","2019-12-03 16:50:48","2019-12-02","2019-12-02","2020-12-02","106","Ascio Technologies, Inc. Danmark - Filial af Ascio technologies, Inc. USA","whois.ascio.com","http://www.ascio.com","Not Disclosed","Not Disclosed","Not Disclosed","Not Disclosed","","Not Disclosed","Norway","","Not Disclosed","Not Disclosed","Not Disclosed","Not Disclosed","Not Disclosed","Not Disclosed","Not Disclosed","Not Disclosed","Not Disclosed","","Not Disclosed","Not Disclosed","Not Disclosed","Not Disclosed","Not Disclosed","Not Disclosed","Not Disclosed","Not Disclosed","Not Disclosed","","Not Disclosed","Not Disclosed","","","","","","","","","","","ns.datacenter.no","ns2.datacenter.no","","","OK","","",""
"7","bellasbeautylounge.com","2019-12-03 17:50:14","2019-12-01","2019-12-01","2020-12-01","1001","Domeneshop AS dba  domainnameshop.com","whois.domainnameshop.com","http://www.domainnameshop.com","BELLAS BEAUTY LOUNGE AS","BELLAS BEAUTY LOUNGE AS","","","","","Norway","89tgq3m3cdmv@privacy-protection.email","","","","","","","","","","nkwh3dwwexsy@privacy-protection.email","","","","","","","","","","hostmaster@domeneshop.no","","","","","","","","","","","","","ns1.hyp.net","ns2.hyp.net","ns3.hyp.net","","clientTransferProhibited","","",""
"8","bergenaccess.com","2019-12-03 15:00:14","2019-12-02","2019-12-02","2020-12-02","106","Ascio Technologies, Inc. Danmark - Filial af Ascio technologies, Inc. USA","whois.ascio.com","http://www.ascio.com","Not Disclosed","Not Disclosed","Not Disclosed","Not Disclosed","","Not Disclosed","Norway","","Not Disclosed","Not Disclosed","Not Disclosed","Not Disclosed","Not Disclosed","Not Disclosed","Not Disclosed","Not Disclosed","Not Disclosed","","Not Disclosed","Not Disclosed","Not Disclosed","Not Disclosed","Not Disclosed","Not Disclosed","Not Disclosed","Not Disclosed","Not Disclosed","","Not Disclosed","Not Disclosed","","","","","","","","","","","ns.datacenter.no","ns2.datacenter.no","","","OK","","",""
"9","bordloper.com","2019-12-03 15:11:00","2019-12-02","2019-12-02","2020-12-02","1001","Domeneshop AS dba  domainnameshop.com","whois.domainnameshop.com","http://www.domainnameshop.com","GG, WELL PLAYED! CHRISTIAN LINDQUIST","GG, WELL PLAYED! CHRISTIAN LINDQUIST","","","","","Norway","minrnqqsww3b@privacy-protection.email","","","","","","","","","","z6gmgughqwnf@privacy-protection.email","","","","","","","","","","hostmaster@domeneshop.no","","","","","","","","","","","","","ns1.hyp.net","ns2.hyp.net","ns3.hyp.net","","clientTransferProhibited","","",""
"10","branokub.com","2019-12-03 15:32:37","2019-12-02","2019-12-02","2020-12-02","3817","Wix.com Ltd.","","","Statutory Masking Enabled","Statutory Masking Enabled","Statutory Masking Enabled","Statutory Masking Enabled","11","Statutory Masking Enabled","Norway","branokub.com@wix-domains.com","Statutory Masking Enabled","Statutory Masking Enabled","Statutory Masking Enabled","Statutory Masking Enabled","Statutory Masking Enabled","Statutory Masking Enabled","11","Statutory Masking Enabled","Norway","live.sletteboe@hotmail.no","Statutory Masking Enabled","Statutory Masking Enabled","Statutory Masking Enabled","Statutory Masking Enabled","Statutory Masking Enabled","Statutory Masking Enabled","11","Statutory Masking Enabled","Norway","live.sletteboe@hotmail.no","Statutory Masking Enabled","Statutory Masking Enabled","","","","","","","","","","","ns2.wixdns.net","ns3.wixdns.net","","","clientTransferProhibited","clientUpdateProhibited","",""
"11","bredchost.com","2019-12-03 18:09:45","2019-12-02","2019-12-02","2020-12-02","955","Launchpad, Inc.","whois.launchpad.com","http://www.launchpad.com","GDPR Masked","GDPR Masked","GDPR Masked GDPR Masked GDPR Masked","GDPR Masked","Akershus","GDPR Masked","Norway","gdpr-masking@gdpr-masked.com","+GDPR Masked.GDPR Masked","+GDPR Masked.GDPR Masked","GDPR Masked","GDPR Masked","GDPR Masked GDPR Masked GDPR Masked","GDPR Masked","Akershus","GDPR Masked","Norway","gdpr-masking@gdpr-masked.com","+GDPR Masked.GDPR Masked","+GDPR Masked.GDPR Masked","GDPR Masked","GDPR Masked","GDPR Masked GDPR Masked GDPR Masked","GDPR Masked","Akershus","GDPR Masked","Norway","gdpr-masking@gdpr-masked.com","+GDPR Masked.GDPR Masked","+GDPR Masked.GDPR Masked","","","","","","","","","","","ns8099.hostgator.com","ns8100.hostgator.com","","","clientTransferProhibited","","",""
"12","bukholm.com","2019-12-03 17:25:15","2019-12-01","2019-12-01","2020-12-01","81","Gandi SAS","whois.gandi.net","http://www.gandi.net","REDACTED FOR PRIVACY","","REDACTED FOR PRIVACY","REDACTED FOR PRIVACY","","REDACTED FOR PRIVACY","Norway","f0297565091bee8a5949594ce310d70d-16361199@contact.gandi.net","REDACTED FOR PRIVACY","REDACTED FOR PRIVACY","REDACTED FOR PRIVACY","REDACTED FOR PRIVACY","REDACTED FOR PRIVACY","REDACTED FOR PRIVACY","REDACTED FOR PRIVACY","REDACTED FOR PRIVACY","REDACTED FOR PRIVACY","f0297565091bee8a5949594ce310d70d-16361199@contact.gandi.net","REDACTED FOR PRIVACY","REDACTED FOR PRIVACY","REDACTED FOR PRIVACY","REDACTED FOR PRIVACY","REDACTED FOR PRIVACY","REDACTED FOR PRIVACY","REDACTED FOR PRIVACY","REDACTED FOR PRIVACY","REDACTED FOR PRIVACY","f0297565091bee8a5949594ce310d70d-16361199@contact.gandi.net","REDACTED FOR PRIVACY","REDACTED FOR PRIVACY","","","","","","","","","","","ns-170-b.gandi.net","ns-34-a.gandi.net","ns-84-c.gandi.net","","clientTransferProhibited","","",""
"13","cabsoluit.com","2019-12-03 15:51:09","2019-12-02","2019-12-02","2020-12-02","1001","Domeneshop AS dba  domainnameshop.com","whois.domainnameshop.com","http://www.domainnameshop.com","CHRISTIANIA TAXI AS","CHRISTIANIA TAXI AS","","","","","Norway","tjo75jmjfapn@privacy-protection.email","","","","","","","","","","wbyt2xjbyizz@privacy-protection.email","","","","","","","","","","hostmaster@domeneshop.no","","","","","","","","","","","","","ns1.hyp.net","ns2.hyp.net","ns3.hyp.net","","clientTransferProhibited","","",""
"14","customviking.com","2019-12-03 17:50:02","2019-12-01","2019-12-01","2020-12-01","146","GoDaddy.com, LLC","whois.godaddy.com","http://registrar.godaddy.com","","","","","Vest-Agder","","Norway","","","","","","","","","","","","","","","","","","","","","","","","","","","","","","","","","","ns27.domaincontrol.com","ns28.domaincontrol.com","","","clientDeleteProhibited","clientRenewProhibited","clientTransferProhibited","clientUpdateProhibited"
"15","dinindrebalanse.com","2019-12-03 14:39:13","2019-12-01","2019-12-01","2020-12-01","106","Ascio Technologies, Inc. Danmark - Filial af Ascio technologies, Inc. USA","whois.ascio.com","http://www.ascio.com","Not Disclosed","Not Disclosed","Not Disclosed","Not Disclosed","","Not Disclosed","Norway","","Not Disclosed","Not Disclosed","Not Disclosed","Not Disclosed","Not Disclosed","Not Disclosed","Not Disclosed","Not Disclosed","Not Disclosed","","Not Disclosed","Not Disclosed","Not Disclosed","Not Disclosed","Not Disclosed","Not Disclosed","Not Disclosed","Not Disclosed","Not Disclosed","","Not Disclosed","Not Disclosed","","","","","","","","","","","dns1.123hjemmeside.dk","dns2.123hjemmeside.dk","dns3.123hjemmeside.dk","","OK","","",""
"16","dmitry-tymchuk.com","2019-12-03 18:40:35","2019-12-01","2019-12-01","2020-12-01","146","GoDaddy.com, LLC","whois.godaddy.com","http://registrar.godaddy.com","","","","","\u041a\u0430\u043b\u0443\u0436\u0441\u043a\u0430\u","","Norway","","","","","","","","","","","","","","","","","","","","","","","","","","","","","","","","","","ns27.domaincontrol.com","ns28.domaincontrol.com","","","clientDeleteProhibited","clientRenewProhibited","clientTransferProhibited","clientUpdateProhibited"
"17","dsalt.net","2019-12-03 18:02:23","2019-12-02","2019-12-02","2020-12-02","1001","Domeneshop AS dba  domainnameshop.com","whois.domainnameshop.com","http://www.domainnameshop.com","Zenit Holding AS","Zenit Holding AS","","","","","Norway","v2ctbg5zdcwt@privacy-protection.email","","","","","","","","","","gmzcph8nqkce@privacy-protection.email","","","","","","","","","","hostmaster@domeneshop.no","","","","","","","","","","","","","ns1.hyp.net","ns2.hyp.net","ns3.hyp.net","","clientTransferProhibited","","",""
"18","episerverutvikler.com","2019-12-03 19:11:13","2019-12-02","2019-12-02","2020-12-02","106","Ascio Technologies, Inc. Danmark - Filial af Ascio technologies, Inc. USA","whois.ascio.com","http://www.ascio.com","Not Disclosed","Not Disclosed","Not Disclosed","Not Disclosed","","Not Disclosed","Norway","","Not Disclosed","Not Disclosed","Not Disclosed","Not Disclosed","Not Disclosed","Not Disclosed","Not Disclosed","Not Disclosed","Not Disclosed","","Not Disclosed","Not Disclosed","Not Disclosed","Not Disclosed","Not Disclosed","Not Disclosed","Not Disclosed","Not Disclosed","Not Disclosed","","Not Disclosed","Not Disclosed","","","","","","","","","","","ns.datacenter.no","ns2.datacenter.no","","","OK","","",""
"19","episerverutvikling.com","2019-12-03 18:49:32","2019-12-02","2019-12-02","2020-12-02","106","Ascio Technologies, Inc. Danmark - Filial af Ascio technologies, Inc. USA","whois.ascio.com","http://www.ascio.com","Not Disclosed","Not Disclosed","Not Disclosed","Not Disclosed","","Not Disclosed","Norway","","Not Disclosed","Not Disclosed","Not Disclosed","Not Disclosed","Not Disclosed","Not Disclosed","Not Disclosed","Not Disclosed","Not Disclosed","","Not Disclosed","Not Disclosed","Not Disclosed","Not Disclosed","Not Disclosed","Not Disclosed","Not Disclosed","Not Disclosed","Not Disclosed","","Not Disclosed","Not Disclosed","","","","","","","","","","","ns.datacenter.no","ns2.datacenter.no","","","OK","","",""
"20","filmfalanks.com","2019-12-03 17:25:33","2019-12-02","2019-12-02","2020-12-02","3817","Wix.com Ltd.","","","Statutory Masking Enabled","Statutory Masking Enabled","Statutory Masking Enabled","Statutory Masking Enabled","NO-03","Statutory Masking Enabled","Norway","filmfalanks.com@wix-domains.com","Statutory Masking Enabled","Statutory Masking Enabled","Statutory Masking Enabled","Statutory Masking Enabled","Statutory Masking Enabled","Statutory Masking Enabled","NO-03","Statutory Masking Enabled","Norway","nikolailundh@hotmail.com","Statutory Masking Enabled","Statutory Masking Enabled","Statutory Masking Enabled","Statutory Masking Enabled","Statutory Masking Enabled","Statutory Masking Enabled","NO-03","Statutory Masking Enabled","Norway","nikolailundh@hotmail.com","Statutory Masking Enabled","Statutory Masking Enabled","","","","","","","","","","","ns0.wixdns.net","ns1.wixdns.net","","","clientTransferProhibited","clientUpdateProhibited","",""
"21","flanerkonfektyr.com","2019-12-03 18:36:24","2019-12-02","2019-12-02","2020-12-02","1001","Domeneshop AS dba  domainnameshop.com","whois.domainnameshop.com","http://www.domainnameshop.com","MBS MODELING AS","MBS MODELING AS","","","","","Norway","u3wetduvwnt4@privacy-protection.email","","","","","","","","","","rekckqeu4kx4@privacy-protection.email","","","","","","","","","","hostmaster@domeneshop.no","","","","","","","","","","","","","ns1.hyp.net","ns2.hyp.net","ns3.hyp.net","","clientTransferProhibited","","",""
"22","fliestdeals.com","2019-12-03 15:11:08","2019-12-02","2019-12-02","2020-12-02","303","PDR Ltd. d/b/a PublicDomainRegistry.com","whois.publicdomainregistry.com","http://www.publicdomainregistry.com","GDPR Masked","GDPR Masked","GDPR Masked GDPR Masked GDPR Masked","GDPR Masked","Finnmark","GDPR Masked","Norway","gdpr-masking@gdpr-masked.com","+GDPR Masked.GDPR Masked","+GDPR Masked.GDPR Masked","GDPR Masked","GDPR Masked","GDPR Masked GDPR Masked GDPR Masked","GDPR Masked","Finnmark","GDPR Masked","Norway","gdpr-masking@gdpr-masked.com","+GDPR Masked.GDPR Masked","+GDPR Masked.GDPR Masked","GDPR Masked","GDPR Masked","GDPR Masked GDPR Masked GDPR Masked","GDPR Masked","Finnmark","GDPR Masked","Norway","gdpr-masking@gdpr-masked.com","+GDPR Masked.GDPR Masked","+GDPR Masked.GDPR Masked","","","","","","","","","","","ns1.eu15.tmd.cloud","ns2.eu15.tmd.cloud","","","clientTransferProhibited","","",""
"23","forget9to5.net","2019-12-03 16:57:10","2019-12-02","2019-12-02","2020-12-02","69","Tucows Domains Inc.","whois.tucows.com","http://domainhelp.opensrs.net","REDACTED FOR PRIVACY","REDACTED FOR PRIVACY","REDACTED FOR PRIVACY","REDACTED FOR PRIVACY","finnmark","REDACTED FOR PRIVACY","Norway","","REDACTED FOR PRIVACY","REDACTED FOR PRIVACY","REDACTED FOR PRIVACY","REDACTED FOR PRIVACY","REDACTED FOR PRIVACY","REDACTED FOR PRIVACY","REDACTED FOR PRIVACY","REDACTED FOR PRIVACY","REDACTED FOR PRIVACY","","REDACTED FOR PRIVACY","REDACTED FOR PRIVACY","REDACTED FOR PRIVACY","REDACTED FOR PRIVACY","REDACTED FOR PRIVACY","REDACTED FOR PRIVACY","REDACTED FOR PRIVACY","REDACTED FOR PRIVACY","REDACTED FOR PRIVACY","","REDACTED FOR PRIVACY","REDACTED FOR PRIVACY","","","","","","","","","","","ns1.digitalbusinesslounge.com","ns2.digitalbusinesslounge.com","","","clientTransferProhibited","clientUpdateProhibited","",""
"24","fornor.net","2019-12-03 15:12:33","2019-12-02","2019-12-02","2020-12-02","3817","Wix.com Ltd.","","","Statutory Masking Enabled","Statutory Masking Enabled","Statutory Masking Enabled","Statutory Masking Enabled","19","Statutory Masking Enabled","Norway","fornor.net@wix-domains.com","Statutory Masking Enabled","Statutory Masking Enabled","Statutory Masking Enabled","Statutory Masking Enabled","Statutory Masking Enabled","Statutory Masking Enabled","19","Statutory Masking Enabled","Norway","post@nordfra.no","Statutory Masking Enabled","Statutory Masking Enabled","Statutory Masking Enabled","Statutory Masking Enabled","Statutory Masking Enabled","Statutory Masking Enabled","19","Statutory Masking Enabled","Norway","post@nordfra.no","Statutory Masking Enabled","Statutory Masking Enabled","","","","","","","","","","","ns2.wixdns.net","ns3.wixdns.net","","","clientTransferProhibited","clientUpdateProhibited","",""
"25","forvaltningspartner.com","2019-12-03 16:34:09","2019-12-02","2019-12-02","2020-12-02","1001","Domeneshop AS dba  domainnameshop.com","whois.domainnameshop.com","http://www.domainnameshop.com","Forvaltningspartner AS","Forvaltningspartner AS","","","","","Norway","fpttxqysnk2a@privacy-protection.email","","","","","","","","","","srxb49hjhfff@privacy-protection.email","","","","","","","","","","hostmaster@domeneshop.no","","","","","","","","","","","","","ns1.hyp.net","ns2.hyp.net","ns3.hyp.net","","clientTransferProhibited","","",""
"26","franzjensen.com","2019-12-03 16:26:43","2019-12-02","2019-12-02","2021-12-02","146","GoDaddy.com, LLC","whois.godaddy.com","http://registrar.godaddy.com","","","","","Akershus","","Norway","","","","","","","","","","","","","","","","","","","","","","","","","","","","","","","","","","ns27.domaincontrol.com","ns28.domaincontrol.com","","","clientDeleteProhibited","clientRenewProhibited","clientTransferProhibited","clientUpdateProhibited"
"27","glytrespruten.com","2019-12-03 18:50:38","2019-12-02","2019-12-02","2020-12-02","1001","Domeneshop AS dba  domainnameshop.com","whois.domainnameshop.com","http://www.domainnameshop.com","","","","","","","Norway","zh7unvna7ofh@privacy-protection.email","","","","","","","","","","vrgufmpr9sfy@privacy-protection.email","","","","","","","","","","hostmaster@domeneshop.no","","","","","","","","","","","","","ns1.hyp.net","ns2.hyp.net","ns3.hyp.net","","clientTransferProhibited","","",""
"28","gojapanshops.com","2019-12-03 17:35:11","2019-12-02","2019-12-02","2020-12-02","303","PDR Ltd. d/b/a PublicDomainRegistry.com","whois.publicdomainregistry.com","http://www.publicdomainregistry.com","GDPR Masked","GDPR Masked","GDPR Masked GDPR Masked GDPR Masked","GDPR Masked","DRAMMEN","GDPR Masked","Norway","gdpr-masking@gdpr-masked.com","+GDPR Masked.GDPR Masked","+GDPR Masked.GDPR Masked","GDPR Masked","GDPR Masked","GDPR Masked GDPR Masked GDPR Masked","GDPR Masked","DRAMMEN","GDPR Masked","Norway","gdpr-masking@gdpr-masked.com","+GDPR Masked.GDPR Masked","+GDPR Masked.GDPR Masked","GDPR Masked","GDPR Masked","GDPR Masked GDPR Masked GDPR Masked","GDPR Masked","DRAMMEN","GDPR Masked","Norway","gdpr-masking@gdpr-masked.com","+GDPR Masked.GDPR Masked","+GDPR Masked.GDPR Masked","","","","","","","","","","","dns26dfga.earth.orderbox-dns.com","dns26dfga.mars.orderbox-dns.com","dns26dfga.mercury.orderbox-dns.com","dns26dfga.venus.orderbox-dns.com","clientTransferProhibited","","",""
"29","goodpris.com","2019-12-03 16:42:01","2019-12-01","2019-12-01","2020-12-01","69","Tucows Domains Inc.","whois.tucows.com","http://domainhelp.opensrs.net","REDACTED FOR PRIVACY","REDACTED FOR PRIVACY","REDACTED FOR PRIVACY","REDACTED FOR PRIVACY","XX","REDACTED FOR PRIVACY","Norway","","REDACTED FOR PRIVACY","REDACTED FOR PRIVACY","REDACTED FOR PRIVACY","REDACTED FOR PRIVACY","REDACTED FOR PRIVACY","REDACTED FOR PRIVACY","REDACTED FOR PRIVACY","REDACTED FOR PRIVACY","REDACTED FOR PRIVACY","","REDACTED FOR PRIVACY","REDACTED FOR PRIVACY","REDACTED FOR PRIVACY","REDACTED FOR PRIVACY","REDACTED FOR PRIVACY","REDACTED FOR PRIVACY","REDACTED FOR PRIVACY","REDACTED FOR PRIVACY","REDACTED FOR PRIVACY","","REDACTED FOR PRIVACY","REDACTED FOR PRIVACY","","","","","","","","","","","ns1.gnld1006.siteground.eu","ns2.gnld1006.siteground.eu","","","clientTransferProhibited","clientUpdateProhibited","",""
"30","googleadsecommastery.com","2019-12-03 19:07:53","2019-12-02","2019-12-02","2020-12-02","106","Ascio Technologies, Inc. Danmark - Filial af Ascio technologies, Inc. USA","whois.ascio.com","http://www.ascio.com","Not Disclosed","Not Disclosed","Not Disclosed","Not Disclosed","","Not Disclosed","Norway","","Not Disclosed","Not Disclosed","Not Disclosed","Not Disclosed","Not Disclosed","Not Disclosed","Not Disclosed","Not Disclosed","Not Disclosed","","Not Disclosed","Not Disclosed","Not Disclosed","Not Disclosed","Not Disclosed","Not Disclosed","Not Disclosed","Not Disclosed","Not Disclosed","","Not Disclosed","Not Disclosed","","","","","","","","","","","ns.datacenter.no","ns2.datacenter.no","","","OK","","",""
"31","habkey.net","2019-12-03 16:15:20","2019-12-01","2019-12-01","2020-12-01","1387","1API GmbH","whois.1api.net","http://www.1api.net","REDACTED FOR PRIVACY","REDACTED FOR PRIVACY","REDACTED FOR PRIVACY","REDACTED FOR PRIVACY","VESTFOLD","REDACTED FOR PRIVACY","Norway","","REDACTED FOR PRIVACY","","REDACTED FOR PRIVACY","REDACTED FOR PRIVACY","REDACTED FOR PRIVACY","REDACTED FOR PRIVACY","REDACTED FOR PRIVACY","REDACTED FOR PRIVACY","REDACTED FOR PRIVACY","","REDACTED FOR PRIVACY","","REDACTED FOR PRIVACY","REDACTED FOR PRIVACY","REDACTED FOR PRIVACY","REDACTED FOR PRIVACY","REDACTED FOR PRIVACY","REDACTED FOR PRIVACY","REDACTED FOR PRIVACY","","REDACTED FOR PRIVACY","","","","","","","","","","","","ns1.dnsdomene.net","ns2.dnsdomene.net","ns3.dnsdomene.net","","clientTransferProhibited","","",""
"32","hafjellkvitfjellguidene.com","2019-12-03 16:07:35","2019-12-02","2019-12-02","2020-12-02","1001","Domeneshop AS dba  domainnameshop.com","whois.domainnameshop.com","http://www.domainnameshop.com","KIRKERUD INVEST AS","KIRKERUD INVEST AS","","","","","Norway","tirxjpnfmep8@privacy-protection.email","","","","","","","","","","tngrsda5hnsy@privacy-protection.email","","","","","","","","","","hostmaster@domeneshop.no","","","","","","","","","","","","","ns1.hyp.net","ns2.hyp.net","ns3.hyp.net","","clientTransferProhibited","","",""
"33","hoaimusic.com","2019-12-03 16:19:33","2019-12-02","2019-12-03","2021-12-02","1001","Domeneshop AS dba  domainnameshop.com","whois.domainnameshop.com","http://www.domainnameshop.com","DANG PHAM","DANG PHAM","","","","","Norway","sxvhurfcmq4p@privacy-protection.email","","","","","","","","","","umt68jrfybwq@privacy-protection.email","","","","","","","","","","hostmaster@domeneshop.no","","","","","","","","","","","","","ns1.hyp.net","ns2.hyp.net","ns3.hyp.net","","clientTransferProhibited","","",""
"34","infmox.com","2019-12-03 16:42:11","2019-12-01","2019-12-01","2020-12-01","1636","Hostinger, UAB","whois.hostinger.com","http://www.hostinger.com","GDPR Masked","GDPR Masked","GDPR Masked GDPR Masked GDPR Masked","GDPR Masked","Oslo","GDPR Masked","Norway","gdpr-masking@gdpr-masked.com","+GDPR Masked.GDPR Masked","+GDPR Masked.GDPR Masked","GDPR Masked","GDPR Masked","GDPR Masked GDPR Masked GDPR Masked","GDPR Masked","Oslo","GDPR Masked","Norway","gdpr-masking@gdpr-masked.com","+GDPR Masked.GDPR Masked","+GDPR Masked.GDPR Masked","GDPR Masked","GDPR Masked","GDPR Masked GDPR Masked GDPR Masked","GDPR Masked","Oslo","GDPR Masked","Norway","gdpr-masking@gdpr-masked.com","+GDPR Masked.GDPR Masked","+GDPR Masked.GDPR Masked","","","","","","","","","","","ns1.dns-parking.com","ns2.dns-parking.com","","","clientTransferProhibited","","",""
"35","jaguarenskraft.com","2019-12-03 14:57:24","2019-12-01","2019-12-01","2020-12-01","106","Ascio Technologies, Inc. Danmark - Filial af Ascio technologies, Inc. USA","whois.ascio.com","http://www.ascio.com","Not Disclosed","Not Disclosed","Not Disclosed","Not Disclosed","","Not Disclosed","Norway","","Not Disclosed","Not Disclosed","Not Disclosed","Not Disclosed","Not Disclosed","Not Disclosed","Not Disclosed","Not Disclosed","Not Disclosed","","Not Disclosed","Not Disclosed","Not Disclosed","Not Disclosed","Not Disclosed","Not Disclosed","Not Disclosed","Not Disclosed","Not Disclosed","","Not Disclosed","Not Disclosed","","","","","","","","","","","ns1.loopia.se","ns2.loopia.se","","","OK","","",""
"36","karolineskauen.com","2019-12-03 15:04:13","2019-12-02","2019-12-02","2020-12-02","3817","Wix.com Ltd.","","","Statutory Masking Enabled","Statutory Masking Enabled","Statutory Masking Enabled","Statutory Masking Enabled","01","Statutory Masking Enabled","Norway","karolineskauen.com@wix-domains.com","Statutory Masking Enabled","Statutory Masking Enabled","Statutory Masking Enabled","Statutory Masking Enabled","Statutory Masking Enabled","Statutory Masking Enabled","01","Statutory Masking Enabled","Norway","karoline.ska@hotmail.com","Statutory Masking Enabled","Statutory Masking Enabled","Statutory Masking Enabled","Statutory Masking Enabled","Statutory Masking Enabled","Statutory Masking Enabled","01","Statutory Masking Enabled","Norway","karoline.ska@hotmail.com","Statutory Masking Enabled","Statutory Masking Enabled","","","","","","","","","","","ns4.wixdns.net","ns5.wixdns.net","","","clientTransferProhibited","clientUpdateProhibited","",""
"37","kjernsbekkit.com","2019-12-03 18:52:03","2019-12-01","2019-12-01","2020-12-01","1636","Hostinger, UAB","whois.hostinger.com","http://www.hostinger.com","GDPR Masked","GDPR Masked","GDPR Masked GDPR Masked GDPR Masked","GDPR Masked","Akershus","GDPR Masked","Norway","gdpr-masking@gdpr-masked.com","+GDPR Masked.GDPR Masked","+GDPR Masked.GDPR Masked","GDPR Masked","GDPR Masked","GDPR Masked GDPR Masked GDPR Masked","GDPR Masked","Akershus","GDPR Masked","Norway","gdpr-masking@gdpr-masked.com","+GDPR Masked.GDPR Masked","+GDPR Masked.GDPR Masked","GDPR Masked","GDPR Masked","GDPR Masked GDPR Masked GDPR Masked","GDPR Masked","Akershus","GDPR Masked","Norway","gdpr-masking@gdpr-masked.com","+GDPR Masked.GDPR Masked","+GDPR Masked.GDPR Masked","","","","","","","","","","","ns1.dns-parking.com","ns2.dns-parking.com","","","clientTransferProhibited","","",""
"38","ksewinter.cloud","2019-12-03 18:05:54","2019-12-02","2019-12-02","2020-12-02","1001","Domeneshop AS dba  domainnameshop.com","whois.domainnameshop.com","http://www.domainnameshop.com","","","","","","","Norway","","","","","","","","","","","","","","","","","","","","","","","","","","","","","","","","","","ns2.wixdns.net","ns3.wixdns.net","","","addPeriod","clientTransferProhibited","",""
"39","letsmakelabels.com","2019-12-03 15:58:13","2019-12-02","2019-12-02","2020-12-02","146","GoDaddy.com, LLC","whois.godaddy.com","http://registrar.godaddy.com","","","","","OSLO","","Norway","","","","","","","","","","","","","","","","","","","","","","","","","","","","","","","","","","ns27.domaincontrol.com","ns28.domaincontrol.com","","","clientDeleteProhibited","clientRenewProhibited","clientTransferProhibited","clientUpdateProhibited"
"40","lofotbox.com","2019-12-03 16:57:14","2019-12-02","2019-12-02","2020-12-02","1001","Domeneshop AS dba  domainnameshop.com","whois.domainnameshop.com","http://www.domainnameshop.com","LOFOT PORTEN OPPLEVELSER AS","LOFOT PORTEN OPPLEVELSER AS","","","","","Norway","iqexov4wcdka@privacy-protection.email","","","","","","","","","","ziak6ce937yo@privacy-protection.email","","","","","","","","","","hostmaster@domeneshop.no","","","","","","","","","","","","","ns1.hyp.net","ns2.hyp.net","ns3.hyp.net","","clientTransferProhibited","","",""
"41","madewithmoonshine.com","2019-12-03 18:29:45","2019-12-02","2019-12-02","2020-12-02","146","GoDaddy.com, LLC","whois.godaddy.com","http://registrar.godaddy.com","Dsign Media AS","Dsign Media AS","","","Norway","","Norway","","","","","","","","","","","","","","","","","","","","","","","","","","","","","","","","","","ns27.domaincontrol.com","ns28.domaincontrol.com","","","clientDeleteProhibited","clientRenewProhibited","clientTransferProhibited","clientUpdateProhibited"
"42","matloggen.net","2019-12-03 15:32:45","2019-12-02","2019-12-02","2020-12-02","1001","Domeneshop AS dba  domainnameshop.com","whois.domainnameshop.com","http://www.domainnameshop.com","","","","","","","Norway","f75d9q6qtf3t@privacy-protection.email","","","","","","","","","","y6hjasjxrc7w@privacy-protection.email","","","","","","","","","","hostmaster@domeneshop.no","","","","","","","","","","","","","ns1.hyp.net","ns2.hyp.net","ns3.hyp.net","","clientTransferProhibited","","",""
"43","medlemsforsakringar.com","2019-12-03 15:43:02","2019-12-02","2019-12-02","2020-12-02","839","Realtime Register B.V.","whois.yoursrs.com","http://www.realtimeregister.com","REDACTED FOR PRIVACY","REDACTED FOR PRIVACY","REDACTED FOR PRIVACY","REDACTED FOR PRIVACY","","REDACTED FOR PRIVACY","Norway","","REDACTED FOR PRIVACY","REDACTED FOR PRIVACY","REDACTED FOR PRIVACY","REDACTED FOR PRIVACY","REDACTED FOR PRIVACY","REDACTED FOR PRIVACY","REDACTED FOR PRIVACY","REDACTED FOR PRIVACY","REDACTED FOR PRIVACY","","REDACTED FOR PRIVACY","REDACTED FOR PRIVACY","REDACTED FOR PRIVACY","REDACTED FOR PRIVACY","REDACTED FOR PRIVACY","REDACTED FOR PRIVACY","REDACTED FOR PRIVACY","REDACTED FOR PRIVACY","REDACTED FOR PRIVACY","","REDACTED FOR PRIVACY","REDACTED FOR PRIVACY","","","","","","","","","","","dns1.ssc.net","dns2.ssc.net","","","addPeriod","ok","",""
"44","microhelse-lillestrom.com","2019-12-03 18:47:05","2019-12-01","2019-12-01","2020-12-01","106","Ascio Technologies, Inc. Danmark - Filial af Ascio technologies, Inc. USA","whois.ascio.com","http://www.ascio.com","Not Disclosed","Not Disclosed","Not Disclosed","Not Disclosed","","Not Disclosed","Norway","","Not Disclosed","Not Disclosed","Not Disclosed","Not Disclosed","Not Disclosed","Not Disclosed","Not Disclosed","Not Disclosed","Not Disclosed","","Not Disclosed","Not Disclosed","Not Disclosed","Not Disclosed","Not Disclosed","Not Disclosed","Not Disclosed","Not Disclosed","Not Disclosed","","Not Disclosed","Not Disclosed","","","","","","","","","","","dns1.123hjemmeside.dk","dns2.123hjemmeside.dk","dns3.123hjemmeside.dk","","OK","","",""
"45","minijobben.com","2019-12-03 18:22:53","2019-12-02","2019-12-02","2020-12-02","1387","1API GmbH","whois.1api.net","http://www.1api.net","REDACTED FOR PRIVACY","REDACTED FOR PRIVACY","REDACTED FOR PRIVACY","REDACTED FOR PRIVACY","VESTFOLD","REDACTED FOR PRIVACY","Norway","","REDACTED FOR PRIVACY","","REDACTED FOR PRIVACY","REDACTED FOR PRIVACY","REDACTED FOR PRIVACY","REDACTED FOR PRIVACY","REDACTED FOR PRIVACY","REDACTED FOR PRIVACY","REDACTED FOR PRIVACY","","REDACTED FOR PRIVACY","","REDACTED FOR PRIVACY","REDACTED FOR PRIVACY","REDACTED FOR PRIVACY","REDACTED FOR PRIVACY","REDACTED FOR PRIVACY","REDACTED FOR PRIVACY","REDACTED FOR PRIVACY","","REDACTED FOR PRIVACY","","","","","","","","","","","","ns1.dnsdomene.net","ns2.dnsdomene.net","ns3.dnsdomene.net","","clientTransferProhibited","","",""
"46","mobrathen.com","2019-12-03 15:17:05","2019-12-01","2019-12-01","2020-12-01","1001","Domeneshop AS dba  domainnameshop.com","whois.domainnameshop.com","http://www.domainnameshop.com","","","","","","","Norway","mtm5hyqr2ad5@privacy-protection.email","","","","","","","","","","qrxqxnvh8htg@privacy-protection.email","","","","","","","","","","hostmaster@domeneshop.no","","","","","","","","","","","","","ns1.hyp.net","ns2.hyp.net","ns3.hyp.net","","clientTransferProhibited","","",""
"47","moraletest.com","2019-12-03 18:56:54","2019-12-02","2019-12-02","2020-12-02","106","Ascio Technologies, Inc. Danmark - Filial af Ascio technologies, Inc. USA","whois.ascio.com","http://www.ascio.com","Not Disclosed","Not Disclosed","Not Disclosed","Not Disclosed","","Not Disclosed","Norway","","Not Disclosed","Not Disclosed","Not Disclosed","Not Disclosed","Not Disclosed","Not Disclosed","Not Disclosed","Not Disclosed","Not Disclosed","","Not Disclosed","Not Disclosed","Not Disclosed","Not Disclosed","Not Disclosed","Not Disclosed","Not Disclosed","Not Disclosed","Not Disclosed","","Not Disclosed","Not Disclosed","","","","","","","","","","","ns.datacenter.no","ns2.datacenter.no","","","OK","","",""
"48","nor-el.biz","2019-12-03 14:53:32","2019-11-29","2019-11-29","2020-11-29","146","GoDaddy.com, LLC","whois.godaddy.com","http://registrar.godaddy.com","","","","","Troms","","Norway","","","","","","","","","","","","","","","","","","","","","","","","","","","","","","","","","","ns53.domaincontrol.com","ns54.domaincontrol.com","","","addPeriod","clientDeleteProhibited","clientRenewProhibited","clientTransferProhibited"
"49","nordcraft.net","2019-12-03 18:19:39","2019-12-02","2019-12-03","2020-12-02","106","Ascio Technologies, Inc. Danmark - Filial af Ascio technologies, Inc. USA","whois.ascio.com","http://www.ascio.com","Not Disclosed","Not Disclosed","Not Disclosed","Not Disclosed","","Not Disclosed","Norway","","Not Disclosed","Not Disclosed","Not Disclosed","Not Disclosed","Not Disclosed","Not Disclosed","Not Disclosed","Not Disclosed","Not Disclosed","","Not Disclosed","Not Disclosed","Not Disclosed","Not Disclosed","Not Disclosed","Not Disclosed","Not Disclosed","Not Disclosed","Not Disclosed","","Not Disclosed","Not Disclosed","","","","","","","","","","","ns.datacenter.no","ns2.datacenter.no","","","OK","","",""
"50","norwegianbonus.com","2019-12-03 17:42:19","2019-12-02","2019-12-02","2020-12-02","1001","Domeneshop AS dba  domainnameshop.com","whois.domainnameshop.com","http://www.domainnameshop.com","TEIGEN GRUPPEN","TEIGEN GRUPPEN","","","","","Norway","ejr2tz5jzum7@privacy-protection.email","","","","","","","","","","ph8ujsrs6jes@privacy-protection.email","","","","","","","","","","hostmaster@domeneshop.no","","","","","","","","","","","","","ns1.hyp.net","ns2.hyp.net","ns3.hyp.net","","clientTransferProhibited","","",""
"51","oppned.net","2019-12-03 16:53:01","2019-12-01","2019-12-01","2020-12-01","1001","Domeneshop AS dba  domainnameshop.com","whois.domainnameshop.com","http://www.domainnameshop.com","","","","","","","Norway","zuqbuccnrpu7@privacy-protection.email","","","","","","","","","","dffyqshc9wkv@privacy-protection.email","","","","","","","","","","hostmaster@domeneshop.no","","","","","","","","","","","","","ns1.hyp.net","ns2.hyp.net","ns3.hyp.net","","clientTransferProhibited","","",""
"52","ordreplan.com","2019-12-03 15:14:14","2019-12-02","2019-12-02","2020-12-02","1001","Domeneshop AS dba  domainnameshop.com","whois.domainnameshop.com","http://www.domainnameshop.com","LAST FRIDAY AS","LAST FRIDAY AS","","","","","Norway","vn7cqvhqpvoq@privacy-protection.email","","","","","","","","","","5yvt8thh2z6t@privacy-protection.email","","","","","","","","","","hostmaster@domeneshop.no","","","","","","","","","","","","","ns1.hyp.net","ns2.hyp.net","ns3.hyp.net","","clientTransferProhibited","","",""
"53","phoenixinternationalstemcellclinic.com","2019-12-03 18:27:40","2019-12-02","2019-12-02","2020-12-02","106","Ascio Technologies, Inc. Danmark - Filial af Ascio technologies, Inc. USA","whois.ascio.com","http://www.ascio.com","Not Disclosed","Not Disclosed","Not Disclosed","Not Disclosed","","Not Disclosed","Norway","","Not Disclosed","Not Disclosed","Not Disclosed","Not Disclosed","Not Disclosed","Not Disclosed","Not Disclosed","Not Disclosed","Not Disclosed","","Not Disclosed","Not Disclosed","Not Disclosed","Not Disclosed","Not Disclosed","Not Disclosed","Not Disclosed","Not Disclosed","Not Disclosed","","Not Disclosed","Not Disclosed","","","","","","","","","","","ns.datacenter.no","ns2.datacenter.no","","","OK","","",""
"54","plywool.com","2019-12-03 16:34:43","2019-12-02","2019-12-02","2020-12-02","1001","Domeneshop AS dba  domainnameshop.com","whois.domainnameshop.com","http://www.domainnameshop.com","GR&EI AS","GR&EI AS","","","","","Norway","qtskbmqit6yo@privacy-protection.email","","","","","","","","","","2amnjphfqsvb@privacy-protection.email","","","","","","","","","","hostmaster@domeneshop.no","","","","","","","","","","","","","ns1.hyp.net","ns2.hyp.net","ns3.hyp.net","","clientTransferProhibited","","",""
"55","propansenteret.com","2019-12-03 14:42:24","2019-12-02","2019-12-02","2020-12-02","1001","Domeneshop AS dba  domainnameshop.com","whois.domainnameshop.com","http://www.domainnameshop.com","jarle@hoydal.no","jarle@hoydal.no","","","","","Norway","ntm3wpzcnzjb@privacy-protection.email","","","","","","","","","","keiyovs3bfak@privacy-protection.email","","","","","","","","","","hostmaster@domeneshop.no","","","","","","","","","","","","","ns1.hyp.net","ns2.hyp.net","ns3.hyp.net","","clientTransferProhibited","","",""
"56","pure.gold","2019-12-03 16:14:07","2019-12-02","2019-12-02","2020-12-02","1001","Domeneshop AS dba  domainnameshop.com","whois.domainnameshop.com","http://www.domainnameshop.com","Martin Mesicek","Goldsource Norway AS","Dronning Eufemias gt 16","Oslo","","0191","Norway","info@goldsource.no","+47.97140412","","Martin Mesicek","Goldsource Norway AS","Dronning Eufemias gt 16","Oslo","","0191","Norway","info@goldsource.no","+47.97140412","","Martin Mesicek","Goldsource Norway AS","Dronning Eufemias gt 16","Oslo","","0191","Norway","info@goldsource.no","+47.97140412","","","","","","","","","","","","","","","","addPeriod","clientTransferProhibited","",""
"57","relatetheatre.com","2019-12-03 15:10:47","2019-12-01","2019-12-01","2020-12-01","131","Total Web Solutions Ltd. trading as TotalRegistrations","whois.totalregistrations.com","http://www.totalregistrations.com","REDACTED FOR PRIVACY","Parterapeutene AS","REDACTED FOR PRIVACY REDACTED FOR PRIVACY","REDACTED FOR PRIVACY","NA","REDACTED FOR PRIVACY","Norway","","REDACTED FOR PRIVACY","REDACTED FOR PRIVACY","Sten Johnsen","Parterapeutene AS","Godesetdalen 64 A","Stavanger","NA","4034","REDACTED FOR PRIVACY","sten@thinea.no","+47.91580061","","Sten Johnsen","Parterapeutene AS","Godesetdalen 64 A","Stavanger","NA","4034","REDACTED FOR PRIVACY","sten@thinea.no","+47.91580061","","","","","","","","","","","","ns1.minhost.no","ns2.minhost.no","ns3.minhost.no","","clientDeleteProhibited","clientTransferProhibited","clientUpdateProhibited",""
"58","ronnevik.com","2019-12-03 18:52:28","2019-12-02","2019-12-02","2020-12-02","106","Ascio Technologies, Inc. Danmark - Filial af Ascio technologies, Inc. USA","whois.ascio.com","http://www.ascio.com","Not Disclosed","Not Disclosed","Not Disclosed","Not Disclosed","","Not Disclosed","Norway","","Not Disclosed","Not Disclosed","Not Disclosed","Not Disclosed","Not Disclosed","Not Disclosed","Not Disclosed","Not Disclosed","Not Disclosed","","Not Disclosed","Not Disclosed","Not Disclosed","Not Disclosed","Not Disclosed","Not Disclosed","Not Disclosed","Not Disclosed","Not Disclosed","","Not Disclosed","Not Disclosed","","","","","","","","","","","ns.datacenter.no","ns2.datacenter.no","","","OK","","",""
"59","rysnr.com","2019-12-03 14:42:03","2019-12-01","2019-12-01","2021-12-01","146","GoDaddy.com, LLC","whois.godaddy.com","http://registrar.godaddy.com","","","","","Hordaland","","Norway","","","","","","","","","","","","","","","","","","","","","","","","","","","","","","","","","","ns27.domaincontrol.com","ns28.domaincontrol.com","","","clientDeleteProhibited","clientRenewProhibited","clientTransferProhibited","clientUpdateProhibited"
"60","salomonskodk.com","2019-12-03 17:45:50","2019-12-02","2019-12-02","2020-12-02","303","PDR Ltd. d/b/a PublicDomainRegistry.com","whois.publicdomainregistry.com","http://www.publicdomainregistry.com","GDPR Masked","GDPR Masked","GDPR Masked GDPR Masked GDPR Masked","GDPR Masked","MANDAL","GDPR Masked","Norway","gdpr-masking@gdpr-masked.com","+GDPR Masked.GDPR Masked","+GDPR Masked.GDPR Masked","GDPR Masked","GDPR Masked","GDPR Masked GDPR Masked GDPR Masked","GDPR Masked","MANDAL","GDPR Masked","Norway","gdpr-masking@gdpr-masked.com","+GDPR Masked.GDPR Masked","+GDPR Masked.GDPR Masked","GDPR Masked","GDPR Masked","GDPR Masked GDPR Masked GDPR Masked","GDPR Masked","MANDAL","GDPR Masked","Norway","gdpr-masking@gdpr-masked.com","+GDPR Masked.GDPR Masked","+GDPR Masked.GDPR Masked","","","","","","","","","","","dnsbest.earth.orderbox-dns.com","dnsbest.mars.orderbox-dns.com","dnsbest.mercury.orderbox-dns.com","dnsbest.venus.orderbox-dns.com","clientTransferProhibited","","",""
"61","schjolberg-tombre.com","2019-12-03 15:29:10","2019-12-02","2019-12-02","2020-12-02","1001","Domeneshop AS dba  domainnameshop.com","whois.domainnameshop.com","http://www.domainnameshop.com","SHERPA MARKETING AS","SHERPA MARKETING AS","","","","","Norway","wy2iazjdu7ia@privacy-protection.email","","","","","","","","","","ktxkvehvtbd9@privacy-protection.email","","","","","","","","","","hostmaster@domeneshop.no","","","","","","","","","","","","","ns1.hyp.net","ns2.hyp.net","ns3.hyp.net","","clientTransferProhibited","","",""
"62","sealyst.com","2019-12-03 16:14:06","2019-12-02","2019-12-02","2020-12-02","1001","Domeneshop AS dba  domainnameshop.com","whois.domainnameshop.com","http://www.domainnameshop.com","MONSEGAARD V/HALVORSEN","MONSEGAARD V/HALVORSEN","","","","","Norway","j34jebqsftvu@privacy-protection.email","","","","","","","","","","2sn4hfmmubbi@privacy-protection.email","","","","","","","","","","hostmaster@domeneshop.no","","","","","","","","","","","","","ns1.hyp.net","ns2.hyp.net","ns3.hyp.net","","clientTransferProhibited","","",""
"63","secretsantamadeleine.com","2019-12-03 16:46:02","2019-12-01","2019-12-01","2020-12-01","1636","Hostinger, UAB","whois.hostinger.com","http://www.hostinger.com","GDPR Masked","GDPR Masked","GDPR Masked GDPR Masked GDPR Masked","GDPR Masked","Oslo","GDPR Masked","Norway","gdpr-masking@gdpr-masked.com","+GDPR Masked.GDPR Masked","+GDPR Masked.GDPR Masked","GDPR Masked","GDPR Masked","GDPR Masked GDPR Masked GDPR Masked","GDPR Masked","Oslo","GDPR Masked","Norway","gdpr-masking@gdpr-masked.com","+GDPR Masked.GDPR Masked","+GDPR Masked.GDPR Masked","GDPR Masked","GDPR Masked","GDPR Masked GDPR Masked GDPR Masked","GDPR Masked","Oslo","GDPR Masked","Norway","gdpr-masking@gdpr-masked.com","+GDPR Masked.GDPR Masked","+GDPR Masked.GDPR Masked","","","","","","","","","","","ns1.dns-parking.com","ns2.dns-parking.com","","","clientTransferProhibited","","",""
"64","shamiefyarts.com","2019-12-03 17:25:13","2019-12-02","2019-12-03","2020-12-02","106","Ascio Technologies, Inc. Danmark - Filial af Ascio technologies, Inc. USA","whois.ascio.com","http://www.ascio.com","Not Disclosed","Not Disclosed","Not Disclosed","Not Disclosed","","Not Disclosed","Norway","","Not Disclosed","Not Disclosed","Not Disclosed","Not Disclosed","Not Disclosed","Not Disclosed","Not Disclosed","Not Disclosed","Not Disclosed","","Not Disclosed","Not Disclosed","Not Disclosed","Not Disclosed","Not Disclosed","Not Disclosed","Not Disclosed","Not Disclosed","Not Disclosed","","Not Disclosed","Not Disclosed","","","","","","","","","","","ns.datacenter.no","ns2.datacenter.no","","","OK","","",""
"65","slotsguide.guru","2019-12-03 19:10:39","2019-12-02","2019-12-02","2020-12-02","146","GoDaddy.com, LLC","whois.godaddy.com","http://registrar.godaddy.com","REDACTED FOR PRIVACY","Digital Consult AS","REDACTED FOR PRIVACY","REDACTED FOR PRIVACY","Akershus","REDACTED FOR PRIVACY","Norway","","REDACTED FOR PRIVACY","REDACTED FOR PRIVACY","","","","","","","","","","","","","","","","","","","","","","","","","","","","","","","","","","","addPeriod","clientDeleteProhibited","clientRenewProhibited","clientTransferProhibited"
"66","sommerbris.net","2019-12-03 16:50:05","2019-12-02","2019-12-02","2020-12-02","1001","Domeneshop AS dba  domainnameshop.com","whois.domainnameshop.com","http://www.domainnameshop.com","NICOLAI SOLHEIM PROJECTS","NICOLAI SOLHEIM PROJECTS","","","","","Norway","hbzbry8vvffg@privacy-protection.email","","","","","","","","","","utivuomn74rh@privacy-protection.email","","","","","","","","","","hostmaster@domeneshop.no","","","","","","","","","","","","","ns1.hyp.net","ns2.hyp.net","ns3.hyp.net","","clientTransferProhibited","","",""
"67","stabilat.com","2019-12-03 19:04:13","2019-12-02","2019-12-02","2020-12-02","303","PDR Ltd. d/b/a PublicDomainRegistry.com","whois.publicdomainregistry.com","http://www.publicdomainregistry.com","GDPR Masked","GDPR Masked","GDPR Masked GDPR Masked GDPR Masked","GDPR Masked","OSTFOLD","GDPR Masked","Norway","gdpr-masking@gdpr-masked.com","+GDPR Masked.GDPR Masked","+GDPR Masked.GDPR Masked","GDPR Masked","GDPR Masked","GDPR Masked GDPR Masked GDPR Masked","GDPR Masked","OSTFOLD","GDPR Masked","Norway","gdpr-masking@gdpr-masked.com","+GDPR Masked.GDPR Masked","+GDPR Masked.GDPR Masked","GDPR Masked","GDPR Masked","GDPR Masked GDPR Masked GDPR Masked","GDPR Masked","OSTFOLD","GDPR Masked","Norway","gdpr-masking@gdpr-masked.com","+GDPR Masked.GDPR Masked","+GDPR Masked.GDPR Masked","","","","","","","","","","","ns1.shed49.com","ns2.shed49.com","","","clientTransferProhibited","","",""
"68","stereodudes.com","2019-12-03 16:54:02","2019-12-01","2019-12-01","2020-12-01","1387","1API GmbH","whois.1api.net","http://www.1api.net","REDACTED FOR PRIVACY","REDACTED FOR PRIVACY","REDACTED FOR PRIVACY","REDACTED FOR PRIVACY","VESTFOLD","REDACTED FOR PRIVACY","Norway","","REDACTED FOR PRIVACY","","REDACTED FOR PRIVACY","REDACTED FOR PRIVACY","REDACTED FOR PRIVACY","REDACTED FOR PRIVACY","REDACTED FOR PRIVACY","REDACTED FOR PRIVACY","REDACTED FOR PRIVACY","","REDACTED FOR PRIVACY","","REDACTED FOR PRIVACY","REDACTED FOR PRIVACY","REDACTED FOR PRIVACY","REDACTED FOR PRIVACY","REDACTED FOR PRIVACY","REDACTED FOR PRIVACY","REDACTED FOR PRIVACY","","REDACTED FOR PRIVACY","","","","","","","","","","","","ns1.dnsdomene.net","ns2.dnsdomene.net","ns3.dnsdomene.net","","clientTransferProhibited","","",""
"69","superbrukeriexcel.com","2019-12-03 15:29:15","2019-12-02","2019-12-02","2021-12-02","146","GoDaddy.com, LLC","whois.godaddy.com","http://registrar.godaddy.com","Hakon Andersen Productions","Hakon Andersen Productions","","","Oslo","","Norway","","","","","","","","","","","","","","","","","","","","","","","","","","","","","","","","","","ns27.domaincontrol.com","ns28.domaincontrol.com","","","clientDeleteProhibited","clientRenewProhibited","clientTransferProhibited","clientUpdateProhibited"
"70","taxibergen.net","2019-12-03 19:00:35","2019-12-02","2019-12-02","2020-12-02","1001","Domeneshop AS dba  domainnameshop.com","whois.domainnameshop.com","http://www.domainnameshop.com","NORSKINFO AS","NORSKINFO AS","","","","","Norway","4szhryp5jatx@privacy-protection.email","","","","","","","","","","sfpdhnrpnmg8@privacy-protection.email","","","","","","","","","","hostmaster@domeneshop.no","","","","","","","","","","","","","ns1.hyp.net","ns2.hyp.net","ns3.hyp.net","","clientTransferProhibited","","",""
"71","taxibergen.taxi","2019-12-03 17:17:40","2019-12-02","2019-12-02","2020-12-02","1001","Domeneshop AS dba  domainnameshop.com","whois.domainnameshop.com","http://www.domainnameshop.com","REDACTED FOR PRIVACY","NORSKINFO AS","REDACTED FOR PRIVACY","REDACTED FOR PRIVACY","","REDACTED FOR PRIVACY","Norway","","REDACTED FOR PRIVACY","REDACTED FOR PRIVACY","","","","","","","","","","","","","","","","","","","","","","","","","","","","","","","","","","","addPeriod","clientTransferProhibited","",""
"72","technorway.net","2019-12-03 14:52:48","2019-12-02","2019-12-02","2020-12-02","955","Launchpad, Inc.","whois.launchpad.com","http://www.launchpad.com","GDPR Masked","GDPR Masked","GDPR Masked GDPR Masked GDPR Masked","GDPR Masked","17","GDPR Masked","Norway","gdpr-masking@gdpr-masked.com","+GDPR Masked.GDPR Masked","+GDPR Masked.GDPR Masked","GDPR Masked","GDPR Masked","GDPR Masked GDPR Masked GDPR Masked","GDPR Masked","17","GDPR Masked","Norway","gdpr-masking@gdpr-masked.com","+GDPR Masked.GDPR Masked","+GDPR Masked.GDPR Masked","GDPR Masked","GDPR Masked","GDPR Masked GDPR Masked GDPR Masked","GDPR Masked","17","GDPR Masked","Norway","gdpr-masking@gdpr-masked.com","+GDPR Masked.GDPR Masked","+GDPR Masked.GDPR Masked","","","","","","","","","","","ns8213.hostgator.com","ns8214.hostgator.com","","","clientTransferProhibited","","",""
"73","teigengroup.com","2019-12-03 14:42:59","2019-12-02","2019-12-02","2020-12-02","1001","Domeneshop AS dba  domainnameshop.com","whois.domainnameshop.com","http://www.domainnameshop.com","TEIGEN GRUPPEN","TEIGEN GRUPPEN","","","","","Norway","fnkcpfyup6rg@privacy-protection.email","","","","","","","","","","fj4zyowrqc7t@privacy-protection.email","","","","","","","","","","hostmaster@domeneshop.no","","","","","","","","","","","","","ns1.hyp.net","ns2.hyp.net","ns3.hyp.net","","clientTransferProhibited","","",""
"74","teigengruppen.com","2019-12-03 17:01:32","2019-12-02","2019-12-02","2020-12-02","1001","Domeneshop AS dba  domainnameshop.com","whois.domainnameshop.com","http://www.domainnameshop.com","TEIGEN GRUPPEN","TEIGEN GRUPPEN","","","","","Norway","zckiwgeih8d6@privacy-protection.email","","","","","","","","","","h5vzwp4ap5mz@privacy-protection.email","","","","","","","","","","hostmaster@domeneshop.no","","","","","","","","","","","","","ns1.hyp.net","ns2.hyp.net","ns3.hyp.net","","clientTransferProhibited","","",""
"75","theroiapp.com","2019-12-03 18:33:46","2019-12-02","2019-12-02","2020-12-02","106","Ascio Technologies, Inc. Danmark - Filial af Ascio technologies, Inc. USA","whois.ascio.com","http://www.ascio.com","Not Disclosed","Not Disclosed","Not Disclosed","Not Disclosed","","Not Disclosed","Norway","","Not Disclosed","Not Disclosed","Not Disclosed","Not Disclosed","Not Disclosed","Not Disclosed","Not Disclosed","Not Disclosed","Not Disclosed","","Not Disclosed","Not Disclosed","Not Disclosed","Not Disclosed","Not Disclosed","Not Disclosed","Not Disclosed","Not Disclosed","Not Disclosed","","Not Disclosed","Not Disclosed","","","","","","","","","","","ns.datacenter.no","ns2.datacenter.no","","","OK","","",""
"76","thesavingjuan.com","2019-12-03 18:15:56","2019-12-01","2019-12-01","2020-12-01","955","Launchpad, Inc.","whois.launchpad.com","http://www.launchpad.com","GDPR Masked","GDPR Masked","GDPR Masked GDPR Masked GDPR Masked","GDPR Masked","11","GDPR Masked","Norway","gdpr-masking@gdpr-masked.com","+GDPR Masked.GDPR Masked","+GDPR Masked.GDPR Masked","GDPR Masked","GDPR Masked","GDPR Masked GDPR Masked GDPR Masked","GDPR Masked","11","GDPR Masked","Norway","gdpr-masking@gdpr-masked.com","+GDPR Masked.GDPR Masked","+GDPR Masked.GDPR Masked","GDPR Masked","GDPR Masked","GDPR Masked GDPR Masked GDPR Masked","GDPR Masked","11","GDPR Masked","Norway","gdpr-masking@gdpr-masked.com","+GDPR Masked.GDPR Masked","+GDPR Masked.GDPR Masked","","","","","","","","","","","ns8213.hostgator.com","ns8214.hostgator.com","","","clientTransferProhibited","","",""
"77","thoshost.com","2019-12-03 19:07:51","2019-12-02","2019-12-02","2020-12-02","106","Ascio Technologies, Inc. Danmark - Filial af Ascio technologies, Inc. USA","whois.ascio.com","http://www.ascio.com","Not Disclosed","Not Disclosed","Not Disclosed","Not Disclosed","","Not Disclosed","Norway","","Not Disclosed","Not Disclosed","Not Disclosed","Not Disclosed","Not Disclosed","Not Disclosed","Not Disclosed","Not Disclosed","Not Disclosed","","Not Disclosed","Not Disclosed","Not Disclosed","Not Disclosed","Not Disclosed","Not Disclosed","Not Disclosed","Not Disclosed","Not Disclosed","","Not Disclosed","Not Disclosed","","","","","","","","","","","ada.ns.cloudflare.com","jobs.ns.cloudflare.com","","","OK","","",""
"78","trudeskantine.com","2019-12-03 16:39:27","2019-12-02","2019-12-02","2020-12-02","1001","Domeneshop AS dba  domainnameshop.com","whois.domainnameshop.com","http://www.domainnameshop.com","Bankers AS","Bankers AS","","","","","Norway","kpnnyia556rj@privacy-protection.email","","","","","","","","","","xq8grqds7fn9@privacy-protection.email","","","","","","","","","","hostmaster@domeneshop.no","","","","","","","","","","","","","ns1.hyp.net","ns2.hyp.net","ns3.hyp.net","","clientTransferProhibited","","",""
"79","universe2000.com","2019-12-03 14:23:20","2019-12-02","2019-12-02","2020-12-02","146","GoDaddy.com, LLC","whois.godaddy.com","http://registrar.godaddy.com","","","","","Sogn og Fjordane","","Norway","","","","","","","","","","","","","","","","","","","","","","","","","","","","","","","","","","ns27.domaincontrol.com","ns28.domaincontrol.com","","","clientDeleteProhibited","clientRenewProhibited","clientTransferProhibited","clientUpdateProhibited"
"80","valdresvatten.com","2019-12-03 17:25:45","2019-12-01","2019-12-01","2020-12-01","1001","Domeneshop AS dba  domainnameshop.com","whois.domainnameshop.com","http://www.domainnameshop.com","FJELL & FJORD MAT AS","FJELL & FJORD MAT AS","","","","","Norway","at25jqpbtwny@privacy-protection.email","","","","","","","","","","dvr6nvyuqhe6@privacy-protection.email","","","","","","","","","","hostmaster@domeneshop.no","","","","","","","","","","","","","ns1.hyp.net","ns2.hyp.net","ns3.hyp.net","","clientTransferProhibited","","",""
"81","vangsvatten.com","2019-12-03 17:41:37","2019-12-01","2019-12-01","2020-12-01","1001","Domeneshop AS dba  domainnameshop.com","whois.domainnameshop.com","http://www.domainnameshop.com","FJELL & FJORD MAT AS","FJELL & FJORD MAT AS","","","","","Norway","b36utj2qnkaa@privacy-protection.email","","","","","","","","","","yfcbq3juwp4p@privacy-protection.email","","","","","","","","","","hostmaster@domeneshop.no","","","","","","","","","","","","","ns1.hyp.net","ns2.hyp.net","ns3.hyp.net","","clientTransferProhibited","","",""
"82","varmekongen.com","2019-12-03 15:42:11","2019-12-01","2019-12-01","2020-12-01","1001","Domeneshop AS dba  domainnameshop.com","whois.domainnameshop.com","http://www.domainnameshop.com","","","","","","","Norway","xm6gfhrzuuqh@privacy-protection.email","","","","","","","","","","c3jkdqjsnvg3@privacy-protection.email","","","","","","","","","","hostmaster@domeneshop.no","","","","","","","","","","","","","ns1.hyp.net","ns2.hyp.net","ns3.hyp.net","","clientTransferProhibited","","",""
"83","varmved.com","2019-12-03 15:50:48","2019-12-02","2019-12-02","2020-12-02","1001","Domeneshop AS dba  domainnameshop.com","whois.domainnameshop.com","http://www.domainnameshop.com","INFOGRAFISK AS","INFOGRAFISK AS","","","","","Norway","gigaech8mtv7@privacy-protection.email","","","","","","","","","","hjjmsdca6acy@privacy-protection.email","","","","","","","","","","hostmaster@domeneshop.no","","","","","","","","","","","","","ns1.hyp.net","ns2.hyp.net","ns3.hyp.net","","clientTransferProhibited","","",""
"84","vatnahalsenmountainchallenge.com","2019-12-03 17:38:04","2019-12-01","2019-12-01","2020-12-01","955","Launchpad, Inc.","whois.launchpad.com","http://www.launchpad.com","GDPR Masked","GDPR Masked","GDPR Masked GDPR Masked GDPR Masked","GDPR Masked","02","GDPR Masked","Norway","gdpr-masking@gdpr-masked.com","+GDPR Masked.GDPR Masked","+GDPR Masked.GDPR Masked","GDPR Masked","GDPR Masked","GDPR Masked GDPR Masked GDPR Masked","GDPR Masked","02","GDPR Masked","Norway","gdpr-masking@gdpr-masked.com","+GDPR Masked.GDPR Masked","+GDPR Masked.GDPR Masked","GDPR Masked","GDPR Masked","GDPR Masked GDPR Masked GDPR Masked","GDPR Masked","02","GDPR Masked","Norway","gdpr-masking@gdpr-masked.com","+GDPR Masked.GDPR Masked","+GDPR Masked.GDPR Masked","","","","","","","","","","","ns8313.hostgator.com","ns8314.hostgator.com","","","clientTransferProhibited","","",""
"85","vattenofnorway.com","2019-12-03 14:50:33","2019-12-01","2019-12-01","2020-12-01","1001","Domeneshop AS dba  domainnameshop.com","whois.domainnameshop.com","http://www.domainnameshop.com","FJELL & FJORD MAT AS","FJELL & FJORD MAT AS","","","","","Norway","ya9khbcep5uw@privacy-protection.email","","","","","","","","","","vjpmamv8sxan@privacy-protection.email","","","","","","","","","","hostmaster@domeneshop.no","","","","","","","","","","","","","ns1.hyp.net","ns2.hyp.net","ns3.hyp.net","","clientTransferProhibited","","",""
"86","vikingtechub.com","2019-12-03 17:28:17","2019-12-02","2019-12-02","2020-12-02","3817","Wix.com Ltd.","","","Statutory Masking Enabled","Statutory Masking Enabled","Statutory Masking Enabled","Statutory Masking Enabled","18","Statutory Masking Enabled","Norway","vikingtechub.com@wix-domains.com","Statutory Masking Enabled","Statutory Masking Enabled","Statutory Masking Enabled","Statutory Masking Enabled","Statutory Masking Enabled","Statutory Masking Enabled","18","Statutory Masking Enabled","Norway","jacobsenalexja@gmail.com","Statutory Masking Enabled","Statutory Masking Enabled","Statutory Masking Enabled","Statutory Masking Enabled","Statutory Masking Enabled","Statutory Masking Enabled","18","Statutory Masking Enabled","Norway","jacobsenalexja@gmail.com","Statutory Masking Enabled","Statutory Masking Enabled","","","","","","","","","","","ns12.wixdns.net","ns13.wixdns.net","","","clientTransferProhibited","clientUpdateProhibited","",""
"87","visitarcticnorway.net","2019-12-03 14:35:33","2019-12-02","2019-12-02","2020-12-02","1001","Domeneshop AS dba  domainnameshop.com","whois.domainnameshop.com","http://www.domainnameshop.com","VISIT TROMS?-REGION AS","VISIT TROMS?-REGION AS","","","","","Norway","ummshxypa4wb@privacy-protection.email","","","","","","","","","","ezcfjj5zkwmm@privacy-protection.email","","","","","","","","","","hostmaster@domeneshop.no","","","","","","","","","","","","","ns1.hyp.net","ns2.hyp.net","ns3.hyp.net","","clientTransferProhibited","","",""
"88","walaazaghloula.com","2019-12-03 16:42:25","2019-12-01","2019-12-01","2020-12-01","468","Amazon Registrar, Inc.","whois.nic.ir","http://www.ait.com","walaa zaghloula","","Maridalsveien 205","Oslo","","0469","Norway","walaazaghloula@gmail.com","+47.46246065","","walaa zaghloula","","Maridalsveien 205","Oslo","","0469","Norway","walaazaghloula@gmail.com","+47.46246065","","walaa zaghloula","","Maridalsveien 205","Oslo","","0469","Norway","walaazaghloula@gmail.com","+47.46246065","","","","","","","","","","","","ns-1423.awsdns-49.org","ns-156.awsdns-19.com","ns-1862.awsdns-40.co.uk","ns-836.awsdns-40.net","addPeriod","ok","",""
"89","waterlyst.com","2019-12-03 15:14:42","2019-12-02","2019-12-02","2020-12-02","1001","Domeneshop AS dba  domainnameshop.com","whois.domainnameshop.com","http://www.domainnameshop.com","MONSEGAARD V/HALVORSEN","MONSEGAARD V/HALVORSEN","","","","","Norway","y4ztvdsnyxcw@privacy-protection.email","","","","","","","","","","yecpqg8umz92@privacy-protection.email","","","","","","","","","","hostmaster@domeneshop.no","","","","","","","","","","","","","ns1.hyp.net","ns2.hyp.net","ns3.hyp.net","","clientTransferProhibited","","",""
"90","xapro3dnorge.com","2019-12-03 15:24:31","2019-12-02","2019-12-02","2020-12-02","303","PDR Ltd. d/b/a PublicDomainRegistry.com","whois.publicdomainregistry.com","http://www.publicdomainregistry.com","GDPR Masked","GDPR Masked","GDPR Masked GDPR Masked GDPR Masked","GDPR Masked","MANDAL","GDPR Masked","Norway","gdpr-masking@gdpr-masked.com","+GDPR Masked.GDPR Masked","+GDPR Masked.GDPR Masked","GDPR Masked","GDPR Masked","GDPR Masked GDPR Masked GDPR Masked","GDPR Masked","MANDAL","GDPR Masked","Norway","gdpr-masking@gdpr-masked.com","+GDPR Masked.GDPR Masked","+GDPR Masked.GDPR Masked","GDPR Masked","GDPR Masked","GDPR Masked GDPR Masked GDPR Masked","GDPR Masked","MANDAL","GDPR Masked","Norway","gdpr-masking@gdpr-masked.com","+GDPR Masked.GDPR Masked","+GDPR Masked.GDPR Masked","","","","","","","","","","","dnsbest.earth.orderbox-dns.com","dnsbest.mars.orderbox-dns.com","dnsbest.mercury.orderbox-dns.com","dnsbest.venus.orderbox-dns.com","clientTransferProhibited","","",""
"91","xn--bordlper-94a.com","2019-12-03 15:31:39","2019-12-02","2019-12-02","2020-12-02","1001","Domeneshop AS dba  domainnameshop.com","whois.domainnameshop.com","http://www.domainnameshop.com","GG, WELL PLAYED! CHRISTIAN LINDQUIST","GG, WELL PLAYED! CHRISTIAN LINDQUIST","","","","","Norway","bdk8ydyc7evf@privacy-protection.email","","","","","","","","","","hk35p8b2urmn@privacy-protection.email","","","","","","","","","","hostmaster@domeneshop.no","","","","","","","","","","","","","ns1.hyp.net","ns2.hyp.net","ns3.hyp.net","","clientTransferProhibited","","",""