"num","domain_name","query_time","create_date","update_date","expiry_date","domain_registrar_id","domain_registrar_name","domain_registrar_whois","domain_registrar_url","registrant_name","registrant_company","registrant_address","registrant_city","registrant_state","registrant_zip","registrant_country","registrant_email","registrant_phone","registrant_fax","administrative_name","administrative_company","administrative_address","administrative_city","administrative_state","administrative_zip","administrative_country","administrative_email","administrative_phone","administrative_fax","technical_name","technical_company","technical_address","technical_city","technical_state","technical_zip","technical_country","technical_email","technical_phone","technical_fax","billing_name","billing_company","billing_address","billing_city","billing_state","billing_zip","billing_country","billing_email","billing_phone","billing_fax","name_server_1","name_server_2","name_server_3","name_server_4","domain_status_1","domain_status_2","domain_status_3","domain_status_4"
"1","alrradah.com","2019-12-03 17:00:20","2019-12-02","2019-12-02","2020-12-02","146","GoDaddy.com, LLC","whois.godaddy.com","http://registrar.godaddy.com","Alraddah","Alraddah","","","Muscat","","Oman","","","","","","","","","","","","","","","","","","","","","","","","","","","","","","","","","","ns27.domaincontrol.com","ns28.domaincontrol.com","","","clientDeleteProhibited","clientRenewProhibited","clientTransferProhibited","clientUpdateProhibited"
"2","asanxp.com","2019-12-03 15:03:32","2019-12-02","2019-12-02","2020-12-02","625","Name.com, Inc.","whois.name.com","http://www.name.com","Mehran Tajeddin","zahra ghamari","Email me if you want to buy the domain","Muscat","Azaiba","590","Oman","mehran.taj@gmail.com","+968.97082062","","Mehran Tajeddin","zahra ghamari","Email me if you want to buy the domain","Dubai","Dubai","02099","United Arab Emirates","mehran.taj@gmail.com","+968.97082062","","Mehran Tajeddin","zahra ghamari","Email me if you want to buy the domain","Dubai","Dubai","02099","United Arab Emirates","mehran.taj@gmail.com","+968.97082062","","","","","","","","","","","","ns1vwx.name.com","ns2lns.name.com","ns3qtx.name.com","ns4fqz.name.com","addPeriod","clientTransferProhibited","",""
"3","bss-oman.com","2019-12-03 15:03:01","2019-12-02","2019-12-02","2020-12-02","69","Tucows Domains Inc.","whois.tucows.com","http://domainhelp.opensrs.net","REDACTED FOR PRIVACY","REDACTED FOR PRIVACY","REDACTED FOR PRIVACY","REDACTED FOR PRIVACY","Seeb","REDACTED FOR PRIVACY","Oman","","REDACTED FOR PRIVACY","REDACTED FOR PRIVACY","REDACTED FOR PRIVACY","REDACTED FOR PRIVACY","REDACTED FOR PRIVACY","REDACTED FOR PRIVACY","REDACTED FOR PRIVACY","REDACTED FOR PRIVACY","REDACTED FOR PRIVACY","","REDACTED FOR PRIVACY","REDACTED FOR PRIVACY","REDACTED FOR PRIVACY","REDACTED FOR PRIVACY","REDACTED FOR PRIVACY","REDACTED FOR PRIVACY","REDACTED FOR PRIVACY","REDACTED FOR PRIVACY","REDACTED FOR PRIVACY","","REDACTED FOR PRIVACY","REDACTED FOR PRIVACY","","","","","","","","","","","ns1.cloudacropolis.com","ns2.cloudacropolis.com","","","clientTransferProhibited","clientUpdateProhibited","",""
"4","floorfashionsme.com","2019-12-03 18:34:04","2019-12-02","2019-12-02","2020-12-02","146","GoDaddy.com, LLC","whois.godaddy.com","http://registrar.godaddy.com","Info Park","Info Park","","","Salalah","","Oman","","","","","","","","","","","","","","","","","","","","","","","","","","","","","","","","","","ns27.domaincontrol.com","ns28.domaincontrol.com","","","clientDeleteProhibited","clientRenewProhibited","clientTransferProhibited","clientUpdateProhibited"
"5","j8xo.com","2019-12-03 17:43:11","2019-12-02","2019-12-02","2020-12-02","146","GoDaddy.com, LLC","whois.godaddy.com","http://registrar.godaddy.com","shettsasa","shettsasa","","","adadas","","Oman","","","","","","","","","","","","","","","","","","","","","","","","","","","","","","","","","","ns27.domaincontrol.com","ns28.domaincontrol.com","","","clientDeleteProhibited","clientRenewProhibited","clientTransferProhibited","clientUpdateProhibited"
"6","majantech.com","2019-12-03 17:59:36","2019-12-02","2019-12-02","2020-12-02","146","GoDaddy.com, LLC","whois.godaddy.com","http://registrar.godaddy.com","IT Knowledge Trading","IT Knowledge Trading","","","NA","","Oman","","","","","","","","","","","","","","","","","","","","","","","","","","","","","","","","","","ns1.qcthost.com","ns2.qcthost.com","","","clientDeleteProhibited","clientRenewProhibited","clientTransferProhibited","clientUpdateProhibited"
"7","muscat-osteopathy.com","2019-12-03 15:03:28","2019-12-02","2019-12-02","2021-12-02","146","GoDaddy.com, LLC","whois.godaddy.com","http://registrar.godaddy.com","","","","","muscat","","Oman","","","","","","","","","","","","","","","","","","","","","","","","","","","","","","","","","","ns27.domaincontrol.com","ns28.domaincontrol.com","","","clientDeleteProhibited","clientRenewProhibited","clientTransferProhibited","clientUpdateProhibited"
"8","muscatdiscclinic.com","2019-12-03 15:07:04","2019-12-02","2019-12-02","2021-12-02","146","GoDaddy.com, LLC","whois.godaddy.com","http://registrar.godaddy.com","","","","","muscat","","Oman","","","","","","","","","","","","","","","","","","","","","","","","","","","","","","","","","","ns27.domaincontrol.com","ns28.domaincontrol.com","","","clientDeleteProhibited","clientRenewProhibited","clientTransferProhibited","clientUpdateProhibited"
"9","omanboutique.com","2019-12-03 18:49:09","2019-12-02","2019-12-02","2020-12-02","146","GoDaddy.com, LLC","whois.godaddy.com","http://registrar.godaddy.com","store","store","","","\u0627\u0644\u0645\u0639\u062a\u0632\u0629","","Oman","","","","","","","","","","","","","","","","","","","","","","","","","","","","","","","","","","ns27.domaincontrol.com","ns28.domaincontrol.com","","","OK","","",""
"10","singhsamosa.com","2019-12-03 16:25:41","2019-12-02","2019-12-02","2024-12-02","146","GoDaddy.com, LLC","whois.godaddy.com","http://registrar.godaddy.com","Great food catering and events","Great food catering and events","","","Muscat","","Oman","","","","","","","","","","","","","","","","","","","","","","","","","","","","","","","","","","ns27.domaincontrol.com","ns28.domaincontrol.com","","","clientDeleteProhibited","clientRenewProhibited","clientTransferProhibited","clientUpdateProhibited"
"11","v4cx.com","2019-12-03 18:34:02","2019-12-02","2019-12-02","2020-12-02","146","GoDaddy.com, LLC","whois.godaddy.com","http://registrar.godaddy.com","shettsasa","shettsasa","","","adadas","","Oman","","","","","","","","","","","","","","","","","","","","","","","","","","","","","","","","","","ns27.domaincontrol.com","ns28.domaincontrol.com","","","clientDeleteProhibited","clientRenewProhibited","clientTransferProhibited","clientUpdateProhibited"
"12","windowofinformation.com","2019-12-03 17:00:38","2019-12-02","2019-12-02","2020-12-02","1636","Hostinger, UAB","whois.hostinger.com","http://www.hostinger.com","Qazi Nasir Nasir","Qazi Nasir Nasir","University of Nizwa","Nizwa","Al Dakliyia","611","Oman","qazinasir@gmail.com","+968.94986017","","Qazi Nasir Nasir","Qazi Nasir Nasir","University of Nizwa","Nizwa","Al Dakliyia","611","Oman","qazinasir@gmail.com","+968.94986017","","Qazi Nasir Nasir","Qazi Nasir Nasir","University of Nizwa","Nizwa","Al Dakliyia","611","Oman","qazinasir@gmail.com","+968.94986017","","","","","","","","","","","","chelsea.ns.cloudflare.com","kolton.ns.cloudflare.com","","","clientTransferProhibited","","",""
"13","wrapitrabbit.com","2019-12-03 16:04:22","2019-12-02","2019-12-02","2020-12-02","146","GoDaddy.com, LLC","whois.godaddy.com","http://registrar.godaddy.com","","","","","Oman","","Oman","","","","","","","","","","","","","","","","","","","","","","","","","","","","","","","","","","ns27.domaincontrol.com","ns28.domaincontrol.com","","","clientDeleteProhibited","clientRenewProhibited","clientTransferProhibited","clientUpdateProhibited"