"num","domain_name","query_time","create_date","update_date","expiry_date","domain_registrar_id","domain_registrar_name","domain_registrar_whois","domain_registrar_url","registrant_name","registrant_company","registrant_address","registrant_city","registrant_state","registrant_zip","registrant_country","registrant_email","registrant_phone","registrant_fax","administrative_name","administrative_company","administrative_address","administrative_city","administrative_state","administrative_zip","administrative_country","administrative_email","administrative_phone","administrative_fax","technical_name","technical_company","technical_address","technical_city","technical_state","technical_zip","technical_country","technical_email","technical_phone","technical_fax","billing_name","billing_company","billing_address","billing_city","billing_state","billing_zip","billing_country","billing_email","billing_phone","billing_fax","name_server_1","name_server_2","name_server_3","name_server_4","domain_status_1","domain_status_2","domain_status_3","domain_status_4"
"1","estacionapraguay.com","2019-12-03 14:15:49","2019-12-02","2019-12-02","2020-12-02","146","GoDaddy.com, LLC","whois.godaddy.com","http://registrar.godaddy.com","","","","","Asuncion","","Paraguay","","","","","","","","","","","","","","","","","","","","","","","","","","","","","","","","","","ns27.domaincontrol.com","ns28.domaincontrol.com","","","clientDeleteProhibited","clientRenewProhibited","clientTransferProhibited","clientUpdateProhibited"
"2","lacholitadelborn.com","2019-12-03 18:30:26","2019-12-02","2019-12-02","2020-12-02","303","PDR Ltd. d/b/a PublicDomainRegistry.com","whois.publicdomainregistry.com","http://www.publicdomainregistry.com","Ramon Rodriguez","Kakuaa Digital","Cnel. Oviedo y Alberdi","Villarrica","Guaira","5000","Paraguay","ekakuaa@gmail.com","+595.0976449742","","Ramon Rodriguez","Kakuaa Digital","Cnel. Oviedo y Alberdi","Villarrica","Guaira","5000","Paraguay","ekakuaa@gmail.com","+595.0976449742","","Ramon Rodriguez","Kakuaa Digital","Cnel. Oviedo y Alberdi","Villarrica","Guaira","5000","Paraguay","ekakuaa@gmail.com","+595.0976449742","","","","","","","","","","","","prodominios.earth.orderbox-dns.com","prodominios.mars.orderbox-dns.com","prodominios.mercury.orderbox-dns.com","prodominios.venus.orderbox-dns.com","clientTransferProhibited","","",""
"3","lineparaguay.com","2019-12-03 14:45:03","2019-12-02","2019-12-02","2020-12-02","379","Arsys Internet, S.L. dba NICLINE.COM","whois.nicline.com","http://www.nicline.com","REDACTED FOR PRIVACY","Line","REDACTED FOR PRIVACY","REDACTED FOR PRIVACY","Central","REDACTED FOR PRIVACY","Paraguay","whoiscontact@domainconnection.info","REDACTED FOR PRIVACY","REDACTED FOR PRIVACY","REDACTED FOR PRIVACY","REDACTED FOR PRIVACY","REDACTED FOR PRIVACY","REDACTED FOR PRIVACY","REDACTED FOR PRIVACY","REDACTED FOR PRIVACY","REDACTED FOR PRIVACY","whoiscontact@domainconnection.info","REDACTED FOR PRIVACY","REDACTED FOR PRIVACY","REDACTED FOR PRIVACY","REDACTED FOR PRIVACY","REDACTED FOR PRIVACY","REDACTED FOR PRIVACY","REDACTED FOR PRIVACY","REDACTED FOR PRIVACY","REDACTED FOR PRIVACY","whoiscontact@domainconnection.info","REDACTED FOR PRIVACY","REDACTED FOR PRIVACY","","","","","","","","","","","ns23.maxdominios.com","ns24.maxdominios.com","","","addPeriod","ok","",""
"4","playa-del-sur.club","2019-12-03 17:56:19","2019-12-02","","2020-12-02","1443","Vautron Rechenzentrum AG","whois.antagus.de","http://www.vautron.de","Unternehmernetzwerk Corporation","Unternehmernetzwerk Corporation","","","Central","","Paraguay","","","","","","","","","","","","","","","","","","","","","","","","","","","","","","","","","","5x5.info","ns1.5x5.info","ns2.5x5.info","","addPeriod","ok","",""
"5","playa-del-sur.reisen","2019-12-03 17:40:51","2019-12-02","2019-12-02","2020-12-02","1443","Vautron Rechenzentrum AG","whois.antagus.de","http://www.vautron.de","REDACTED FOR PRIVACY","Unternehmernetzwerk Corporation","REDACTED FOR PRIVACY","REDACTED FOR PRIVACY","Central","REDACTED FOR PRIVACY","Paraguay","","REDACTED FOR PRIVACY","REDACTED FOR PRIVACY","","","","","","","","","","","","","","","","","","","","","","","","","","","","","","","","","","","addPeriod","","",""
"6","playa-del-sur.tours","2019-12-03 14:38:57","2019-12-02","2019-12-02","2020-12-02","1443","Vautron Rechenzentrum AG","whois.antagus.de","http://www.vautron.de","REDACTED FOR PRIVACY","Unternehmernetzwerk Corporation","REDACTED FOR PRIVACY","REDACTED FOR PRIVACY","Central","REDACTED FOR PRIVACY","Paraguay","","REDACTED FOR PRIVACY","REDACTED FOR PRIVACY","","","","","","","","","","","","","","","","","","","","","","","","","","","","","","","","","","","addPeriod","","",""
"7","playadelsur.club","2019-12-03 14:39:22","2019-12-02","","2020-12-02","1443","Vautron Rechenzentrum AG","whois.antagus.de","http://www.vautron.de","Unternehmernetzwerk Corporation","Unternehmernetzwerk Corporation","","","Central","","Paraguay","","","","","","","","","","","","","","","","","","","","","","","","","","","","","","","","","","5x5.info","ns1.5x5.info","ns2.5x5.info","","addPeriod","ok","",""
"8","programacion2019.com","2019-12-03 16:25:48","2019-12-02","2019-12-02","2020-12-02","379","Arsys Internet, S.L. dba NICLINE.COM","whois.nicline.com","http://www.nicline.com","REDACTED FOR PRIVACY","","REDACTED FOR PRIVACY","REDACTED FOR PRIVACY","Caaguazu","REDACTED FOR PRIVACY","Paraguay","whoiscontact@domainconnection.info","REDACTED FOR PRIVACY","REDACTED FOR PRIVACY","REDACTED FOR PRIVACY","REDACTED FOR PRIVACY","REDACTED FOR PRIVACY","REDACTED FOR PRIVACY","REDACTED FOR PRIVACY","REDACTED FOR PRIVACY","REDACTED FOR PRIVACY","whoiscontact@domainconnection.info","REDACTED FOR PRIVACY","REDACTED FOR PRIVACY","REDACTED FOR PRIVACY","REDACTED FOR PRIVACY","REDACTED FOR PRIVACY","REDACTED FOR PRIVACY","REDACTED FOR PRIVACY","REDACTED FOR PRIVACY","REDACTED FOR PRIVACY","whoiscontact@domainconnection.info","REDACTED FOR PRIVACY","REDACTED FOR PRIVACY","","","","","","","","","","","ns1.digitalocean.com","ns2.digitalocean.com","","","addPeriod","clientTransferProhibited","",""
"9","roboticpy.com","2019-12-03 15:28:43","2019-12-02","2019-12-02","2020-12-02","379","Arsys Internet, S.L. dba NICLINE.COM","whois.nicline.com","http://www.nicline.com","REDACTED FOR PRIVACY","","REDACTED FOR PRIVACY","REDACTED FOR PRIVACY","Central","REDACTED FOR PRIVACY","Paraguay","whoiscontact@domainconnection.info","REDACTED FOR PRIVACY","REDACTED FOR PRIVACY","REDACTED FOR PRIVACY","REDACTED FOR PRIVACY","REDACTED FOR PRIVACY","REDACTED FOR PRIVACY","REDACTED FOR PRIVACY","REDACTED FOR PRIVACY","REDACTED FOR PRIVACY","whoiscontact@domainconnection.info","REDACTED FOR PRIVACY","REDACTED FOR PRIVACY","REDACTED FOR PRIVACY","REDACTED FOR PRIVACY","REDACTED FOR PRIVACY","REDACTED FOR PRIVACY","REDACTED FOR PRIVACY","REDACTED FOR PRIVACY","REDACTED FOR PRIVACY","whoiscontact@domainconnection.info","REDACTED FOR PRIVACY","REDACTED FOR PRIVACY","","","","","","","","","","","ns23.maxdominios.com","ns24.maxdominios.com","","","addPeriod","clientTransferProhibited","",""
"10","ropasgrandes.com","2019-12-03 18:43:17","2019-12-02","2019-12-02","2020-12-02","1005","NetEarth One Inc. d/b/a NetEarth","whois.advancedregistrar.com","http://www.netearthone.com","humberto prattes","","Gonzalo Bulnes 333 Esq.Del Maestro Cartagena Esq, Granada","Asuncion","Central","1849","Paraguay","humbertoprattes@hotmail.com","+595.982500969","","humberto prattes","","Gonzalo Bulnes 333 Esq.Del Maestro Cartagena Esq, Granada","Asuncion","Central","1849","Paraguay","humbertoprattes@hotmail.com","+595.982500969","","humberto prattes","","Gonzalo Bulnes 333 Esq.Del Maestro Cartagena Esq, Granada","Asuncion","Central","1849","Paraguay","humbertoprattes@hotmail.com","+595.982500969","","","","","","","","","","","","ns9020.banahosting.com","ns9021.banahosting.com","","","clientTransferProhibited","","",""