"num","domain_name","query_time","create_date","update_date","expiry_date","domain_registrar_id","domain_registrar_name","domain_registrar_whois","domain_registrar_url","registrant_name","registrant_company","registrant_address","registrant_city","registrant_state","registrant_zip","registrant_country","registrant_email","registrant_phone","registrant_fax","administrative_name","administrative_company","administrative_address","administrative_city","administrative_state","administrative_zip","administrative_country","administrative_email","administrative_phone","administrative_fax","technical_name","technical_company","technical_address","technical_city","technical_state","technical_zip","technical_country","technical_email","technical_phone","technical_fax","billing_name","billing_company","billing_address","billing_city","billing_state","billing_zip","billing_country","billing_email","billing_phone","billing_fax","name_server_1","name_server_2","name_server_3","name_server_4","domain_status_1","domain_status_2","domain_status_3","domain_status_4"
"1","agenciapublicite.com","2019-12-03 14:35:30","2019-12-02","2019-12-02","2020-12-02","1383","Soluciones Corporativas IP, SLU","whois.scip.es","http://www.dondominio.com","REDACTED FOR PRIVACY","","REDACTED FOR PRIVACY","REDACTED FOR PRIVACY","Lima","REDACTED FOR PRIVACY","Peru","","REDACTED FOR PRIVACY","REDACTED FOR PRIVACY","REDACTED FOR PRIVACY","REDACTED FOR PRIVACY","REDACTED FOR PRIVACY","REDACTED FOR PRIVACY","REDACTED FOR PRIVACY","REDACTED FOR PRIVACY","REDACTED FOR PRIVACY","","REDACTED FOR PRIVACY","REDACTED FOR PRIVACY","REDACTED FOR PRIVACY","REDACTED FOR PRIVACY","REDACTED FOR PRIVACY","REDACTED FOR PRIVACY","REDACTED FOR PRIVACY","REDACTED FOR PRIVACY","REDACTED FOR PRIVACY","","REDACTED FOR PRIVACY","REDACTED FOR PRIVACY","","","","","","","","","","","ns50441.webempresa.eu","ns50442.webempresa.eu","","","OK","","",""
"2","alemprender.com","2019-12-03 14:30:16","2019-12-02","2019-12-02","2020-12-02","955","Launchpad, Inc.","whois.launchpad.com","http://www.launchpad.com","Al Emprender Latam","None","Los olivos , los rosales de pro","Lima","LIM","15000","Peru","alemprender.latam@gmail.com","+51.975559206","","Al Emprender Latam","None","Los olivos , los rosales de pro","Lima","LIM","15000","Peru","alemprender.latam@gmail.com","+51.975559206","","Al Emprender Latam","None","Los olivos , los rosales de pro","Lima","LIM","15000","Peru","alemprender.latam@gmail.com","+51.975559206","","","","","","","","","","","","ns8267.hostgator.com","ns8268.hostgator.com","","","clientTransferProhibited","","",""
"3","alexdelacruzremax.com","2019-12-03 17:38:09","2019-12-02","2019-12-02","2020-12-02","151","PSI-USA, Inc. dba Domain Robot","whois.psi-usa.info","http://www.psi-usa.info","REDACTED FOR PRIVACY","","REDACTED FOR PRIVACY","REDACTED FOR PRIVACY","PE","REDACTED FOR PRIVACY","Peru","","REDACTED FOR PRIVACY","REDACTED FOR PRIVACY","REDACTED FOR PRIVACY","REDACTED FOR PRIVACY","REDACTED FOR PRIVACY","REDACTED FOR PRIVACY","REDACTED FOR PRIVACY","REDACTED FOR PRIVACY","REDACTED FOR PRIVACY","","REDACTED FOR PRIVACY","REDACTED FOR PRIVACY","REDACTED FOR PRIVACY","REDACTED FOR PRIVACY","REDACTED FOR PRIVACY","REDACTED FOR PRIVACY","REDACTED FOR PRIVACY","REDACTED FOR PRIVACY","REDACTED FOR PRIVACY","","REDACTED FOR PRIVACY","REDACTED FOR PRIVACY","","","","","","","","","","","ns1.jimdo.com","ns2.jimdo.com","","","clientTransferProhibited","","",""
"4","allweneedismusic.com","2019-12-03 15:35:13","2019-12-01","2019-12-01","2020-12-01","146","GoDaddy.com, LLC","whois.godaddy.com","http://registrar.godaddy.com","All we need is music","All we need is music","","","Matarani","","Peru","","","","","","","","","","","","","","","","","","","","","","","","","","","","","","","","","","ns27.domaincontrol.com","ns28.domaincontrol.com","","","clientDeleteProhibited","clientRenewProhibited","clientTransferProhibited","clientUpdateProhibited"
"5","amantesexual.com","2019-12-03 18:23:30","2019-12-02","2019-12-02","2020-12-02","146","GoDaddy.com, LLC","whois.godaddy.com","http://registrar.godaddy.com","","","","","PERU","","Peru","","","","","","","","","","","","","","","","","","","","","","","","","","","","","","","","","","ns27.domaincontrol.com","ns28.domaincontrol.com","","","clientDeleteProhibited","clientRenewProhibited","clientTransferProhibited","clientUpdateProhibited"
"6","ambanperu.com","2019-12-03 17:11:16","2019-12-01","2019-12-01","2020-12-01","303","PDR Ltd. d/b/a PublicDomainRegistry.com","whois.publicdomainregistry.com","http://www.publicdomainregistry.com","Jhonny Quispe Flores","WOLRD TECH PERU","Jr Bolognesi 709","Callao","El Callao","51001","Peru","jhonny.qf1993@gmail.com","+51.994443011","","Jhonny Quispe Flores","WOLRD TECH PERU","Jr Bolognesi 709","Callao","El Callao","51001","Peru","jhonny.qf1993@gmail.com","+51.994443011","","Jhonny Quispe Flores","WOLRD TECH PERU","Jr Bolognesi 709","Callao","El Callao","51001","Peru","jhonny.qf1993@gmail.com","+51.994443011","","","","","","","","","","","","ns1.md-96.webhostbox.net","ns2.md-96.webhostbox.net","","","clientTransferProhibited","","",""
"7","ambosjazmin.com","2019-12-03 18:23:54","2019-12-02","2019-12-02","2020-12-02","146","GoDaddy.com, LLC","whois.godaddy.com","http://registrar.godaddy.com","","","","","los olivos","","Peru","","","","","","","","","","","","","","","","","","","","","","","","","","","","","","","","","","ns1.site4now.net","ns2.site4now.net","ns3.site4now.net","","clientDeleteProhibited","clientRenewProhibited","clientTransferProhibited","clientUpdateProhibited"
"8","andamiosacroram.com","2019-12-03 15:47:31","2019-12-01","2019-12-01","2020-12-01","303","PDR Ltd. d/b/a PublicDomainRegistry.com","whois.publicdomainregistry.com","http://www.publicdomainregistry.com","Natali Fernanda Arteaga Gonzales","Andamios Acroram E.I.R.L.","Av. Santiago de Surco 4204 - 4208 Urb. La virreyna","Santiago de Surco","Lima","15049","Peru","andamios.acroram@gmail.com","+51.994227297","","Natali Fernanda Arteaga Gonzales","Andamios Acroram E.I.R.L.","Av. Santiago de Surco 4204 - 4208 Urb. La virreyna","Santiago de Surco","Lima","15049","Peru","andamios.acroram@gmail.com","+51.994227297","","Natali Fernanda Arteaga Gonzales","Andamios Acroram E.I.R.L.","Av. Santiago de Surco 4204 - 4208 Urb. La virreyna","Santiago de Surco","Lima","15049","Peru","andamios.acroram@gmail.com","+51.994227297","","","","","","","","","","","","h2-ns1.hostinga1.com","h2-ns2.hostinga1.com","h2-ns3.hostinga1.com","","clientTransferProhibited","","",""
"9","anunciosargentina.com","2019-12-03 15:16:57","2019-12-01","2019-12-01","2020-12-01","3694","DropCatch.com 1485 LLC","","","carmen cervantes","","av universitaria cdra 31","lima","Lima","l39","Peru","demonio45@gmail.com","+51.977656094","","carmen cervantes","","av universitaria cdra 31","lima","Lima","l39","Peru","demonio45@gmail.com","+51.977656094","","carmen cervantes","","av universitaria cdra 31","lima","Lima","l39","Peru","demonio45@gmail.com","+51.977656094","","","","","","","","","","","","","","","","clientTransferProhibited","","",""
"10","aycadventure.com","2019-12-03 18:34:18","2019-12-02","2019-12-02","2020-12-02","146","GoDaddy.com, LLC","whois.godaddy.com","http://registrar.godaddy.com","","","","","PERU","","Peru","","","","","","","","","","","","","","","","","","","","","","","","","","","","","","","","","","ns27.domaincontrol.com","ns28.domaincontrol.com","","","clientDeleteProhibited","clientRenewProhibited","clientTransferProhibited","clientUpdateProhibited"
"11","ayupanqui.com","2019-12-03 16:09:14","2019-12-01","2019-12-01","2020-12-01","1388","Dattatec.com SRL","whois.dattatec.com","http://www.dattatec.com","Alex Cesar Yupanqui Inocente","Alex Cesar Yupanqui Inocente","Urb. Nicolas Garatea Mz. 67 Lt. 53","Nuevo Chimbote","Santa","","Peru","yuin21@hotmail.com","+51.312518","","Alex Cesar Yupanqui Inocente","Alex Cesar Yupanqui Inocente","Urb. Nicolas Garatea Mz. 67 Lt. 53","Nuevo Chimbote","Santa","","Peru","yuin21@hotmail.com","+51.312518","","Alex Cesar Yupanqui Inocente","Alex Cesar Yupanqui Inocente","Urb. Nicolas Garatea Mz. 67 Lt. 53","Nuevo Chimbote","Santa","","Peru","yuin21@hotmail.com","+51.312518","","","","","","","","","","","","ns1.pcrgroupsac.net.pe","ns2.pcrgroupsac.net.pe","","","OK","","",""
"12","bellagianella.com","2019-12-03 14:54:03","2019-12-02","2019-12-02","2020-12-02","146","GoDaddy.com, LLC","whois.godaddy.com","http://registrar.godaddy.com","","","","","Piura","","Peru","","","","","","","","","","","","","","","","","","","","","","","","","","","","","","","","","","ns4938.banahosting.com","ns4939.banahosting.com","","","OK","","",""
"13","best-fair.com","2019-12-03 14:46:41","2019-12-02","2019-12-02","2020-12-02","146","GoDaddy.com, LLC","whois.godaddy.com","http://registrar.godaddy.com","LinuxCentro.net","LinuxCentro.net","","","Junin","","Peru","","","","","","","","","","","","","","","","","","","","","","","","","","","","","","","","","","ns10.linuxcentro.net","ns9.linuxcentro.net","","","clientDeleteProhibited","clientRenewProhibited","clientTransferProhibited","clientUpdateProhibited"
"14","botdeapuestas.com","2019-12-03 17:11:44","2019-12-02","2019-12-02","2020-12-02","146","GoDaddy.com, LLC","whois.godaddy.com","http://registrar.godaddy.com","","","","","LIMA","","Peru","","","","","","","","","","","","","","","","","","","","","","","","","","","","","","","","","","ns147.alidropship.com","ns148.alidropship.com","","","clientDeleteProhibited","clientRenewProhibited","clientTransferProhibited","clientUpdateProhibited"
"15","brdatagroup.com","2019-12-03 17:41:41","2019-12-02","2019-12-02","2020-12-02","3817","Wix.com Ltd.","","","Roy Fernandez Bolivar","Roy Fernandez Bolivar","Lima 01, Lima01","Lima","LIM","15096","Peru","brdatagroup.com@wix-domains.com","+1.4159496022","","Roy Fernandez Bolivar","Roy Fernandez Bolivar","Lima 01, Lima01","Lima","LIM","15096","Peru","fernandezbolivarroy@gmail.com","+51.962229148","","Roy Fernandez Bolivar","Roy Fernandez Bolivar","Lima 01, Lima01","Lima","LIM","15096","Peru","fernandezbolivarroy@gmail.com","+51.962229148","","","","","","","","","","","","ns6.wixdns.net","ns7.wixdns.net","","","clientTransferProhibited","clientUpdateProhibited","",""
"16","buentema2.com","2019-12-03 15:53:36","2019-12-02","2019-12-02","2020-12-02","625","Name.com, Inc.","whois.name.com","http://www.name.com","Brayan Roman","cuscomedia","Lima , puente piedra","Lima","Lima","01","Peru","webmp3compa@hotmail.com","+51.963834066","","Brayan Roman","cuscomedia","Lima , puente piedra","Lima","Lima","01","Peru","webmp3compa@hotmail.com","+51.963834066","","Brayan Roman","cuscomedia","Lima , puente piedra","Lima","Lima","01","Peru","webmp3compa@hotmail.com","+51.963834066","","","","","","","","","","","","ns1.vs560.my-servers.org","ns2.vs560.my-servers.org","","","addPeriod","clientTransferProhibited","",""
"17","bulejecorporation.com","2019-12-03 14:19:26","2019-12-02","2019-12-02","2020-12-02","146","GoDaddy.com, LLC","whois.godaddy.com","http://registrar.godaddy.com","","","","","SAN MARTIN","","Peru","","","","","","","","","","","","","","","","","","","","","","","","","","","","","","","","","","ns1.legox.com","ns2.legox.com","","","clientDeleteProhibited","clientRenewProhibited","clientTransferProhibited","clientUpdateProhibited"
"18","cablenorte.com","2019-12-03 18:10:47","2019-12-01","2019-12-01","2020-12-01","146","GoDaddy.com, LLC","whois.godaddy.com","http://registrar.godaddy.com","","","","","PERU","","Peru","","","","","","","","","","","","","","","","","","","","","","","","","","","","","","","","","","ns27.domaincontrol.com","ns28.domaincontrol.com","","","clientDeleteProhibited","clientRenewProhibited","clientTransferProhibited","clientUpdateProhibited"
"19","camaparaperroperu.com","2019-12-03 16:48:52","2019-12-02","2019-12-02","2020-12-02","625","Name.com, Inc.","whois.name.com","http://www.name.com","Luis Rodriguez","Lrodriguez","Residencial Huancayo Mz-E Lote-6Lima10","Lima","Lima","051","Peru","malhechor@gmail.com","+51.955101249","","Luis Rodriguez","Lrodriguez","Residencial Huancayo Mz-E Lote-6Lima10","Lima","Lima","051","Peru","malhechor@gmail.com","+51.955101249","","Luis Rodriguez","Lrodriguez","Residencial Huancayo Mz-E Lote-6Lima10","Lima","Lima","051","Peru","malhechor@gmail.com","+51.955101249","","","","","","","","","","","","ns1hwy.name.com","ns2dfg.name.com","ns3cqz.name.com","ns4fqz.name.com","addPeriod","clientTransferProhibited","",""
"20","cartasdeamor10.com","2019-12-03 15:29:12","2019-12-01","2019-12-01","2020-12-01","1005","NetEarth One Inc. d/b/a NetEarth","whois.advancedregistrar.com","http://www.netearthone.com","Jose Carlos","","Av. Luis Fernandes 12 Av. Luis Fernandes 12-C","lima","Lima","51000","Peru","power990254495@gmail.com","+51.990257745","","Jose Carlos","","Av. Luis Fernandes 12 Av. Luis Fernandes 12-C","lima","Lima","51000","Peru","power990254495@gmail.com","+51.990257745","","Jose Carlos","","Av. Luis Fernandes 12 Av. Luis Fernandes 12-C","lima","Lima","51000","Peru","power990254495@gmail.com","+51.990257745","","","","","","","","","","","","ns4934.banahosting.com","ns4935.banahosting.com","","","clientTransferProhibited","","",""
"21","caytesys.com","2019-12-03 16:42:02","2019-12-02","2019-12-02","2020-12-02","48","eNom, Inc.","whois.enom.com","http://www.enom.com","REDACTED FOR PRIVACY","REDACTED FOR PRIVACY","REDACTED FOR PRIVACY","REDACTED FOR PRIVACY","AREQUIPA - AREQUIPA","REDACTED FOR PRIVACY","Peru","","REDACTED FOR PRIVACY","REDACTED FOR PRIVACY","REDACTED FOR PRIVACY","REDACTED FOR PRIVACY","REDACTED FOR PRIVACY","REDACTED FOR PRIVACY","REDACTED FOR PRIVACY","REDACTED FOR PRIVACY","REDACTED FOR PRIVACY","","REDACTED FOR PRIVACY","REDACTED FOR PRIVACY","REDACTED FOR PRIVACY","REDACTED FOR PRIVACY","REDACTED FOR PRIVACY","REDACTED FOR PRIVACY","REDACTED FOR PRIVACY","REDACTED FOR PRIVACY","REDACTED FOR PRIVACY","","REDACTED FOR PRIVACY","REDACTED FOR PRIVACY","","","","","","","","","","","ns1.hostinglabs.net","ns2.hostinglabs.net","ns3.hostinglabs.net","","addPeriod","clientTransferProhibited","",""
"22","ceaconsultora.com","2019-12-03 16:31:30","2019-12-01","2019-12-01","2021-12-01","3817","Wix.com Ltd.","","","CECILIA ARIAS","CECILIA ARIAS","CALLE SANTA ROSA 184","LIMA","LIM","15023","Peru","ceaconsultora.com@wix-domains.com","+1.4159496022","","CECILIA ARIAS","CECILIA ARIAS","CALLE SANTA ROSA 184","LIMA","LIM","15023","Peru","ceciariasc14@gmail.com","+51.997916257","","CECILIA ARIAS","CECILIA ARIAS","CALLE SANTA ROSA 184","LIMA","LIM","15023","Peru","ceciariasc14@gmail.com","+51.997916257","","","","","","","","","","","","ns8.wixdns.net","ns9.wixdns.net","","","clientTransferProhibited","clientUpdateProhibited","",""
"23","centrodeesparcimientomtc.com","2019-12-03 17:14:41","2019-12-01","2019-12-02","2020-12-01","146","GoDaddy.com, LLC","whois.godaddy.com","http://registrar.godaddy.com","fraqncescaweb","fraqncescaweb","","","lima","","Peru","","","","","","","","","","","","","","","","","","","","","","","","","","","","","","","","","","ns1.dreamhost.com","ns2.dreamhost.com","","","clientDeleteProhibited","clientRenewProhibited","clientTransferProhibited","clientUpdateProhibited"
"24","cervezaincaica.com","2019-12-03 16:53:34","2019-12-02","2019-12-02","2020-12-02","303","PDR Ltd. d/b/a PublicDomainRegistry.com","whois.publicdomainregistry.com","http://www.publicdomainregistry.com","Edwin Valdivia","Edwin Valdivia","Yanahuaea","Arequipa","Arequipa","04001","Peru","timempresas@hotmail.com","+51.946195332","","Edwin Valdivia","Edwin Valdivia","Yanahuaea","Arequipa","Arequipa","04001","Peru","timempresas@hotmail.com","+51.946195332","","Edwin Valdivia","Edwin Valdivia","Yanahuaea","Arequipa","Arequipa","04001","Peru","timempresas@hotmail.com","+51.946195332","","","","","","","","","","","","h2-ns1.hostinga1.com","h2-ns2.hostinga1.com","h2-ns3.hostinga1.com","","clientTransferProhibited","","",""
"25","computoperu.net","2019-12-03 18:36:23","2019-12-02","2019-12-03","2020-12-02","1591","Promo People inc.","whois.nic.fr","http://www.ait.com","REDACTED FOR PRIVACY","REDACTED FOR PRIVACY","REDACTED FOR PRIVACY","REDACTED FOR PRIVACY","REDACTED FOR PRIVACY","REDACTED FOR PRIVACY","Peru","","REDACTED FOR PRIVACY","REDACTED FOR PRIVACY","REDACTED FOR PRIVACY","REDACTED FOR PRIVACY","REDACTED FOR PRIVACY","REDACTED FOR PRIVACY","REDACTED FOR PRIVACY","REDACTED FOR PRIVACY","REDACTED FOR PRIVACY","","REDACTED FOR PRIVACY","REDACTED FOR PRIVACY","REDACTED FOR PRIVACY","REDACTED FOR PRIVACY","REDACTED FOR PRIVACY","REDACTED FOR PRIVACY","REDACTED FOR PRIVACY","REDACTED FOR PRIVACY","REDACTED FOR PRIVACY","","REDACTED FOR PRIVACY","REDACTED FOR PRIVACY","","","","","","","","","","","ns1.hostpapa.com","ns2.hostpapa.com","","","clientTransferProhibited","clientUpdateProhibited","",""
"26","comsytelperu.com","2019-12-03 14:18:52","2019-12-02","2019-12-02","2020-12-02","303","PDR Ltd. d/b/a PublicDomainRegistry.com","whois.publicdomainregistry.com","http://www.publicdomainregistry.com","EFRAIN NESTOR QUISPE TIPULA","COMSYTEL PERU","Av. Paseo de la Republica 291 Av. Las Flores de Primavera Mz K2 Lt 16 San Hilari","Lima","Lima","15001","Peru","comsytel@hotmail.com","+51.4023445","","EFRAIN NESTOR QUISPE TIPULA","COMSYTEL PERU","Av. Paseo de la Republica 291 Av. Las Flores de Primavera Mz K2 Lt 16 San Hilari","Lima","Lima","15001","Peru","comsytel@hotmail.com","+51.4023445","","EFRAIN NESTOR QUISPE TIPULA","COMSYTEL PERU","Av. Paseo de la Republica 291 Av. Las Flores de Primavera Mz K2 Lt 16 San Hilari","Lima","Lima","15001","Peru","comsytel@hotmail.com","+51.4023445","","","","","","","","","","","","ns1.dnsmisitio.net","ns2.dnsmisitio.net","ns3.dnsmisitio.net","","clientTransferProhibited","","",""
"27","crconstructoraperu.com","2019-12-03 14:25:28","2019-12-02","2019-12-02","2020-12-02","303","PDR Ltd. d/b/a PublicDomainRegistry.com","whois.publicdomainregistry.com","http://www.publicdomainregistry.com","JORGE HUIDOBRO","2M SOLUCIONES TECNOLOGICAS","Lima","lima","lima","07001","Peru","jhuidobro@2msol.com","+51.916939639","","JORGE HUIDOBRO","2M SOLUCIONES TECNOLOGICAS","Lima","lima","lima","07001","Peru","jhuidobro@2msol.com","+51.916939639","","JORGE HUIDOBRO","2M SOLUCIONES TECNOLOGICAS","Lima","lima","lima","07001","Peru","jhuidobro@2msol.com","+51.916939639","","","","","","","","","","","","ns107.latinoamericahosting.com","ns108.latinoamericahosting.com","","","clientTransferProhibited","","",""
"28","crisyak.com","2019-12-03 14:32:50","2019-12-02","2019-12-02","2020-12-02","303","PDR Ltd. d/b/a PublicDomainRegistry.com","whois.publicdomainregistry.com","http://www.publicdomainregistry.com","Katia Aguirre","STOA ANDINA PROPUESTAS CULTURALES Y TURISTICAS S.A.C.","Calle Electra 173 Dpto C - 303 Chorrillos","Lima","Lima","15054","Peru","katiadnn@outlook.com","+51.2515127","","Katia Aguirre","STOA ANDINA PROPUESTAS CULTURALES Y TURISTICAS S.A.C.","Calle Electra 173 Dpto C - 303 Chorrillos","Lima","Lima","15054","Peru","katiadnn@outlook.com","+51.2515127","","Katia Aguirre","STOA ANDINA PROPUESTAS CULTURALES Y TURISTICAS S.A.C.","Calle Electra 173 Dpto C - 303 Chorrillos","Lima","Lima","15054","Peru","katiadnn@outlook.com","+51.2515127","","","","","","","","","","","","ns1.mazmediahost.com","ns2.mazmediahost.com","","","clientTransferProhibited","","",""
"29","crisyakstyle.com","2019-12-03 14:56:37","2019-12-02","2019-12-02","2020-12-02","303","PDR Ltd. d/b/a PublicDomainRegistry.com","whois.publicdomainregistry.com","http://www.publicdomainregistry.com","Katia Aguirre","STOA ANDINA PROPUESTAS CULTURALES Y TURISTICAS S.A.C.","Calle Electra 173 Dpto C - 303 Chorrillos","Lima","Lima","15054","Peru","katiadnn@outlook.com","+51.2515127","","Katia Aguirre","STOA ANDINA PROPUESTAS CULTURALES Y TURISTICAS S.A.C.","Calle Electra 173 Dpto C - 303 Chorrillos","Lima","Lima","15054","Peru","katiadnn@outlook.com","+51.2515127","","Katia Aguirre","STOA ANDINA PROPUESTAS CULTURALES Y TURISTICAS S.A.C.","Calle Electra 173 Dpto C - 303 Chorrillos","Lima","Lima","15054","Peru","katiadnn@outlook.com","+51.2515127","","","","","","","","","","","","ns1.mazmediahost.com","ns2.mazmediahost.com","","","clientTransferProhibited","","",""
"30","curriculoescolar.com","2019-12-03 14:46:22","2019-12-02","2019-12-03","2020-12-02","1591","Promo People inc.","whois.nic.fr","http://www.ait.com","REDACTED FOR PRIVACY","REDACTED FOR PRIVACY","REDACTED FOR PRIVACY","REDACTED FOR PRIVACY","Lima","REDACTED FOR PRIVACY","Peru","","REDACTED FOR PRIVACY","REDACTED FOR PRIVACY","REDACTED FOR PRIVACY","REDACTED FOR PRIVACY","REDACTED FOR PRIVACY","REDACTED FOR PRIVACY","REDACTED FOR PRIVACY","REDACTED FOR PRIVACY","REDACTED FOR PRIVACY","","REDACTED FOR PRIVACY","REDACTED FOR PRIVACY","REDACTED FOR PRIVACY","REDACTED FOR PRIVACY","REDACTED FOR PRIVACY","REDACTED FOR PRIVACY","REDACTED FOR PRIVACY","REDACTED FOR PRIVACY","REDACTED FOR PRIVACY","","REDACTED FOR PRIVACY","REDACTED FOR PRIVACY","","","","","","","","","","","ns1.hostpapa.com","ns2.hostpapa.com","","","clientTransferProhibited","clientUpdateProhibited","",""
"31","dafexperu.com","2019-12-03 15:03:08","2019-12-01","2019-12-01","2020-12-01","146","GoDaddy.com, LLC","whois.godaddy.com","http://registrar.godaddy.com","","","","","PERU","","Peru","","","","","","","","","","","","","","","","","","","","","","","","","","","","","","","","","","ns1.tibhost.com","ns2.tibhost.com","","","clientDeleteProhibited","clientRenewProhibited","clientTransferProhibited","clientUpdateProhibited"
"32","davmireventos.com","2019-12-03 14:46:44","2019-12-02","2019-12-02","2020-12-02","146","GoDaddy.com, LLC","whois.godaddy.com","http://registrar.godaddy.com","www.Hosting.com.pe","www.Hosting.com.pe","","","Lima","","Peru","","","","","","","","","","","","","","","","","","","","","","","","","","","","","","","","","","ns1.donweb.com","ns2.donweb.com","","","clientDeleteProhibited","clientRenewProhibited","clientTransferProhibited","clientUpdateProhibited"
"33","detodopeinados.com","2019-12-03 17:34:41","2019-12-02","2019-12-02","2020-12-02","1515","Webfusion Ltd.","whois.123-reg.co.uk","http://www.123-reg.co.uk","REDACTED FOR PRIVACY","","REDACTED FOR PRIVACY","REDACTED FOR PRIVACY","","REDACTED FOR PRIVACY","Peru","","REDACTED FOR PRIVACY","REDACTED FOR PRIVACY","","","","","","","","","","","","","","","","","","","","","","","","","","","","","","","ns.123-reg.co.uk","ns2.123-reg.co.uk","","","clientDeleteProhibited","clientTransferProhibited","clientUpdateProhibited",""
"34","detodoperfumes.com","2019-12-03 15:07:26","2019-12-01","2019-12-01","2020-12-01","146","GoDaddy.com, LLC","whois.godaddy.com","http://registrar.godaddy.com","","","","","LIMA","","Peru","","","","","","","","","","","","","","","","","","","","","","","","","","","","","","","","","","ns27.domaincontrol.com","ns28.domaincontrol.com","","","clientDeleteProhibited","clientRenewProhibited","clientTransferProhibited","clientUpdateProhibited"
"35","diariodeganancias.com","2019-12-03 15:24:59","2019-12-02","2019-12-02","2020-12-02","1515","Webfusion Ltd.","whois.123-reg.co.uk","http://www.123-reg.co.uk","REDACTED FOR PRIVACY","","REDACTED FOR PRIVACY","REDACTED FOR PRIVACY","","REDACTED FOR PRIVACY","Peru","","REDACTED FOR PRIVACY","REDACTED FOR PRIVACY","","","","","","","","","","","","","","","","","","","","","","","","","","","","","","","dns1.sered.net","dns2.sered.net","","","clientDeleteProhibited","clientTransferProhibited","clientUpdateProhibited",""
"36","dipatricio.com","2019-12-03 16:01:13","2019-12-02","2019-12-02","2021-12-02","146","GoDaddy.com, LLC","whois.godaddy.com","http://registrar.godaddy.com","","","","","LIMA","","Peru","","","","","","","","","","","","","","","","","","","","","","","","","","","","","","","","","","ns21.domaincontrol.com","ns22.domaincontrol.com","","","clientDeleteProhibited","clientRenewProhibited","clientTransferProhibited","clientUpdateProhibited"
"37","distgal.com","2019-12-03 17:35:06","2019-12-02","2019-12-02","2020-12-02","146","GoDaddy.com, LLC","whois.godaddy.com","http://registrar.godaddy.com","NEX GROUP PERU E.I.R.L.","NEX GROUP PERU E.I.R.L.","","","Lima","","Peru","","","","","","","","","","","","","","","","","","","","","","","","","","","","","","","","","","ns1.nexcreativeperu.com","ns2.nexcreativeperu.com","","","clientDeleteProhibited","clientRenewProhibited","clientTransferProhibited","clientUpdateProhibited"
"38","drogueriamedinca.com","2019-12-03 15:03:37","2019-12-01","2019-12-01","2020-12-01","146","GoDaddy.com, LLC","whois.godaddy.com","http://registrar.godaddy.com","","","","","","","Peru","","","","","","","","","","","","","","","","","","","","","","","","","","","","","","","","","","ns27.domaincontrol.com","ns28.domaincontrol.com","","","clientDeleteProhibited","clientRenewProhibited","clientTransferProhibited","clientUpdateProhibited"
"39","e-gabolu.com","2019-12-03 16:05:11","2019-12-02","2019-12-02","2021-12-02","146","GoDaddy.com, LLC","whois.godaddy.com","http://registrar.godaddy.com","GABOLU","GABOLU","","","Lima","","Peru","","","","","","","","","","","","","","","","","","","","","","","","","","","","","","","","","","ns27.domaincontrol.com","ns28.domaincontrol.com","","","clientDeleteProhibited","clientRenewProhibited","clientTransferProhibited","clientUpdateProhibited"
"40","ecoamazed.com","2019-12-03 15:25:04","2019-12-02","2019-12-02","2022-12-02","146","GoDaddy.com, LLC","whois.godaddy.com","http://registrar.godaddy.com","","","","","08001","","Peru","","","","","","","","","","","","","","","","","","","","","","","","","","","","","","","","","","ns27.domaincontrol.com","ns28.domaincontrol.com","","","clientDeleteProhibited","clientRenewProhibited","clientTransferProhibited","clientUpdateProhibited"
"41","edalsoluciones.com","2019-12-03 16:55:50","2019-12-02","2019-12-02","2020-12-02","303","PDR Ltd. d/b/a PublicDomainRegistry.com","whois.publicdomainregistry.com","http://www.publicdomainregistry.com","ELMER ALVARADO GERONIMO","EDAL SOLUCIONES","CALLE LAS MARGARITAS MZ E LT 06 URB VILLA MARIA","HUARAL","HUARAL","00051","Peru","alvarado112@hotmail.com","+51.942982976","","ELMER ALVARADO GERONIMO","EDAL SOLUCIONES","CALLE LAS MARGARITAS MZ E LT 06 URB VILLA MARIA","HUARAL","HUARAL","00051","Peru","alvarado112@hotmail.com","+51.942982976","","ELMER ALVARADO GERONIMO","EDAL SOLUCIONES","CALLE LAS MARGARITAS MZ E LT 06 URB VILLA MARIA","HUARAL","HUARAL","00051","Peru","alvarado112@hotmail.com","+51.942982976","","","","","","","","","","","","dns7.hostingroup.com","dns8.hostingroup.com","","","clientTransferProhibited","","",""
"42","eduardogtrz.com","2019-12-03 15:04:14","2019-12-01","2019-12-01","2020-12-01","146","GoDaddy.com, LLC","whois.godaddy.com","http://registrar.godaddy.com","Particular","Particular","","","Lima","","Peru","","","","","","","","","","","","","","","","","","","","","","","","","","","","","","","","","","ns27.domaincontrol.com","ns28.domaincontrol.com","","","clientDeleteProhibited","clientRenewProhibited","clientTransferProhibited","clientUpdateProhibited"
"43","eternumpk.com","2019-12-03 14:25:48","2019-12-02","2019-12-02","2020-12-02","1636","Hostinger, UAB","whois.hostinger.com","http://www.hostinger.com","Bryan Barrientos","Bryan Barrientos","Ricarten","Lima","Lima","07001","Peru","bmbm_0518@outlook.es","+51.990059482","","Bryan Barrientos","Bryan Barrientos","Ricarten","Lima","Lima","07001","Peru","bmbm_0518@outlook.es","+51.990059482","","Bryan Barrientos","Bryan Barrientos","Ricarten","Lima","Lima","07001","Peru","bmbm_0518@outlook.es","+51.990059482","","","","","","","","","","","","ns1.dns-parking.com","ns2.dns-parking.com","","","clientTransferProhibited","","",""
"44","faucetsbtc.com","2019-12-03 15:24:28","2019-12-02","2019-12-03","2020-12-02","1591","Promo People inc.","whois.nic.fr","http://www.ait.com","REDACTED FOR PRIVACY","REDACTED FOR PRIVACY","REDACTED FOR PRIVACY","REDACTED FOR PRIVACY","Lima","REDACTED FOR PRIVACY","Peru","","REDACTED FOR PRIVACY","REDACTED FOR PRIVACY","REDACTED FOR PRIVACY","REDACTED FOR PRIVACY","REDACTED FOR PRIVACY","REDACTED FOR PRIVACY","REDACTED FOR PRIVACY","REDACTED FOR PRIVACY","REDACTED FOR PRIVACY","","REDACTED FOR PRIVACY","REDACTED FOR PRIVACY","REDACTED FOR PRIVACY","REDACTED FOR PRIVACY","REDACTED FOR PRIVACY","REDACTED FOR PRIVACY","REDACTED FOR PRIVACY","REDACTED FOR PRIVACY","REDACTED FOR PRIVACY","","REDACTED FOR PRIVACY","REDACTED FOR PRIVACY","","","","","","","","","","","ns1.hostpapa.com","ns2.hostpapa.com","","","clientTransferProhibited","clientUpdateProhibited","",""
"45","fentatsunat.com","2019-12-03 18:17:04","2019-12-02","2019-12-02","2021-12-02","303","PDR Ltd. d/b/a PublicDomainRegistry.com","whois.publicdomainregistry.com","http://www.publicdomainregistry.com","FEDERACION NACIONAL DE TRABAJADORES ADUANEROS Y TRIBUTARIOS DEL PERU - FENTATSUNAT","","PE Lima Calle Huaraz 2090 int.204-B - Pueblo Libre - LIMA 15001","Lima","","15001","Peru","fentatperu@gmail.com","+51.4231763","","FEDERACION NACIONAL DE TRABAJADORES ADUANEROS Y TRIBUTARIOS DEL PERU - FENTATSUNAT","","PE Lima Calle Huaraz 2090 int.204-B - Pueblo Libre - LIMA 15001","Lima","","15001","Peru","fentatperu@gmail.com","+51.4231763","","FEDERACION NACIONAL DE TRABAJADORES ADUANEROS Y TRIBUTARIOS DEL PERU - FENTATSUNAT","","PE Lima Calle Huaraz 2090 int.204-B - Pueblo Libre - LIMA 15001","Lima","","15001","Peru","fentatperu@gmail.com","+51.4231763","","","","","","","","","","","","ns1.yachay.pe","ns2.yachay.pe","","","clientTransferProhibited","","",""
"46","fentatsunat.net","2019-12-03 14:36:11","2019-12-02","2019-12-02","2021-12-02","303","PDR Ltd. d/b/a PublicDomainRegistry.com","whois.publicdomainregistry.com","http://www.publicdomainregistry.com","FEDERACION NACIONAL DE TRABAJADORES ADUANEROS Y TRIBUTARIOS DEL PERU - FENTATSUNAT","","PE Lima Calle Huaraz 2090 int.204-B - Pueblo Libre - LIMA 15001","Lima","","15001","Peru","fentatperu@gmail.com","+51.4231763","","FEDERACION NACIONAL DE TRABAJADORES ADUANEROS Y TRIBUTARIOS DEL PERU - FENTATSUNAT","","PE Lima Calle Huaraz 2090 int.204-B - Pueblo Libre - LIMA 15001","Lima","","15001","Peru","fentatperu@gmail.com","+51.4231763","","FEDERACION NACIONAL DE TRABAJADORES ADUANEROS Y TRIBUTARIOS DEL PERU - FENTATSUNAT","","PE Lima Calle Huaraz 2090 int.204-B - Pueblo Libre - LIMA 15001","Lima","","15001","Peru","fentatperu@gmail.com","+51.4231763","","","","","","","","","","","","ns1.yachay.pe","ns2.yachay.pe","","","clientTransferProhibited","","",""
"47","fibo-master.com","2019-12-03 18:53:30","2019-12-01","2019-12-01","2020-12-01","146","GoDaddy.com, LLC","whois.godaddy.com","http://registrar.godaddy.com","","","","","PERU","","Peru","","","","","","","","","","","","","","","","","","","","","","","","","","","","","","","","","","ns4938.banahosting.com","ns4939.banahosting.com","","","clientDeleteProhibited","clientRenewProhibited","clientTransferProhibited","clientUpdateProhibited"
"48","fiestanewyork2020.com","2019-12-03 17:07:41","2019-12-01","2019-12-01","2020-12-01","146","GoDaddy.com, LLC","whois.godaddy.com","http://registrar.godaddy.com","Fiesta New York","Fiesta New York","","","Lima","","Peru","","","","","","","","","","","","","","","","","","","","","","","","","","","","","","","","","","adi.ns.cloudflare.com","micah.ns.cloudflare.com","","","clientDeleteProhibited","clientRenewProhibited","clientTransferProhibited","clientUpdateProhibited"
"49","gagperu.com","2019-12-03 18:12:46","2019-12-02","2019-12-02","2020-12-02","303","PDR Ltd. d/b/a PublicDomainRegistry.com","whois.publicdomainregistry.com","http://www.publicdomainregistry.com","Brenda Maria Negron Perez","Anzuelo Publicidad","Calle Federico Villarreal N 220 Int P2 Dpto 2 Zona Alt Rambla Br asil Brena,","LIMA","Peru/ lima / Brena","15001","Peru","brendaneg.pe@gmail.com","+51.994724810","","Brenda Maria Negron Perez","Anzuelo Publicidad","Calle Federico Villarreal N 220 Int P2 Dpto 2 Zona Alt Rambla Br asil Brena,","LIMA","Peru/ lima / Brena","15001","Peru","brendaneg.pe@gmail.com","+51.994724810","","Brenda Maria Negron Perez","Anzuelo Publicidad","Calle Federico Villarreal N 220 Int P2 Dpto 2 Zona Alt Rambla Br asil Brena,","LIMA","Peru/ lima / Brena","15001","Peru","brendaneg.pe@gmail.com","+51.994724810","","","","","","","","","","","","ns1.dnslivehost.net","ns2.dnslivehost.net","ns3.dnslivehost.net","","clientTransferProhibited","","",""
"50","galanteototal.com","2019-12-03 17:40:50","2019-12-01","2019-12-02","2020-12-01","1383","Soluciones Corporativas IP, SLU","whois.scip.es","http://www.dondominio.com","Redacted for privacy","","Redacted for privacy","Redacted for privacy","Barranca","Redacted for privacy","Peru","","Redacted for privacy","Redacted for privacy","REDACTED FOR PRIVACY","REDACTED FOR PRIVACY","REDACTED FOR PRIVACY","REDACTED FOR PRIVACY","REDACTED FOR PRIVACY","REDACTED FOR PRIVACY","REDACTED FOR PRIVACY","","REDACTED FOR PRIVACY","REDACTED FOR PRIVACY","REDACTED FOR PRIVACY","REDACTED FOR PRIVACY","REDACTED FOR PRIVACY","REDACTED FOR PRIVACY","REDACTED FOR PRIVACY","REDACTED FOR PRIVACY","REDACTED FOR PRIVACY","","REDACTED FOR PRIVACY","REDACTED FOR PRIVACY","","","","","","","","","","","ns2001.webempresa.eu","ns2002.webempresa.eu","","","OK","","",""
"51","gastronomiasobreruedas.com","2019-12-03 16:38:54","2019-12-01","2019-12-01","2020-12-01","440","Wild West Domains, LLC","whois.wildwestdomains.com","http://www.wildwestdomains.com","Sur Business & Networks","Sur Business & Networks","","","Lima","","Peru","","","","","","","","","","","","","","","","","","","","","","","","","","","","","","","","","","ns1.surnetworks.com","ns2.surnetworks.com","","","clientDeleteProhibited","clientRenewProhibited","clientTransferProhibited","clientUpdateProhibited"
"52","gia-pastry.com","2019-12-03 17:55:48","2019-12-01","2019-12-01","2020-12-01","146","GoDaddy.com, LLC","whois.godaddy.com","http://registrar.godaddy.com","","","","","ATE","","Peru","","","","","","","","","","","","","","","","","","","","","","","","","","","","","","","","","","ns27.domaincontrol.com","ns28.domaincontrol.com","","","clientDeleteProhibited","clientRenewProhibited","clientTransferProhibited","clientUpdateProhibited"
"53","ginandothersinsmagazine.com","2019-12-03 14:39:21","2019-12-02","2019-12-02","2020-12-02","146","GoDaddy.com, LLC","whois.godaddy.com","http://registrar.godaddy.com","Fatfish group ltd","Fatfish group ltd","","","Cheshire","","Peru","","","","","","","","","","","","","","","","","","","","","","","","","","","","","","","","","","ns27.domaincontrol.com","ns28.domaincontrol.com","","","clientDeleteProhibited","clientRenewProhibited","clientTransferProhibited","clientUpdateProhibited"
"54","gmcguitars.com","2019-12-03 15:11:03","2019-12-02","2019-12-02","2020-12-02","146","GoDaddy.com, LLC","whois.godaddy.com","http://registrar.godaddy.com","","","","","LIMA","","Peru","","","","","","","","","","","","","","","","","","","","","","","","","","","","","","","","","","ns27.domaincontrol.com","ns28.domaincontrol.com","","","clientDeleteProhibited","clientRenewProhibited","clientTransferProhibited","clientUpdateProhibited"
"55","gpnoticias.com","2019-12-03 17:42:30","2019-12-02","2019-12-02","2020-12-02","1515","Webfusion Ltd.","whois.123-reg.co.uk","http://www.123-reg.co.uk","REDACTED FOR PRIVACY","","REDACTED FOR PRIVACY","REDACTED FOR PRIVACY","","REDACTED FOR PRIVACY","Peru","","REDACTED FOR PRIVACY","REDACTED FOR PRIVACY","","","","","","","","","","","","","","","","","","","","","","","","","","","","","","","dns1.sered.net","dns2.sered.net","","","clientDeleteProhibited","clientTransferProhibited","clientUpdateProhibited",""
"56","grupotubrevete.com","2019-12-03 14:42:48","2019-12-02","2019-12-02","2020-12-02","303","PDR Ltd. d/b/a PublicDomainRegistry.com","whois.publicdomainregistry.com","http://www.publicdomainregistry.com","William Fernandez","SOLUCIONES DE T.I. FERNANDEZ POZO EIRL","Urb. San Amadeo de Garagay Mz H Lote 3 Lima","Lima","Lima","07001","Peru","wfernandez@solutipos.com","+51.957519483","","William Fernandez","SOLUCIONES DE T.I. FERNANDEZ POZO EIRL","Urb. San Amadeo de Garagay Mz H Lote 3 Lima","Lima","Lima","07001","Peru","wfernandez@solutipos.com","+51.957519483","","William Fernandez","SOLUCIONES DE T.I. FERNANDEZ POZO EIRL","Urb. San Amadeo de Garagay Mz H Lote 3 Lima","Lima","Lima","07001","Peru","wfernandez@solutipos.com","+51.957519483","","","","","","","","","","","","ns-1180.awsdns-19.org","ns-2024.awsdns-61.co.uk","ns-425.awsdns-53.com","ns-972.awsdns-57.net","clientTransferProhibited","","",""
"57","haciendalacaravedo.com","2019-12-03 17:56:12","2019-12-02","2019-12-02","2020-12-02","146","GoDaddy.com, LLC","whois.godaddy.com","http://registrar.godaddy.com","DESTILERIA LA CARAVEDO SRL","DESTILERIA LA CARAVEDO SRL","","","Lima","","Peru","","","","","","","","","","","","","","","","","","","","","","","","","","","","","","","","","","ns27.domaincontrol.com","ns28.domaincontrol.com","","","clientDeleteProhibited","clientRenewProhibited","clientTransferProhibited","clientUpdateProhibited"
"58","hillburyproperty.com","2019-12-03 18:23:28","2019-12-02","2019-12-02","2021-12-02","146","GoDaddy.com, LLC","whois.godaddy.com","http://registrar.godaddy.com","","","","","Surrey","","Peru","","","","","","","","","","","","","","","","","","","","","","","","","","","","","","","","","","ns27.domaincontrol.com","ns28.domaincontrol.com","","","clientDeleteProhibited","clientRenewProhibited","clientTransferProhibited","clientUpdateProhibited"
"59","ingcastillo.com","2019-12-03 15:10:36","2019-12-02","2019-12-02","2020-12-02","303","PDR Ltd. d/b/a PublicDomainRegistry.com","whois.publicdomainregistry.com","http://www.publicdomainregistry.com","Johnny stuar Castillo campos","Ingcastillo","Esperanza alta -trujillo","Trujillo","La libertad","13012","Peru","jonnystuar@gmail.com","+51.922769096","","Johnny stuar Castillo campos","Ingcastillo","Esperanza alta -trujillo","Trujillo","La libertad","13012","Peru","jonnystuar@gmail.com","+51.922769096","","Johnny stuar Castillo campos","Ingcastillo","Esperanza alta -trujillo","Trujillo","La libertad","13012","Peru","jonnystuar@gmail.com","+51.922769096","","","","","","","","","","","","ns1.dnshosty.net","ns2.dnshosty.net","ns3.dnshosty.net","","clientTransferProhibited","","",""
"60","inkared.cloud","2019-12-03 14:23:09","2019-12-02","2019-12-02","2020-12-02","146","GoDaddy.com, LLC","whois.godaddy.com","http://registrar.godaddy.com","INKARED EIRL","INKARED EIRL","","","Lima","","Peru","","","","","","","","","","","","","","","","","","","","","","","","","","","","","","","","","","ns77.websitewelcome.com","ns78.websitewelcome.com","","","addPeriod","clientDeleteProhibited","clientRenewProhibited","clientTransferProhibited"
"61","iwazoinmobiliari.com","2019-12-03 17:56:54","2019-12-02","2019-12-02","2021-12-02","146","GoDaddy.com, LLC","whois.godaddy.com","http://registrar.godaddy.com","","","","","LIMA","","Peru","","","","","","","","","","","","","","","","","","","","","","","","","","","","","","","","","","ns27.domaincontrol.com","ns28.domaincontrol.com","","","clientDeleteProhibited","clientRenewProhibited","clientTransferProhibited","clientUpdateProhibited"
"62","josyclothes.com","2019-12-03 16:22:03","2019-12-02","2019-12-02","2020-12-02","1647","Hosting Concepts B.V. dba Openprovider","whois.registrar.eu","http://www.openprovider.com","orestes coaquira","josy","los incas","Arequipa","arequipa","Peru","Peru","karaokes2010@hotmail.com","+51.993052568","","orestes coaquira","josy","los incas","Arequipa","arequipa","Peru","Peru","karaokes2010@hotmail.com","+51.993052568","","orestes coaquira","josy","los incas","Arequipa","arequipa","Peru","Peru","karaokes2010@hotmail.com","+51.993052568","","","","","","","","","","","","ns1.openprovider.nl","ns2.openprovider.be","ns3.openprovider.eu","","clientTransferProhibited","ok","",""
"63","kalufloreria.com","2019-12-03 17:46:42","2019-12-02","2019-12-02","2020-12-02","146","GoDaddy.com, LLC","whois.godaddy.com","http://registrar.godaddy.com","UNT","UNT","","","Lima","","Peru","","","","","","","","","","","","","","","","","","","","","","","","","","","","","","","","","","ns27.domaincontrol.com","ns28.domaincontrol.com","","","clientDeleteProhibited","clientRenewProhibited","clientTransferProhibited","clientUpdateProhibited"
"64","karinamillones.com","2019-12-03 16:46:41","2019-12-02","2019-12-02","2020-12-02","146","GoDaddy.com, LLC","whois.godaddy.com","http://registrar.godaddy.com","Lima","Lima","","","Lima","","Peru","","","","","","","","","","","","","","","","","","","","","","","","","","","","","","","","","","ns27.domaincontrol.com","ns28.domaincontrol.com","","","clientDeleteProhibited","clientRenewProhibited","clientTransferProhibited","clientUpdateProhibited"
"65","lagecompanyserviciosgenerales.com","2019-12-03 16:01:28","2019-12-02","2019-12-02","2020-12-02","146","GoDaddy.com, LLC","whois.godaddy.com","http://registrar.godaddy.com","lagecompanyserviciosgenerales","lagecompanyserviciosgenerales","","","Lima","","Peru","","","","","","","","","","","","","","","","","","","","","","","","","","","","","","","","","","ns21.domaincontrol.com","ns22.domaincontrol.com","","","clientDeleteProhibited","clientRenewProhibited","clientTransferProhibited","clientUpdateProhibited"
"66","lasnietas.com","2019-12-03 18:26:46","2019-12-01","2019-12-01","2021-12-01","146","GoDaddy.com, LLC","whois.godaddy.com","http://registrar.godaddy.com","","","","","LIMA","","Peru","","","","","","","","","","","","","","","","","","","","","","","","","","","","","","","","","","ns27.domaincontrol.com","ns28.domaincontrol.com","","","clientDeleteProhibited","clientRenewProhibited","clientTransferProhibited","clientUpdateProhibited"
"67","latienditasuculenta.com","2019-12-03 18:24:01","2019-12-02","2019-12-02","2020-12-02","1383","Soluciones Corporativas IP, SLU","whois.scip.es","http://www.dondominio.com","REDACTED FOR PRIVACY","","REDACTED FOR PRIVACY","REDACTED FOR PRIVACY","Lima","REDACTED FOR PRIVACY","Peru","","REDACTED FOR PRIVACY","REDACTED FOR PRIVACY","REDACTED FOR PRIVACY","REDACTED FOR PRIVACY","REDACTED FOR PRIVACY","REDACTED FOR PRIVACY","REDACTED FOR PRIVACY","REDACTED FOR PRIVACY","REDACTED FOR PRIVACY","","REDACTED FOR PRIVACY","REDACTED FOR PRIVACY","REDACTED FOR PRIVACY","REDACTED FOR PRIVACY","REDACTED FOR PRIVACY","REDACTED FOR PRIVACY","REDACTED FOR PRIVACY","REDACTED FOR PRIVACY","REDACTED FOR PRIVACY","","REDACTED FOR PRIVACY","REDACTED FOR PRIVACY","","","","","","","","","","","dns1.servergamax.com","dns2.servergamax.com","","","OK","","",""
"68","lentesdeseguridadperu.com","2019-12-03 15:58:26","2019-12-02","2019-12-02","2020-12-02","48","eNom, Inc.","whois.enom.com","http://www.enom.com","REDACTED FOR PRIVACY","REDACTED FOR PRIVACY","REDACTED FOR PRIVACY","REDACTED FOR PRIVACY","Lima","REDACTED FOR PRIVACY","Peru","","REDACTED FOR PRIVACY","REDACTED FOR PRIVACY","REDACTED FOR PRIVACY","REDACTED FOR PRIVACY","REDACTED FOR PRIVACY","REDACTED FOR PRIVACY","REDACTED FOR PRIVACY","REDACTED FOR PRIVACY","REDACTED FOR PRIVACY","","REDACTED FOR PRIVACY","REDACTED FOR PRIVACY","REDACTED FOR PRIVACY","REDACTED FOR PRIVACY","REDACTED FOR PRIVACY","REDACTED FOR PRIVACY","REDACTED FOR PRIVACY","REDACTED FOR PRIVACY","REDACTED FOR PRIVACY","","REDACTED FOR PRIVACY","REDACTED FOR PRIVACY","","","","","","","","","","","ns1.webhostingpad.com","ns2.webhostingpad.com","","","addPeriod","clientTransferProhibited","",""
"69","lorecibihoy.com","2019-12-03 14:42:47","2019-12-02","2019-12-03","2020-12-02","1591","Promo People inc.","whois.nic.fr","http://www.ait.com","REDACTED FOR PRIVACY","REDACTED FOR PRIVACY","REDACTED FOR PRIVACY","REDACTED FOR PRIVACY","Lima","REDACTED FOR PRIVACY","Peru","","REDACTED FOR PRIVACY","REDACTED FOR PRIVACY","REDACTED FOR PRIVACY","REDACTED FOR PRIVACY","REDACTED FOR PRIVACY","REDACTED FOR PRIVACY","REDACTED FOR PRIVACY","REDACTED FOR PRIVACY","REDACTED FOR PRIVACY","","REDACTED FOR PRIVACY","REDACTED FOR PRIVACY","REDACTED FOR PRIVACY","REDACTED FOR PRIVACY","REDACTED FOR PRIVACY","REDACTED FOR PRIVACY","REDACTED FOR PRIVACY","REDACTED FOR PRIVACY","REDACTED FOR PRIVACY","","REDACTED FOR PRIVACY","REDACTED FOR PRIVACY","","","","","","","","","","","ns1.hostpapa.com","ns2.hostpapa.com","","","clientTransferProhibited","clientUpdateProhibited","",""
"70","lotengoperu.com","2019-12-03 18:33:43","2019-12-02","2019-12-02","2020-12-02","146","GoDaddy.com, LLC","whois.godaddy.com","http://registrar.godaddy.com","","","","","LIMA","","Peru","","","","","","","","","","","","","","","","","","","","","","","","","","","","","","","","","","ns27.domaincontrol.com","ns28.domaincontrol.com","","","clientDeleteProhibited","clientRenewProhibited","clientTransferProhibited","clientUpdateProhibited"
"71","lucchesilazo.com","2019-12-03 15:29:11","2019-12-02","2019-12-02","2020-12-02","146","GoDaddy.com, LLC","whois.godaddy.com","http://registrar.godaddy.com","","","","","LIMA","","Peru","","","","","","","","","","","","","","","","","","","","","","","","","","","","","","","","","","ns27.domaincontrol.com","ns28.domaincontrol.com","","","clientDeleteProhibited","clientRenewProhibited","clientTransferProhibited","clientUpdateProhibited"
"72","luispasacheyelistrans.com","2019-12-03 15:14:16","2019-12-01","2019-12-01","2020-12-01","146","GoDaddy.com, LLC","whois.godaddy.com","http://registrar.godaddy.com","Transporte","Transporte","","","Peru","","Peru","","","","","","","","","","","","","","","","","","","","","","","","","","","","","","","","","","ns27.domaincontrol.com","ns28.domaincontrol.com","","","clientDeleteProhibited","clientRenewProhibited","clientTransferProhibited","clientUpdateProhibited"
"73","mabelomnilife-seytu.com","2019-12-03 16:22:17","2019-12-02","2019-12-02","2020-12-02","379","Arsys Internet, S.L. dba NICLINE.COM","whois.nicline.com","http://www.nicline.com","REDACTED FOR PRIVACY","hibu+Per%FA+S.A.C.","REDACTED FOR PRIVACY","REDACTED FOR PRIVACY","Lima","REDACTED FOR PRIVACY","Peru","whoiscontact@domainconnection.info","REDACTED FOR PRIVACY","REDACTED FOR PRIVACY","REDACTED FOR PRIVACY","REDACTED FOR PRIVACY","REDACTED FOR PRIVACY","REDACTED FOR PRIVACY","REDACTED FOR PRIVACY","REDACTED FOR PRIVACY","REDACTED FOR PRIVACY","whoiscontact@domainconnection.info","REDACTED FOR PRIVACY","REDACTED FOR PRIVACY","REDACTED FOR PRIVACY","REDACTED FOR PRIVACY","REDACTED FOR PRIVACY","REDACTED FOR PRIVACY","REDACTED FOR PRIVACY","REDACTED FOR PRIVACY","REDACTED FOR PRIVACY","whoiscontact@domainconnection.info","REDACTED FOR PRIVACY","REDACTED FOR PRIVACY","","","","","","","","","","","ns1.yell.com.pe","ns2.yell.com.pe","","","addPeriod","clientTransferProhibited","",""
"74","macromambiental.com","2019-12-03 16:04:09","2019-12-01","2019-12-01","2020-12-01","146","GoDaddy.com, LLC","whois.godaddy.com","http://registrar.godaddy.com","VALSAN FOX EIRL","VALSAN FOX EIRL","","","Lima","","Peru","","","","","","","","","","","","","","","","","","","","","","","","","","","","","","","","","","ns1.valsanfox.org","ns2.valsanfox.org","","","clientDeleteProhibited","clientRenewProhibited","clientTransferProhibited","clientUpdateProhibited"
"75","maestrocerrajero24horas.com","2019-12-03 14:35:21","2019-12-02","2019-12-02","2020-12-02","379","Arsys Internet, S.L. dba NICLINE.COM","whois.nicline.com","http://www.nicline.com","REDACTED FOR PRIVACY","hibu+Per%FA+S.A.C.","REDACTED FOR PRIVACY","REDACTED FOR PRIVACY","Lima","REDACTED FOR PRIVACY","Peru","whoiscontact@domainconnection.info","REDACTED FOR PRIVACY","REDACTED FOR PRIVACY","REDACTED FOR PRIVACY","REDACTED FOR PRIVACY","REDACTED FOR PRIVACY","REDACTED FOR PRIVACY","REDACTED FOR PRIVACY","REDACTED FOR PRIVACY","REDACTED FOR PRIVACY","whoiscontact@domainconnection.info","REDACTED FOR PRIVACY","REDACTED FOR PRIVACY","REDACTED FOR PRIVACY","REDACTED FOR PRIVACY","REDACTED FOR PRIVACY","REDACTED FOR PRIVACY","REDACTED FOR PRIVACY","REDACTED FOR PRIVACY","REDACTED FOR PRIVACY","whoiscontact@domainconnection.info","REDACTED FOR PRIVACY","REDACTED FOR PRIVACY","","","","","","","","","","","ns1.yell.com.pe","ns2.yell.com.pe","","","addPeriod","clientTransferProhibited","",""
"76","maestrohechicerogael.com","2019-12-03 18:32:41","2019-12-02","2019-12-02","2020-12-02","303","PDR Ltd. d/b/a PublicDomainRegistry.com","whois.publicdomainregistry.com","http://www.publicdomainregistry.com","Pablo Bautista","Digiwep","Av. Guardia Civil Mz R LT. 16 Sector 30 de agosto - San gabriel - VMT","Lima","Lima","15001","Peru","pablobautista3000@gmail.com","+51.912762723","","Pablo Bautista","Digiwep","Av. Guardia Civil Mz R LT. 16 Sector 30 de agosto - San gabriel - VMT","Lima","Lima","15001","Peru","pablobautista3000@gmail.com","+51.912762723","","Pablo Bautista","Digiwep","Av. Guardia Civil Mz R LT. 16 Sector 30 de agosto - San gabriel - VMT","Lima","Lima","15001","Peru","pablobautista3000@gmail.com","+51.912762723","","","","","","","","","","","","ns05.domaincontrol.com","ns06.domaincontrol.com","","","clientTransferProhibited","","",""
"77","maestrosupremogerman.com","2019-12-03 18:52:03","2019-12-02","2019-12-02","2020-12-02","303","PDR Ltd. d/b/a PublicDomainRegistry.com","whois.publicdomainregistry.com","http://www.publicdomainregistry.com","Pablo Bautista","Digiwep","Av. Guardia Civil Mz R LT. 16 Sector 30 de agosto - San gabriel - VMT","Lima","Lima","15001","Peru","pablobautista3000@gmail.com","+51.912762723","","Pablo Bautista","Digiwep","Av. Guardia Civil Mz R LT. 16 Sector 30 de agosto - San gabriel - VMT","Lima","Lima","15001","Peru","pablobautista3000@gmail.com","+51.912762723","","Pablo Bautista","Digiwep","Av. Guardia Civil Mz R LT. 16 Sector 30 de agosto - San gabriel - VMT","Lima","Lima","15001","Peru","pablobautista3000@gmail.com","+51.912762723","","","","","","","","","","","","ns05.domaincontrol.com","ns06.domaincontrol.com","","","clientTransferProhibited","","",""
"78","manuelsotomayor.pro","2019-12-03 14:20:17","2019-12-02","2019-12-02","2020-12-02","146","GoDaddy.com, LLC","whois.godaddy.com","http://registrar.godaddy.com","","","","","PERU","","Peru","","","","","","","","","","","","","","","","","","","","","","","","","","","","","","","","","","ns27.domaincontrol.com","ns28.domaincontrol.com","","","addPeriod","clientDeleteProhibited","clientRenewProhibited","clientTransferProhibited"
"79","mejorandotumundo.com","2019-12-03 15:46:59","2019-12-02","2019-12-02","2020-12-02","146","GoDaddy.com, LLC","whois.godaddy.com","http://registrar.godaddy.com","Soluciones Informaticas","Soluciones Informaticas","","","Lima","","Peru","","","","","","","","","","","","","","","","","","","","","","","","","","","","","","","","","","ns27.domaincontrol.com","ns28.domaincontrol.com","","","clientDeleteProhibited","clientRenewProhibited","clientTransferProhibited","clientUpdateProhibited"
"80","mejorpcgamer.com","2019-12-03 19:09:33","2019-12-02","2019-12-03","2020-12-02","1591","Promo People inc.","whois.nic.fr","http://www.ait.com","REDACTED FOR PRIVACY","REDACTED FOR PRIVACY","REDACTED FOR PRIVACY","REDACTED FOR PRIVACY","Lima","REDACTED FOR PRIVACY","Peru","","REDACTED FOR PRIVACY","REDACTED FOR PRIVACY","REDACTED FOR PRIVACY","REDACTED FOR PRIVACY","REDACTED FOR PRIVACY","REDACTED FOR PRIVACY","REDACTED FOR PRIVACY","REDACTED FOR PRIVACY","REDACTED FOR PRIVACY","","REDACTED FOR PRIVACY","REDACTED FOR PRIVACY","REDACTED FOR PRIVACY","REDACTED FOR PRIVACY","REDACTED FOR PRIVACY","REDACTED FOR PRIVACY","REDACTED FOR PRIVACY","REDACTED FOR PRIVACY","REDACTED FOR PRIVACY","","REDACTED FOR PRIVACY","REDACTED FOR PRIVACY","","","","","","","","","","","ns1.hostpapa.com","ns2.hostpapa.com","","","clientTransferProhibited","clientUpdateProhibited","",""
"81","menuscorts.com","2019-12-03 19:04:18","2019-12-02","2019-12-02","2020-12-02","303","PDR Ltd. d/b/a PublicDomainRegistry.com","whois.publicdomainregistry.com","http://www.publicdomainregistry.com","Luis M A Quispe","","Av La Mar Lima","Lima","Lima","00041","Peru","menuscorst@menuscorts.et","+51.931881618","","Luis M A Quispe","","Av La Mar Lima","Lima","Lima","00041","Peru","menuscorst@menuscorts.et","+51.931881618","","Luis M A Quispe","","Av La Mar Lima","Lima","Lima","00041","Peru","menuscorst@menuscorts.et","+51.931881618","","","","","","","","","","","","ns1.dnsmisitio.net","ns2.dnsmisitio.net","ns3.dnsmisitio.net","","clientTransferProhibited","","",""
"82","mischiches.com","2019-12-03 17:32:15","2019-12-01","2019-12-01","2020-12-01","146","GoDaddy.com, LLC","whois.godaddy.com","http://registrar.godaddy.com","Lima","Lima","","","Lima","","Peru","","","","","","","","","","","","","","","","","","","","","","","","","","","","","","","","","","ns27.domaincontrol.com","ns28.domaincontrol.com","","","clientDeleteProhibited","clientRenewProhibited","clientTransferProhibited","clientUpdateProhibited"
"83","mmabogadosaqp.com","2019-12-03 14:22:44","2019-12-02","2019-12-02","2020-12-02","303","PDR Ltd. d/b/a PublicDomainRegistry.com","whois.publicdomainregistry.com","http://www.publicdomainregistry.com","edwin llave","casa","Arequipa Paucarpata","aqp","Arequipa","00054","Peru","maxedwin8@gmail.com","+51.959567864","","edwin llave","casa","Arequipa Paucarpata","aqp","Arequipa","00054","Peru","maxedwin8@gmail.com","+51.959567864","","edwin llave","casa","Arequipa Paucarpata","aqp","Arequipa","00054","Peru","maxedwin8@gmail.com","+51.959567864","","","","","","","","","","","","dns7.hostingroup.com","dns8.hostingroup.com","","","clientTransferProhibited","","",""
"84","motivacionbillonaria.com","2019-12-03 14:42:09","2019-12-01","2019-12-01","2020-12-01","955","Launchpad, Inc.","whois.launchpad.com","http://www.launchpad.com","Michael Dolmos","None","Av. La Fontana 1183 Piso 3 La Molina","Lima","LIM","15024","Peru","michaeldolmos14@gmail.com","+51.994964346","","Michael Dolmos","None","Av. La Fontana 1183 Piso 3 La Molina","Lima","LIM","15024","Peru","michaeldolmos14@gmail.com","+51.994964346","","Michael Dolmos","None","Av. La Fontana 1183 Piso 3 La Molina","Lima","LIM","15024","Peru","michaeldolmos14@gmail.com","+51.994964346","","","","","","","","","","","","wns107.hostgator.com","wns108.hostgator.com","","","clientTransferProhibited","","",""
"85","movimientoasistenciasocial.com","2019-12-03 18:26:15","2019-12-01","2019-12-01","2020-12-01","146","GoDaddy.com, LLC","whois.godaddy.com","http://registrar.godaddy.com","","","","","LIMA","","Peru","","","","","","","","","","","","","","","","","","","","","","","","","","","","","","","","","","ns27.domaincontrol.com","ns28.domaincontrol.com","","","clientDeleteProhibited","clientRenewProhibited","clientTransferProhibited","clientUpdateProhibited"
"86","mylidshop.com","2019-12-03 17:24:10","2019-12-02","2019-12-02","2020-12-02","48","eNom, Inc.","whois.enom.com","http://www.enom.com","REDACTED FOR PRIVACY","REDACTED FOR PRIVACY","REDACTED FOR PRIVACY","REDACTED FOR PRIVACY","PE","REDACTED FOR PRIVACY","Peru","","REDACTED FOR PRIVACY","REDACTED FOR PRIVACY","REDACTED FOR PRIVACY","REDACTED FOR PRIVACY","REDACTED FOR PRIVACY","REDACTED FOR PRIVACY","REDACTED FOR PRIVACY","REDACTED FOR PRIVACY","REDACTED FOR PRIVACY","","REDACTED FOR PRIVACY","REDACTED FOR PRIVACY","REDACTED FOR PRIVACY","REDACTED FOR PRIVACY","REDACTED FOR PRIVACY","REDACTED FOR PRIVACY","REDACTED FOR PRIVACY","REDACTED FOR PRIVACY","REDACTED FOR PRIVACY","","REDACTED FOR PRIVACY","REDACTED FOR PRIVACY","","","","","","","","","","","ns1.lidservicessac.com","ns2.lidservicessac.com","","","addPeriod","ok","",""
"87","natuplanilla.com","2019-12-03 15:39:02","2019-12-01","2019-12-01","2020-12-01","146","GoDaddy.com, LLC","whois.godaddy.com","http://registrar.godaddy.com","natucultura","natucultura","","","lima","","Peru","","","","","","","","","","","","","","","","","","","","","","","","","","","","","","","","","","ns27.domaincontrol.com","ns28.domaincontrol.com","","","clientDeleteProhibited","clientRenewProhibited","clientTransferProhibited","clientUpdateProhibited"
"88","noticiasyfarandula.com","2019-12-03 16:47:09","2019-12-02","2019-12-02","2020-12-02","1515","Webfusion Ltd.","whois.123-reg.co.uk","http://www.123-reg.co.uk","REDACTED FOR PRIVACY","","REDACTED FOR PRIVACY","REDACTED FOR PRIVACY","","REDACTED FOR PRIVACY","Peru","","REDACTED FOR PRIVACY","REDACTED FOR PRIVACY","","","","","","","","","","","","","","","","","","","","","","","","","","","","","","","dns1.sered.net","dns2.sered.net","","","clientDeleteProhibited","clientTransferProhibited","clientUpdateProhibited",""
"89","offer-ticket.com","2019-12-03 16:38:31","2019-12-02","2019-12-02","2020-12-02","146","GoDaddy.com, LLC","whois.godaddy.com","http://registrar.godaddy.com","Bancolombia","Bancolombia","","","Cundinamarca","","Peru","","","","","","","","","","","","","","","","","","","","","","","","","","","","","","","","","","ns27.domaincontrol.com","ns28.domaincontrol.com","","","OK","","",""
"90","oivive.com","2019-12-03 16:50:28","2019-12-02","2019-12-02","2020-12-02","48","eNom, Inc.","whois.enom.com","http://www.enom.com","REDACTED FOR PRIVACY","REDACTED FOR PRIVACY","REDACTED FOR PRIVACY","REDACTED FOR PRIVACY","Lima","REDACTED FOR PRIVACY","Peru","","REDACTED FOR PRIVACY","REDACTED FOR PRIVACY","REDACTED FOR PRIVACY","REDACTED FOR PRIVACY","REDACTED FOR PRIVACY","REDACTED FOR PRIVACY","REDACTED FOR PRIVACY","REDACTED FOR PRIVACY","REDACTED FOR PRIVACY","","REDACTED FOR PRIVACY","REDACTED FOR PRIVACY","REDACTED FOR PRIVACY","REDACTED FOR PRIVACY","REDACTED FOR PRIVACY","REDACTED FOR PRIVACY","REDACTED FOR PRIVACY","REDACTED FOR PRIVACY","REDACTED FOR PRIVACY","","REDACTED FOR PRIVACY","REDACTED FOR PRIVACY","","","","","","","","","","","dns1.name-services.com","dns2.name-services.com","dns3.name-services.com","dns4.name-services.com","addPeriod","clientTransferProhibited","",""
"91","oldbareventos.com","2019-12-03 15:42:34","2019-12-02","2019-12-02","2020-12-02","146","GoDaddy.com, LLC","whois.godaddy.com","http://registrar.godaddy.com","","","","","CHORRILLOS","","Peru","","","","","","","","","","","","","","","","","","","","","","","","","","","","","","","","","","ns27.domaincontrol.com","ns28.domaincontrol.com","","","clientDeleteProhibited","clientRenewProhibited","clientTransferProhibited","clientUpdateProhibited"
"92","oneluka.com","2019-12-03 14:29:52","2019-12-01","2019-12-01","2020-12-01","146","GoDaddy.com, LLC","whois.godaddy.com","http://registrar.godaddy.com","","","","","lima- San Juan de Miraflores","","Peru","","","","","","","","","","","","","","","","","","","","","","","","","","","","","","","","","","ns27.domaincontrol.com","ns28.domaincontrol.com","","","clientDeleteProhibited","clientRenewProhibited","clientTransferProhibited","clientUpdateProhibited"
"93","pachaconas.com","2019-12-03 14:17:35","2019-12-02","2019-12-02","2020-12-02","146","GoDaddy.com, LLC","whois.godaddy.com","http://registrar.godaddy.com","","","","","","","Peru","","","","","","","","","","","","","","","","","","","","","","","","","","","","","","","","","","ns27.domaincontrol.com","ns28.domaincontrol.com","","","clientDeleteProhibited","clientRenewProhibited","clientTransferProhibited","clientUpdateProhibited"
"94","panazucar.com","2019-12-03 18:30:34","2019-12-02","2019-12-02","2020-12-02","48","eNom, Inc.","whois.enom.com","http://www.enom.com","REDACTED FOR PRIVACY","REDACTED FOR PRIVACY","REDACTED FOR PRIVACY","REDACTED FOR PRIVACY","Lima","REDACTED FOR PRIVACY","Peru","","REDACTED FOR PRIVACY","REDACTED FOR PRIVACY","REDACTED FOR PRIVACY","REDACTED FOR PRIVACY","REDACTED FOR PRIVACY","REDACTED FOR PRIVACY","REDACTED FOR PRIVACY","REDACTED FOR PRIVACY","REDACTED FOR PRIVACY","","REDACTED FOR PRIVACY","REDACTED FOR PRIVACY","REDACTED FOR PRIVACY","REDACTED FOR PRIVACY","REDACTED FOR PRIVACY","REDACTED FOR PRIVACY","REDACTED FOR PRIVACY","REDACTED FOR PRIVACY","REDACTED FOR PRIVACY","","REDACTED FOR PRIVACY","REDACTED FOR PRIVACY","","","","","","","","","","","ns1.dongee.com","ns2.dongee.com","ns3.dongee.com","","addPeriod","clientTransferProhibited","",""
"95","papachuelasfoods.com","2019-12-03 16:00:11","2019-12-02","2019-12-02","2020-12-02","379","Arsys Internet, S.L. dba NICLINE.COM","whois.nicline.com","http://www.nicline.com","REDACTED FOR PRIVACY","hibu+Per%FA+S.A.C.","REDACTED FOR PRIVACY","REDACTED FOR PRIVACY","Lima","REDACTED FOR PRIVACY","Peru","whoiscontact@domainconnection.info","REDACTED FOR PRIVACY","REDACTED FOR PRIVACY","REDACTED FOR PRIVACY","REDACTED FOR PRIVACY","REDACTED FOR PRIVACY","REDACTED FOR PRIVACY","REDACTED FOR PRIVACY","REDACTED FOR PRIVACY","REDACTED FOR PRIVACY","whoiscontact@domainconnection.info","REDACTED FOR PRIVACY","REDACTED FOR PRIVACY","REDACTED FOR PRIVACY","REDACTED FOR PRIVACY","REDACTED FOR PRIVACY","REDACTED FOR PRIVACY","REDACTED FOR PRIVACY","REDACTED FOR PRIVACY","REDACTED FOR PRIVACY","whoiscontact@domainconnection.info","REDACTED FOR PRIVACY","REDACTED FOR PRIVACY","","","","","","","","","","","ns1.yell.com.pe","ns2.yell.com.pe","","","addPeriod","clientTransferProhibited","",""
"96","peruelectronic.com","2019-12-03 17:13:13","2019-12-02","2019-12-02","2020-12-02","625","Name.com, Inc.","whois.name.com","http://www.name.com","Dustin Mimbela","","Gremios 199","Trujillo","La Libertad","13001","Peru","dmimbela@nlcode.com","+51.926487549","","Dustin Mimbela","","Gremios 199","Trujillo","La Libertad","13001","Peru","dmimbela@nlcode.com","+51.926487549","","Dustin Mimbela","","Gremios 199","Trujillo","La Libertad","13001","Peru","dmimbela@nlcode.com","+51.926487549","","","","","","","","","","","","ns1gjz.name.com","ns2fgp.name.com","ns3bfm.name.com","ns4dmx.name.com","addPeriod","clientTransferProhibited","",""
"97","peruyauyau.com","2019-12-03 19:10:58","2019-12-02","2019-12-02","2020-12-02","3817","Wix.com Ltd.","","","Caroline Lung","Caroline Lung","Av. Angamos Oeste 700","Lima","LIM","15074","Peru","peruyauyau.com@wix-domains.com","+1.4159496022","","Caroline Lung","Caroline Lung","Av. Angamos Oeste 700","Lima","LIM","15074","Peru","oorol@hotmail.com","+51.900941697","","Caroline Lung","Caroline Lung","Av. Angamos Oeste 700","Lima","LIM","15074","Peru","oorol@hotmail.com","+51.900941697","","","","","","","","","","","","ns4.wixdns.net","ns5.wixdns.net","","","clientTransferProhibited","clientUpdateProhibited","",""
"98","phymers.com","2019-12-03 16:34:36","2019-12-02","2019-12-02","2020-12-02","303","PDR Ltd. d/b/a PublicDomainRegistry.com","whois.publicdomainregistry.com","http://www.publicdomainregistry.com","Yossua Arvelo","QARAYWA","Calle Los Jazmines 107 Independencia","independencia","Lima","15500","Peru","yossuaalejandro@gmail.com","+51.916678344","","Yossua Arvelo","QARAYWA","Calle Los Jazmines 107 Independencia","independencia","Lima","15500","Peru","yossuaalejandro@gmail.com","+51.916678344","","Yossua Arvelo","QARAYWA","Calle Los Jazmines 107 Independencia","independencia","Lima","15500","Peru","yossuaalejandro@gmail.com","+51.916678344","","","","","","","","","","","","ns11.netsolutionhost.com","ns12.netsolutionhost.com","","","clientTransferProhibited","","",""
"99","pinedarodriguez.com","2019-12-03 15:07:42","2019-12-02","2019-12-02","2020-12-02","146","GoDaddy.com, LLC","whois.godaddy.com","http://registrar.godaddy.com","","","","","LIMA","","Peru","","","","","","","","","","","","","","","","","","","","","","","","","","","","","","","","","","ns27.domaincontrol.com","ns28.domaincontrol.com","","","clientDeleteProhibited","clientRenewProhibited","clientTransferProhibited","clientUpdateProhibited"
"100","pirhuatec.com","2019-12-03 17:11:48","2019-12-01","2019-12-01","2020-12-01","440","Wild West Domains, LLC","whois.wildwestdomains.com","http://www.wildwestdomains.com","Darwin Estudio","Darwin Estudio","","","lima","","Peru","","","","","","","","","","","","","","","","","","","","","","","","","","","","","","","","","","ns1.bh-52.webhostbox.net","ns2.bh-52.webhostbox.net","","","clientDeleteProhibited","clientRenewProhibited","clientTransferProhibited","clientUpdateProhibited"
"101","planasdecaligrafia.com","2019-12-03 14:17:32","2019-12-02","2019-12-03","2020-12-02","1591","Promo People inc.","whois.nic.fr","http://www.ait.com","REDACTED FOR PRIVACY","REDACTED FOR PRIVACY","REDACTED FOR PRIVACY","REDACTED FOR PRIVACY","Lima","REDACTED FOR PRIVACY","Peru","","REDACTED FOR PRIVACY","REDACTED FOR PRIVACY","REDACTED FOR PRIVACY","REDACTED FOR PRIVACY","REDACTED FOR PRIVACY","REDACTED FOR PRIVACY","REDACTED FOR PRIVACY","REDACTED FOR PRIVACY","REDACTED FOR PRIVACY","","REDACTED FOR PRIVACY","REDACTED FOR PRIVACY","REDACTED FOR PRIVACY","REDACTED FOR PRIVACY","REDACTED FOR PRIVACY","REDACTED FOR PRIVACY","REDACTED FOR PRIVACY","REDACTED FOR PRIVACY","REDACTED FOR PRIVACY","","REDACTED FOR PRIVACY","REDACTED FOR PRIVACY","","","","","","","","","","","ns1.hostpapa.com","ns2.hostpapa.com","","","clientTransferProhibited","clientUpdateProhibited","",""
"102","practicallifes.com","2019-12-03 18:16:01","2019-12-01","2019-12-01","2020-12-01","146","GoDaddy.com, LLC","whois.godaddy.com","http://registrar.godaddy.com","","","","","La Libertad","","Peru","","","","","","","","","","","","","","","","","","","","","","","","","","","","","","","","","","ns27.domaincontrol.com","ns28.domaincontrol.com","","","clientDeleteProhibited","clientRenewProhibited","clientTransferProhibited","clientUpdateProhibited"
"103","promocionlaroja.com","2019-12-03 18:36:54","2019-12-01","2019-12-01","2020-12-01","69","Tucows Domains Inc.","whois.tucows.com","http://domainhelp.opensrs.net","REDACTED FOR PRIVACY","REDACTED FOR PRIVACY","REDACTED FOR PRIVACY","REDACTED FOR PRIVACY","Peru","REDACTED FOR PRIVACY","Peru","","REDACTED FOR PRIVACY","REDACTED FOR PRIVACY","REDACTED FOR PRIVACY","REDACTED FOR PRIVACY","REDACTED FOR PRIVACY","REDACTED FOR PRIVACY","REDACTED FOR PRIVACY","REDACTED FOR PRIVACY","REDACTED FOR PRIVACY","","REDACTED FOR PRIVACY","REDACTED FOR PRIVACY","REDACTED FOR PRIVACY","REDACTED FOR PRIVACY","REDACTED FOR PRIVACY","REDACTED FOR PRIVACY","REDACTED FOR PRIVACY","REDACTED FOR PRIVACY","REDACTED FOR PRIVACY","","REDACTED FOR PRIVACY","REDACTED FOR PRIVACY","","","","","","","","","","","ns1.hostens.com","ns2.hostens.com","","","","","",""
"104","pushmit.com","2019-12-03 15:24:04","2019-12-01","2019-12-01","2020-12-01","955","Launchpad, Inc.","whois.launchpad.com","http://www.launchpad.com","Victor Porta","None","Jron Santa Martha #281","Lima","LIM","10775","Peru","vporta93@gmail.com","+51.955459161","","Victor Porta","None","Jron Santa Martha #281","Lima","LIM","10775","Peru","vporta93@gmail.com","+51.955459161","","Victor Porta","None","Jron Santa Martha #281","Lima","LIM","10775","Peru","vporta93@gmail.com","+51.955459161","","","","","","","","","","","","cns187.hostgator.com","cns188.hostgator.com","","","clientTransferProhibited","","",""
"105","roferal.net","2019-12-03 17:38:08","2019-12-02","2019-12-02","2021-12-02","146","GoDaddy.com, LLC","whois.godaddy.com","http://registrar.godaddy.com","","","","","LIMA","","Peru","","","","","","","","","","","","","","","","","","","","","","","","","","","","","","","","","","ns27.domaincontrol.com","ns28.domaincontrol.com","","","OK","","",""
"106","rymseguridad.com","2019-12-03 18:39:41","2019-11-30","2019-11-30","2020-11-30","303","PDR Ltd. d/b/a PublicDomainRegistry.com","whois.publicdomainregistry.com","http://www.publicdomainregistry.com","JOSE ARNALDO VELASQUEZ","FAGY","Jr. Las Adelfas 569 S.J.L","LIMA","Lima","07001","Peru","ventas@fagy.com.pe","+51.952891250","","JOSE ARNALDO VELASQUEZ","FAGY","Jr. Las Adelfas 569 S.J.L","LIMA","Lima","07001","Peru","ventas@fagy.com.pe","+51.952891250","","JOSE ARNALDO VELASQUEZ","FAGY","Jr. Las Adelfas 569 S.J.L","LIMA","Lima","07001","Peru","ventas@fagy.com.pe","+51.952891250","","","","","","","","","","","","redperuhosting1.earth.orderbox-dns.com","redperuhosting1.mars.orderbox-dns.com","redperuhosting1.mercury.orderbox-dns.com","redperuhosting1.venus.orderbox-dns.com","clientTransferProhibited","","",""
"107","sanjosemercado.com","2019-12-03 16:26:27","2019-12-01","2019-12-01","2020-12-01","146","GoDaddy.com, LLC","whois.godaddy.com","http://registrar.godaddy.com","Servicioz.com","Servicioz.com","","","San Roman","","Peru","","","","","","","","","","","","","","","","","","","","","","","","","","","","","","","","","","ns27.domaincontrol.com","ns28.domaincontrol.com","","","clientDeleteProhibited","clientRenewProhibited","clientTransferProhibited","clientUpdateProhibited"
"108","sebdanperu.com","2019-12-03 15:13:53","2019-12-02","2019-12-02","2020-12-02","625","Name.com, Inc.","whois.name.com","http://www.name.com","Joseph Zuniga","INVENTIVA","La Gran Via","Arequipa","arequipa","01","Peru","inventiva.aqp@gmail.com","+51.959171636","","Joseph Zuniga","INVENTIVA","La Gran Via","Arequipa","arequipa","01","Peru","inventiva.aqp@gmail.com","+51.959171636","","Joseph Zuniga","INVENTIVA","La Gran Via","Arequipa","arequipa","01","Peru","inventiva.aqp@gmail.com","+51.959171636","","","","","","","","","","","","ns1359.websitewelcome.com","ns1360.websitewelcome.com","","","addPeriod","clientTransferProhibited","",""
"109","semiraalcongreso.com","2019-12-03 17:18:12","2019-12-01","2019-12-01","2020-12-01","886","Domain.com, LLC","whois.domain.com","http://www.domain.com","REDACTED FOR PRIVACY","REDACTED FOR PRIVACY","REDACTED FOR PRIVACY","REDACTED FOR PRIVACY","NA","REDACTED FOR PRIVACY","Peru","","REDACTED FOR PRIVACY","REDACTED FOR PRIVACY","REDACTED FOR PRIVACY","REDACTED FOR PRIVACY","REDACTED FOR PRIVACY","REDACTED FOR PRIVACY","REDACTED FOR PRIVACY","REDACTED FOR PRIVACY","REDACTED FOR PRIVACY","","REDACTED FOR PRIVACY","REDACTED FOR PRIVACY","REDACTED FOR PRIVACY","REDACTED FOR PRIVACY","REDACTED FOR PRIVACY","REDACTED FOR PRIVACY","REDACTED FOR PRIVACY","REDACTED FOR PRIVACY","REDACTED FOR PRIVACY","","REDACTED FOR PRIVACY","REDACTED FOR PRIVACY","","","","","","","","","","","ns1.powweb.com","ns2.powweb.com","","","","","",""
"110","singingtextiles.com","2019-12-03 14:48:41","2019-12-01","2019-12-01","2020-12-01","625","Name.com, Inc.","whois.name.com","http://www.name.com","Paola  Torres","Paola Torres","Antunez de mayolo 287 San Isidro","Lima","Lima","27","Peru","autodios@gmail.com","+51.12641670","","Paola  Torres","Paola Torres","Antunez de mayolo 287 San Isidro","Lima","Lima","27","Peru","autodios@gmail.com","+51.12641670","","Paola  Torres","Paola Torres","Antunez de mayolo 287 San Isidro","Lima","Lima","27","Peru","autodios@gmail.com","+51.12641670","","","","","","","","","","","","ns1jlp.name.com","ns2hjl.name.com","ns3ckl.name.com","ns4lpv.name.com","addPeriod","clientTransferProhibited","",""
"111","sobrevivientestv.com","2019-12-03 16:17:33","2019-12-01","2019-12-01","2020-12-01","146","GoDaddy.com, LLC","whois.godaddy.com","http://registrar.godaddy.com","Sobreviventes Rock Pop","Sobreviventes Rock Pop","","","Arequipa","","Peru","","","","","","","","","","","","","","","","","","","","","","","","","","","","","","","","","","ns27.domaincontrol.com","ns28.domaincontrol.com","","","clientDeleteProhibited","clientRenewProhibited","clientTransferProhibited","clientUpdateProhibited"
"112","sogroupsperu.com","2019-12-03 17:58:21","2019-12-02","2019-12-02","2020-12-02","48","eNom, Inc.","whois.enom.com","http://www.enom.com","REDACTED FOR PRIVACY","REDACTED FOR PRIVACY","REDACTED FOR PRIVACY","REDACTED FOR PRIVACY","Lima","REDACTED FOR PRIVACY","Peru","","REDACTED FOR PRIVACY","REDACTED FOR PRIVACY","REDACTED FOR PRIVACY","REDACTED FOR PRIVACY","REDACTED FOR PRIVACY","REDACTED FOR PRIVACY","REDACTED FOR PRIVACY","REDACTED FOR PRIVACY","REDACTED FOR PRIVACY","","REDACTED FOR PRIVACY","REDACTED FOR PRIVACY","REDACTED FOR PRIVACY","REDACTED FOR PRIVACY","REDACTED FOR PRIVACY","REDACTED FOR PRIVACY","REDACTED FOR PRIVACY","REDACTED FOR PRIVACY","REDACTED FOR PRIVACY","","REDACTED FOR PRIVACY","REDACTED FOR PRIVACY","","","","","","","","","","","ns1653.websitewelcome.com","ns1654.websitewelcome.com","","","addPeriod","clientTransferProhibited","",""
"113","solucionesinformaticascorporativas.com","2019-12-03 16:50:48","2019-12-02","2019-12-02","2020-12-02","146","GoDaddy.com, LLC","whois.godaddy.com","http://registrar.godaddy.com","Soluciones Informaticas","Soluciones Informaticas","","","Lima","","Peru","","","","","","","","","","","","","","","","","","","","","","","","","","","","","","","","","","ns27.domaincontrol.com","ns28.domaincontrol.com","","","clientDeleteProhibited","clientRenewProhibited","clientTransferProhibited","clientUpdateProhibited"
"114","sumaqconstruccion.com","2019-12-03 17:34:45","2019-12-02","2019-12-02","2020-12-02","625","Name.com, Inc.","whois.name.com","http://www.name.com","Carlos Salcedo","CSPSISTEMAS","Asoc. Viv. El Universo Mz 'C' Lt '8' , San Juan de Miraflores","Lima","Lima","lima 29","Peru","csalcedo@cspsistemas.net","+51.1983675556","","Carlos Salcedo","CSPSISTEMAS","Asoc. Viv. El Universo Mz 'C' Lt '8' , San Juan de Miraflores","Lima","Lima","lima 29","Peru","csalcedo@cspsistemas.net","+51.1983675556","","Carlos Salcedo","CSPSISTEMAS","Asoc. Viv. El Universo Mz 'C' Lt '8' , San Juan de Miraflores","Lima","Lima","lima 29","Peru","csalcedo@cspsistemas.net","+51.1983675556","","","","","","","","","","","","ns1.cspsistemas.net","ns2.cspsistemas.net","","","addPeriod","clientTransferProhibited","",""
"115","taiquin.com","2019-12-03 15:17:55","2019-12-02","2019-12-02","2020-12-02","146","GoDaddy.com, LLC","whois.godaddy.com","http://registrar.godaddy.com","taipe","taipe","","","Junin","","Peru","","","","","","","","","","","","","","","","","","","","","","","","","","","","","","","","","","ns21.domaincontrol.com","ns22.domaincontrol.com","","","clientDeleteProhibited","clientRenewProhibited","clientTransferProhibited","clientUpdateProhibited"
"116","teniaqueexistir.com","2019-12-03 14:38:04","2019-12-02","2019-12-02","2020-12-02","299","CSC Corporate Domains, Inc.","whois.corporatedomains.com","http://www.cscglobal.com/global/web/csc/digital-brand-services","Admin DNS","Union de Cervecerias Peruanas Backus y Johnston S.A.A","Av. Nicolas Ayllon","Lima","","15012","Peru","ipdomains@ab-inbev.com","+51.13113000","","Admin DNS","Anheuser-Busch InBev S.A.","Brouwerijplein 1","Leuven","BE","3000","Belgium","ipdomains@ab-inbev.com","+32.16276710","+32.16506710","DNS Administrator","CSC Corporate Domains, Inc.","251 Little Falls Drive","Wilmington","DE","19808","United States","dns-admin@cscglobal.com","+1.3026365400","+1.3026365454","","","","","","","","","","","dns1.cscdns.net","dns2.cscdns.net","","","clientTransferProhibited","","",""
"117","toc-talladosenmadera.com","2019-12-03 18:09:22","2019-12-02","2019-12-02","2021-12-02","146","GoDaddy.com, LLC","whois.godaddy.com","http://registrar.godaddy.com","Graphiart","Graphiart","","","lima","","Peru","","","","","","","","","","","","","","","","","","","","","","","","","","","","","","","","","","ns6477.hostgator.com","ns6478.hostgator.com","","","clientDeleteProhibited","clientRenewProhibited","clientTransferProhibited","clientUpdateProhibited"
"118","tophostingwordpress.com","2019-12-03 15:17:11","2019-12-01","2019-12-01","2020-12-01","48","eNom, Inc.","whois.enom.com","http://www.enom.com","REDACTED FOR PRIVACY","REDACTED FOR PRIVACY","REDACTED FOR PRIVACY","REDACTED FOR PRIVACY","Gobierno Regional de Lima","REDACTED FOR PRIVACY","Peru","","REDACTED FOR PRIVACY","REDACTED FOR PRIVACY","REDACTED FOR PRIVACY","REDACTED FOR PRIVACY","REDACTED FOR PRIVACY","REDACTED FOR PRIVACY","REDACTED FOR PRIVACY","REDACTED FOR PRIVACY","REDACTED FOR PRIVACY","","REDACTED FOR PRIVACY","REDACTED FOR PRIVACY","REDACTED FOR PRIVACY","REDACTED FOR PRIVACY","REDACTED FOR PRIVACY","REDACTED FOR PRIVACY","REDACTED FOR PRIVACY","REDACTED FOR PRIVACY","REDACTED FOR PRIVACY","","REDACTED FOR PRIVACY","REDACTED FOR PRIVACY","","","","","","","","","","","ns1.redsox.unisonplatform.com","ns2.redsox.unisonplatform.com","","","addPeriod","clientTransferProhibited","",""
"119","tr7peru.com","2019-12-03 18:59:33","2019-12-02","2019-12-02","2020-12-02","3817","Wix.com Ltd.","","","Jose Gomez","Jose Gomez","Manuel Gonzales Olaechea 211 - San Isidro","Lima","LIM","15047","Peru","tr7peru.com@wix-domains.com","+1.4159496022","","Jose Gomez","Jose Gomez","Manuel Gonzales Olaechea 211 - San Isidro","Lima","LIM","15047","Peru","tr7peru@gmail.com","+51.971001375","","Jose Gomez","Jose Gomez","Manuel Gonzales Olaechea 211 - San Isidro","Lima","LIM","15047","Peru","tr7peru@gmail.com","+51.971001375","","","","","","","","","","","","ns10.wixdns.net","ns11.wixdns.net","","","clientTransferProhibited","clientUpdateProhibited","",""
"120","travesiamia.com","2019-12-03 18:03:07","2019-12-02","2019-12-02","2021-12-02","146","GoDaddy.com, LLC","whois.godaddy.com","http://registrar.godaddy.com","","","","","PERU","","Peru","","","","","","","","","","","","","","","","","","","","","","","","","","","","","","","","","","ns27.domaincontrol.com","ns28.domaincontrol.com","","","clientDeleteProhibited","clientRenewProhibited","clientTransferProhibited","clientUpdateProhibited"
"121","tygaccesorios.com","2019-12-03 14:22:38","2019-12-02","2019-12-02","2020-12-02","146","GoDaddy.com, LLC","whois.godaddy.com","http://registrar.godaddy.com","REDES & TECNOLOGIA EIRL","REDES & TECNOLOGIA EIRL","","","lima","","Peru","","","","","","","","","","","","","","","","","","","","","","","","","","","","","","","","","","ns27.domaincontrol.com","ns28.domaincontrol.com","","","clientDeleteProhibited","clientRenewProhibited","clientTransferProhibited","clientUpdateProhibited"
"122","utilescolares.com","2019-12-03 14:25:18","2019-12-01","2019-12-01","2020-12-01","625","Name.com, Inc.","whois.name.com","http://www.name.com","Giancarlo Montes Dietz","UNDIADESUN SAC","Mr-","Lima","Lima","Lima 11","Peru","giancarlo@undiadesun.com","+51.957439212","","Giancarlo Montes Dietz","UNDIADESUN SAC","Mr-","Lima","Lima","Lima 11","Peru","giancarlo@undiadesun.com","+51.957439212","","Giancarlo Montes Dietz","UNDIADESUN SAC","Mr-","Lima","Lima","Lima 11","Peru","giancarlo@undiadesun.com","+51.957439212","","","","","","","","","","","","ns869.websitewelcome.com","ns870.websitewelcome.com","","","addPeriod","clientTransferProhibited","",""
"123","valsanhost.com","2019-12-03 18:58:37","2019-12-01","2019-12-01","2020-12-01","146","GoDaddy.com, LLC","whois.godaddy.com","http://registrar.godaddy.com","VALSAN FOX EIRL","VALSAN FOX EIRL","","","Lima","","Peru","","","","","","","","","","","","","","","","","","","","","","","","","","","","","","","","","","ns27.domaincontrol.com","ns28.domaincontrol.com","","","clientDeleteProhibited","clientRenewProhibited","clientTransferProhibited","clientUpdateProhibited"
"124","venturb2b.com","2019-12-03 18:03:50","2019-12-01","2019-12-01","2020-12-01","303","PDR Ltd. d/b/a PublicDomainRegistry.com","whois.publicdomainregistry.com","http://www.publicdomainregistry.com","AGENCIA BORDE DIGITAL SAC","","Lima Peru Lima Peru","Lima","Lima","07001","Peru","dominios@bordedigital.com","+51.981028800","","AGENCIA BORDE DIGITAL SAC","","Lima Peru Lima Peru","Lima","Lima","07001","Peru","dominios@bordedigital.com","+51.981028800","","AGENCIA BORDE DIGITAL SAC","","Lima Peru Lima Peru","Lima","Lima","07001","Peru","dominios@bordedigital.com","+51.981028800","","","","","","","","","","","","ns1.server-host.name","ns2.server-host.name","","","clientTransferProhibited","","",""
"125","vermisdocumentos.com","2019-12-03 16:19:08","2019-12-02","2019-12-02","2020-12-02","146","GoDaddy.com, LLC","whois.godaddy.com","http://registrar.godaddy.com","APLEX CORP SAC","APLEX CORP SAC","","","Lima","","Peru","","","","","","","","","","","","","","","","","","","","","","","","","","","","","","","","","","ns-1064.awsdns-05.org","ns-1538.awsdns-00.co.uk","ns-50.awsdns-06.com","ns-979.awsdns-58.net","clientDeleteProhibited","clientRenewProhibited","clientTransferProhibited","clientUpdateProhibited"
"126","viviendolibre.com","2019-12-03 14:33:07","2019-12-01","2019-12-01","2020-12-01","955","Launchpad, Inc.","whois.launchpad.com","http://www.launchpad.com","rosmery montesinos","None","calle marcos zapaca L 2","cusco","CUS","08001","Peru","ros-mq@outlook.es","+51.933967635","","rosmery montesinos","None","calle marcos zapaca L 2","cusco","CUS","08001","Peru","ros-mq@outlook.es","+51.933967635","","rosmery montesinos","None","calle marcos zapaca L 2","cusco","CUS","08001","Peru","ros-mq@outlook.es","+51.933967635","","","","","","","","","","","","ns8099.hostgator.com","ns8100.hostgator.com","","","clientTransferProhibited","","",""
"127","vwvwbn1actualizaciones.com","2019-12-03 18:24:13","2019-12-02","2019-12-03","2020-12-02","1479","Namesilo, LLC","whois.namesilo.com","http://www.namesilo.com","Juan Guerra","","Ica 922 Albartales","LIMA","CALLAO","01","Peru","marcosrodriguezbernaldo@gmail.com","+51.983430492","","Juan Guerra","","Ica 922 Albartales","LIMA","CALLAO","01","Peru","marcosrodriguezbernaldo@gmail.com","+51.983430492","","Juan Guerra","","Ica 922 Albartales","LIMA","CALLAO","01","Peru","marcosrodriguezbernaldo@gmail.com","+51.983430492","","","","","","","","","","","","ns1.hostblast.net","ns2.hostblast.net","","","clientTransferProhibited","","",""
"128","whatyearwas.com","2019-12-03 17:27:56","2019-12-02","2019-12-03","2020-12-02","1591","Promo People inc.","whois.nic.fr","http://www.ait.com","REDACTED FOR PRIVACY","REDACTED FOR PRIVACY","REDACTED FOR PRIVACY","REDACTED FOR PRIVACY","Lima","REDACTED FOR PRIVACY","Peru","","REDACTED FOR PRIVACY","REDACTED FOR PRIVACY","REDACTED FOR PRIVACY","REDACTED FOR PRIVACY","REDACTED FOR PRIVACY","REDACTED FOR PRIVACY","REDACTED FOR PRIVACY","REDACTED FOR PRIVACY","REDACTED FOR PRIVACY","","REDACTED FOR PRIVACY","REDACTED FOR PRIVACY","REDACTED FOR PRIVACY","REDACTED FOR PRIVACY","REDACTED FOR PRIVACY","REDACTED FOR PRIVACY","REDACTED FOR PRIVACY","REDACTED FOR PRIVACY","REDACTED FOR PRIVACY","","REDACTED FOR PRIVACY","REDACTED FOR PRIVACY","","","","","","","","","","","ns1.hostpapa.com","ns2.hostpapa.com","","","clientTransferProhibited","clientUpdateProhibited","",""
"129","win-group.club","2019-12-03 17:40:46","2019-12-02","2019-12-02","2020-12-02","146","GoDaddy.com, LLC","whois.godaddy.com","http://registrar.godaddy.com","Bancolombia","Bancolombia","","","Cundinamarca","","Peru","","","","","","","","","","","","","","","","","","","","","","","","","","","","","","","","","","ns27.domaincontrol.com","ns28.domaincontrol.com","","","addPeriod","clientDeleteProhibited","clientRenewProhibited","clientTransferProhibited"
"130","xergemperu.com","2019-12-03 15:49:49","2019-12-02","2019-12-02","2020-12-02","146","GoDaddy.com, LLC","whois.godaddy.com","http://registrar.godaddy.com","rednetsysten Eirl","rednetsysten Eirl","","","Lima","","Peru","","","","","","","","","","","","","","","","","","","","","","","","","","","","","","","","","","ns21.domaincontrol.com","ns22.domaincontrol.com","","","clientDeleteProhibited","clientRenewProhibited","clientTransferProhibited","clientUpdateProhibited"
"131","xn--laubiqu-hya.com","2019-12-03 18:40:19","2019-12-02","2019-12-02","2021-12-02","146","GoDaddy.com, LLC","whois.godaddy.com","http://registrar.godaddy.com","","","","","LIMA","","Peru","","","","","","","","","","","","","","","","","","","","","","","","","","","","","","","","","","ns27.domaincontrol.com","ns28.domaincontrol.com","","","clientDeleteProhibited","clientRenewProhibited","clientTransferProhibited","clientUpdateProhibited"
"132","yiabell.com","2019-12-03 19:13:15","2019-12-02","2019-12-02","2020-12-02","146","GoDaddy.com, LLC","whois.godaddy.com","http://registrar.godaddy.com","","","","","Piura","","Peru","","","","","","","","","","","","","","","","","","","","","","","","","","","","","","","","","","ns4938.banahosting.com","ns4939.banahosting.com","","","OK","","",""
"133","zubiher.com","2019-12-03 17:46:25","2019-12-02","2019-12-02","2020-12-02","1383","Soluciones Corporativas IP, SLU","whois.scip.es","http://www.dondominio.com","REDACTED FOR PRIVACY","","REDACTED FOR PRIVACY","REDACTED FOR PRIVACY","Lima","REDACTED FOR PRIVACY","Peru","","REDACTED FOR PRIVACY","REDACTED FOR PRIVACY","REDACTED FOR PRIVACY","REDACTED FOR PRIVACY","REDACTED FOR PRIVACY","REDACTED FOR PRIVACY","REDACTED FOR PRIVACY","REDACTED FOR PRIVACY","REDACTED FOR PRIVACY","","REDACTED FOR PRIVACY","REDACTED FOR PRIVACY","REDACTED FOR PRIVACY","REDACTED FOR PRIVACY","REDACTED FOR PRIVACY","REDACTED FOR PRIVACY","REDACTED FOR PRIVACY","REDACTED FOR PRIVACY","REDACTED FOR PRIVACY","","REDACTED FOR PRIVACY","REDACTED FOR PRIVACY","","","","","","","","","","","ns50051.webempresa.eu","ns50052.webempresa.eu","","","OK","","",""
"134","zumaranyzumaran.com","2019-12-03 17:22:14","2019-12-02","2019-12-02","2020-12-02","625","Name.com, Inc.","whois.name.com","http://www.name.com","Alfredo Sanchez","Jufredo","Av. 5 de Setiembre 120 Ricardo Palma","Ricardo Palma","Lima","lima 91","Peru","jufredo@gmail.com","+51.997883229","","Alfredo Sanchez","Jufredo","Av. 5 de Setiembre 120 Ricardo Palma","Ricardo Palma","Lima","lima 91","Peru","jufredo@gmail.com","+51.997883229","","Alfredo Sanchez","Jufredo","Av. 5 de Setiembre 120 Ricardo Palma","Ricardo Palma","Lima","lima 91","Peru","jufredo@gmail.com","+51.997883229","","","","","","","","","","","","ns1.fastnext.com","ns2.fastnext.com","","","addPeriod","clientTransferProhibited","",""