"num","domain_name","query_time","create_date","update_date","expiry_date","domain_registrar_id","domain_registrar_name","domain_registrar_whois","domain_registrar_url","registrant_name","registrant_company","registrant_address","registrant_city","registrant_state","registrant_zip","registrant_country","registrant_email","registrant_phone","registrant_fax","administrative_name","administrative_company","administrative_address","administrative_city","administrative_state","administrative_zip","administrative_country","administrative_email","administrative_phone","administrative_fax","technical_name","technical_company","technical_address","technical_city","technical_state","technical_zip","technical_country","technical_email","technical_phone","technical_fax","billing_name","billing_company","billing_address","billing_city","billing_state","billing_zip","billing_country","billing_email","billing_phone","billing_fax","name_server_1","name_server_2","name_server_3","name_server_4","domain_status_1","domain_status_2","domain_status_3","domain_status_4"
"1","crepascafe.com","2019-12-03 16:25:15","2019-12-02","2019-12-02","2029-12-02","146","GoDaddy.com, LLC","whois.godaddy.com","http://registrar.godaddy.com","","","","","Puerto Rico","","Puerto Rico","","","","","","","","","","","","","","","","","","","","","","","","","","","","","","","","","","ns27.domaincontrol.com","ns28.domaincontrol.com","","","clientDeleteProhibited","clientRenewProhibited","clientTransferProhibited","clientUpdateProhibited"
"2","datasuppliesonline.com","2019-12-03 15:38:40","2019-12-02","2019-12-02","2020-12-02","48","eNom, Inc.","whois.enom.com","http://www.enom.com","REDACTED FOR PRIVACY","REDACTED FOR PRIVACY","REDACTED FOR PRIVACY","REDACTED FOR PRIVACY","Puerto Rico","REDACTED FOR PRIVACY","Puerto Rico","","REDACTED FOR PRIVACY","REDACTED FOR PRIVACY","REDACTED FOR PRIVACY","REDACTED FOR PRIVACY","REDACTED FOR PRIVACY","REDACTED FOR PRIVACY","REDACTED FOR PRIVACY","REDACTED FOR PRIVACY","REDACTED FOR PRIVACY","","REDACTED FOR PRIVACY","REDACTED FOR PRIVACY","REDACTED FOR PRIVACY","REDACTED FOR PRIVACY","REDACTED FOR PRIVACY","REDACTED FOR PRIVACY","REDACTED FOR PRIVACY","REDACTED FOR PRIVACY","REDACTED FOR PRIVACY","","REDACTED FOR PRIVACY","REDACTED FOR PRIVACY","","","","","","","","","","","ns1.generic-servers.com","ns2.generic-servers.com","","","addPeriod","clientTransferProhibited","",""
"3","encoprimeless.com","2019-12-03 14:33:40","2019-12-02","2019-12-02","2021-12-02","3817","Wix.com Ltd.","","","Jorge Munoz","Enco","157 Via Canaveral","Caguas","","00727","Puerto Rico","encoprimeless.com@wix-domains.com","+1.4159496022","","Jorge Munoz","Enco","157 Via Canaveral","Caguas","","00727","Puerto Rico","encopr@gmail.com","+1.7873569804","","Jorge Munoz","Enco","157 Via Canaveral","Caguas","","00727","Puerto Rico","encopr@gmail.com","+1.7873569804","","","","","","","","","","","","ns2.wixdns.net","ns3.wixdns.net","","","clientTransferProhibited","clientUpdateProhibited","",""
"4","gaipiscloset.com","2019-12-03 17:28:44","2019-12-02","2019-12-02","2020-12-02","146","GoDaddy.com, LLC","whois.godaddy.com","http://registrar.godaddy.com","","","","","PR","","Puerto Rico","","","","","","","","","","","","","","","","","","","","","","","","","","","","","","","","","","ns2.wixdns.net","ns3.wixdns.net","","","clientDeleteProhibited","clientRenewProhibited","clientTransferProhibited","clientUpdateProhibited"
"5","giostarheaven.com","2019-12-03 14:32:38","2019-12-02","2019-12-02","2020-12-02","106","Ascio Technologies, Inc. Danmark - Filial af Ascio technologies, Inc. USA","whois.ascio.com","http://www.ascio.com","Not Disclosed","Not Disclosed","Not Disclosed","Not Disclosed","","Not Disclosed","Puerto Rico","","Not Disclosed","Not Disclosed","Not Disclosed","Not Disclosed","Not Disclosed","Not Disclosed","Not Disclosed","Not Disclosed","Not Disclosed","","Not Disclosed","Not Disclosed","Not Disclosed","Not Disclosed","Not Disclosed","Not Disclosed","Not Disclosed","Not Disclosed","Not Disclosed","","Not Disclosed","Not Disclosed","","","","","","","","","","","dns1.123hjemmeside.dk","dns2.123hjemmeside.dk","dns3.123hjemmeside.dk","","OK","","",""
"6","gridpowersolutions.com","2019-12-03 17:27:50","2019-12-02","2019-12-02","2024-12-02","146","GoDaddy.com, LLC","whois.godaddy.com","http://registrar.godaddy.com","","","","","PR","","Puerto Rico","","","","","","","","","","","","","","","","","","","","","","","","","","","","","","","","","","ns21.domaincontrol.com","ns22.domaincontrol.com","","","clientDeleteProhibited","clientRenewProhibited","clientTransferProhibited","clientUpdateProhibited"
"7","hemerotecadigitaladr.com","2019-12-03 17:15:13","2019-12-01","2019-12-01","2020-12-01","1154","FastDomain Inc.","whois.fastdomain.com","http://www.fastdomain.com","PAUL FRAITES","PAULFRAITES","BOSQUE DEL LAGO VIA TANGANICA BI-17","TRUJILLO ALTO","","00976","Puerto Rico","pfraites@gmail.com","+1.7874702543","","PAUL FRAITES","PAULFRAITES","BOSQUE DEL LAGO VIA TANGANICA BI-17","TRUJILLO ALTO","","00976","Puerto Rico","pfraites@gmail.com","+1.7874702543","","REGISTRARADS INC. INC.","REGISTRARADS, INC.","8100 NE PARKWAY DR STE 300","VANCOUVER,","WASHINGTON","98662","United States","buysdomains@gmail.com","+1.3602532210","","","","","","","","","","","","ns1.justhost.com","ns2.justhost.com","","","clientTransferProhibited","","",""
"8","lagranpatrana.com","2019-12-03 16:00:59","2019-12-02","2019-12-02","2020-12-02","146","GoDaddy.com, LLC","whois.godaddy.com","http://registrar.godaddy.com","","","","","PR","","Puerto Rico","","","","","","","","","","","","","","","","","","","","","","","","","","","","","","","","","","ns27.domaincontrol.com","ns28.domaincontrol.com","","","clientDeleteProhibited","clientRenewProhibited","clientTransferProhibited","clientUpdateProhibited"
"9","liderazgoconstructivo.com","2019-12-03 15:43:28","2019-12-02","2019-12-02","2020-12-02","146","GoDaddy.com, LLC","whois.godaddy.com","http://registrar.godaddy.com","Stratego Business Group","Stratego Business Group","","","Puerto Rico","","Puerto Rico","","","","","","","","","","","","","","","","","","","","","","","","","","","","","","","","","","ns27.domaincontrol.com","ns28.domaincontrol.com","","","clientDeleteProhibited","clientRenewProhibited","clientTransferProhibited","clientUpdateProhibited"
"10","maxineswimwears.com","2019-12-03 18:53:45","2019-12-02","2019-12-02","2021-12-02","3817","Wix.com Ltd.","","","Mariel Camilo Vega","maxine swim affairs","1797 diamela street","San Juan","","00927","Puerto Rico","maxineswimwears.com@wix-domains.com","+1.4159496022","","Mariel Camilo Vega","maxine swim affairs","1797 diamela street","San Juan","","00927","Puerto Rico","marielcamilo@ymail.com","+1.7872109777","","Mariel Camilo Vega","maxine swim affairs","1797 diamela street","San Juan","","00927","Puerto Rico","marielcamilo@ymail.com","+1.7872109777","","","","","","","","","","","","ns4.wixdns.net","ns5.wixdns.net","","","clientTransferProhibited","clientUpdateProhibited","",""
"11","premiergroupautos.com","2019-12-03 15:09:54","2019-12-02","2019-12-02","2020-12-02","146","GoDaddy.com, LLC","whois.godaddy.com","http://registrar.godaddy.com","Premier Warranty","Premier Warranty","CentroDeSegurosSuite307701Poncede","San Juan","PR","00907","Puerto Rico","atorres@velox24.com","7873002040","","Premier Warranty","Premier Warranty","CentroDeSegurosSuite307701Poncede","San Juan","PR","00907","Puerto Rico","atorres@velox24.com","7873002040","","Premier Warranty","Premier Warranty","CentroDeSegurosSuite307701Poncede","San Juan","PR","00907","Puerto Rico","atorres@velox24.com","7873002040","","","","","","","","","","","","ns27.domaincontrol.com","ns28.domaincontrol.com","","","clientDeleteProhibited","clientRenewProhibited","clientTransferProhibited","clientUpdateProhibited"
"12","reggaetonmusicals.com","2019-12-03 15:00:11","2019-12-02","2019-12-02","2020-12-02","146","GoDaddy.com, LLC","whois.godaddy.com","http://registrar.godaddy.com","coexistence creative organization","coexistence creative organization","","","Puerto Rico","","Puerto Rico","","","","","","","","","","","","","","","","","","","","","","","","","","","","","","","","","","ns27.domaincontrol.com","ns28.domaincontrol.com","","","clientDeleteProhibited","clientRenewProhibited","clientTransferProhibited","clientUpdateProhibited"
"13","rrtechnologypr.com","2019-12-03 16:15:02","2019-12-02","2019-12-02","2021-12-02","146","GoDaddy.com, LLC","whois.godaddy.com","http://registrar.godaddy.com","RRTechnology","RRTechnology","","","Puerto Rico","","Puerto Rico","","","","","","","","","","","","","","","","","","","","","","","","","","","","","","","","","","ns27.domaincontrol.com","ns28.domaincontrol.com","","","clientDeleteProhibited","clientRenewProhibited","clientTransferProhibited","clientUpdateProhibited"
"14","tuboutiquepr.com","2019-12-03 14:39:59","2019-12-01","2019-12-01","2020-12-01","303","PDR Ltd. d/b/a PublicDomainRegistry.com","whois.publicdomainregistry.com","http://www.publicdomainregistry.com","Lilliam Vega","","33 #FF4 Urb. Santa Juanita","Bayamon","PUERTO RICO (PR)","00956","Puerto Rico","lilliamvega@yahoo.com","+1.7874730873","","Lilliam Vega","","33 #FF4 Urb. Santa Juanita","Bayamon","PUERTO RICO (PR)","00956","Puerto Rico","lilliamvega@yahoo.com","+1.7874730873","","Lilliam Vega","","33 #FF4 Urb. Santa Juanita","Bayamon","PUERTO RICO (PR)","00956","Puerto Rico","lilliamvega@yahoo.com","+1.7874730873","","","","","","","","","","","","ns1.sitiosrapidos.com","ns2.sitiosrapidos.com","","","clientTransferProhibited","","",""
"15","yonathancaez.com","2019-12-03 18:52:30","2019-12-02","2019-12-02","2021-12-02","146","GoDaddy.com, LLC","whois.godaddy.com","http://registrar.godaddy.com","","","","","PR","","Puerto Rico","","","","","","","","","","","","","","","","","","","","","","","","","","","","","","","","","","ns27.domaincontrol.com","ns28.domaincontrol.com","","","clientDeleteProhibited","clientRenewProhibited","clientTransferProhibited","clientUpdateProhibited"