"num","domain_name","query_time","create_date","update_date","expiry_date","domain_registrar_id","domain_registrar_name","domain_registrar_whois","domain_registrar_url","registrant_name","registrant_company","registrant_address","registrant_city","registrant_state","registrant_zip","registrant_country","registrant_email","registrant_phone","registrant_fax","administrative_name","administrative_company","administrative_address","administrative_city","administrative_state","administrative_zip","administrative_country","administrative_email","administrative_phone","administrative_fax","technical_name","technical_company","technical_address","technical_city","technical_state","technical_zip","technical_country","technical_email","technical_phone","technical_fax","billing_name","billing_company","billing_address","billing_city","billing_state","billing_zip","billing_country","billing_email","billing_phone","billing_fax","name_server_1","name_server_2","name_server_3","name_server_4","domain_status_1","domain_status_2","domain_status_3","domain_status_4"
"1","aiwa-souq.com","2019-12-03 15:35:53","2019-12-02","2019-12-02","2021-12-02","146","GoDaddy.com, LLC","whois.godaddy.com","http://registrar.godaddy.com","","","","","Qatar","","Qatar","","","","","","","","","","","","","","","","","","","","","","","","","","","","","","","","","","ns27.domaincontrol.com","ns28.domaincontrol.com","","","clientDeleteProhibited","clientRenewProhibited","clientTransferProhibited","clientUpdateProhibited"
"2","alqamragardens.com","2019-12-03 16:04:35","2019-12-02","2019-12-02","2020-12-02","3817","Wix.com Ltd.","","","Bassam YOUSEFF","Bassam YOUSEFF","Al Mana Business center","Doha","","","Qatar","alqamragardens.com@wix-domains.com","+1.4159496022","","Bassam YOUSEFF","Bassam YOUSEFF","Al Mana Business center","Doha","","","Qatar","sam@bhomesqatar.com","+974.55459696","","Bassam YOUSEFF","Bassam YOUSEFF","Al Mana Business center","Doha","","","Qatar","sam@bhomesqatar.com","+974.55459696","","","","","","","","","","","","ns4.wixdns.net","ns5.wixdns.net","","","clientTransferProhibited","clientUpdateProhibited","",""
"3","alroyalevents.com","2019-12-03 15:20:56","2019-12-02","2019-12-02","2020-12-02","146","GoDaddy.com, LLC","whois.godaddy.com","http://registrar.godaddy.com","AL ROYAL EVENTS COMPANY","AL ROYAL EVENTS COMPANY","","","QATAR","","Qatar","","","","","","","","","","","","","","","","","","","","","","","","","","","","","","","","","","ns27.domaincontrol.com","ns28.domaincontrol.com","","","clientDeleteProhibited","clientRenewProhibited","clientTransferProhibited","clientUpdateProhibited"
"4","alsaraglobal.com","2019-12-03 15:42:23","2019-12-02","2019-12-02","2020-12-02","146","GoDaddy.com, LLC","whois.godaddy.com","http://registrar.godaddy.com","","","","","Doha","","Qatar","","","","","","","","","","","","","","","","","","","","","","","","","","","","","","","","","","ns27.domaincontrol.com","ns28.domaincontrol.com","","","clientDeleteProhibited","clientRenewProhibited","clientTransferProhibited","clientUpdateProhibited"
"5","armenianattache.com","2019-12-03 15:11:09","2019-12-02","2019-12-02","2020-12-02","146","GoDaddy.com, LLC","whois.godaddy.com","http://registrar.godaddy.com","A to Z Media","A to Z Media","","","Doha","","Qatar","","","","","","","","","","","","","","","","","","","","","","","","","","","","","","","","","","ns1.a2zmedia.me","ns2.a2zmedia.me","","","clientDeleteProhibited","clientRenewProhibited","clientTransferProhibited","clientUpdateProhibited"
"6","awadsa.com","2019-12-03 18:02:57","2019-12-01","2019-12-01","2020-12-01","3817","Wix.com Ltd.","","","Salma Awad","Salma Awad","Al Waab","Doha","","","Qatar","awadsa.com@wix-domains.com","+1.4159496022","","Salma Awad","Salma Awad","Al Waab","Doha","","","Qatar","salmaawad98@gmail.com","+974.33252940","","Salma Awad","Salma Awad","Al Waab","Doha","","","Qatar","salmaawad98@gmail.com","+974.33252940","","","","","","","","","","","","ns14.wixdns.net","ns15.wixdns.net","","","clientTransferProhibited","clientUpdateProhibited","",""
"7","dohakids.com","2019-12-03 16:12:08","2019-12-01","2019-12-01","2021-12-01","146","GoDaddy.com, LLC","whois.godaddy.com","http://registrar.godaddy.com","","","","","Qatar","","Qatar","","","","","","","","","","","","","","","","","","","","","","","","","","","","","","","","","","ns27.domaincontrol.com","ns28.domaincontrol.com","","","clientDeleteProhibited","clientRenewProhibited","clientTransferProhibited","clientUpdateProhibited"
"8","ecolabgord.com","2019-12-03 14:29:28","2019-12-02","2019-12-02","2020-12-02","146","GoDaddy.com, LLC","whois.godaddy.com","http://registrar.godaddy.com","Gulf Organisation for Research & Development","Gulf Organisation for Research & Development","","","Doha","","Qatar","","","","","","","","","","","","","","","","","","","","","","","","","","","","","","","","","","ns27.domaincontrol.com","ns28.domaincontrol.com","","","clientDeleteProhibited","clientRenewProhibited","clientTransferProhibited","clientUpdateProhibited"
"9","gocodegulf.com","2019-12-03 16:35:14","2019-12-02","2019-12-02","2021-12-02","146","GoDaddy.com, LLC","whois.godaddy.com","http://registrar.godaddy.com","","","","","Qatar","","Qatar","","","","","","","","","","","","","","","","","","","","","","","","","","","","","","","","","","ns1.bluehost.com","ns2.bluehost.com","","","OK","","",""
"10","itroadservices.com","2019-12-03 18:26:16","2019-12-02","2019-12-02","2020-12-02","1636","Hostinger, UAB","whois.hostinger.com","http://www.hostinger.com","ahmad  alattar","ahmad  alattar","doha alsadd street","Doha","Ad Dawhah","0000","Qatar","ahmadalattar18@gmail.com","+963.66799567","","ahmad  alattar","ahmad  alattar","doha alsadd street","Doha","Ad Dawhah","0000","Qatar","ahmadalattar18@gmail.com","+963.66799567","","ahmad  alattar","ahmad  alattar","doha alsadd street","Doha","Ad Dawhah","0000","Qatar","ahmadalattar18@gmail.com","+963.66799567","","","","","","","","","","","","ns1.dns-parking.com","ns2.dns-parking.com","","","clientTransferProhibited","","",""
"11","kristikbeauty.com","2019-12-03 18:46:03","2019-12-02","2019-12-02","2021-12-02","146","GoDaddy.com, LLC","whois.godaddy.com","http://registrar.godaddy.com","","","","","DO","","Qatar","","","","","","","","","","","","","","","","","","","","","","","","","","","","","","","","","","ns27.domaincontrol.com","ns28.domaincontrol.com","","","clientDeleteProhibited","clientRenewProhibited","clientTransferProhibited","clientUpdateProhibited"
"12","labcafe1.com","2019-12-03 15:00:05","2019-12-02","2019-12-02","2020-12-02","106","Ascio Technologies, Inc. Danmark - Filial af Ascio technologies, Inc. USA","whois.ascio.com","http://www.ascio.com","Not Disclosed","Not Disclosed","Not Disclosed","Not Disclosed","","Not Disclosed","Qatar","","Not Disclosed","Not Disclosed","Not Disclosed","Not Disclosed","Not Disclosed","Not Disclosed","Not Disclosed","Not Disclosed","Not Disclosed","","Not Disclosed","Not Disclosed","Not Disclosed","Not Disclosed","Not Disclosed","Not Disclosed","Not Disclosed","Not Disclosed","Not Disclosed","","Not Disclosed","Not Disclosed","","","","","","","","","","","dns1.123hjemmeside.dk","dns2.123hjemmeside.dk","dns3.123hjemmeside.dk","","OK","","",""
"13","mamainpakistan.com","2019-12-03 17:39:02","2019-12-01","2019-12-01","2020-12-01","146","GoDaddy.com, LLC","whois.godaddy.com","http://registrar.godaddy.com","RangNagar","RangNagar","","","Doha","","Qatar","","","","","","","","","","","","","","","","","","","","","","","","","","","","","","","","","","ns27.domaincontrol.com","ns28.domaincontrol.com","","","clientDeleteProhibited","clientRenewProhibited","clientTransferProhibited","clientUpdateProhibited"
"14","masterbuildersqatar.com","2019-12-03 17:59:32","2019-12-02","2019-12-02","2020-12-02","1291","Crazy Domains FZ-LLC","whois.crazydomains.com","http://www.crazydomains.com","DEEPU MOHAN","","DOHA PORTO ARABIA, THE PEARL QATAR, P.O BOX : 207313","DOHA","DOHA","39213","Qatar","deepumohan55@gmail.com","+974.77175950","","DEEPU MOHAN","","DOHA PORTO ARABIA, THE PEARL QATAR, P.O BOX : 207313","DOHA","DOHA","39213","Qatar","deepumohan55@gmail.com","+974.77175950","","DEEPU MOHAN","","DOHA PORTO ARABIA, THE PEARL QATAR, P.O BOX : 207313","DOHA","DOHA","39213","Qatar","deepumohan55@gmail.com","+974.77175950","","","","","","","","","","","","ns1.zpowerdns.com","ns2.zpowerdns.com","ns3.zpowerdns.com","ns4.zpowerdns.com","OK","","",""
"15","shahidrk.com","2019-12-03 15:36:40","2019-12-02","2019-12-02","2021-12-02","146","GoDaddy.com, LLC","whois.godaddy.com","http://registrar.godaddy.com","","","","","Doha","","Qatar","","","","","","","","","","","","","","","","","","","","","","","","","","","","","","","","","","ns27.domaincontrol.com","ns28.domaincontrol.com","","","clientDeleteProhibited","clientRenewProhibited","clientTransferProhibited","clientUpdateProhibited"
"16","taskatcom.com","2019-12-03 16:39:31","2019-12-02","2019-12-02","2021-12-02","146","GoDaddy.com, LLC","whois.godaddy.com","http://registrar.godaddy.com","","","","","Qatar","","Qatar","","","","","","","","","","","","","","","","","","","","","","","","","","","","","","","","","","ns27.domaincontrol.com","ns28.domaincontrol.com","","","clientDeleteProhibited","clientRenewProhibited","clientTransferProhibited","clientUpdateProhibited"
"17","thelashbarqatar.com","2019-12-03 16:34:01","2019-12-02","2019-12-02","2022-12-02","3817","Wix.com Ltd.","","","Sheikha Al-Suwaidi","The Lash Bar","Qatar Foundation","Doha","","","Qatar","thelashbarqatar.com@wix-domains.com","+1.4159496022","","Sheikha Al-Suwaidi","The Lash Bar","Qatar Foundation","Doha","","","Qatar","saa250@georgetown.edu","+974.66660933","","Sheikha Al-Suwaidi","The Lash Bar","Qatar Foundation","Doha","","","Qatar","saa250@georgetown.edu","+974.66660933","","","","","","","","","","","","ns6.wixdns.net","ns7.wixdns.net","","","clientTransferProhibited","clientUpdateProhibited","",""
"18","trafficconversionsecrets.com","2019-12-03 16:46:27","2019-12-01","2019-12-01","2020-12-01","955","Launchpad, Inc.","whois.launchpad.com","http://www.launchpad.com","Bilal","","Doha","Doha","DA","","Qatar","bahmed0304@gmail.com","+974.97477060877","","Bilal","","Doha","Doha","DA","","Qatar","bahmed0304@gmail.com","+974.97477060877","","Bilal","","Doha","Doha","DA","","Qatar","bahmed0304@gmail.com","+974.97477060877","","","","","","","","","","","","ns6597.hostgator.com","ns6598.hostgator.com","","","clientTransferProhibited","","",""
"19","wcmqatar.com","2019-12-03 17:18:48","2019-12-02","2019-12-02","2021-12-02","146","GoDaddy.com, LLC","whois.godaddy.com","http://registrar.godaddy.com","","","","","Qatar","","Qatar","","","","","","","","","","","","","","","","","","","","","","","","","","","","","","","","","","ns27.domaincontrol.com","ns28.domaincontrol.com","","","clientDeleteProhibited","clientRenewProhibited","clientTransferProhibited","clientUpdateProhibited"
"20","zowadah.com","2019-12-03 16:53:00","2019-12-02","2019-12-02","2021-12-02","146","GoDaddy.com, LLC","whois.godaddy.com","http://registrar.godaddy.com","Gulf Integrated Group","Gulf Integrated Group","","","Doha","","Qatar","","","","","","","","","","","","","","","","","","","","","","","","","","","","","","","","","","ns27.domaincontrol.com","ns28.domaincontrol.com","","","clientDeleteProhibited","clientRenewProhibited","clientTransferProhibited","clientUpdateProhibited"
"21","zowadah.net","2019-12-03 15:25:39","2019-12-02","2019-12-02","2021-12-02","146","GoDaddy.com, LLC","whois.godaddy.com","http://registrar.godaddy.com","Gulf Integrated Group","Gulf Integrated Group","","","Doha","","Qatar","","","","","","","","","","","","","","","","","","","","","","","","","","","","","","","","","","ns27.domaincontrol.com","ns28.domaincontrol.com","","","clientDeleteProhibited","clientRenewProhibited","clientTransferProhibited","clientUpdateProhibited"
"22","zowadeh.com","2019-12-03 16:08:17","2019-12-02","2019-12-02","2021-12-02","146","GoDaddy.com, LLC","whois.godaddy.com","http://registrar.godaddy.com","Gulf Integrated Group","Gulf Integrated Group","","","Doha","","Qatar","","","","","","","","","","","","","","","","","","","","","","","","","","","","","","","","","","ns27.domaincontrol.com","ns28.domaincontrol.com","","","clientDeleteProhibited","clientRenewProhibited","clientTransferProhibited","clientUpdateProhibited"
"23","zowadeh.net","2019-12-03 15:52:31","2019-12-02","2019-12-02","2021-12-02","146","GoDaddy.com, LLC","whois.godaddy.com","http://registrar.godaddy.com","Hatem Saleh","Gulf Integrated Group","Gulf Integrated Group Salwa road","Doha","Doha","19002","Qatar","hatimgig@hotmail.com","+974.44582290","+974.44687886","Hatem Saleh","Gulf Integrated Group","Gulf Integrated Group Salwa road","Doha","Doha","19002","Qatar","hatimgig@hotmail.com","+974.44582290","+974.44687886","Hatem Saleh","Gulf Integrated Group","Gulf Integrated Group Salwa road","Doha","Doha","19002","Qatar","hatimgig@hotmail.com","+974.44582290","+974.44687886","","","","","","","","","","","ns27.domaincontrol.com","ns28.domaincontrol.com","","","clientDeleteProhibited","clientRenewProhibited","clientTransferProhibited","clientUpdateProhibited"