"num","domain_name","query_time","create_date","update_date","expiry_date","domain_registrar_id","domain_registrar_name","domain_registrar_whois","domain_registrar_url","registrant_name","registrant_company","registrant_address","registrant_city","registrant_state","registrant_zip","registrant_country","registrant_email","registrant_phone","registrant_fax","administrative_name","administrative_company","administrative_address","administrative_city","administrative_state","administrative_zip","administrative_country","administrative_email","administrative_phone","administrative_fax","technical_name","technical_company","technical_address","technical_city","technical_state","technical_zip","technical_country","technical_email","technical_phone","technical_fax","billing_name","billing_company","billing_address","billing_city","billing_state","billing_zip","billing_country","billing_email","billing_phone","billing_fax","name_server_1","name_server_2","name_server_3","name_server_4","domain_status_1","domain_status_2","domain_status_3","domain_status_4"
"1","1stwow.com","2019-12-03 17:06:35","2019-12-01","2019-12-01","2020-12-01","625","Name.com, Inc.","whois.name.com","http://www.name.com","Samir Hussain","","Jeddah","jeddah","Jeddah","14225","Saudi Arabia","samir_kulandai@yahoo.com","+966.507662748","","Samir Hussain","","Jeddah","jeddah","Jeddah","14225","Saudi Arabia","samir_kulandai@yahoo.com","+966.507662748","","Samir Hussain","","Jeddah","jeddah","Jeddah","14225","Saudi Arabia","samir_kulandai@yahoo.com","+966.507662748","","","","","","","","","","","","ns1cny.name.com","ns2fln.name.com","ns3fgh.name.com","ns4ghm.name.com","addPeriod","clientTransferProhibited","",""
"2","30-service.com","2019-12-03 17:08:19","2019-12-01","2019-12-01","2020-12-01","3812","Innovadeus Pvt. Ltd.","","","shahidul lablu","al hokair group","P.O.Box 57750             Al Riyadh 11584, riyadh","Riyadh","Ar Riyad","11584","Saudi Arabia","ahtbd7@gmail.com","+966.558455288","","shahidul lablu","al hokair group","P.O.Box 57750             Al Riyadh 11584, riyadh","Riyadh","Ar Riyad","11584","Saudi Arabia","ahtbd7@gmail.com","+966.558455288","","shahidul lablu","al hokair group","P.O.Box 57750             Al Riyadh 11584, riyadh","Riyadh","Ar Riyad","11584","Saudi Arabia","ahtbd7@gmail.com","+966.558455288","","","","","","","","","","","","ns1.bestssdserver.com","ns2.bestssdserver.com","","","clientTransferProhibited","","",""
"3","7plant.com","2019-12-03 14:45:02","2019-12-01","2019-12-01","2020-12-01","625","Name.com, Inc.","whois.name.com","http://www.name.com","Nawaf Hariri","Salla","P.O.Box13867","Makkah","Makkah","21955","Saudi Arabia","domains@salla.sa","+966.544444444","","Nawaf Hariri","Salla","P.O.Box13867","Makkah","Makkah","21955","Saudi Arabia","domains@salla.sa","+966.544444444","","Nawaf Hariri","Salla","P.O.Box13867","Makkah","Makkah","21955","Saudi Arabia","domains@salla.sa","+966.544444444","","","","","","","","","","","","donald.ns.cloudflare.com","leia.ns.cloudflare.com","","","addPeriod","clientTransferProhibited","",""
"4","abberofficial.com","2019-12-03 18:42:13","2019-12-01","2019-12-01","2020-12-01","625","Name.com, Inc.","whois.name.com","http://www.name.com","Nawaf Hariri","Salla","P.O.Box13867","Makkah","Makkah","21955","Saudi Arabia","domains@salla.sa","+966.544444444","","Nawaf Hariri","Salla","P.O.Box13867","Makkah","Makkah","21955","Saudi Arabia","domains@salla.sa","+966.544444444","","Nawaf Hariri","Salla","P.O.Box13867","Makkah","Makkah","21955","Saudi Arabia","domains@salla.sa","+966.544444444","","","","","","","","","","","","donald.ns.cloudflare.com","leia.ns.cloudflare.com","","","addPeriod","clientTransferProhibited","",""
"5","abdul3lah.com","2019-12-03 18:43:03","2019-12-02","2019-12-02","2020-12-02","1591","Promo People inc.","whois.nic.fr","http://www.ait.com","REDACTED FOR PRIVACY","REDACTED FOR PRIVACY","REDACTED FOR PRIVACY","REDACTED FOR PRIVACY","REDACTED FOR PRIVACY","REDACTED FOR PRIVACY","Saudi Arabia","","REDACTED FOR PRIVACY","REDACTED FOR PRIVACY","REDACTED FOR PRIVACY","REDACTED FOR PRIVACY","REDACTED FOR PRIVACY","REDACTED FOR PRIVACY","REDACTED FOR PRIVACY","REDACTED FOR PRIVACY","REDACTED FOR PRIVACY","","REDACTED FOR PRIVACY","REDACTED FOR PRIVACY","REDACTED FOR PRIVACY","REDACTED FOR PRIVACY","REDACTED FOR PRIVACY","REDACTED FOR PRIVACY","REDACTED FOR PRIVACY","REDACTED FOR PRIVACY","REDACTED FOR PRIVACY","","REDACTED FOR PRIVACY","REDACTED FOR PRIVACY","","","","","","","","","","","ns1.hostpapa.com","ns2.hostpapa.com","","","clientTransferProhibited","clientUpdateProhibited","",""
"6","abedmerza.com","2019-12-03 18:23:06","2019-12-01","2019-12-03","2020-12-01","1154","FastDomain Inc.","whois.fastdomain.com","http://www.fastdomain.com","ABDULGHAFAR MIRZA","","KING ABDULAZIZ","ALKHOBAR","","31952","Saudi Arabia","abdulghafar.mirza@gmail.com","+966.540058885","","ABDULGHAFAR MIRZA","","KING ABDULAZIZ","ALKHOBAR","","31952","Saudi Arabia","abdulghafar.mirza@gmail.com","+966.540058885","","BLUEHOST INC","BLUEHOST.COM","550 E TIMPANOGOS PKWY","OREM","UTAH","84097","United States","support-domain@bluehost.com","+1.8017659400","+1.8017651992","","","","","","","","","","","ns1.bluehost.com","ns2.bluehost.com","","","clientTransferProhibited","","",""
"7","alesayiinvestment.com","2019-12-03 14:29:49","2019-12-02","2019-12-02","2020-12-02","146","GoDaddy.com, LLC","whois.godaddy.com","http://registrar.godaddy.com","","","","","MAKKAH","","Saudi Arabia","","","","","","","","","","","","","","","","","","","","","","","","","","","","","","","","","","ns27.domaincontrol.com","ns28.domaincontrol.com","","","clientDeleteProhibited","clientRenewProhibited","clientTransferProhibited","clientUpdateProhibited"
"8","alesayiventure.com","2019-12-03 17:34:16","2019-12-02","2019-12-02","2021-12-02","146","GoDaddy.com, LLC","whois.godaddy.com","http://registrar.godaddy.com","","","","","MAKKAH","","Saudi Arabia","","","","","","","","","","","","","","","","","","","","","","","","","","","","","","","","","","ns27.domaincontrol.com","ns28.domaincontrol.com","","","clientDeleteProhibited","clientRenewProhibited","clientTransferProhibited","clientUpdateProhibited"
"9","alesayiventure.net","2019-12-03 17:04:21","2019-12-02","2019-12-02","2021-12-02","146","GoDaddy.com, LLC","whois.godaddy.com","http://registrar.godaddy.com","","","","","MAKKAH","","Saudi Arabia","","","","","","","","","","","","","","","","","","","","","","","","","","","","","","","","","","ns27.domaincontrol.com","ns28.domaincontrol.com","","","clientDeleteProhibited","clientRenewProhibited","clientTransferProhibited","clientUpdateProhibited"
"10","alhomaidiclinic.com","2019-12-03 18:32:58","2019-12-01","2019-12-01","2020-12-01","48","eNom, Inc.","whois.enom.com","http://www.enom.com","REDACTED FOR PRIVACY","REDACTED FOR PRIVACY","REDACTED FOR PRIVACY","REDACTED FOR PRIVACY","KSA","REDACTED FOR PRIVACY","Saudi Arabia","","REDACTED FOR PRIVACY","REDACTED FOR PRIVACY","REDACTED FOR PRIVACY","REDACTED FOR PRIVACY","REDACTED FOR PRIVACY","REDACTED FOR PRIVACY","REDACTED FOR PRIVACY","REDACTED FOR PRIVACY","REDACTED FOR PRIVACY","","REDACTED FOR PRIVACY","REDACTED FOR PRIVACY","REDACTED FOR PRIVACY","REDACTED FOR PRIVACY","REDACTED FOR PRIVACY","REDACTED FOR PRIVACY","REDACTED FOR PRIVACY","REDACTED FOR PRIVACY","REDACTED FOR PRIVACY","","REDACTED FOR PRIVACY","REDACTED FOR PRIVACY","","","","","","","","","","","ns1.exaservers.com","ns2.exaservers.com","","","addPeriod","clientTransferProhibited","",""
"11","aliadoum.com","2019-12-03 15:49:52","2019-12-02","2019-12-02","2020-12-02","146","GoDaddy.com, LLC","whois.godaddy.com","http://registrar.godaddy.com","","","","","\u0627\u0644\u0633\u0639\u0648\u062f\u064a\u0629","","Saudi Arabia","","","","","","","","","","","","","","","","","","","","","","","","","","","","","","","","","","ns21.domaincontrol.com","ns22.domaincontrol.com","","","clientDeleteProhibited","clientRenewProhibited","clientTransferProhibited","clientUpdateProhibited"
"12","aljonah-store.com","2019-12-03 15:27:50","2019-12-02","2019-12-02","2020-12-02","625","Name.com, Inc.","whois.name.com","http://www.name.com","Nawaf Hariri","Salla","P.O.Box13867","Makkah","Makkah","21955","Saudi Arabia","domains@salla.sa","+966.544444444","","Nawaf Hariri","Salla","P.O.Box13867","Makkah","Makkah","21955","Saudi Arabia","domains@salla.sa","+966.544444444","","Nawaf Hariri","Salla","P.O.Box13867","Makkah","Makkah","21955","Saudi Arabia","domains@salla.sa","+966.544444444","","","","","","","","","","","","donald.ns.cloudflare.com","leia.ns.cloudflare.com","","","addPeriod","clientTransferProhibited","",""
"13","alsaadfactory.com","2019-12-03 18:16:36","2019-12-02","2019-12-02","2020-12-02","1472","LiquidNet Ltd.","whois.liquidnetlimited.com","http://www.liquidnetlimited.com","REDACTED FOR PRIVACY","REDACTED FOR PRIVACY","REDACTED FOR PRIVACY","REDACTED FOR PRIVACY","Riyadh","REDACTED FOR PRIVACY","Saudi Arabia","","REDACTED FOR PRIVACY","REDACTED FOR PRIVACY","REDACTED FOR PRIVACY","REDACTED FOR PRIVACY","REDACTED FOR PRIVACY","REDACTED FOR PRIVACY","REDACTED FOR PRIVACY","REDACTED FOR PRIVACY","REDACTED FOR PRIVACY","","REDACTED FOR PRIVACY","REDACTED FOR PRIVACY","REDACTED FOR PRIVACY","REDACTED FOR PRIVACY","REDACTED FOR PRIVACY","REDACTED FOR PRIVACY","REDACTED FOR PRIVACY","REDACTED FOR PRIVACY","REDACTED FOR PRIVACY","","REDACTED FOR PRIVACY","REDACTED FOR PRIVACY","","","","","","","","","","","ns1.d3em.com","ns2.d3em.com","","","addPeriod","clientTransferProhibited","",""
"14","alsalasel.com","2019-12-03 14:26:24","2019-12-02","2019-12-02","2020-12-02","146","GoDaddy.com, LLC","whois.godaddy.com","http://registrar.godaddy.com","TCLOUD","TCLOUD","","","RIYADH","","Saudi Arabia","","","","","","","","","","","","","","","","","","","","","","","","","","","","","","","","","","ns27.domaincontrol.com","ns28.domaincontrol.com","","","clientDeleteProhibited","clientRenewProhibited","clientTransferProhibited","clientUpdateProhibited"
"15","ashjarcafe.com","2019-12-03 16:34:58","2019-12-02","2019-12-02","2020-12-02","1154","FastDomain Inc.","whois.fastdomain.com","http://www.fastdomain.com","ABDULMAJED ALJOHAIMI","ASHJAR PLATFORM","RIYADH","RIYADH","","17171","Saudi Arabia","ashjar.co@gmail.com","+966.540851414","","ABDULMAJED ALJOHAIMI","ASHJAR PLATFORM","RIYADH","RIYADH","","17171","Saudi Arabia","ashjar.co@gmail.com","+966.540851414","","BLUEHOST INC","BLUEHOST.COM","550 E TIMPANOGOS PKWY","OREM","UTAH","84097","United States","support-domain@bluehost.com","+1.8017659400","+1.8017651992","","","","","","","","","","","ns1.bluehost.com","ns2.bluehost.com","","","clientTransferProhibited","","",""
"16","astandorse.com","2019-12-03 15:35:45","2019-12-01","2019-12-01","2020-12-01","955","Launchpad, Inc.","whois.launchpad.com","http://www.launchpad.com","Hamsa","","Old Industrial","Riyadh","01","11543","Saudi Arabia","csarvey@charter.net","+966.966555769854","","Hamsa","","Old Industrial","Riyadh","01","11543","Saudi Arabia","csarvey@charter.net","+966.966555769854","","Hamsa","","Old Industrial","Riyadh","01","11543","Saudi Arabia","csarvey@charter.net","+966.966555769854","","","","","","","","","","","","ns6561.hostgator.com","ns6562.hostgator.com","","","clientTransferProhibited","","",""
"17","atteroun.com","2019-12-03 16:56:49","2019-12-01","2019-12-01","2020-12-01","303","PDR Ltd. d/b/a PublicDomainRegistry.com","whois.publicdomainregistry.com","http://www.publicdomainregistry.com","Rowaad Hosting","RH.NET.SA","Company Rowaad","Hail","Ha'il","00966","Saudi Arabia","domains@rh.net.sa","+966.550080449","","Rowaad Hosting","RH.NET.SA","Company Rowaad","Hail","Ha'il","00966","Saudi Arabia","domains@rh.net.sa","+966.550080449","","Rowaad Hosting","RH.NET.SA","Company Rowaad","Hail","Ha'il","00966","Saudi Arabia","domains@rh.net.sa","+966.550080449","","","","","","","","","","","","ns5.dhahost.net","ns6.dhahost.net","","","clientTransferProhibited","","",""
"18","azizsh.net","2019-12-03 17:21:58","2019-12-02","2019-12-02","2020-12-02","146","GoDaddy.com, LLC","whois.godaddy.com","http://registrar.godaddy.com","","","","","8439","","Saudi Arabia","","","","","","","","","","","","","","","","","","","","","","","","","","","","","","","","","","ns1.aqarsoft.org","ns2.aqarsoft.org","","","clientDeleteProhibited","clientRenewProhibited","clientTransferProhibited","clientUpdateProhibited"
"19","babyshawaya.com","2019-12-03 17:58:17","2019-12-02","2019-12-02","2024-12-02","146","GoDaddy.com, LLC","whois.godaddy.com","http://registrar.godaddy.com","Sendebad","Sendebad","","","Eastern Province","","Saudi Arabia","","","","","","","","","","","","","","","","","","","","","","","","","","","","","","","","","","ns27.domaincontrol.com","ns28.domaincontrol.com","","","clientDeleteProhibited","clientRenewProhibited","clientTransferProhibited","clientUpdateProhibited"
"20","bakerhouse-ksa.com","2019-12-03 18:30:26","2019-12-02","2019-12-02","2020-12-02","146","GoDaddy.com, LLC","whois.godaddy.com","http://registrar.godaddy.com","HTSKSA","HTSKSA","","","West","","Saudi Arabia","","","","","","","","","","","","","","","","","","","","","","","","","","","","","","","","","","ns27.domaincontrol.com","ns28.domaincontrol.com","","","clientDeleteProhibited","clientRenewProhibited","clientTransferProhibited","clientUpdateProhibited"
"21","binnamigroup.com","2019-12-03 16:48:56","2019-12-02","2019-12-02","2020-12-02","1154","FastDomain Inc.","whois.fastdomain.com","http://www.fastdomain.com","ZAIED BALHARETH","","KING ABDULLAH ST.","NAJRAN","","11495","Saudi Arabia","zaied_5050@hotmail.com","+966.504565050","","ZAIED BALHARETH","","KING ABDULLAH ST.","NAJRAN","","11495","Saudi Arabia","zaied_5050@hotmail.com","+966.504565050","","BLUEHOST INC","BLUEHOST.COM","550 E TIMPANOGOS PKWY","OREM","UTAH","84097","United States","support-domain@bluehost.com","+1.8017659400","+1.8017651992","","","","","","","","","","","ns1.bluehost.com","ns2.bluehost.com","","","clientTransferProhibited","","",""
"22","bowandarrowofficial.com","2019-12-03 17:51:51","2019-12-02","2019-12-02","2020-12-02","146","GoDaddy.com, LLC","whois.godaddy.com","http://registrar.godaddy.com","","","","","Eastern Province","","Saudi Arabia","","","","","","","","","","","","","","","","","","","","","","","","","","","","","","","","","","ns27.domaincontrol.com","ns28.domaincontrol.com","","","clientDeleteProhibited","clientRenewProhibited","clientTransferProhibited","clientUpdateProhibited"
"23","boyfidstore.com","2019-12-03 17:14:32","2019-12-01","2019-12-02","2020-12-01","48","eNom, Inc.","whois.enom.com","http://www.enom.com","REDACTED FOR PRIVACY","REDACTED FOR PRIVACY","REDACTED FOR PRIVACY","REDACTED FOR PRIVACY","Mecca","REDACTED FOR PRIVACY","Saudi Arabia","","REDACTED FOR PRIVACY","REDACTED FOR PRIVACY","REDACTED FOR PRIVACY","REDACTED FOR PRIVACY","REDACTED FOR PRIVACY","REDACTED FOR PRIVACY","REDACTED FOR PRIVACY","REDACTED FOR PRIVACY","REDACTED FOR PRIVACY","","REDACTED FOR PRIVACY","REDACTED FOR PRIVACY","REDACTED FOR PRIVACY","REDACTED FOR PRIVACY","REDACTED FOR PRIVACY","REDACTED FOR PRIVACY","REDACTED FOR PRIVACY","REDACTED FOR PRIVACY","REDACTED FOR PRIVACY","","REDACTED FOR PRIVACY","REDACTED FOR PRIVACY","","","","","","","","","","","ns1.jackrabbit.host","ns2.jackrabbit.host","","","addPeriod","clientTransferProhibited","",""
"24","buildingpaperest.com","2019-12-03 17:52:21","2019-12-02","2019-12-02","2020-12-02","146","GoDaddy.com, LLC","whois.godaddy.com","http://registrar.godaddy.com","","","","","AlRiyad","","Saudi Arabia","","","","","","","","","","","","","","","","","","","","","","","","","","","","","","","","","","ns1.perfhost101.com","ns2.perfhost101.com","","","clientDeleteProhibited","clientRenewProhibited","clientTransferProhibited","clientUpdateProhibited"
"25","buysweater.com","2019-12-03 18:32:55","2019-12-02","2019-12-02","2020-12-02","146","GoDaddy.com, LLC","whois.godaddy.com","http://registrar.godaddy.com","","","","","Eastern Province","","Saudi Arabia","","","","","","","","","","","","","","","","","","","","","","","","","","","","","","","","","","ns27.domaincontrol.com","ns28.domaincontrol.com","","","clientDeleteProhibited","clientRenewProhibited","clientTransferProhibited","clientUpdateProhibited"
"26","camalica.com","2019-12-03 16:24:32","2019-12-02","2019-12-02","2020-12-02","146","GoDaddy.com, LLC","whois.godaddy.com","http://registrar.godaddy.com","","","","","Riyadh","","Saudi Arabia","","","","","","","","","","","","","","","","","","","","","","","","","","","","","","","","","","donald.ns.cloudflare.com","leia.ns.cloudflare.com","","","clientDeleteProhibited","clientRenewProhibited","clientTransferProhibited","clientUpdateProhibited"
"27","catsband.com","2019-12-03 18:59:27","2019-12-01","","2020-12-01","1068","NameCheap, Inc.","whois.namecheap.com","http://www.namecheap.com","alnejm aboasil","aboasil","al dammam","saudia arabia","al dammam","01888","Saudi Arabia","aboasil.b@gmail.com","+966.546849627","","alnejm aboasil","aboasil","al dammam","saudia arabia","al dammam","01888","Saudi Arabia","aboasil.b@gmail.com","+966.546849627","","alnejm aboasil","aboasil","al dammam","saudia arabia","al dammam","01888","Saudi Arabia","aboasil.b@gmail.com","+966.546849627","","","","","","","","","","","","dns1.registrar-servers.com","dns2.registrar-servers.com","","","addPeriod","clientTransferProhibited","",""
"28","cayanlab.com","2019-12-03 17:04:17","2019-12-01","2019-12-01","2020-12-01","69","Tucows Domains Inc.","whois.tucows.com","http://domainhelp.opensrs.net","REDACTED FOR PRIVACY","REDACTED FOR PRIVACY","REDACTED FOR PRIVACY","REDACTED FOR PRIVACY","je","REDACTED FOR PRIVACY","Saudi Arabia","","REDACTED FOR PRIVACY","REDACTED FOR PRIVACY","REDACTED FOR PRIVACY","REDACTED FOR PRIVACY","REDACTED FOR PRIVACY","REDACTED FOR PRIVACY","REDACTED FOR PRIVACY","REDACTED FOR PRIVACY","REDACTED FOR PRIVACY","","REDACTED FOR PRIVACY","REDACTED FOR PRIVACY","REDACTED FOR PRIVACY","REDACTED FOR PRIVACY","REDACTED FOR PRIVACY","REDACTED FOR PRIVACY","REDACTED FOR PRIVACY","REDACTED FOR PRIVACY","REDACTED FOR PRIVACY","","REDACTED FOR PRIVACY","REDACTED FOR PRIVACY","","","","","","","","","","","ns1.site4now.net","ns2.site4now.net","ns3.site4now.net","","OK","","",""
"29","cheeseberry-sa.com","2019-12-03 18:18:44","2019-12-02","2019-12-02","2020-12-02","303","PDR Ltd. d/b/a PublicDomainRegistry.com","whois.publicdomainregistry.com","http://www.publicdomainregistry.com","Ghadah Altalha","Zid","Imam Abdullah Ibn Saud Ibn Abdulaziz Rd","Riyadh","Other","13243","Saudi Arabia","g.altalhah@zid.sa","+966.557917335","","Ghadah Altalha","Zid","Imam Abdullah Ibn Saud Ibn Abdulaziz Rd","Riyadh","Other","13243","Saudi Arabia","g.altalhah@zid.sa","+966.557917335","","Ghadah Altalha","Zid","Imam Abdullah Ibn Saud Ibn Abdulaziz Rd","Riyadh","Other","13243","Saudi Arabia","g.altalhah@zid.sa","+966.557917335","","","","","","","","","","","","cash.ns.cloudflare.com","jessica.ns.cloudflare.com","","","clientTransferProhibited","","",""
"30","clemance-store.com","2019-12-03 16:12:30","2019-12-02","2019-12-02","2020-12-02","303","PDR Ltd. d/b/a PublicDomainRegistry.com","whois.publicdomainregistry.com","http://www.publicdomainregistry.com","Ghadah Altalha","Zid","Imam Abdullah Ibn Saud Ibn Abdulaziz Rd","Riyadh","Other","13243","Saudi Arabia","g.altalhah@zid.sa","+966.557917335","","Ghadah Altalha","Zid","Imam Abdullah Ibn Saud Ibn Abdulaziz Rd","Riyadh","Other","13243","Saudi Arabia","g.altalhah@zid.sa","+966.557917335","","Ghadah Altalha","Zid","Imam Abdullah Ibn Saud Ibn Abdulaziz Rd","Riyadh","Other","13243","Saudi Arabia","g.altalhah@zid.sa","+966.557917335","","","","","","","","","","","","cash.ns.cloudflare.com","jessica.ns.cloudflare.com","","","clientTransferProhibited","","",""
"31","cybercrimeseries.com","2019-12-03 15:50:51","2019-12-02","2019-12-02","2020-12-02","625","Name.com, Inc.","whois.name.com","http://www.name.com","bander alotebi","","jubail","jubail","jubail","19631","Saudi Arabia","reame28@gmail.com","+966.530331181","","bander alotebi","","jubail","jubail","jubail","19631","Saudi Arabia","reame28@gmail.com","+966.530331181","","bander alotebi","","jubail","jubail","jubail","19631","Saudi Arabia","reame28@gmail.com","+966.530331181","","","","","","","","","","","","ns1.sedoparking.com","ns2.sedoparking.com","","","addPeriod","clientTransferProhibited","",""
"32","daliliom.com","2019-12-03 14:38:37","2019-12-02","2019-12-02","2020-12-02","48","eNom, Inc.","whois.enom.com","http://www.enom.com","REDACTED FOR PRIVACY","REDACTED FOR PRIVACY","REDACTED FOR PRIVACY","REDACTED FOR PRIVACY","Riyadh","REDACTED FOR PRIVACY","Saudi Arabia","","REDACTED FOR PRIVACY","REDACTED FOR PRIVACY","REDACTED FOR PRIVACY","REDACTED FOR PRIVACY","REDACTED FOR PRIVACY","REDACTED FOR PRIVACY","REDACTED FOR PRIVACY","REDACTED FOR PRIVACY","REDACTED FOR PRIVACY","","REDACTED FOR PRIVACY","REDACTED FOR PRIVACY","REDACTED FOR PRIVACY","REDACTED FOR PRIVACY","REDACTED FOR PRIVACY","REDACTED FOR PRIVACY","REDACTED FOR PRIVACY","REDACTED FOR PRIVACY","REDACTED FOR PRIVACY","","REDACTED FOR PRIVACY","REDACTED FOR PRIVACY","","","","","","","","","","","ns1.dimofinf.net","ns2.dimofinf.net","ns3.dimofinf.net","","addPeriod","clientTransferProhibited","",""
"33","darmackeen.com","2019-12-03 17:24:06","2019-12-01","2019-12-01","2020-12-01","69","Tucows Domains Inc.","whois.tucows.com","http://domainhelp.opensrs.net","REDACTED FOR PRIVACY","REDACTED FOR PRIVACY","REDACTED FOR PRIVACY","REDACTED FOR PRIVACY","Ar Riyad","REDACTED FOR PRIVACY","Saudi Arabia","","REDACTED FOR PRIVACY","REDACTED FOR PRIVACY","REDACTED FOR PRIVACY","REDACTED FOR PRIVACY","REDACTED FOR PRIVACY","REDACTED FOR PRIVACY","REDACTED FOR PRIVACY","REDACTED FOR PRIVACY","REDACTED FOR PRIVACY","","REDACTED FOR PRIVACY","REDACTED FOR PRIVACY","REDACTED FOR PRIVACY","REDACTED FOR PRIVACY","REDACTED FOR PRIVACY","REDACTED FOR PRIVACY","REDACTED FOR PRIVACY","REDACTED FOR PRIVACY","REDACTED FOR PRIVACY","","REDACTED FOR PRIVACY","REDACTED FOR PRIVACY","","","","","","","","","","","ns1.servconfig.com","ns2.servconfig.com","","","","","",""
"34","dfb2030.com","2019-12-03 16:11:14","2019-12-02","2019-12-02","2020-12-02","886","Domain.com, LLC","whois.domain.com","http://www.domain.com","REDACTED FOR PRIVACY","REDACTED FOR PRIVACY","REDACTED FOR PRIVACY","REDACTED FOR PRIVACY","NA","REDACTED FOR PRIVACY","Saudi Arabia","","REDACTED FOR PRIVACY","REDACTED FOR PRIVACY","REDACTED FOR PRIVACY","REDACTED FOR PRIVACY","REDACTED FOR PRIVACY","REDACTED FOR PRIVACY","REDACTED FOR PRIVACY","REDACTED FOR PRIVACY","REDACTED FOR PRIVACY","","REDACTED FOR PRIVACY","REDACTED FOR PRIVACY","REDACTED FOR PRIVACY","REDACTED FOR PRIVACY","REDACTED FOR PRIVACY","REDACTED FOR PRIVACY","REDACTED FOR PRIVACY","REDACTED FOR PRIVACY","REDACTED FOR PRIVACY","","REDACTED FOR PRIVACY","REDACTED FOR PRIVACY","","","","","","","","","","","ns1.ipage.com","ns2.ipage.com","","","","","",""
"35","drsna.com","2019-12-03 14:42:30","2019-12-02","2019-12-02","2020-12-02","1154","FastDomain Inc.","whois.fastdomain.com","http://www.fastdomain.com","IBRAHIM AHMED","","RIYADH","RIYDH","","11471","Saudi Arabia","ali8aliq@gmail.com","+966.531586916","","IBRAHIM AHMED","","RIYADH","RIYDH","","11471","Saudi Arabia","ali8aliq@gmail.com","+966.531586916","","BLUEHOST INC","BLUEHOST.COM","550 E TIMPANOGOS PKWY","OREM","UTAH","84097","United States","support-domain@bluehost.com","+1.8017659400","+1.8017651992","","","","","","","","","","","ns1.bluehost.com","ns2.bluehost.com","","","clientTransferProhibited","","",""
"36","efadwa.com","2019-12-03 16:23:05","2019-12-01","2019-12-01","2021-12-01","146","GoDaddy.com, LLC","whois.godaddy.com","http://registrar.godaddy.com","edu","edu","","","eastern provence","","Saudi Arabia","","","","","","","","","","","","","","","","","","","","","","","","","","","","","","","","","","ns27.domaincontrol.com","ns28.domaincontrol.com","","","clientDeleteProhibited","clientRenewProhibited","clientTransferProhibited","clientUpdateProhibited"
"37","ei-ksa.net","2019-12-03 14:36:41","2019-12-01","2019-12-01","2020-12-01","146","GoDaddy.com, LLC","whois.godaddy.com","http://registrar.godaddy.com","","","","","Saudi Arabia","","Saudi Arabia","","","","","","","","","","","","","","","","","","","","","","","","","","","","","","","","","","ns27.domaincontrol.com","ns28.domaincontrol.com","","","clientDeleteProhibited","clientRenewProhibited","clientTransferProhibited","clientUpdateProhibited"
"38","emaharat.com","2019-12-03 18:53:08","2019-12-02","2019-12-02","2020-12-02","146","GoDaddy.com, LLC","whois.godaddy.com","http://registrar.godaddy.com","","","","","AMM","","Saudi Arabia","","","","","","","","","","","","","","","","","","","","","","","","","","","","","","","","","","ns27.domaincontrol.com","ns28.domaincontrol.com","","","clientDeleteProhibited","clientRenewProhibited","clientTransferProhibited","clientUpdateProhibited"
"39","epickeysgenration.com","2019-12-03 15:17:14","2019-12-01","2019-12-01","2020-12-01","1154","FastDomain Inc.","whois.fastdomain.com","http://www.fastdomain.com","OSAMA ALSANA'NI","","AL KHUBAR AL JANUBIYAH 25TH","KHUBAR","","43622","Saudi Arabia","amaso2016@gmail.com","+966.536117763","","OSAMA ALSANA'NI","","AL KHUBAR AL JANUBIYAH 25TH","KHUBAR","","43622","Saudi Arabia","amaso2016@gmail.com","+966.536117763","","BLUEHOST INC","BLUEHOST.COM","550 E TIMPANOGOS PKWY","OREM","UTAH","84097","United States","support-domain@bluehost.com","+1.8017659400","+1.8017651992","","","","","","","","","","","ns1.bluehost.com","ns2.bluehost.com","","","clientTransferProhibited","","",""
"40","erideum.com","2019-12-03 14:48:53","2019-12-01","2019-12-01","2020-12-01","146","GoDaddy.com, LLC","whois.godaddy.com","http://registrar.godaddy.com","","","","","Eastern","","Saudi Arabia","","","","","","","","","","","","","","","","","","","","","","","","","","","","","","","","","","ns27.domaincontrol.com","ns28.domaincontrol.com","","","clientDeleteProhibited","clientRenewProhibited","clientTransferProhibited","clientUpdateProhibited"
"41","familyhota.com","2019-12-03 16:18:25","2019-12-02","2019-12-02","2020-12-02","146","GoDaddy.com, LLC","whois.godaddy.com","http://registrar.godaddy.com","","","","","Hail","","Saudi Arabia","","","","","","","","","","","","","","","","","","","","","","","","","","","","","","","","","","ns1.mofest.net","ns2.mofest.net","","","clientDeleteProhibited","clientRenewProhibited","clientTransferProhibited","clientUpdateProhibited"
"42","faseh.net","2019-12-03 18:03:54","2019-12-01","2019-12-01","2020-12-01","48","eNom, Inc.","whois.enom.com","http://www.enom.com","REDACTED FOR PRIVACY","REDACTED FOR PRIVACY","REDACTED FOR PRIVACY","REDACTED FOR PRIVACY","REDACTED FOR PRIVACY","REDACTED FOR PRIVACY","Saudi Arabia","","REDACTED FOR PRIVACY","REDACTED FOR PRIVACY","REDACTED FOR PRIVACY","REDACTED FOR PRIVACY","REDACTED FOR PRIVACY","REDACTED FOR PRIVACY","REDACTED FOR PRIVACY","REDACTED FOR PRIVACY","REDACTED FOR PRIVACY","","REDACTED FOR PRIVACY","REDACTED FOR PRIVACY","REDACTED FOR PRIVACY","REDACTED FOR PRIVACY","REDACTED FOR PRIVACY","REDACTED FOR PRIVACY","REDACTED FOR PRIVACY","REDACTED FOR PRIVACY","REDACTED FOR PRIVACY","","REDACTED FOR PRIVACY","REDACTED FOR PRIVACY","","","","","","","","","","","ns1.saudiahost.org","ns2.saudiahost.org","","","addPeriod","clientTransferProhibited","",""
"43","flowarz.com","2019-12-03 15:17:38","2019-12-01","2019-12-01","2021-12-01","146","GoDaddy.com, LLC","whois.godaddy.com","http://registrar.godaddy.com","Cp","Cp","","","Riyadh","","Saudi Arabia","","","","","","","","","","","","","","","","","","","","","","","","","","","","","","","","","","ns27.domaincontrol.com","ns28.domaincontrol.com","","","clientDeleteProhibited","clientRenewProhibited","clientTransferProhibited","clientUpdateProhibited"
"44","foodandgoods.net","2019-12-03 18:23:57","2019-12-01","2019-12-01","2020-12-01","69","Tucows Domains Inc.","whois.tucows.com","http://domainhelp.opensrs.net","REDACTED FOR PRIVACY","REDACTED FOR PRIVACY","REDACTED FOR PRIVACY","REDACTED FOR PRIVACY","ma","REDACTED FOR PRIVACY","Saudi Arabia","","REDACTED FOR PRIVACY","REDACTED FOR PRIVACY","REDACTED FOR PRIVACY","REDACTED FOR PRIVACY","REDACTED FOR PRIVACY","REDACTED FOR PRIVACY","REDACTED FOR PRIVACY","REDACTED FOR PRIVACY","REDACTED FOR PRIVACY","","REDACTED FOR PRIVACY","REDACTED FOR PRIVACY","REDACTED FOR PRIVACY","REDACTED FOR PRIVACY","REDACTED FOR PRIVACY","REDACTED FOR PRIVACY","REDACTED FOR PRIVACY","REDACTED FOR PRIVACY","REDACTED FOR PRIVACY","","REDACTED FOR PRIVACY","REDACTED FOR PRIVACY","","","","","","","","","","","ns1.site4now.net","ns2.site4now.net","ns3.site4now.net","","","","",""
"45","g20d.com","2019-12-03 17:59:28","2019-12-02","2019-12-02","2020-12-02","146","GoDaddy.com, LLC","whois.godaddy.com","http://registrar.godaddy.com","","","","","Jeddah","","Saudi Arabia","","","","","","","","","","","","","","","","","","","","","","","","","","","","","","","","","","ns27.domaincontrol.com","ns28.domaincontrol.com","","","clientDeleteProhibited","clientRenewProhibited","clientTransferProhibited","clientUpdateProhibited"
"46","gabonvape.com","2019-12-03 17:48:29","2019-12-02","2019-12-02","2020-12-02","146","GoDaddy.com, LLC","whois.godaddy.com","http://registrar.godaddy.com","tagnet","tagnet","","","Riyadh","","Saudi Arabia","","","","","","","","","","","","","","","","","","","","","","","","","","","","","","","","","","ns27.domaincontrol.com","ns28.domaincontrol.com","","","clientDeleteProhibited","clientRenewProhibited","clientTransferProhibited","clientUpdateProhibited"
"47","gega7.com","2019-12-03 14:31:39","2019-12-02","2019-12-02","2020-12-02","886","Domain.com, LLC","whois.domain.com","http://www.domain.com","REDACTED FOR PRIVACY","REDACTED FOR PRIVACY","REDACTED FOR PRIVACY","REDACTED FOR PRIVACY","NA","REDACTED FOR PRIVACY","Saudi Arabia","","REDACTED FOR PRIVACY","REDACTED FOR PRIVACY","REDACTED FOR PRIVACY","REDACTED FOR PRIVACY","REDACTED FOR PRIVACY","REDACTED FOR PRIVACY","REDACTED FOR PRIVACY","REDACTED FOR PRIVACY","REDACTED FOR PRIVACY","","REDACTED FOR PRIVACY","REDACTED FOR PRIVACY","REDACTED FOR PRIVACY","REDACTED FOR PRIVACY","REDACTED FOR PRIVACY","REDACTED FOR PRIVACY","REDACTED FOR PRIVACY","REDACTED FOR PRIVACY","REDACTED FOR PRIVACY","","REDACTED FOR PRIVACY","REDACTED FOR PRIVACY","","","","","","","","","","","ns1.ipage.com","ns2.ipage.com","","","","","",""
"48","gega7.net","2019-12-03 14:38:02","2019-12-02","2019-12-02","2020-12-02","886","Domain.com, LLC","whois.domain.com","http://www.domain.com","REDACTED FOR PRIVACY","REDACTED FOR PRIVACY","REDACTED FOR PRIVACY","REDACTED FOR PRIVACY","NA","REDACTED FOR PRIVACY","Saudi Arabia","","REDACTED FOR PRIVACY","REDACTED FOR PRIVACY","REDACTED FOR PRIVACY","REDACTED FOR PRIVACY","REDACTED FOR PRIVACY","REDACTED FOR PRIVACY","REDACTED FOR PRIVACY","REDACTED FOR PRIVACY","REDACTED FOR PRIVACY","","REDACTED FOR PRIVACY","REDACTED FOR PRIVACY","REDACTED FOR PRIVACY","REDACTED FOR PRIVACY","REDACTED FOR PRIVACY","REDACTED FOR PRIVACY","REDACTED FOR PRIVACY","REDACTED FOR PRIVACY","REDACTED FOR PRIVACY","","REDACTED FOR PRIVACY","REDACTED FOR PRIVACY","","","","","","","","","","","ns1.ipage.com","ns2.ipage.com","","","","","",""
"49","gelavani.com","2019-12-03 15:00:13","2019-12-02","2019-12-02","2021-12-02","146","GoDaddy.com, LLC","whois.godaddy.com","http://registrar.godaddy.com","","","","","","","Saudi Arabia","","","","","","","","","","","","","","","","","","","","","","","","","","","","","","","","","","ns27.domaincontrol.com","ns28.domaincontrol.com","","","clientDeleteProhibited","clientRenewProhibited","clientTransferProhibited","clientUpdateProhibited"
"50","gellary-store.com","2019-12-03 17:31:44","2019-12-01","2019-12-01","2021-12-01","146","GoDaddy.com, LLC","whois.godaddy.com","http://registrar.godaddy.com","","","","","eastern region","","Saudi Arabia","","","","","","","","","","","","","","","","","","","","","","","","","","","","","","","","","","ns27.domaincontrol.com","ns28.domaincontrol.com","","","clientDeleteProhibited","clientRenewProhibited","clientTransferProhibited","clientUpdateProhibited"
"51","ghazoula.com","2019-12-03 17:24:06","2019-12-02","2019-12-02","2021-12-02","146","GoDaddy.com, LLC","whois.godaddy.com","http://registrar.godaddy.com","","","","","Firas Ibn Al Nudur St","","Saudi Arabia","","","","","","","","","","","","","","","","","","","","","","","","","","","","","","","","","","ns27.domaincontrol.com","ns28.domaincontrol.com","","","clientDeleteProhibited","clientRenewProhibited","clientTransferProhibited","clientUpdateProhibited"
"52","ghazoulabyfarah.com","2019-12-03 14:38:03","2019-12-02","2019-12-02","2021-12-02","146","GoDaddy.com, LLC","whois.godaddy.com","http://registrar.godaddy.com","","","","","Firas Ibn Al Nudur St","","Saudi Arabia","","","","","","","","","","","","","","","","","","","","","","","","","","","","","","","","","","ns27.domaincontrol.com","ns28.domaincontrol.com","","","clientDeleteProhibited","clientRenewProhibited","clientTransferProhibited","clientUpdateProhibited"
"53","gift4you-shop.com","2019-12-03 16:09:10","2019-12-02","2019-12-02","2020-12-02","303","PDR Ltd. d/b/a PublicDomainRegistry.com","whois.publicdomainregistry.com","http://www.publicdomainregistry.com","Ghadah Altalha","Zid","Imam Abdullah Ibn Saud Ibn Abdulaziz Rd","Riyadh","Other","13243","Saudi Arabia","g.altalhah@zid.sa","+966.557917335","","Ghadah Altalha","Zid","Imam Abdullah Ibn Saud Ibn Abdulaziz Rd","Riyadh","Other","13243","Saudi Arabia","g.altalhah@zid.sa","+966.557917335","","Ghadah Altalha","Zid","Imam Abdullah Ibn Saud Ibn Abdulaziz Rd","Riyadh","Other","13243","Saudi Arabia","g.altalhah@zid.sa","+966.557917335","","","","","","","","","","","","cash.ns.cloudflare.com","jessica.ns.cloudflare.com","","","clientTransferProhibited","","",""
"54","goplus20.com","2019-12-03 17:38:18","2019-12-02","2019-12-02","2020-12-02","625","Name.com, Inc.","whois.name.com","http://www.name.com","abdullah awad","top","hiale","hail","hail","81462","Saudi Arabia","abood0767@gmail.com","+966.508945183","","abdullah awad","top","hiale","hail","hail","81462","Saudi Arabia","abood0767@gmail.com","+966.508945183","","abdullah awad","top","hiale","hail","hail","81462","Saudi Arabia","abood0767@gmail.com","+966.508945183","","","","","","","","","","","","ns1dnx.name.com","ns2cqs.name.com","ns3dty.name.com","ns4jnz.name.com","addPeriod","clientTransferProhibited","",""
"55","gsi-limited.com","2019-12-03 18:19:48","2019-12-02","2019-12-02","2020-12-02","69","Tucows Domains Inc.","whois.tucows.com","http://domainhelp.opensrs.net","REDACTED FOR PRIVACY","REDACTED FOR PRIVACY","REDACTED FOR PRIVACY","REDACTED FOR PRIVACY","XX","REDACTED FOR PRIVACY","Saudi Arabia","","REDACTED FOR PRIVACY","REDACTED FOR PRIVACY","REDACTED FOR PRIVACY","REDACTED FOR PRIVACY","REDACTED FOR PRIVACY","REDACTED FOR PRIVACY","REDACTED FOR PRIVACY","REDACTED FOR PRIVACY","REDACTED FOR PRIVACY","","REDACTED FOR PRIVACY","REDACTED FOR PRIVACY","REDACTED FOR PRIVACY","REDACTED FOR PRIVACY","REDACTED FOR PRIVACY","REDACTED FOR PRIVACY","REDACTED FOR PRIVACY","REDACTED FOR PRIVACY","REDACTED FOR PRIVACY","","REDACTED FOR PRIVACY","REDACTED FOR PRIVACY","","","","","","","","","","","archer.ns.cloudflare.com","indie.ns.cloudflare.com","","","clientTransferProhibited","clientUpdateProhibited","",""
"56","gulf-hosting.com","2019-12-03 14:27:12","2019-12-01","2019-12-01","2020-12-01","625","Name.com, Inc.","whois.name.com","http://www.name.com","Mohammed Jindia","Gulf Hosting","AlReyad","AlReyad","AlReyad","12541","Saudi Arabia","info@gulf-hosting.com","+966.599060721","","Mohammed Jindia","Gulf Hosting","AlReyad","AlReyad","AlReyad","12541","Saudi Arabia","info@gulf-hosting.com","+966.599060721","","Mohammed Jindia","Gulf Hosting","AlReyad","AlReyad","AlReyad","12541","Saudi Arabia","info@gulf-hosting.com","+966.599060721","","","","","","","","","","","","ns1.gulf-hosting.com","ns2.gulf-hosting.com","","","addPeriod","clientTransferProhibited","",""
"57","hdp2020.com","2019-12-03 18:36:14","2019-12-01","2019-12-01","2020-12-01","146","GoDaddy.com, LLC","whois.godaddy.com","http://registrar.godaddy.com","14","14","","","king abdulaziz","","Saudi Arabia","","","","","","","","","","","","","","","","","","","","","","","","","","","","","","","","","","ns27.domaincontrol.com","ns28.domaincontrol.com","","","clientDeleteProhibited","clientRenewProhibited","clientTransferProhibited","clientUpdateProhibited"
"58","homearcer.com","2019-12-03 16:04:23","2019-12-02","2019-12-02","2022-12-02","146","GoDaddy.com, LLC","whois.godaddy.com","http://registrar.godaddy.com","","","","","\u0639\u0633\u064a\u0631","","Saudi Arabia","","","","","","","","","","","","","","","","","","","","","","","","","","","","","","","","","","ns27.domaincontrol.com","ns28.domaincontrol.com","","","clientDeleteProhibited","clientRenewProhibited","clientTransferProhibited","clientUpdateProhibited"
"59","hr-sabs-net-sa.com","2019-12-03 14:36:08","2019-12-01","2019-12-01","2020-12-01","146","GoDaddy.com, LLC","whois.godaddy.com","http://registrar.godaddy.com","","","","","\u0627\u0644\u0631\u064a\u0627\u0636","","Saudi Arabia","","","","","","","","","","","","","","","","","","","","","","","","","","","","","","","","","","ns27.domaincontrol.com","ns28.domaincontrol.com","","","clientDeleteProhibited","clientRenewProhibited","clientTransferProhibited","clientUpdateProhibited"
"60","icfriyadh.com","2019-12-03 15:36:44","2019-12-02","2019-12-02","2020-12-02","146","GoDaddy.com, LLC","whois.godaddy.com","http://registrar.godaddy.com","ICF","ICF","","","Riyadh","","Saudi Arabia","","","","","","","","","","","","","","","","","","","","","","","","","","","","","","","","","","ns27.domaincontrol.com","ns28.domaincontrol.com","","","clientDeleteProhibited","clientRenewProhibited","clientTransferProhibited","clientUpdateProhibited"
"61","imarparkin.com","2019-12-03 19:13:15","2019-12-01","2019-12-01","2020-12-01","146","GoDaddy.com, LLC","whois.godaddy.com","http://registrar.godaddy.com","","","","","SaudiArabia","","Saudi Arabia","","","","","","","","","","","","","","","","","","","","","","","","","","","","","","","","","","ns1.giow1021.siteground.us","ns2.giow1021.siteground.us","","","clientDeleteProhibited","clientRenewProhibited","clientTransferProhibited","clientUpdateProhibited"
"62","imos-ksa.com","2019-12-03 14:57:17","2019-12-02","2019-12-02","2020-12-02","303","PDR Ltd. d/b/a PublicDomainRegistry.com","whois.publicdomainregistry.com","http://www.publicdomainregistry.com","Ghadah Altalha","Zid","Imam Abdullah Ibn Saud Ibn Abdulaziz Rd","Riyadh","Other","13243","Saudi Arabia","g.altalhah@zid.sa","+966.557917335","","Ghadah Altalha","Zid","Imam Abdullah Ibn Saud Ibn Abdulaziz Rd","Riyadh","Other","13243","Saudi Arabia","g.altalhah@zid.sa","+966.557917335","","Ghadah Altalha","Zid","Imam Abdullah Ibn Saud Ibn Abdulaziz Rd","Riyadh","Other","13243","Saudi Arabia","g.altalhah@zid.sa","+966.557917335","","","","","","","","","","","","cash.ns.cloudflare.com","jessica.ns.cloudflare.com","","","clientTransferProhibited","","",""
"63","irogapar.com","2019-12-03 16:08:12","2019-12-02","2019-12-02","2021-12-02","146","GoDaddy.com, LLC","whois.godaddy.com","http://registrar.godaddy.com","","","","","Jeddah","","Saudi Arabia","","","","","","","","","","","","","","","","","","","","","","","","","","","","","","","","","","ns27.domaincontrol.com","ns28.domaincontrol.com","","","clientDeleteProhibited","clientRenewProhibited","clientTransferProhibited","clientUpdateProhibited"
"64","itajah.com","2019-12-03 15:31:58","2019-12-02","2019-12-02","2024-12-02","146","GoDaddy.com, LLC","whois.godaddy.com","http://registrar.godaddy.com","Al Itajah Al Waseh Est For Contracting","Al Itajah Al Waseh Est For Contracting","","","Riyadh","","Saudi Arabia","","","","","","","","","","","","","","","","","","","","","","","","","","","","","","","","","","ns27.domaincontrol.com","ns28.domaincontrol.com","","","clientDeleteProhibited","clientRenewProhibited","clientTransferProhibited","clientUpdateProhibited"
"65","itrweg.com","2019-12-03 19:00:11","2019-12-02","2019-12-02","2020-12-02","1005","NetEarth One Inc. d/b/a NetEarth","whois.advancedregistrar.com","http://www.netearthone.com","Bassam  Al Enzi","itpeot","Saudi Arabia Riyadh Malaz Saudi Arabia Riyadh Malaz","Riyadh","545","66755","Saudi Arabia","itpeot@gmail.com","+966.55890667","","Bassam  Al Enzi","itpeot","Saudi Arabia Riyadh Malaz Saudi Arabia Riyadh Malaz","Riyadh","545","66755","Saudi Arabia","itpeot@gmail.com","+966.55890667","","Bassam  Al Enzi","itpeot","Saudi Arabia Riyadh Malaz Saudi Arabia Riyadh Malaz","Riyadh","545","66755","Saudi Arabia","itpeot@gmail.com","+966.55890667","","","","","","","","","","","","ns10.veeblehosting.com","ns11.veeblehosting.com","","","clientTransferProhibited","","",""
"66","jiadco.com","2019-12-03 19:13:41","2019-12-02","2019-12-02","2020-12-02","1636","Hostinger, UAB","whois.hostinger.com","http://www.hostinger.com","Saad Aldumaykh","Saad Aldumaykh","11372 Riyadh","Riyadh","Saudi Arabia","11372","Saudi Arabia","s.aldumaykh@gmail.com","+966.580711600","","Saad Aldumaykh","Saad Aldumaykh","11372 Riyadh","Riyadh","Saudi Arabia","11372","Saudi Arabia","s.aldumaykh@gmail.com","+966.580711600","","Saad Aldumaykh","Saad Aldumaykh","11372 Riyadh","Riyadh","Saudi Arabia","11372","Saudi Arabia","s.aldumaykh@gmail.com","+966.580711600","","","","","","","","","","","","ns1.dns-parking.com","ns2.dns-parking.com","","","clientTransferProhibited","","",""
"67","jwalnwa3m.com","2019-12-03 17:21:01","2019-12-02","2019-12-02","2020-12-02","625","Name.com, Inc.","whois.name.com","http://www.name.com","Nawaf Hariri","Salla","P.O.Box13867","Makkah","Makkah","21955","Saudi Arabia","domains@salla.sa","+966.544444444","","Nawaf Hariri","Salla","P.O.Box13867","Makkah","Makkah","21955","Saudi Arabia","domains@salla.sa","+966.544444444","","Nawaf Hariri","Salla","P.O.Box13867","Makkah","Makkah","21955","Saudi Arabia","domains@salla.sa","+966.544444444","","","","","","","","","","","","donald.ns.cloudflare.com","leia.ns.cloudflare.com","","","addPeriod","clientTransferProhibited","",""
"68","kodmany.com","2019-12-03 15:42:45","2019-12-02","2019-12-02","2020-12-02","1472","LiquidNet Ltd.","whois.liquidnetlimited.com","http://www.liquidnetlimited.com","REDACTED FOR PRIVACY","REDACTED FOR PRIVACY","REDACTED FOR PRIVACY","REDACTED FOR PRIVACY","nan","REDACTED FOR PRIVACY","Saudi Arabia","","REDACTED FOR PRIVACY","REDACTED FOR PRIVACY","REDACTED FOR PRIVACY","REDACTED FOR PRIVACY","REDACTED FOR PRIVACY","REDACTED FOR PRIVACY","REDACTED FOR PRIVACY","REDACTED FOR PRIVACY","REDACTED FOR PRIVACY","","REDACTED FOR PRIVACY","REDACTED FOR PRIVACY","REDACTED FOR PRIVACY","REDACTED FOR PRIVACY","REDACTED FOR PRIVACY","REDACTED FOR PRIVACY","REDACTED FOR PRIVACY","REDACTED FOR PRIVACY","REDACTED FOR PRIVACY","","REDACTED FOR PRIVACY","REDACTED FOR PRIVACY","","","","","","","","","","","ns1.voilahost.com","ns2.voilahost.com","ns3.voilahost.com","ns4.voilahost.com","clientTransferProhibited","","",""
"69","ledecor-sa.com","2019-12-03 15:31:22","2019-12-02","2019-12-02","2020-12-02","303","PDR Ltd. d/b/a PublicDomainRegistry.com","whois.publicdomainregistry.com","http://www.publicdomainregistry.com","Ghadah Altalha","Zid","Imam Abdullah Ibn Saud Ibn Abdulaziz Rd","Riyadh","Other","13243","Saudi Arabia","g.altalhah@zid.sa","+966.557917335","","Ghadah Altalha","Zid","Imam Abdullah Ibn Saud Ibn Abdulaziz Rd","Riyadh","Other","13243","Saudi Arabia","g.altalhah@zid.sa","+966.557917335","","Ghadah Altalha","Zid","Imam Abdullah Ibn Saud Ibn Abdulaziz Rd","Riyadh","Other","13243","Saudi Arabia","g.altalhah@zid.sa","+966.557917335","","","","","","","","","","","","cash.ns.cloudflare.com","jessica.ns.cloudflare.com","","","clientTransferProhibited","","",""
"70","letrasesguias.com","2019-12-03 14:41:46","2019-12-02","2019-12-02","2021-12-02","146","GoDaddy.com, LLC","whois.godaddy.com","http://registrar.godaddy.com","","","","","\u0627\u0644\u0631\u064a\u0627\u0636","","Saudi Arabia","","","","","","","","","","","","","","","","","","","","","","","","","","","","","","","","","","ns27.domaincontrol.com","ns28.domaincontrol.com","","","clientDeleteProhibited","clientRenewProhibited","clientTransferProhibited","clientUpdateProhibited"
"71","lifebeautty.com","2019-12-03 15:00:44","2019-12-02","2019-12-02","2020-12-02","625","Name.com, Inc.","whois.name.com","http://www.name.com","Nawaf Hariri","Salla","P.O.Box13867","Makkah","Makkah","21955","Saudi Arabia","domains@salla.sa","+966.544444444","","Nawaf Hariri","Salla","P.O.Box13867","Makkah","Makkah","21955","Saudi Arabia","domains@salla.sa","+966.544444444","","Nawaf Hariri","Salla","P.O.Box13867","Makkah","Makkah","21955","Saudi Arabia","domains@salla.sa","+966.544444444","","","","","","","","","","","","donald.ns.cloudflare.com","leia.ns.cloudflare.com","","","addPeriod","clientTransferProhibited","",""
"72","maasconsultancy.com","2019-12-03 16:34:55","2019-12-02","2019-12-02","2020-12-02","303","PDR Ltd. d/b/a PublicDomainRegistry.com","whois.publicdomainregistry.com","http://www.publicdomainregistry.com","MAAS FINANCIAL CONSULTANCY","MAAS FINANCIAL CONSULTANCY","Building No- 3748 Al Miqdad Ibn Al Aswad Street","DAMMAM","EASTERN PROVINCE","32415","Saudi Arabia","masconsultksa@gmail.com","+966.544789834","","MAAS FINANCIAL CONSULTANCY","MAAS FINANCIAL CONSULTANCY","Building No- 3748 Al Miqdad Ibn Al Aswad Street","DAMMAM","EASTERN PROVINCE","32415","Saudi Arabia","masconsultksa@gmail.com","+966.544789834","","MAAS FINANCIAL CONSULTANCY","MAAS FINANCIAL CONSULTANCY","Building No- 3748 Al Miqdad Ibn Al Aswad Street","DAMMAM","EASTERN PROVINCE","32415","Saudi Arabia","masconsultksa@gmail.com","+966.544789834","","","","","","","","","","","","ns1.srkitsolutions.com","ns2.srkitsolutions.com","","","clientTransferProhibited","","",""
"73","maboojmaimouna.com","2019-12-03 17:21:40","2019-12-01","2019-12-01","2020-12-01","440","Wild West Domains, LLC","whois.wildwestdomains.com","http://www.wildwestdomains.com","mabooj maimouna","mabooj maimouna","","","'Asir","","Saudi Arabia","","","","","","","","","","","","","","","","","","","","","","","","","","","","","","","","","","ns27.domaincontrol.com","ns28.domaincontrol.com","","","clientDeleteProhibited","clientRenewProhibited","clientTransferProhibited","clientUpdateProhibited"
"74","majesticscent.com","2019-12-03 16:12:42","2019-12-01","2019-12-01","2020-12-01","146","GoDaddy.com, LLC","whois.godaddy.com","http://registrar.godaddy.com","","","","","MAKKAH","","Saudi Arabia","","","","","","","","","","","","","","","","","","","","","","","","","","","","","","","","","","ns27.domaincontrol.com","ns28.domaincontrol.com","","","clientDeleteProhibited","clientRenewProhibited","clientTransferProhibited","clientUpdateProhibited"
"75","manasibksa.com","2019-12-03 17:18:50","2019-12-02","2019-12-02","2020-12-02","303","PDR Ltd. d/b/a PublicDomainRegistry.com","whois.publicdomainregistry.com","http://www.publicdomainregistry.com","J.J. PEREIRA","Softweb Designers, Inc.","PO BOX 79039","AL KHOBAR","EASTERN","31952","Saudi Arabia","jerryboyjp@pereirasoftweb.com","+966.138935611","","J.J. PEREIRA","Softweb Designers, Inc.","PO BOX 79039","AL KHOBAR","EASTERN","31952","Saudi Arabia","jerryboyjp@pereirasoftweb.com","+966.138935611","","J.J. PEREIRA","Softweb Designers, Inc.","PO BOX 79039","AL KHOBAR","EASTERN","31952","Saudi Arabia","jerryboyjp@pereirasoftweb.com","+966.138935611","","","","","","","","","","","","ns51.softwebdesigners.com","ns52.softwebdesigners.com","","","clientTransferProhibited","","",""
"76","masheedq.com","2019-12-03 15:30:52","2019-12-02","2019-12-02","2022-12-02","146","GoDaddy.com, LLC","whois.godaddy.com","http://registrar.godaddy.com","","","","","Riyadh","","Saudi Arabia","","","","","","","","","","","","","","","","","","","","","","","","","","","","","","","","","","ns27.domaincontrol.com","ns28.domaincontrol.com","","","clientDeleteProhibited","clientRenewProhibited","clientTransferProhibited","clientUpdateProhibited"
"77","massagemajed.com","2019-12-03 15:46:17","2019-12-02","2019-12-02","2020-12-02","146","GoDaddy.com, LLC","whois.godaddy.com","http://registrar.godaddy.com","Ayman Dawoud","Frssan Platform","Prince Meteb Roat","Jeddah","western","12345","Saudi Arabia","ayman@frssan.net","+966.564466449","","Ayman Dawoud","Frssan Platform","Prince Meteb Roat","Jeddah","western","12345","Saudi Arabia","ayman@frssan.net","+966.564466449","","Ayman Dawoud","Frssan Platform","Prince Meteb Roat","Jeddah","western","12345","Saudi Arabia","ayman@frssan.net","+966.564466449","","","","","","","","","","","","ns1.folad.net","ns2.folad.net","","","clientDeleteProhibited","clientRenewProhibited","clientTransferProhibited","clientUpdateProhibited"
"78","mevipcourtesans.com","2019-12-03 16:52:33","2019-12-01","2019-12-01","2021-12-01","48","eNom, Inc.","whois.enom.com","http://www.enom.com","REDACTED FOR PRIVACY","REDACTED FOR PRIVACY","REDACTED FOR PRIVACY","REDACTED FOR PRIVACY","none","REDACTED FOR PRIVACY","Saudi Arabia","","REDACTED FOR PRIVACY","REDACTED FOR PRIVACY","REDACTED FOR PRIVACY","REDACTED FOR PRIVACY","REDACTED FOR PRIVACY","REDACTED FOR PRIVACY","REDACTED FOR PRIVACY","REDACTED FOR PRIVACY","REDACTED FOR PRIVACY","","REDACTED FOR PRIVACY","REDACTED FOR PRIVACY","REDACTED FOR PRIVACY","REDACTED FOR PRIVACY","REDACTED FOR PRIVACY","REDACTED FOR PRIVACY","REDACTED FOR PRIVACY","REDACTED FOR PRIVACY","REDACTED FOR PRIVACY","","REDACTED FOR PRIVACY","REDACTED FOR PRIVACY","","","","","","","","","","","logan.ns.cloudflare.com","maya.ns.cloudflare.com","","","addPeriod","clientTransferProhibited","",""
"79","mixwarsha.com","2019-12-03 15:04:28","2019-12-02","2019-12-02","2020-12-02","146","GoDaddy.com, LLC","whois.godaddy.com","http://registrar.godaddy.com","\u0634\u0631\u0643\u0629 \u0645\u0632\u064a\u062c \u0644\u0644\u","\u0634\u0631\u0643\u0629 \u0645\u0632\u064a\u062c \u0644\u0644\u","","","\u0627\u0644\u0645\u062f\u064a\u0646\u0629","","Saudi Arabia","","","","","","","","","","","","","","","","","","","","","","","","","","","","","","","","","","ns27.domaincontrol.com","ns28.domaincontrol.com","","","clientDeleteProhibited","clientRenewProhibited","clientTransferProhibited","clientUpdateProhibited"
"80","moi-gov-jobs.com","2019-12-03 14:28:34","2019-12-02","2019-12-02","2020-12-02","69","Tucows Domains Inc.","whois.tucows.com","http://domainhelp.opensrs.net","REDACTED FOR PRIVACY","REDACTED FOR PRIVACY","REDACTED FOR PRIVACY","REDACTED FOR PRIVACY","REDACTED FOR PRIVACY","REDACTED FOR PRIVACY","Saudi Arabia","","REDACTED FOR PRIVACY","REDACTED FOR PRIVACY","REDACTED FOR PRIVACY","REDACTED FOR PRIVACY","REDACTED FOR PRIVACY","REDACTED FOR PRIVACY","REDACTED FOR PRIVACY","REDACTED FOR PRIVACY","REDACTED FOR PRIVACY","","REDACTED FOR PRIVACY","REDACTED FOR PRIVACY","REDACTED FOR PRIVACY","REDACTED FOR PRIVACY","REDACTED FOR PRIVACY","REDACTED FOR PRIVACY","REDACTED FOR PRIVACY","REDACTED FOR PRIVACY","REDACTED FOR PRIVACY","","REDACTED FOR PRIVACY","REDACTED FOR PRIVACY","","","","","","","","","","","ns1.systemdns.com","ns2.systemdns.com","ns3.systemdns.com","","clientTransferProhibited","clientUpdateProhibited","",""
"81","musaned-visa.com","2019-12-03 14:26:08","2019-12-02","2019-12-02","2020-12-02","146","GoDaddy.com, LLC","whois.godaddy.com","http://registrar.godaddy.com","","","","","fahad","","Saudi Arabia","","","","","","","","","","","","","","","","","","","","","","","","","","","","","","","","","","ns27.domaincontrol.com","ns28.domaincontrol.com","","","clientDeleteProhibited","clientRenewProhibited","clientTransferProhibited","clientUpdateProhibited"
"82","mymscl.com","2019-12-03 18:43:59","2019-12-02","2019-12-02","2022-12-02","146","GoDaddy.com, LLC","whois.godaddy.com","http://registrar.godaddy.com","","","","","Western","","Saudi Arabia","","","","","","","","","","","","","","","","","","","","","","","","","","","","","","","","","","ns27.domaincontrol.com","ns28.domaincontrol.com","","","clientDeleteProhibited","clientRenewProhibited","clientTransferProhibited","clientUpdateProhibited"
"83","nccifinance.com","2019-12-03 18:06:20","2019-12-02","2019-12-02","2020-12-02","146","GoDaddy.com, LLC","whois.godaddy.com","http://registrar.godaddy.com","","","","","31421","","Saudi Arabia","","","","","","","","","","","","","","","","","","","","","","","","","","","","","","","","","","ns27.domaincontrol.com","ns28.domaincontrol.com","","","clientDeleteProhibited","clientRenewProhibited","clientTransferProhibited","clientUpdateProhibited"
"84","newstayl.com","2019-12-03 18:10:08","2019-12-02","2019-12-02","2020-12-02","625","Name.com, Inc.","whois.name.com","http://www.name.com","Nawaf Hariri","Salla","P.O.Box13867","Makkah","Makkah","21955","Saudi Arabia","domains@salla.sa","+966.544444444","","Nawaf Hariri","Salla","P.O.Box13867","Makkah","Makkah","21955","Saudi Arabia","domains@salla.sa","+966.544444444","","Nawaf Hariri","Salla","P.O.Box13867","Makkah","Makkah","21955","Saudi Arabia","domains@salla.sa","+966.544444444","","","","","","","","","","","","donald.ns.cloudflare.com","leia.ns.cloudflare.com","","","addPeriod","clientTransferProhibited","",""
"85","newzayed.com","2019-12-03 15:36:40","2019-12-02","2019-12-02","2020-12-02","146","GoDaddy.com, LLC","whois.godaddy.com","http://registrar.godaddy.com","Rabeh Saqer","Rotana","Riyadh - SaudiArabia","Riyadh","","00966","Saudi Arabia","rabe7.mail@gmail.com","+966.14652228","+966.14652227","Rabeh Saqer","Rotana","Riyadh - SaudiArabia","Riyadh","","00966","Saudi Arabia","rabe7.mail@gmail.com","+966.14652228","+966.14652227","Rabeh Saqer","Rotana","Riyadh - SaudiArabia","Riyadh","","00966","Saudi Arabia","rabe7.mail@gmail.com","+966.14652228","+966.14652227","","","","","","","","","","","ns1.bluehost.com","ns2.bluehost.com","","","clientDeleteProhibited","clientRenewProhibited","clientTransferProhibited","clientUpdateProhibited"
"86","notchi.net","2019-12-03 15:52:49","2019-12-01","2019-12-01","2020-12-01","48","eNom, Inc.","whois.enom.com","http://www.enom.com","REDACTED FOR PRIVACY","REDACTED FOR PRIVACY","REDACTED FOR PRIVACY","REDACTED FOR PRIVACY","KSA","REDACTED FOR PRIVACY","Saudi Arabia","","REDACTED FOR PRIVACY","REDACTED FOR PRIVACY","REDACTED FOR PRIVACY","REDACTED FOR PRIVACY","REDACTED FOR PRIVACY","REDACTED FOR PRIVACY","REDACTED FOR PRIVACY","REDACTED FOR PRIVACY","REDACTED FOR PRIVACY","","REDACTED FOR PRIVACY","REDACTED FOR PRIVACY","REDACTED FOR PRIVACY","REDACTED FOR PRIVACY","REDACTED FOR PRIVACY","REDACTED FOR PRIVACY","REDACTED FOR PRIVACY","REDACTED FOR PRIVACY","REDACTED FOR PRIVACY","","REDACTED FOR PRIVACY","REDACTED FOR PRIVACY","","","","","","","","","","","ns1.exaservers.com","ns2.exaservers.com","ns3.exaservers.com","ns4.exaservers.com","addPeriod","clientTransferProhibited","",""
"87","nujumksa.com","2019-12-03 15:39:14","2019-12-01","2019-12-01","2020-12-01","146","GoDaddy.com, LLC","whois.godaddy.com","http://registrar.godaddy.com","","","","","Mansoura","","Saudi Arabia","","","","","","","","","","","","","","","","","","","","","","","","","","","","","","","","","","ns6023.hostgator.com","ns6024.hostgator.com","","","clientDeleteProhibited","clientRenewProhibited","clientTransferProhibited","clientUpdateProhibited"
"88","nutriwellness.net","2019-12-03 14:16:43","2019-12-01","2019-12-01","2020-12-01","625","Name.com, Inc.","whois.name.com","http://www.name.com","ahamed shewel","","riyadh","riyadh","riyadh","66442","Saudi Arabia","ahmed_1902011@hotmail.com","+966.541817804","","ahamed shewel","","riyadh","riyadh","riyadh","66442","Saudi Arabia","ahmed_1902011@hotmail.com","+966.541817804","","ahamed shewel","","riyadh","riyadh","riyadh","66442","Saudi Arabia","ahmed_1902011@hotmail.com","+966.541817804","","","","","","","","","","","","ns1.giowm1000.siteground.biz","ns2.giowm1000.siteground.biz","","","addPeriod","clientTransferProhibited","",""
"89","oilshop1.com","2019-12-03 17:56:21","2019-12-02","2019-12-02","2020-12-02","625","Name.com, Inc.","whois.name.com","http://www.name.com","Nawaf Hariri","Salla","P.O.Box13867","Makkah","Makkah","21955","Saudi Arabia","domains@salla.sa","+966.544444444","","Nawaf Hariri","Salla","P.O.Box13867","Makkah","Makkah","21955","Saudi Arabia","domains@salla.sa","+966.544444444","","Nawaf Hariri","Salla","P.O.Box13867","Makkah","Makkah","21955","Saudi Arabia","domains@salla.sa","+966.544444444","","","","","","","","","","","","donald.ns.cloudflare.com","leia.ns.cloudflare.com","","","addPeriod","clientTransferProhibited","",""
"90","oryx-techno.com","2019-12-03 15:46:54","2019-12-02","2019-12-02","2020-12-02","146","GoDaddy.com, LLC","whois.godaddy.com","http://registrar.godaddy.com","","","","","Al RIYADH","","Saudi Arabia","","","","","","","","","","","","","","","","","","","","","","","","","","","","","","","","","","ns27.domaincontrol.com","ns28.domaincontrol.com","","","clientDeleteProhibited","clientRenewProhibited","clientTransferProhibited","clientUpdateProhibited"
"91","oryxtechno.com","2019-12-03 14:17:04","2019-12-02","2019-12-02","2020-12-02","146","GoDaddy.com, LLC","whois.godaddy.com","http://registrar.godaddy.com","","","","","Al RIYADH","","Saudi Arabia","","","","","","","","","","","","","","","","","","","","","","","","","","","","","","","","","","ns27.domaincontrol.com","ns28.domaincontrol.com","","","clientDeleteProhibited","clientRenewProhibited","clientTransferProhibited","clientUpdateProhibited"
"92","oud-alfaqih.com","2019-12-03 19:03:22","2019-12-01","2019-12-01","2020-12-01","303","PDR Ltd. d/b/a PublicDomainRegistry.com","whois.publicdomainregistry.com","http://www.publicdomainregistry.com","Rowaad Hosting","RH.NET.SA","Company Rowaad","Hail","Ha'il","00966","Saudi Arabia","domains@rh.net.sa","+966.550080449","","Rowaad Hosting","RH.NET.SA","Company Rowaad","Hail","Ha'il","00966","Saudi Arabia","domains@rh.net.sa","+966.550080449","","Rowaad Hosting","RH.NET.SA","Company Rowaad","Hail","Ha'il","00966","Saudi Arabia","domains@rh.net.sa","+966.550080449","","","","","","","","","","","","ns5.dhahost.net","ns6.dhahost.net","","","clientTransferProhibited","","",""
"93","peace-prs.com","2019-12-03 16:58:05","2019-12-02","2019-12-02","2020-12-02","625","Name.com, Inc.","whois.name.com","http://www.name.com","GraphiX Cloud","GraphiX Design Co.","Riyadh, KSA","Riyadh","Riyadh","11543","Saudi Arabia","graphixhost@gmail.com","+966.552977313","","GraphiX Cloud","GraphiX Design Co.","Riyadh, KSA","Riyadh","Riyadh","11543","Saudi Arabia","graphixhost@gmail.com","+966.552977313","","GraphiX Cloud","GraphiX Design Co.","Riyadh, KSA","Riyadh","Riyadh","11543","Saudi Arabia","graphixhost@gmail.com","+966.552977313","","","","","","","","","","","","ns1.graphix-hosting.com","ns2.graphix-hosting.com","","","addPeriod","clientTransferProhibited","",""
"94","pharmamedco.com","2019-12-03 18:20:38","2019-12-02","2019-12-02","2020-12-02","146","GoDaddy.com, LLC","whois.godaddy.com","http://registrar.godaddy.com","Creative Connection for marketing and trading","Creative Connection for marketing and trading","","","\u0645\u0643\u0647","","Saudi Arabia","","","","","","","","","","","","","","","","","","","","","","","","","","","","","","","","","","ns27.domaincontrol.com","ns28.domaincontrol.com","","","clientDeleteProhibited","clientRenewProhibited","clientTransferProhibited","clientUpdateProhibited"
"95","platguide.com","2019-12-03 14:41:40","2019-12-02","2019-12-02","2021-12-02","146","GoDaddy.com, LLC","whois.godaddy.com","http://registrar.godaddy.com","GulfWheel","GulfWheel","","","Riyadh","","Saudi Arabia","","","","","","","","","","","","","","","","","","","","","","","","","","","","","","","","","","ns27.domaincontrol.com","ns28.domaincontrol.com","","","clientDeleteProhibited","clientRenewProhibited","clientTransferProhibited","clientUpdateProhibited"
"96","pro7v.com","2019-12-03 15:49:03","2019-12-02","2019-12-02","2021-12-02","146","GoDaddy.com, LLC","whois.godaddy.com","http://registrar.godaddy.com","","","","","Eastern","","Saudi Arabia","","","","","","","","","","","","","","","","","","","","","","","","","","","","","","","","","","ns27.domaincontrol.com","ns28.domaincontrol.com","","","clientDeleteProhibited","clientRenewProhibited","clientTransferProhibited","clientUpdateProhibited"
"97","qrdhi.com","2019-12-03 17:18:23","2019-12-01","2019-12-01","2020-12-01","48","eNom, Inc.","whois.enom.com","http://www.enom.com","REDACTED FOR PRIVACY","REDACTED FOR PRIVACY","REDACTED FOR PRIVACY","REDACTED FOR PRIVACY","KSA","REDACTED FOR PRIVACY","Saudi Arabia","","REDACTED FOR PRIVACY","REDACTED FOR PRIVACY","REDACTED FOR PRIVACY","REDACTED FOR PRIVACY","REDACTED FOR PRIVACY","REDACTED FOR PRIVACY","REDACTED FOR PRIVACY","REDACTED FOR PRIVACY","REDACTED FOR PRIVACY","","REDACTED FOR PRIVACY","REDACTED FOR PRIVACY","REDACTED FOR PRIVACY","REDACTED FOR PRIVACY","REDACTED FOR PRIVACY","REDACTED FOR PRIVACY","REDACTED FOR PRIVACY","REDACTED FOR PRIVACY","REDACTED FOR PRIVACY","","REDACTED FOR PRIVACY","REDACTED FOR PRIVACY","","","","","","","","","","","ns1.exaservers.com","ns2.exaservers.com","","","addPeriod","clientTransferProhibited","",""
"98","quraan-mobeen.com","2019-12-03 17:06:28","2019-12-02","2019-12-02","2020-12-02","625","Name.com, Inc.","whois.name.com","http://www.name.com","7loll Web","7loll for web","elryad","elryad","elryad","10001","Saudi Arabia","ah4uahmed@yahoo.com","+966.1061697072","","7loll Web","7loll for web","elryad","elryad","elryad","10001","Saudi Arabia","ah4uahmed@yahoo.com","+966.1061697072","","7loll Web","7loll for web","elryad","elryad","elryad","10001","Saudi Arabia","ah4uahmed@yahoo.com","+966.1061697072","","","","","","","","","","","","ns3.7loll.net","ns4.7loll.net","ns5.7loll.net","ns6.7loll.net","addPeriod","clientTransferProhibited","",""
"99","rdirections.com","2019-12-03 16:31:06","2019-12-01","2019-12-01","2020-12-01","146","GoDaddy.com, LLC","whois.godaddy.com","http://registrar.godaddy.com","","","","","Riyadh","","Saudi Arabia","","","","","","","","","","","","","","","","","","","","","","","","","","","","","","","","","","ns27.domaincontrol.com","ns28.domaincontrol.com","","","clientDeleteProhibited","clientRenewProhibited","clientTransferProhibited","clientUpdateProhibited"
"100","rose-ar.com","2019-12-03 17:38:32","2019-12-02","2019-12-02","2020-12-02","625","Name.com, Inc.","whois.name.com","http://www.name.com","Nawaf Hariri","Salla","P.O.Box13867","Makkah","Makkah","21955","Saudi Arabia","domains@salla.sa","+966.544444444","","Nawaf Hariri","Salla","P.O.Box13867","Makkah","Makkah","21955","Saudi Arabia","domains@salla.sa","+966.544444444","","Nawaf Hariri","Salla","P.O.Box13867","Makkah","Makkah","21955","Saudi Arabia","domains@salla.sa","+966.544444444","","","","","","","","","","","","donald.ns.cloudflare.com","leia.ns.cloudflare.com","","","addPeriod","clientTransferProhibited","",""
"101","rqeems.com","2019-12-03 16:38:31","2019-12-02","2019-12-02","2022-12-02","146","GoDaddy.com, LLC","whois.godaddy.com","http://registrar.godaddy.com","","","","","\u0627\u0644\u0631\u064a\u0627\u0636","","Saudi Arabia","","","","","","","","","","","","","","","","","","","","","","","","","","","","","","","","","","ns27.domaincontrol.com","ns28.domaincontrol.com","","","clientDeleteProhibited","clientRenewProhibited","clientTransferProhibited","clientUpdateProhibited"
"102","saedfb.com","2019-12-03 18:50:23","2019-12-02","2019-12-02","2024-12-02","146","GoDaddy.com, LLC","whois.godaddy.com","http://registrar.godaddy.com","","","","","Eastern Province","","Saudi Arabia","","","","","","","","","","","","","","","","","","","","","","","","","","","","","","","","","","ns27.domaincontrol.com","ns28.domaincontrol.com","","","clientDeleteProhibited","clientRenewProhibited","clientTransferProhibited","clientUpdateProhibited"
"103","sarim.foundation","2019-12-03 15:46:23","2019-12-02","2019-12-02","2020-12-02","146","GoDaddy.com, LLC","whois.godaddy.com","http://registrar.godaddy.com","REDACTED FOR PRIVACY","","REDACTED FOR PRIVACY","REDACTED FOR PRIVACY","Riyadh","REDACTED FOR PRIVACY","Saudi Arabia","","REDACTED FOR PRIVACY","REDACTED FOR PRIVACY","","","","","","","","","","","","","","","","","","","","","","","","","","","","","","","","","","","addPeriod","clientDeleteProhibited","clientRenewProhibited","clientTransferProhibited"
"104","saudicamps.com","2019-12-03 18:09:50","2019-12-02","2019-12-02","2020-12-02","146","GoDaddy.com, LLC","whois.godaddy.com","http://registrar.godaddy.com","midsys","midsys","","","RIYADH","","Saudi Arabia","","","","","","","","","","","","","","","","","","","","","","","","","","","","","","","","","","ns27.domaincontrol.com","ns28.domaincontrol.com","","","clientDeleteProhibited","clientRenewProhibited","clientTransferProhibited","clientUpdateProhibited"
"105","seabosme.com","2019-12-03 18:09:22","2019-12-01","2019-12-01","2020-12-01","955","Launchpad, Inc.","whois.launchpad.com","http://www.launchpad.com","Hamsa","","Old Industrial","Riyadh","01","11543","Saudi Arabia","csarvey@charter.net","+966.966555769854","","Hamsa","","Old Industrial","Riyadh","01","11543","Saudi Arabia","csarvey@charter.net","+966.966555769854","","Hamsa","","Old Industrial","Riyadh","01","11543","Saudi Arabia","csarvey@charter.net","+966.966555769854","","","","","","","","","","","","ns8225.hostgator.com","ns8226.hostgator.com","","","clientTransferProhibited","","",""
"106","security-eye.cloud","2019-12-03 16:50:21","2019-12-02","2019-12-02","2020-12-02","146","GoDaddy.com, LLC","whois.godaddy.com","http://registrar.godaddy.com","","","","","Riyadh","","Saudi Arabia","","","","","","","","","","","","","","","","","","","","","","","","","","","","","","","","","","ns27.domaincontrol.com","ns28.domaincontrol.com","","","addPeriod","clientDeleteProhibited","clientRenewProhibited","clientTransferProhibited"
"107","selffs.com","2019-12-03 17:18:10","2019-12-01","2019-12-01","2020-12-01","146","GoDaddy.com, LLC","whois.godaddy.com","http://registrar.godaddy.com","","","","","\u0627\u0644\u0631\u064a\u0627\u0636","","Saudi Arabia","","","","","","","","","","","","","","","","","","","","","","","","","","","","","","","","","","ns27.domaincontrol.com","ns28.domaincontrol.com","","","clientDeleteProhibited","clientRenewProhibited","clientTransferProhibited","clientUpdateProhibited"
"108","shefaa-store.com","2019-12-03 14:49:16","2019-12-01","2019-12-01","2020-12-01","955","Launchpad, Inc.","whois.launchpad.com","http://www.launchpad.com","Mohamed Shaban","None","Asir,saudi arabia","Asir","14","61961","Saudi Arabia","mohamed.shaban901@gmail.com","+966.547336508","","Mohamed Shaban","None","Asir,saudi arabia","Asir","14","61961","Saudi Arabia","mohamed.shaban901@gmail.com","+966.547336508","","Mohamed Shaban","None","Asir,saudi arabia","Asir","14","61961","Saudi Arabia","mohamed.shaban901@gmail.com","+966.547336508","","","","","","","","","","","","ns8323.hostgator.com","ns8324.hostgator.com","","","clientTransferProhibited","","",""
"109","shopita.net","2019-12-03 17:06:32","2019-12-02","2019-12-02","2020-12-02","625","Name.com, Inc.","whois.name.com","http://www.name.com","Imad Taieb","leenamar","almonsora location alfarazdaq street","riyadh","riyadh","12682","Saudi Arabia","i.supports@hotmail.com","+966.503417374","","Imad Taieb","leenamar","almonsora location alfarazdaq street","riyadh","riyadh","12682","Saudi Arabia","i.supports@hotmail.com","+966.503417374","","Imad Taieb","leenamar","almonsora location alfarazdaq street","riyadh","riyadh","12682","Saudi Arabia","i.supports@hotmail.com","+966.503417374","","","","","","","","","","","","ns1.websitehostserver.net","ns2.websitehostserver.net","","","addPeriod","clientTransferProhibited","",""
"110","snatchmydeals.com","2019-12-03 17:03:29","2019-12-02","2019-12-02","2020-12-02","146","GoDaddy.com, LLC","whois.godaddy.com","http://registrar.godaddy.com","","","","","JUBAIL","","Saudi Arabia","","","","","","","","","","","","","","","","","","","","","","","","","","","","","","","","","","ns27.domaincontrol.com","ns28.domaincontrol.com","","","clientDeleteProhibited","clientRenewProhibited","clientTransferProhibited","clientUpdateProhibited"
"111","soma-khalil.com","2019-12-03 17:31:42","2019-12-01","2019-12-01","2020-12-01","146","GoDaddy.com, LLC","whois.godaddy.com","http://registrar.godaddy.com","","","","","\u0645\u0643\u0647","","Saudi Arabia","","","","","","","","","","","","","","","","","","","","","","","","","","","","","","","","","","ns27.domaincontrol.com","ns28.domaincontrol.com","","","clientDeleteProhibited","clientRenewProhibited","clientTransferProhibited","clientUpdateProhibited"
"112","souq919.com","2019-12-03 17:39:18","2019-12-02","2019-12-02","2020-12-02","146","GoDaddy.com, LLC","whois.godaddy.com","http://registrar.godaddy.com","","","","","","","Saudi Arabia","","","","","","","","","","","","","","","","","","","","","","","","","","","","","","","","","","ns27.domaincontrol.com","ns28.domaincontrol.com","","","clientDeleteProhibited","clientRenewProhibited","clientTransferProhibited","clientUpdateProhibited"
"113","souqalbamboo.com","2019-12-03 14:15:30","2019-12-02","2019-12-02","2020-12-02","303","PDR Ltd. d/b/a PublicDomainRegistry.com","whois.publicdomainregistry.com","http://www.publicdomainregistry.com","Adel M.T AlKhalidi","","Mursalat Salahuddin Area","Riyadh","Centeral","86657","Saudi Arabia","akgrouphr@gmail.com","+966.531534385","","Adel M.T AlKhalidi","","Mursalat Salahuddin Area","Riyadh","Centeral","86657","Saudi Arabia","akgrouphr@gmail.com","+966.531534385","","Adel M.T AlKhalidi","","Mursalat Salahuddin Area","Riyadh","Centeral","86657","Saudi Arabia","akgrouphr@gmail.com","+966.531534385","","","","","","","","","","","","ns1.host-care.com","ns2.host-care.com","","","clientTransferProhibited","","",""
"114","souqalhijaz.net","2019-12-03 14:24:54","2019-12-01","2019-12-01","2024-12-01","303","PDR Ltd. d/b/a PublicDomainRegistry.com","whois.publicdomainregistry.com","http://www.publicdomainregistry.com","Ayman Fayez","","jedaah","Jeddah","Makkah","12345","Saudi Arabia","ayman.fayez480@gmail.com","+966.0582255170","","Ayman Fayez","","jedaah","Jeddah","Makkah","12345","Saudi Arabia","ayman.fayez480@gmail.com","+966.0582255170","","Ayman Fayez","","jedaah","Jeddah","Makkah","12345","Saudi Arabia","ayman.fayez480@gmail.com","+966.0582255170","","","","","","","","","","","","ns1.txpro2.fcomet.com","ns2.txpro2.fcomet.com","","","clientTransferProhibited","","",""
"115","special-athath.com","2019-12-03 17:42:47","2019-12-02","2019-12-02","2020-12-02","146","GoDaddy.com, LLC","whois.godaddy.com","http://registrar.godaddy.com","","","","","MAKKAH","","Saudi Arabia","","","","","","","","","","","","","","","","","","","","","","","","","","","","","","","","","","ns557.websitewelcome.com","ns558.websitewelcome.com","","","clientDeleteProhibited","clientRenewProhibited","clientTransferProhibited","clientUpdateProhibited"
"116","sraz88.com","2019-12-03 19:13:53","2019-12-01","2019-12-01","2020-12-01","106","Ascio Technologies, Inc. Danmark - Filial af Ascio technologies, Inc. USA","whois.ascio.com","http://www.ascio.com","Not Disclosed","Not Disclosed","Not Disclosed","Not Disclosed","","Not Disclosed","Saudi Arabia","","Not Disclosed","Not Disclosed","Not Disclosed","Not Disclosed","Not Disclosed","Not Disclosed","Not Disclosed","Not Disclosed","Not Disclosed","","Not Disclosed","Not Disclosed","Not Disclosed","Not Disclosed","Not Disclosed","Not Disclosed","Not Disclosed","Not Disclosed","Not Disclosed","","Not Disclosed","Not Disclosed","","","","","","","","","","","dns1.123hjemmeside.dk","dns2.123hjemmeside.dk","dns3.123hjemmeside.dk","","OK","","",""
"117","ssitechph.com","2019-12-03 14:29:24","2019-12-01","2019-12-01","2020-12-01","69","Tucows Domains Inc.","whois.tucows.com","http://domainhelp.opensrs.net","REDACTED FOR PRIVACY","REDACTED FOR PRIVACY","REDACTED FOR PRIVACY","REDACTED FOR PRIVACY","01","REDACTED FOR PRIVACY","Saudi Arabia","","REDACTED FOR PRIVACY","REDACTED FOR PRIVACY","REDACTED FOR PRIVACY","REDACTED FOR PRIVACY","REDACTED FOR PRIVACY","REDACTED FOR PRIVACY","REDACTED FOR PRIVACY","REDACTED FOR PRIVACY","REDACTED FOR PRIVACY","","REDACTED FOR PRIVACY","REDACTED FOR PRIVACY","REDACTED FOR PRIVACY","REDACTED FOR PRIVACY","REDACTED FOR PRIVACY","REDACTED FOR PRIVACY","REDACTED FOR PRIVACY","REDACTED FOR PRIVACY","REDACTED FOR PRIVACY","","REDACTED FOR PRIVACY","REDACTED FOR PRIVACY","","","","","","","","","","","ns1.site4now.net","ns2.site4now.net","ns3.site4now.net","","clientTransferProhibited","clientUpdateProhibited","",""
"118","takeanswers.net","2019-12-03 14:26:46","2019-12-02","2019-12-02","2020-12-02","146","GoDaddy.com, LLC","whois.godaddy.com","http://registrar.godaddy.com","","","","","MAKKAH","","Saudi Arabia","","","","","","","","","","","","","","","","","","","","","","","","","","","","","","","","","","ns27.domaincontrol.com","ns28.domaincontrol.com","","","clientDeleteProhibited","clientRenewProhibited","clientTransferProhibited","clientUpdateProhibited"
"119","taslleh.com","2019-12-03 18:46:32","2019-12-02","2019-12-02","2020-12-02","48","eNom, Inc.","whois.enom.com","http://www.enom.com","REDACTED FOR PRIVACY","REDACTED FOR PRIVACY","REDACTED FOR PRIVACY","REDACTED FOR PRIVACY","Riyadh","REDACTED FOR PRIVACY","Saudi Arabia","","REDACTED FOR PRIVACY","REDACTED FOR PRIVACY","REDACTED FOR PRIVACY","REDACTED FOR PRIVACY","REDACTED FOR PRIVACY","REDACTED FOR PRIVACY","REDACTED FOR PRIVACY","REDACTED FOR PRIVACY","REDACTED FOR PRIVACY","","REDACTED FOR PRIVACY","REDACTED FOR PRIVACY","REDACTED FOR PRIVACY","REDACTED FOR PRIVACY","REDACTED FOR PRIVACY","REDACTED FOR PRIVACY","REDACTED FOR PRIVACY","REDACTED FOR PRIVACY","REDACTED FOR PRIVACY","","REDACTED FOR PRIVACY","REDACTED FOR PRIVACY","","","","","","","","","","","ns1.a2hosting.com","ns2.a2hosting.com","ns3.a2hosting.com","ns4.a2hosting.com","addPeriod","clientTransferProhibited","",""
"120","tenfunnels.com","2019-12-03 14:34:56","2019-12-01","2019-12-01","2020-12-01","1154","FastDomain Inc.","whois.fastdomain.com","http://www.fastdomain.com","MOSSTAFA ALHAIDRY","","JEDDAH SULTAN STREET","JEDDAH","","22231","Saudi Arabia","mostfa.alhidary@gmail.com","+966.564605244","","MOSSTAFA ALHAIDRY","","JEDDAH SULTAN STREET","JEDDAH","","22231","Saudi Arabia","mostfa.alhidary@gmail.com","+966.564605244","","BLUEHOST INC","BLUEHOST.COM","550 E TIMPANOGOS PKWY","OREM","UTAH","84097","United States","support-domain@bluehost.com","+1.8017659400","+1.8017651992","","","","","","","","","","","ns1.bluehost.com","ns2.bluehost.com","","","clientTransferProhibited","","",""
"121","tharwaty.net","2019-12-03 16:15:40","2019-12-01","2019-12-01","2020-12-01","3817","Wix.com Ltd.","","","abdullah adel","abdullah adel","saudi arabia","khobar","","31952","Saudi Arabia","tharwaty.net@wix-domains.com","+1.4159496022","","abdullah adel","abdullah adel","saudi arabia","khobar","","31952","Saudi Arabia","abdullahadelbunhaya@gmail.com","+966.556399222","","abdullah adel","abdullah adel","saudi arabia","khobar","","31952","Saudi Arabia","abdullahadelbunhaya@gmail.com","+966.556399222","","","","","","","","","","","","ns4.wixdns.net","ns5.wixdns.net","","","clientTransferProhibited","clientUpdateProhibited","",""
"122","thearcadesa.com","2019-12-03 18:30:30","2019-12-02","2019-12-02","2029-12-02","146","GoDaddy.com, LLC","whois.godaddy.com","http://registrar.godaddy.com","The Arcade","The Arcade","","","eastern region","","Saudi Arabia","","","","","","","","","","","","","","","","","","","","","","","","","","","","","","","","","","ns27.domaincontrol.com","ns28.domaincontrol.com","","","clientDeleteProhibited","clientRenewProhibited","clientTransferProhibited","clientUpdateProhibited"
"123","thechinaship.com","2019-12-03 16:22:21","2019-12-02","2019-12-02","2020-12-02","146","GoDaddy.com, LLC","whois.godaddy.com","http://registrar.godaddy.com","Ship","Ship","","","\u0627\u0644\u0645\u0646\u0637\u0642\u0629 \u0627\","","Saudi Arabia","","","","","","","","","","","","","","","","","","","","","","","","","","","","","","","","","","ns27.domaincontrol.com","ns28.domaincontrol.com","","","clientDeleteProhibited","clientRenewProhibited","clientTransferProhibited","clientUpdateProhibited"
"124","thetaqa.com","2019-12-03 15:54:20","2019-12-02","2019-12-02","2021-12-02","146","GoDaddy.com, LLC","whois.godaddy.com","http://registrar.godaddy.com","","","","","31421","","Saudi Arabia","","","","","","","","","","","","","","","","","","","","","","","","","","","","","","","","","","ns27.domaincontrol.com","ns28.domaincontrol.com","","","clientDeleteProhibited","clientRenewProhibited","clientTransferProhibited","clientUpdateProhibited"
"125","tieshaven.com","2019-12-03 17:28:48","2019-12-02","2019-12-02","2020-12-02","146","GoDaddy.com, LLC","whois.godaddy.com","http://registrar.godaddy.com","none","none","","","Makkah","","Saudi Arabia","","","","","","","","","","","","","","","","","","","","","","","","","","","","","","","","","","ns27.domaincontrol.com","ns28.domaincontrol.com","","","clientDeleteProhibited","clientRenewProhibited","clientTransferProhibited","clientUpdateProhibited"
"126","tobaccovanille.com","2019-12-03 18:02:45","2019-12-02","2019-12-02","2020-12-02","625","Name.com, Inc.","whois.name.com","http://www.name.com","bander alotebi","","jubail","jubail","jubail","19631","Saudi Arabia","reame28@gmail.com","+966.530331181","","bander alotebi","","jubail","jubail","jubail","19631","Saudi Arabia","reame28@gmail.com","+966.530331181","","bander alotebi","","jubail","jubail","jubail","19631","Saudi Arabia","reame28@gmail.com","+966.530331181","","","","","","","","","","","","ns1.sedoparking.com","ns2.sedoparking.com","","","addPeriod","clientTransferProhibited","",""
"127","tourisminturkeys.com","2019-12-03 18:22:48","2019-12-01","2019-12-01","2020-12-01","146","GoDaddy.com, LLC","whois.godaddy.com","http://registrar.godaddy.com","","","","","Riyadh","","Saudi Arabia","","","","","","","","","","","","","","","","","","","","","","","","","","","","","","","","","","ns8197.hostgator.com","ns8198.hostgator.com","","","clientDeleteProhibited","clientRenewProhibited","clientTransferProhibited","clientUpdateProhibited"
"128","tsatobet-water1.com","2019-12-03 17:13:11","2019-12-02","2019-12-02","2020-12-02","48","eNom, Inc.","whois.enom.com","http://www.enom.com","REDACTED FOR PRIVACY","REDACTED FOR PRIVACY","REDACTED FOR PRIVACY","REDACTED FOR PRIVACY","jaddeh","REDACTED FOR PRIVACY","Saudi Arabia","","REDACTED FOR PRIVACY","REDACTED FOR PRIVACY","REDACTED FOR PRIVACY","REDACTED FOR PRIVACY","REDACTED FOR PRIVACY","REDACTED FOR PRIVACY","REDACTED FOR PRIVACY","REDACTED FOR PRIVACY","REDACTED FOR PRIVACY","","REDACTED FOR PRIVACY","REDACTED FOR PRIVACY","REDACTED FOR PRIVACY","REDACTED FOR PRIVACY","REDACTED FOR PRIVACY","REDACTED FOR PRIVACY","REDACTED FOR PRIVACY","REDACTED FOR PRIVACY","REDACTED FOR PRIVACY","","REDACTED FOR PRIVACY","REDACTED FOR PRIVACY","","","","","","","","","","","ns1.dimofinf.net","ns2.dimofinf.net","ns3.dimofinf.net","","addPeriod","clientTransferProhibited","",""
"129","unicaremedical.com","2019-12-03 18:07:12","2019-12-02","2019-12-02","2020-12-02","146","GoDaddy.com, LLC","whois.godaddy.com","http://registrar.godaddy.com","","","","","Riyadh","","Saudi Arabia","","","","","","","","","","","","","","","","","","","","","","","","","","","","","","","","","","ns27.domaincontrol.com","ns28.domaincontrol.com","","","clientDeleteProhibited","clientRenewProhibited","clientTransferProhibited","clientUpdateProhibited"
"130","ventalic.com","2019-12-03 17:29:24","2019-12-02","2019-12-02","2020-12-02","146","GoDaddy.com, LLC","whois.godaddy.com","http://registrar.godaddy.com","","","","","almadinat almunawara","","Saudi Arabia","","","","","","","","","","","","","","","","","","","","","","","","","","","","","","","","","","ns21.domaincontrol.com","ns22.domaincontrol.com","","","clientDeleteProhibited","clientRenewProhibited","clientTransferProhibited","clientUpdateProhibited"
"131","visionco-sa.com","2019-12-03 14:21:40","2019-12-01","2019-12-01","2020-12-01","146","GoDaddy.com, LLC","whois.godaddy.com","http://registrar.godaddy.com","","","","","\u0627\u0644\u0631\u064a\u0627\u0636","","Saudi Arabia","","","","","","","","","","","","","","","","","","","","","","","","","","","","","","","","","","ns27.domaincontrol.com","ns28.domaincontrol.com","","","clientDeleteProhibited","clientRenewProhibited","clientTransferProhibited","clientUpdateProhibited"
"132","websites-tools.com","2019-12-03 16:01:40","2019-12-02","2019-12-02","2020-12-02","146","GoDaddy.com, LLC","whois.godaddy.com","http://registrar.godaddy.com","","","","","Eastern Reagion","","Saudi Arabia","","","","","","","","","","","","","","","","","","","","","","","","","","","","","","","","","","ns27.domaincontrol.com","ns28.domaincontrol.com","","","clientDeleteProhibited","clientRenewProhibited","clientTransferProhibited","clientUpdateProhibited"
"133","weqayafirealarm.com","2019-12-03 17:11:39","2019-12-01","2019-12-01","2020-12-01","303","PDR Ltd. d/b/a PublicDomainRegistry.com","whois.publicdomainregistry.com","http://www.publicdomainregistry.com","Firas Shamma","Arabic Software","Medina","Medina","Medina","41311","Saudi Arabia","firas-shamma@hotmail.com","+966.534745266","","Firas Shamma","Arabic Software","Medina","Medina","Medina","41311","Saudi Arabia","firas-shamma@hotmail.com","+966.534745266","","Firas Shamma","Arabic Software","Medina","Medina","Medina","41311","Saudi Arabia","firas-shamma@hotmail.com","+966.534745266","","","","","","","","","","","","ns11.webhostingworld.net","ns110.superdomainzone.com","ns111.superdomainzone.com","ns12.webhostingworld.net","clientTransferProhibited","","",""
"134","wm-perfumes.com","2019-12-03 18:27:08","2019-12-01","2019-12-01","2020-12-01","955","Launchpad, Inc.","whois.launchpad.com","http://www.launchpad.com","Najm Aldekhel","None","Zamil Alsulaim Street","Onaizah","05","51911","Saudi Arabia","najmaldekhel@hotmail.com","+966.565133311","","Najm Aldekhel","None","Zamil Alsulaim Street","Onaizah","05","51911","Saudi Arabia","najmaldekhel@hotmail.com","+966.565133311","","Najm Aldekhel","None","Zamil Alsulaim Street","Onaizah","05","51911","Saudi Arabia","najmaldekhel@hotmail.com","+966.565133311","","","","","","","","","","","","ns8119.hostgator.com","ns8120.hostgator.com","","","clientTransferProhibited","","",""
"135","workupsuccess.com","2019-12-03 17:32:16","2019-12-02","2019-12-02","2020-12-02","69","Tucows Domains Inc.","whois.tucows.com","http://domainhelp.opensrs.net","REDACTED FOR PRIVACY","REDACTED FOR PRIVACY","REDACTED FOR PRIVACY","REDACTED FOR PRIVACY","MAKKAH","REDACTED FOR PRIVACY","Saudi Arabia","","REDACTED FOR PRIVACY","REDACTED FOR PRIVACY","REDACTED FOR PRIVACY","REDACTED FOR PRIVACY","REDACTED FOR PRIVACY","REDACTED FOR PRIVACY","REDACTED FOR PRIVACY","REDACTED FOR PRIVACY","REDACTED FOR PRIVACY","","REDACTED FOR PRIVACY","REDACTED FOR PRIVACY","REDACTED FOR PRIVACY","REDACTED FOR PRIVACY","REDACTED FOR PRIVACY","REDACTED FOR PRIVACY","REDACTED FOR PRIVACY","REDACTED FOR PRIVACY","REDACTED FOR PRIVACY","","REDACTED FOR PRIVACY","REDACTED FOR PRIVACY","","","","","","","","","","","ns1.greenbackend.com","ns2.greenbackend.com","ns3.greenbackend.com","ns4.greenbackend.com","clientTransferProhibited","clientUpdateProhibited","",""
"136","xn--ngbwm7c.services","2019-12-03 17:39:04","2019-12-02","2019-12-02","2020-12-02","146","GoDaddy.com, LLC","whois.godaddy.com","http://registrar.godaddy.com","REDACTED FOR PRIVACY","xn--ngbwm7c.LTD","REDACTED FOR PRIVACY","REDACTED FOR PRIVACY","Al Mansurah Dist","REDACTED FOR PRIVACY","Saudi Arabia","","REDACTED FOR PRIVACY","REDACTED FOR PRIVACY","","","","","","","","","","","","","","","","","","","","","","","","","","","","","","","","","","","addPeriod","clientDeleteProhibited","clientRenewProhibited","clientTransferProhibited"
"137","xploremagical.com","2019-12-03 17:28:32","2019-12-02","2019-12-02","2020-12-02","1591","Promo People inc.","whois.nic.fr","http://www.ait.com","REDACTED FOR PRIVACY","REDACTED FOR PRIVACY","REDACTED FOR PRIVACY","REDACTED FOR PRIVACY","REDACTED FOR PRIVACY","REDACTED FOR PRIVACY","Saudi Arabia","","REDACTED FOR PRIVACY","REDACTED FOR PRIVACY","REDACTED FOR PRIVACY","REDACTED FOR PRIVACY","REDACTED FOR PRIVACY","REDACTED FOR PRIVACY","REDACTED FOR PRIVACY","REDACTED FOR PRIVACY","REDACTED FOR PRIVACY","","REDACTED FOR PRIVACY","REDACTED FOR PRIVACY","REDACTED FOR PRIVACY","REDACTED FOR PRIVACY","REDACTED FOR PRIVACY","REDACTED FOR PRIVACY","REDACTED FOR PRIVACY","REDACTED FOR PRIVACY","REDACTED FOR PRIVACY","","REDACTED FOR PRIVACY","REDACTED FOR PRIVACY","","","","","","","","","","","ns1.hostpapa.com","ns2.hostpapa.com","","","clientTransferProhibited","clientUpdateProhibited","",""
"138","yemenalpha.com","2019-12-03 14:34:49","2019-12-02","2019-12-02","2020-12-02","69","Tucows Domains Inc.","whois.tucows.com","http://domainhelp.opensrs.net","REDACTED FOR PRIVACY","REDACTED FOR PRIVACY","REDACTED FOR PRIVACY","REDACTED FOR PRIVACY","XX","REDACTED FOR PRIVACY","Saudi Arabia","","REDACTED FOR PRIVACY","REDACTED FOR PRIVACY","REDACTED FOR PRIVACY","REDACTED FOR PRIVACY","REDACTED FOR PRIVACY","REDACTED FOR PRIVACY","REDACTED FOR PRIVACY","REDACTED FOR PRIVACY","REDACTED FOR PRIVACY","","REDACTED FOR PRIVACY","REDACTED FOR PRIVACY","REDACTED FOR PRIVACY","REDACTED FOR PRIVACY","REDACTED FOR PRIVACY","REDACTED FOR PRIVACY","REDACTED FOR PRIVACY","REDACTED FOR PRIVACY","REDACTED FOR PRIVACY","","REDACTED FOR PRIVACY","REDACTED FOR PRIVACY","","","","","","","","","","","ns1.giow1021.siteground.us","ns2.giow1021.siteground.us","","","clientTransferProhibited","clientUpdateProhibited","",""
"139","zamilinvestment.com","2019-12-03 18:20:18","2019-12-02","2019-12-02","2021-12-02","146","GoDaddy.com, LLC","whois.godaddy.com","http://registrar.godaddy.com","","","","","","","Saudi Arabia","","","","","","","","","","","","","","","","","","","","","","","","","","","","","","","","","","ns27.domaincontrol.com","ns28.domaincontrol.com","","","clientDeleteProhibited","clientRenewProhibited","clientTransferProhibited","clientUpdateProhibited"
"140","zamilinvestments.com","2019-12-03 17:59:49","2019-12-02","2019-12-02","2021-12-02","146","GoDaddy.com, LLC","whois.godaddy.com","http://registrar.godaddy.com","","","","","","","Saudi Arabia","","","","","","","","","","","","","","","","","","","","","","","","","","","","","","","","","","ns27.domaincontrol.com","ns28.domaincontrol.com","","","clientDeleteProhibited","clientRenewProhibited","clientTransferProhibited","clientUpdateProhibited"
"141","zzs-123.com","2019-12-03 15:54:51","2019-12-02","2019-12-02","2020-12-02","146","GoDaddy.com, LLC","whois.godaddy.com","http://registrar.godaddy.com","","","","","Jeddah","","Saudi Arabia","","","","","","","","","","","","","","","","","","","","","","","","","","","","","","","","","","ns27.domaincontrol.com","ns28.domaincontrol.com","","","clientDeleteProhibited","clientRenewProhibited","clientTransferProhibited","clientUpdateProhibited"