"num","domain_name","query_time","create_date","update_date","expiry_date","domain_registrar_id","domain_registrar_name","domain_registrar_whois","domain_registrar_url","registrant_name","registrant_company","registrant_address","registrant_city","registrant_state","registrant_zip","registrant_country","registrant_email","registrant_phone","registrant_fax","administrative_name","administrative_company","administrative_address","administrative_city","administrative_state","administrative_zip","administrative_country","administrative_email","administrative_phone","administrative_fax","technical_name","technical_company","technical_address","technical_city","technical_state","technical_zip","technical_country","technical_email","technical_phone","technical_fax","billing_name","billing_company","billing_address","billing_city","billing_state","billing_zip","billing_country","billing_email","billing_phone","billing_fax","name_server_1","name_server_2","name_server_3","name_server_4","domain_status_1","domain_status_2","domain_status_3","domain_status_4"
"1","aarma.net","2019-12-03 14:56:15","2019-12-02","2019-12-02","2020-12-02","74","Online SAS","whois.bookmyname.com","http://www.bookmyname.com","REDACTED FOR PRIVACY","","REDACTED FOR PRIVACY","REDACTED FOR PRIVACY","","REDACTED FOR PRIVACY","Senegal","b70eb769d81ecca7.1457774@spamfree.bookmyname.com","REDACTED FOR PRIVACY","REDACTED FOR PRIVACY","Alexandre YEPES","O2SWITCH","222 Boulevard Gustave Flaubert, For Customer","CLERMONT FERRAND","","63000","France","dns-nospam@o2switch.fr","+33.444446040","+33.444446041","Alexandre YEPES","O2SWITCH","222 Boulevard Gustave Flaubert, For Customer","CLERMONT FERRAND","","63000","France","dns-nospam@o2switch.fr","+33.444446040","+33.444446041","","","","","","","","","","","ns1.o2switch.net","ns2.o2switch.net","","","clientTransferProhibited","","",""
"2","atomepharmaconsulting.net","2019-12-03 18:17:05","2019-12-02","2019-12-02","2020-12-02","106","Ascio Technologies, Inc. Danmark - Filial af Ascio technologies, Inc. USA","whois.ascio.com","http://www.ascio.com","Not Disclosed","Not Disclosed","Not Disclosed","Not Disclosed","Dakar","Not Disclosed","Senegal","","Not Disclosed","Not Disclosed","Not Disclosed","Not Disclosed","Not Disclosed","Not Disclosed","Not Disclosed","Not Disclosed","Not Disclosed","","Not Disclosed","Not Disclosed","Not Disclosed","Not Disclosed","Not Disclosed","Not Disclosed","Not Disclosed","Not Disclosed","Not Disclosed","","Not Disclosed","Not Disclosed","","","","","","","","","","","ns1.ascio.com","ns2.ascio.com","ns3.ascio.com","ns4.ascio.com","OK","","",""
"3","cetud-observatoire.com","2019-12-03 14:32:37","2019-12-02","2019-12-02","2020-12-02","1364","Kheweul.com SA","whois.domain-registry.nl","http://www.kheweul.com","Mamadou MBENGUE","Darou Seye Informatique","Hlm,Grand Yoff N 590","Dakar","Dakar","00000","Senegal","mbengue@gmail.com","+221.776564861","","Mamadou MBENGUE","Darou Seye Informatique","Hlm,Grand Yoff N 590","Dakar","Dakar","00000","Senegal","mbengue@gmail.com","+221.776564861","","Mamadou MBENGUE","Darou Seye Informatique","Hlm,Grand Yoff N 590","Dakar","Dakar","00000","Senegal","mbengue@gmail.com","+221.776564861","","","","","","","","","","","","ns1.snterra.com","ns2.snterra.com","","","clientTransferProhibited","","",""
"4","championsenegal.com","2019-12-03 17:28:00","2019-12-02","2019-12-02","2020-12-02","1630","Ligne Web Services SARL","whois.nic.fr","http://www.ait.com","e-konedev","e-konedev","","","","","Senegal","79a49b3e3762632813f9e35f4ba53d6c@whois-anonymous.com","","","e-konedev","e-konedev","","","","","Senegal","79a49b3e3762632813f9e35f4ba53d6c@whois-anonymous.com","","","e-konedev","e-konedev","","","","","Senegal","79a49b3e3762632813f9e35f4ba53d6c@whois-anonymous.com","","","e-konedev","e-konedev","","","","","Senegal","79a49b3e3762632813f9e35f4ba53d6c@whois-anonymous.com","","","","","","","More","clientTransferProhibited","informations","on"
"5","groupealfiqh.com","2019-12-03 18:40:36","2019-12-02","2019-12-02","2020-12-02","1364","Kheweul.com SA","whois.domain-registry.nl","http://www.kheweul.com","Alioune Nguer","","Medina rue 19x22","Dakar","Dakar","00000","Senegal","nguer174@gmail.com","+221.775749533","","Alioune Nguer","","Medina rue 19x22","Dakar","Dakar","00000","Senegal","nguer174@gmail.com","+221.775749533","","Alioune Nguer","","Medina rue 19x22","Dakar","Dakar","00000","Senegal","nguer174@gmail.com","+221.775749533","","","","","","","","","","","","ns1.kheweul.net","ns2.kheweul.net","ns3.kheweul.net","ns4.kheweul.net","clientTransferProhibited","","",""
"6","gsexports.biz","2019-12-03 14:42:03","2019-11-30","2019-12-02","2020-11-30","303","PDR Ltd. d/b/a PublicDomainRegistry.com","whois.publicdomainregistry.com","http://www.publicdomainregistry.com","","","","","dakar","","Senegal","","","","","","","","","","","","","","","","","","","","","","","","","","","","","","","","","","ns3.monovm.com","ns4.hostinger.com","","","addPeriod","clientTransferProhibited","",""
"7","innovjob.com","2019-12-03 14:53:57","2019-12-02","2019-12-02","2020-12-02","303","PDR Ltd. d/b/a PublicDomainRegistry.com","whois.publicdomainregistry.com","http://www.publicdomainregistry.com","jean marie diatta aris","innovjob","cite millionnaire","dakar","Dakar","11000","Senegal","jeanmariearis@gmail.com","+221.775532820","","Jokko Hosting","Jokko Hosting","3, Rue Beranger Feraud","Dakar","Dakar","10000","Senegal","support@jokko.pro","+221.777003737","","Jokko Hosting","Jokko Hosting","3, Rue Beranger Feraud","Dakar","Dakar","10000","Senegal","support@jokko.pro","+221.777003737","","","","","","","","","","","","ns1.jokko-hosting.com","ns2.jokko-hosting.com","","","clientTransferProhibited","","",""
"8","jangjangale.com","2019-12-03 17:39:28","2019-12-02","2019-12-02","2020-12-02","1364","Kheweul.com SA","whois.domain-registry.nl","http://www.kheweul.com","El Hadji Yaya LY","","Dakar","Dakar","Dakar","15000","Senegal","yalya96@gmail.com","+221.772652363","","El Hadji Yaya LY","","Dakar","Dakar","Dakar","15000","Senegal","yalya96@gmail.com","+221.772652363","","El Hadji Yaya LY","","Dakar","Dakar","Dakar","15000","Senegal","yalya96@gmail.com","+221.772652363","","","","","","","","","","","","ns1.kheweul.net","ns2.kheweul.net","ns3.kheweul.net","ns4.kheweul.net","clientTransferProhibited","","",""
"9","lescoquillages.com","2019-12-03 14:57:03","2019-12-02","2019-12-02","2020-12-02","1364","Kheweul.com SA","whois.domain-registry.nl","http://www.kheweul.com","Debel Diop","Direction des Routes","Dakar","Dakar","Dakar","00221","Senegal","ousmanesambou@gmail.com","+221.776377474","","Debel Diop","Direction des Routes","Dakar","Dakar","Dakar","00221","Senegal","ousmanesambou@gmail.com","+221.776377474","","Debel Diop","Direction des Routes","Dakar","Dakar","Dakar","00221","Senegal","ousmanesambou@gmail.com","+221.776377474","","","","","","","","","","","","ns1.kheweul.net","ns2.kheweul.net","ns3.kheweul.net","ns4.kheweul.net","clientTransferProhibited","","",""
"10","ndiapandalservices.com","2019-12-03 18:12:55","2019-12-02","2019-12-02","2020-12-02","1364","Kheweul.com SA","whois.domain-registry.nl","http://www.kheweul.com","Massaer Niang","beut7creative","192 Ngor Almadies","dakar","dakar","00000","Senegal","beut7crea@gmail.com","+221.776979322","","Massaer Niang","beut7creative","192 Ngor Almadies","dakar","dakar","00000","Senegal","beut7crea@gmail.com","+221.776979322","","Massaer Niang","beut7creative","192 Ngor Almadies","dakar","dakar","00000","Senegal","beut7crea@gmail.com","+221.776979322","","","","","","","","","","","","nsa.planethoster.net","nsb.planethoster.net","nsc.planethoster.net","","clientTransferProhibited","","",""
"11","pmsconseil.com","2019-12-03 17:41:36","2019-12-01","2019-12-01","2021-12-01","146","GoDaddy.com, LLC","whois.godaddy.com","http://registrar.godaddy.com","Pas conseil","Pas conseil","","","Senegal","","Senegal","","","","","","","","","","","","","","","","","","","","","","","","","","","","","","","","","","ns27.domaincontrol.com","ns28.domaincontrol.com","","","clientDeleteProhibited","clientRenewProhibited","clientTransferProhibited","clientUpdateProhibited"
"12","pmsconseil.net","2019-12-03 14:39:03","2019-12-01","2019-12-01","2021-12-01","146","GoDaddy.com, LLC","whois.godaddy.com","http://registrar.godaddy.com","Pas conseil","Pas conseil","","","Senegal","","Senegal","","","","","","","","","","","","","","","","","","","","","","","","","","","","","","","","","","ns27.domaincontrol.com","ns28.domaincontrol.com","","","clientDeleteProhibited","clientRenewProhibited","clientTransferProhibited","clientUpdateProhibited"
"13","radenik.net","2019-12-03 12:10:38","2019-12-03","2019-12-03","2020-12-03","1250","Trunkoz Technologies Pvt Ltd. d/b/a OwnRegistrar.com","whois.ownregistrar.com","http://www.ownregistrar.com","John Edward","euro purchasing agent","Dakar SenegalDakar Senegal","Golf","Dakar","12500","Senegal","year2018.n@gmail.com","+221.709682878","","John Edward","euro purchasing agent","Dakar SenegalDakar Senegal","Golf","Dakar","12500","Senegal","year2018.n@gmail.com","+221-709682878","","John Edward","euro purchasing agent","Dakar SenegalDakar Senegal","Golf","Dakar","12500","Senegal","year2018.n@gmail.com","+221-709682878","","","","","","","","","","","","nsa.whogohost.com","nsb.whogohost.com","","","OK","","",""
"14","samabijou.com","2019-12-03 17:24:05","2019-12-02","2019-12-02","2020-12-02","1364","Kheweul.com SA","whois.domain-registry.nl","http://www.kheweul.com","momar","Ghost","Senegal","Saint-Louis","Saint-Louis","12346","Senegal","devilbathie30@gmail.com","+221.783329568","","momar","Ghost","Senegal","Saint-Louis","Saint-Louis","12346","Senegal","devilbathie30@gmail.com","+221.783329568","","momar","Ghost","Senegal","Saint-Louis","Saint-Louis","12346","Senegal","devilbathie30@gmail.com","+221.783329568","","","","","","","","","","","","ns1.kheweul.net","ns2.kheweul.net","ns3.kheweul.net","ns4.kheweul.net","clientTransferProhibited","","",""
"15","sitraco-sn.com","2019-12-03 17:24:23","2019-12-02","2019-12-02","2020-12-02","81","Gandi SAS","whois.gandi.net","http://www.gandi.net","REDACTED FOR PRIVACY","SY NDIAYE","REDACTED FOR PRIVACY","REDACTED FOR PRIVACY","","REDACTED FOR PRIVACY","Senegal","0545989faf471a3409e0ae6b744e3d5d-16370291@contact.gandi.net","REDACTED FOR PRIVACY","REDACTED FOR PRIVACY","REDACTED FOR PRIVACY","REDACTED FOR PRIVACY","REDACTED FOR PRIVACY","REDACTED FOR PRIVACY","REDACTED FOR PRIVACY","REDACTED FOR PRIVACY","REDACTED FOR PRIVACY","0545989faf471a3409e0ae6b744e3d5d-16370291@contact.gandi.net","REDACTED FOR PRIVACY","REDACTED FOR PRIVACY","REDACTED FOR PRIVACY","REDACTED FOR PRIVACY","REDACTED FOR PRIVACY","REDACTED FOR PRIVACY","REDACTED FOR PRIVACY","REDACTED FOR PRIVACY","REDACTED FOR PRIVACY","0545989faf471a3409e0ae6b744e3d5d-16370291@contact.gandi.net","REDACTED FOR PRIVACY","REDACTED FOR PRIVACY","","","","","","","","","","","ns-128-b.gandi.net","ns-75-c.gandi.net","ns-85-a.gandi.net","","clientTransferProhibited","","",""
"16","smsgroupe.com","2019-12-03 16:35:32","2019-12-01","2019-12-01","2020-12-01","146","GoDaddy.com, LLC","whois.godaddy.com","http://registrar.godaddy.com","","","","","SENEGAL","","Senegal","","","","","","","","","","","","","","","","","","","","","","","","","","","","","","","","","","ns27.domaincontrol.com","ns28.domaincontrol.com","","","clientDeleteProhibited","clientRenewProhibited","clientTransferProhibited","clientUpdateProhibited"
"17","thezebraservices.com","2019-12-03 14:56:10","2019-12-02","2019-12-02","2020-12-02","1636","Hostinger, UAB","whois.hostinger.com","http://www.hostinger.com","serigne ndiaye","serigne ndiaye","cite ibrahima diop","DAKAR","Dakar","12345","Senegal","zalezebraservices@gmail.com","+221.781287558","","serigne ndiaye","serigne ndiaye","cite ibrahima diop","DAKAR","Dakar","12345","Senegal","zalezebraservices@gmail.com","+221.781287558","","serigne ndiaye","serigne ndiaye","cite ibrahima diop","DAKAR","Dakar","12345","Senegal","zalezebraservices@gmail.com","+221.781287558","","","","","","","","","","","","ns1.dns-parking.com","ns2.dns-parking.com","","","clientTransferProhibited","","",""
"18","universinfo.net","2019-12-03 18:13:16","2019-12-02","2019-12-02","2020-12-02","1364","Kheweul.com SA","whois.domain-registry.nl","http://www.kheweul.com","PAPA GALLO MANDOAW SOW","UNIVERSINFO","Hann Marsite","Dakar","Dakar","00000","Senegal","rnews221@gmail.com","+221.775019854","","PAPA GALLO MANDOAW SOW","UNIVERSINFO","Hann Marsite","Dakar","Dakar","00000","Senegal","rnews221@gmail.com","+221.775019854","","PAPA GALLO MANDOAW SOW","UNIVERSINFO","Hann Marsite","Dakar","Dakar","00000","Senegal","rnews221@gmail.com","+221.775019854","","","","","","","","","","","","ns1.kheweul.net","ns2.kheweul.net","ns3.kheweul.net","ns4.kheweul.net","clientTransferProhibited","","",""