"num","domain_name","query_time","create_date","update_date","expiry_date","domain_registrar_id","domain_registrar_name","domain_registrar_whois","domain_registrar_url","registrant_name","registrant_company","registrant_address","registrant_city","registrant_state","registrant_zip","registrant_country","registrant_email","registrant_phone","registrant_fax","administrative_name","administrative_company","administrative_address","administrative_city","administrative_state","administrative_zip","administrative_country","administrative_email","administrative_phone","administrative_fax","technical_name","technical_company","technical_address","technical_city","technical_state","technical_zip","technical_country","technical_email","technical_phone","technical_fax","billing_name","billing_company","billing_address","billing_city","billing_state","billing_zip","billing_country","billing_email","billing_phone","billing_fax","name_server_1","name_server_2","name_server_3","name_server_4","domain_status_1","domain_status_2","domain_status_3","domain_status_4"
"1","advokatskakancelarijabeograd.com","2019-12-03 18:33:10","2019-12-01","2019-12-01","2020-12-01","146","GoDaddy.com, LLC","whois.godaddy.com","http://registrar.godaddy.com","","","","","Viena","","Serbia","","","","","","","","","","","","","","","","","","","","","","","","","","","","","","","","","","ines.ns.cloudflare.com","ray.ns.cloudflare.com","","","clientDeleteProhibited","clientRenewProhibited","clientTransferProhibited","clientUpdateProhibited"
"2","anaostojic.com","2019-12-03 15:13:59","2019-12-02","2019-12-02","2021-12-02","146","GoDaddy.com, LLC","whois.godaddy.com","http://registrar.godaddy.com","","","","","Grad Beograd","","Serbia","","","","","","","","","","","","","","","","","","","","","","","","","","","","","","","","","","ns8.wixdns.net","ns9.wixdns.net","","","clientDeleteProhibited","clientRenewProhibited","clientTransferProhibited","clientUpdateProhibited"
"3","axioslogic.com","2019-12-03 17:10:53","2019-12-02","2019-12-02","2020-12-02","625","Name.com, Inc.","whois.name.com","http://www.name.com","Slaven Dragicevic","","Nevesinjska 23","Belgrade","Serbia","11000","Serbia","slaven91@gmail.com","+381.643564881","","Slaven Dragicevic","","Nevesinjska 23","Belgrade","Serbia","11000","Serbia","slaven91@gmail.com","+381.643564881","","Slaven Dragicevic","","Nevesinjska 23","Belgrade","Serbia","11000","Serbia","slaven91@gmail.com","+381.643564881","","","","","","","","","","","","aron.dnsserve.rs","aron2.dnsserve.rs","","","addPeriod","clientTransferProhibited","",""
"4","biankacollection.com","2019-12-03 14:35:43","2019-12-02","2019-12-02","2020-12-02","955","Launchpad, Inc.","whois.launchpad.com","http://www.launchpad.com","Stevan Toncic","None","Mose Pijade bor","bor","14","19210","Serbia","steva030@gmail.com","+381.637124642","","Stevan Toncic","None","Mose Pijade bor","bor","14","19210","Serbia","steva030@gmail.com","+381.637124642","","Stevan Toncic","None","Mose Pijade bor","bor","14","19210","Serbia","steva030@gmail.com","+381.637124642","","","","","","","","","","","","ns8025.hostgator.com","ns8026.hostgator.com","","","clientTransferProhibited","","",""
"5","bubictransport.com","2019-12-03 16:39:14","2019-12-02","2019-12-02","2020-12-02","48","eNom, Inc.","whois.enom.com","http://www.enom.com","REDACTED FOR PRIVACY","REDACTED FOR PRIVACY","REDACTED FOR PRIVACY","REDACTED FOR PRIVACY","Serbia","REDACTED FOR PRIVACY","Serbia","","REDACTED FOR PRIVACY","REDACTED FOR PRIVACY","REDACTED FOR PRIVACY","REDACTED FOR PRIVACY","REDACTED FOR PRIVACY","REDACTED FOR PRIVACY","REDACTED FOR PRIVACY","REDACTED FOR PRIVACY","REDACTED FOR PRIVACY","","REDACTED FOR PRIVACY","REDACTED FOR PRIVACY","REDACTED FOR PRIVACY","REDACTED FOR PRIVACY","REDACTED FOR PRIVACY","REDACTED FOR PRIVACY","REDACTED FOR PRIVACY","REDACTED FOR PRIVACY","REDACTED FOR PRIVACY","","REDACTED FOR PRIVACY","REDACTED FOR PRIVACY","","","","","","","","","","","ns1.a2hosting.com","ns2.a2hosting.com","ns3.a2hosting.com","ns4.a2hosting.com","addPeriod","clientTransferProhibited","",""
"6","byprojectstudio.com","2019-12-03 18:17:06","2019-12-01","2019-12-01","2020-12-01","151","PSI-USA, Inc. dba Domain Robot","whois.psi-usa.info","http://www.psi-usa.info","REDACTED FOR PRIVACY","","REDACTED FOR PRIVACY","REDACTED FOR PRIVACY","Serbia","REDACTED FOR PRIVACY","Serbia","","REDACTED FOR PRIVACY","REDACTED FOR PRIVACY","REDACTED FOR PRIVACY","REDACTED FOR PRIVACY","REDACTED FOR PRIVACY","REDACTED FOR PRIVACY","REDACTED FOR PRIVACY","REDACTED FOR PRIVACY","REDACTED FOR PRIVACY","","REDACTED FOR PRIVACY","REDACTED FOR PRIVACY","REDACTED FOR PRIVACY","REDACTED FOR PRIVACY","REDACTED FOR PRIVACY","REDACTED FOR PRIVACY","REDACTED FOR PRIVACY","REDACTED FOR PRIVACY","REDACTED FOR PRIVACY","","REDACTED FOR PRIVACY","REDACTED FOR PRIVACY","","","","","","","","","","","ns1.ulimitserver.com","ns2.ulimitserver.com","","","clientTransferProhibited","","",""
"7","closeout.cloud","2019-12-03 17:21:15","2019-12-02","2019-12-02","2020-12-02","146","GoDaddy.com, LLC","whois.godaddy.com","http://registrar.godaddy.com","EneTel Solutions","EneTel Solutions","","","Srbija","","Serbia","","","","","","","","","","","","","","","","","","","","","","","","","","","","","","","","","","ns27.domaincontrol.com","ns28.domaincontrol.com","","","addPeriod","clientDeleteProhibited","clientRenewProhibited","clientTransferProhibited"
"8","desperadosmedia.com","2019-12-03 18:37:28","2019-12-02","2019-12-02","2020-12-02","1636","Hostinger, UAB","whois.hostinger.com","http://www.hostinger.com","Milan Nikolic","Milan Nikolic","Vasilija Vasilijevica 10","Belgrade","Zemun","11080","Serbia","milanche7395@gmail.com","+381.637395202","","Milan Nikolic","Milan Nikolic","Vasilija Vasilijevica 10","Belgrade","Zemun","11080","Serbia","milanche7395@gmail.com","+381.637395202","","Milan Nikolic","Milan Nikolic","Vasilija Vasilijevica 10","Belgrade","Zemun","11080","Serbia","milanche7395@gmail.com","+381.637395202","","","","","","","","","","","","ns1.dns-parking.com","ns2.dns-parking.com","","","clientTransferProhibited","","",""
"9","dreamtripsrussia.com","2019-12-03 17:18:26","2019-12-02","2019-12-02","2020-12-02","1441","TurnCommerce, Inc. DBA NameBright.com","whois.namebright.com","http://www.namebright.com","Redacted for GDPR privacy","","Redacted for GDPR privacy","Redacted for GDPR privacy","SE","Redacted for GDPR privacy","Serbia","","Redacted for GDPR privacy","Redacted for GDPR privacy","Redacted for GDPR privacy","Redacted for GDPR privacy","Redacted for GDPR privacy","Redacted for GDPR privacy","Redacted for GDPR privacy","Redacted for GDPR privacy","Redacted for GDPR privacy","","Redacted for GDPR privacy","Redacted for GDPR privacy","Redacted for GDPR privacy","Redacted for GDPR privacy","Redacted for GDPR privacy","Redacted for GDPR privacy","Redacted for GDPR privacy","Redacted for GDPR privacy","Redacted for GDPR privacy","","Redacted for GDPR privacy","Redacted for GDPR privacy","","","","","","","","","","","ns1.adhdns.biz","ns2.adhdns.biz","","","clientTransferProhibited","","",""
"10","exposemuzej.com","2019-12-03 16:53:20","2019-12-02","2019-12-02","2020-12-02","106","Ascio Technologies, Inc. Danmark - Filial af Ascio technologies, Inc. USA","whois.ascio.com","http://www.ascio.com","Not Disclosed","Not Disclosed","Not Disclosed","Not Disclosed","","Not Disclosed","Serbia","","Not Disclosed","Not Disclosed","Not Disclosed","Not Disclosed","Not Disclosed","Not Disclosed","Not Disclosed","Not Disclosed","Not Disclosed","","Not Disclosed","Not Disclosed","Not Disclosed","Not Disclosed","Not Disclosed","Not Disclosed","Not Disclosed","Not Disclosed","Not Disclosed","","Not Disclosed","Not Disclosed","","","","","","","","","","","ns1.loopia.se","ns2.loopia.se","","","OK","","",""
"11","faithsvss.com","2019-12-03 15:42:04","2019-12-01","2019-12-01","2020-12-01","1636","Hostinger, UAB","whois.hostinger.com","http://www.hostinger.com","Goran  Marjanovic","Goran  Marjanovic","SCB 3-239","Kragujevac","Serbia","38134","Serbia","goran.marjanovic@gmail.com","+381.631097330","","Goran  Marjanovic","Goran  Marjanovic","SCB 3-239","Kragujevac","Serbia","38134","Serbia","goran.marjanovic@gmail.com","+381.631097330","","Goran  Marjanovic","Goran  Marjanovic","SCB 3-239","Kragujevac","Serbia","38134","Serbia","goran.marjanovic@gmail.com","+381.631097330","","","","","","","","","","","","ns1.dns-parking.com","ns2.dns-parking.com","","","clientTransferProhibited","","",""
"12","filmovizija.cloud","2019-12-03 16:45:05","2019-12-02","2019-12-02","2020-12-02","146","GoDaddy.com, LLC","whois.godaddy.com","http://registrar.godaddy.com","","","","","Grad Beograd","","Serbia","","","","","","","","","","","","","","","","","","","","","","","","","","","","","","","","","","cdns1.interserver.net","cdns2.interserver.net","cdns3.interserver.net","","addPeriod","clientDeleteProhibited","clientRenewProhibited","clientTransferProhibited"
"13","foto-klub-beograd.com","2019-12-03 14:32:46","2019-12-02","2019-12-02","2020-12-02","1479","Namesilo, LLC","whois.namesilo.com","http://www.namesilo.com","Vojislav Lukovic","","Mokroluska 10","Beograd","RS","11000","Serbia","beograd75foto@gmail.com","+381.381641986900","","Vojislav Lukovic","","Mokroluska 10","Beograd","RS","11000","Serbia","beograd75foto@gmail.com","+381.381641986900","","Vojislav Lukovic","","Mokroluska 10","Beograd","RS","11000","Serbia","beograd75foto@gmail.com","+381.381641986900","","","","","","","","","","","","ns7.webhostingsrbija.net","ns8.webhostingsrbija.net","","","clientTransferProhibited","","",""
"14","front-byte.com","2019-12-03 18:23:12","2019-12-02","2019-12-02","2020-12-02","48","eNom, Inc.","whois.enom.com","http://www.enom.com","REDACTED FOR PRIVACY","REDACTED FOR PRIVACY","REDACTED FOR PRIVACY","REDACTED FOR PRIVACY","Kosovo","REDACTED FOR PRIVACY","Serbia","","REDACTED FOR PRIVACY","REDACTED FOR PRIVACY","REDACTED FOR PRIVACY","REDACTED FOR PRIVACY","REDACTED FOR PRIVACY","REDACTED FOR PRIVACY","REDACTED FOR PRIVACY","REDACTED FOR PRIVACY","REDACTED FOR PRIVACY","","REDACTED FOR PRIVACY","REDACTED FOR PRIVACY","REDACTED FOR PRIVACY","REDACTED FOR PRIVACY","REDACTED FOR PRIVACY","REDACTED FOR PRIVACY","REDACTED FOR PRIVACY","REDACTED FOR PRIVACY","REDACTED FOR PRIVACY","","REDACTED FOR PRIVACY","REDACTED FOR PRIVACY","","","","","","","","","","","ns1.a2hosting.com","ns2.a2hosting.com","ns3.a2hosting.com","ns4.a2hosting.com","addPeriod","clientTransferProhibited","",""
"15","graditeljisajuga.com","2019-12-03 18:27:42","2019-12-02","2019-12-02","2020-12-02","69","Tucows Domains Inc.","whois.tucows.com","http://domainhelp.opensrs.net","REDACTED FOR PRIVACY","REDACTED FOR PRIVACY","REDACTED FOR PRIVACY","REDACTED FOR PRIVACY","","REDACTED FOR PRIVACY","Serbia","","REDACTED FOR PRIVACY","REDACTED FOR PRIVACY","REDACTED FOR PRIVACY","REDACTED FOR PRIVACY","REDACTED FOR PRIVACY","REDACTED FOR PRIVACY","REDACTED FOR PRIVACY","REDACTED FOR PRIVACY","REDACTED FOR PRIVACY","","REDACTED FOR PRIVACY","REDACTED FOR PRIVACY","REDACTED FOR PRIVACY","REDACTED FOR PRIVACY","REDACTED FOR PRIVACY","REDACTED FOR PRIVACY","REDACTED FOR PRIVACY","REDACTED FOR PRIVACY","REDACTED FOR PRIVACY","","REDACTED FOR PRIVACY","REDACTED FOR PRIVACY","","","","","","","","","","","ns1.cpanelhosting.rs","ns2.cpanelhosting.rs","ns3.cpanelhosting.rs","","","","",""
"16","interregipa-creativitywithoutfrontiers.com","2019-12-03 16:15:39","2019-12-02","2019-12-03","2022-12-02","69","Tucows Domains Inc.","whois.tucows.com","http://domainhelp.opensrs.net","REDACTED FOR PRIVACY","REDACTED FOR PRIVACY","REDACTED FOR PRIVACY","REDACTED FOR PRIVACY","","REDACTED FOR PRIVACY","Serbia","","REDACTED FOR PRIVACY","REDACTED FOR PRIVACY","REDACTED FOR PRIVACY","REDACTED FOR PRIVACY","REDACTED FOR PRIVACY","REDACTED FOR PRIVACY","REDACTED FOR PRIVACY","REDACTED FOR PRIVACY","REDACTED FOR PRIVACY","","REDACTED FOR PRIVACY","REDACTED FOR PRIVACY","REDACTED FOR PRIVACY","REDACTED FOR PRIVACY","REDACTED FOR PRIVACY","REDACTED FOR PRIVACY","REDACTED FOR PRIVACY","REDACTED FOR PRIVACY","REDACTED FOR PRIVACY","","REDACTED FOR PRIVACY","REDACTED FOR PRIVACY","","","","","","","","","","","ns379.adriahost.com","ns380.adriahost.com","","","clientTransferProhibited","clientUpdateProhibited","",""
"17","iradiohosting.com","2019-12-03 18:37:08","2019-12-01","2019-12-01","2020-12-01","433","OVH sas","whois.ovh.com","http://www.ovh.com","","","","","","","Serbia","65rectfe0sxw6qyc44n4@g.o-w-o.info","","","","","","","","","","bs0lsgvi8ms9ybw9l96x@b.o-w-o.info","","","","","","","","","","bs0lsgvi8ms9ybw9l96x@b.o-w-o.info","","","","","","","","","","","","","dns105.ovh.net","ns105.ovh.net","","","clientDeleteProhibited","clientTransferProhibited","",""
"18","jamaness.com","2019-12-03 14:29:33","2019-12-02","2019-12-02","2020-12-02","69","Tucows Domains Inc.","whois.tucows.com","http://domainhelp.opensrs.net","REDACTED FOR PRIVACY","REDACTED FOR PRIVACY","REDACTED FOR PRIVACY","REDACTED FOR PRIVACY","","REDACTED FOR PRIVACY","Serbia","","REDACTED FOR PRIVACY","REDACTED FOR PRIVACY","REDACTED FOR PRIVACY","REDACTED FOR PRIVACY","REDACTED FOR PRIVACY","REDACTED FOR PRIVACY","REDACTED FOR PRIVACY","REDACTED FOR PRIVACY","REDACTED FOR PRIVACY","","REDACTED FOR PRIVACY","REDACTED FOR PRIVACY","REDACTED FOR PRIVACY","REDACTED FOR PRIVACY","REDACTED FOR PRIVACY","REDACTED FOR PRIVACY","REDACTED FOR PRIVACY","REDACTED FOR PRIVACY","REDACTED FOR PRIVACY","","REDACTED FOR PRIVACY","REDACTED FOR PRIVACY","","","","","","","","","","","ns1.cpanelhosting.rs","ns2.cpanelhosting.rs","ns3.cpanelhosting.rs","","","","",""
"19","kisspanel.com","2019-12-03 19:13:11","2019-12-02","2019-12-02","2020-12-02","168","Register.it SPA","whois.register.it","http://we.register.it","REDACTED FOR PRIVACY","REDACTED FOR PRIVACY","REDACTED FOR PRIVACY","REDACTED FOR PRIVACY","Vojvodina","REDACTED FOR PRIVACY","Serbia","","REDACTED.FORPRIVACY","REDACTED.FORPRIVACY","REDACTED FOR PRIVACY","REDACTED FOR PRIVACY","REDACTED FOR PRIVACY","REDACTED FOR PRIVACY","Vojvodina","REDACTED FOR PRIVACY","Serbia","","REDACTED.FORPRIVACY","REDACTED.FORPRIVACY","REDACTED FOR PRIVACY","REDACTED FOR PRIVACY","REDACTED FOR PRIVACY","REDACTED FOR PRIVACY","LISBOA","REDACTED FOR PRIVACY","Portugal","","REDACTED.FORPRIVACY","REDACTED.FORPRIVACY","","","","","","","","","","","ns1.skyhosting.rs","ns2.skyhosting.rs","","","OK","","",""
"20","lidertrucklight.com","2019-12-03 16:15:44","2019-12-02","2019-12-02","2020-12-02","303","PDR Ltd. d/b/a PublicDomainRegistry.com","whois.publicdomainregistry.com","http://www.publicdomainregistry.com","Ivan Kostadinovic","Kosta Trade","Magelanova 13","Beograd","Srbija","11000","Serbia","kosta.kostadinovic@gmail.com","+381.0652209594","","Ivan Kostadinovic","Kosta Trade","Magelanova 13","Beograd","Srbija","11000","Serbia","kosta.kostadinovic@gmail.com","+381.0652209594","","Ivan Kostadinovic","Kosta Trade","Magelanova 13","Beograd","Srbija","11000","Serbia","kosta.kostadinovic@gmail.com","+381.0652209594","","","","","","","","","","","","dns1.dwhost.net","dns2.dwhost.net","dns3.dwhost.net","","clientTransferProhibited","","",""
"21","limagooptik.com","2019-12-03 18:10:43","2019-12-01","2019-12-01","2020-12-01","106","Ascio Technologies, Inc. Danmark - Filial af Ascio technologies, Inc. USA","whois.ascio.com","http://www.ascio.com","Not Disclosed","Not Disclosed","Not Disclosed","Not Disclosed","","Not Disclosed","Serbia","","Not Disclosed","Not Disclosed","Not Disclosed","Not Disclosed","Not Disclosed","Not Disclosed","Not Disclosed","Not Disclosed","Not Disclosed","","Not Disclosed","Not Disclosed","Not Disclosed","Not Disclosed","Not Disclosed","Not Disclosed","Not Disclosed","Not Disclosed","Not Disclosed","","Not Disclosed","Not Disclosed","","","","","","","","","","","ns1.loopia.se","ns2.loopia.se","","","OK","","",""
"22","lusstextile.com","2019-12-03 16:35:44","2019-12-02","2019-12-02","2020-12-02","106","Ascio Technologies, Inc. Danmark - Filial af Ascio technologies, Inc. USA","whois.ascio.com","http://www.ascio.com","Not Disclosed","Not Disclosed","Not Disclosed","Not Disclosed","","Not Disclosed","Serbia","","Not Disclosed","Not Disclosed","Not Disclosed","Not Disclosed","Not Disclosed","Not Disclosed","Not Disclosed","Not Disclosed","Not Disclosed","","Not Disclosed","Not Disclosed","Not Disclosed","Not Disclosed","Not Disclosed","Not Disclosed","Not Disclosed","Not Disclosed","Not Disclosed","","Not Disclosed","Not Disclosed","","","","","","","","","","","ns1.loopia.se","ns2.loopia.se","","","OK","","",""
"23","magicofjs.com","2019-12-03 17:25:21","2019-12-02","2019-12-02","2020-12-02","106","Ascio Technologies, Inc. Danmark - Filial af Ascio technologies, Inc. USA","whois.ascio.com","http://www.ascio.com","Not Disclosed","Not Disclosed","Not Disclosed","Not Disclosed","","Not Disclosed","Serbia","","Not Disclosed","Not Disclosed","Not Disclosed","Not Disclosed","Not Disclosed","Not Disclosed","Not Disclosed","Not Disclosed","Not Disclosed","","Not Disclosed","Not Disclosed","Not Disclosed","Not Disclosed","Not Disclosed","Not Disclosed","Not Disclosed","Not Disclosed","Not Disclosed","","Not Disclosed","Not Disclosed","","","","","","","","","","","ns1.loopia.se","ns2.loopia.se","","","OK","","",""
"24","marijaapostolovic.com","2019-12-03 15:31:53","2019-12-02","2019-12-02","2020-12-02","106","Ascio Technologies, Inc. Danmark - Filial af Ascio technologies, Inc. USA","whois.ascio.com","http://www.ascio.com","Not Disclosed","Not Disclosed","Not Disclosed","Not Disclosed","","Not Disclosed","Serbia","","Not Disclosed","Not Disclosed","Not Disclosed","Not Disclosed","Not Disclosed","Not Disclosed","Not Disclosed","Not Disclosed","Not Disclosed","","Not Disclosed","Not Disclosed","Not Disclosed","Not Disclosed","Not Disclosed","Not Disclosed","Not Disclosed","Not Disclosed","Not Disclosed","","Not Disclosed","Not Disclosed","","","","","","","","","","","ns1.loopia.se","ns2.loopia.se","","","OK","","",""
"25","milanoeyewearhouse.com","2019-12-03 15:28:16","2019-12-02","2019-12-02","2020-12-02","151","PSI-USA, Inc. dba Domain Robot","whois.psi-usa.info","http://www.psi-usa.info","REDACTED FOR PRIVACY","DOO Milano Sunglasses House","REDACTED FOR PRIVACY","REDACTED FOR PRIVACY","Serbia","REDACTED FOR PRIVACY","Serbia","","REDACTED FOR PRIVACY","REDACTED FOR PRIVACY","REDACTED FOR PRIVACY","REDACTED FOR PRIVACY","REDACTED FOR PRIVACY","REDACTED FOR PRIVACY","REDACTED FOR PRIVACY","REDACTED FOR PRIVACY","REDACTED FOR PRIVACY","","REDACTED FOR PRIVACY","REDACTED FOR PRIVACY","REDACTED FOR PRIVACY","REDACTED FOR PRIVACY","REDACTED FOR PRIVACY","REDACTED FOR PRIVACY","REDACTED FOR PRIVACY","REDACTED FOR PRIVACY","REDACTED FOR PRIVACY","","REDACTED FOR PRIVACY","REDACTED FOR PRIVACY","","","","","","","","","","","ns1.ulimitserver.com","ns2.ulimitserver.com","","","clientTransferProhibited","","",""
"26","nu-hero.com","2019-12-03 16:14:34","2019-12-02","2019-12-02","2020-12-02","106","Ascio Technologies, Inc. Danmark - Filial af Ascio technologies, Inc. USA","whois.ascio.com","http://www.ascio.com","Not Disclosed","Not Disclosed","Not Disclosed","Not Disclosed","","Not Disclosed","Serbia","","Not Disclosed","Not Disclosed","Not Disclosed","Not Disclosed","Not Disclosed","Not Disclosed","Not Disclosed","Not Disclosed","Not Disclosed","","Not Disclosed","Not Disclosed","Not Disclosed","Not Disclosed","Not Disclosed","Not Disclosed","Not Disclosed","Not Disclosed","Not Disclosed","","Not Disclosed","Not Disclosed","","","","","","","","","","","ns1.loopia.se","ns2.loopia.se","","","OK","","",""
"27","precizion.net","2019-12-03 16:00:43","2019-12-02","2019-12-02","2020-12-02","48","eNom, Inc.","whois.enom.com","http://www.enom.com","REDACTED FOR PRIVACY","REDACTED FOR PRIVACY","REDACTED FOR PRIVACY","REDACTED FOR PRIVACY","Kosovo","REDACTED FOR PRIVACY","Serbia","","REDACTED FOR PRIVACY","REDACTED FOR PRIVACY","REDACTED FOR PRIVACY","REDACTED FOR PRIVACY","REDACTED FOR PRIVACY","REDACTED FOR PRIVACY","REDACTED FOR PRIVACY","REDACTED FOR PRIVACY","REDACTED FOR PRIVACY","","REDACTED FOR PRIVACY","REDACTED FOR PRIVACY","REDACTED FOR PRIVACY","REDACTED FOR PRIVACY","REDACTED FOR PRIVACY","REDACTED FOR PRIVACY","REDACTED FOR PRIVACY","REDACTED FOR PRIVACY","REDACTED FOR PRIVACY","","REDACTED FOR PRIVACY","REDACTED FOR PRIVACY","","","","","","","","","","","ns1.a2hosting.com","ns2.a2hosting.com","ns3.a2hosting.com","ns4.a2hosting.com","addPeriod","clientTransferProhibited","",""
"28","retroloser.com","2019-12-03 15:50:32","2019-12-02","2019-12-02","2020-12-02","1591","Promo People inc.","whois.nic.fr","http://www.ait.com","REDACTED FOR PRIVACY","REDACTED FOR PRIVACY","REDACTED FOR PRIVACY","REDACTED FOR PRIVACY","Petrovac","REDACTED FOR PRIVACY","Serbia","","REDACTED FOR PRIVACY","REDACTED FOR PRIVACY","REDACTED FOR PRIVACY","REDACTED FOR PRIVACY","REDACTED FOR PRIVACY","REDACTED FOR PRIVACY","REDACTED FOR PRIVACY","REDACTED FOR PRIVACY","REDACTED FOR PRIVACY","","REDACTED FOR PRIVACY","REDACTED FOR PRIVACY","REDACTED FOR PRIVACY","REDACTED FOR PRIVACY","REDACTED FOR PRIVACY","REDACTED FOR PRIVACY","REDACTED FOR PRIVACY","REDACTED FOR PRIVACY","REDACTED FOR PRIVACY","","REDACTED FOR PRIVACY","REDACTED FOR PRIVACY","","","","","","","","","","","ns1.hostpapa.com","ns2.hostpapa.com","","","clientTransferProhibited","clientUpdateProhibited","",""
"29","rmxwallart.com","2019-12-03 18:53:49","2019-12-02","2019-12-02","2020-12-02","146","GoDaddy.com, LLC","whois.godaddy.com","http://registrar.godaddy.com","","","","","serbia","","Serbia","","","","","","","","","","","","","","","","","","","","","","","","","","","","","","","","","","ns27.domaincontrol.com","ns28.domaincontrol.com","","","clientDeleteProhibited","clientRenewProhibited","clientTransferProhibited","clientUpdateProhibited"
"30","seabobadventure.com","2019-12-03 18:58:34","2019-12-02","2019-12-02","2020-12-02","1441","TurnCommerce, Inc. DBA NameBright.com","whois.namebright.com","http://www.namebright.com","Redacted for GDPR privacy","","Redacted for GDPR privacy","Redacted for GDPR privacy","SE","Redacted for GDPR privacy","Serbia","","Redacted for GDPR privacy","Redacted for GDPR privacy","Redacted for GDPR privacy","Redacted for GDPR privacy","Redacted for GDPR privacy","Redacted for GDPR privacy","Redacted for GDPR privacy","Redacted for GDPR privacy","Redacted for GDPR privacy","","Redacted for GDPR privacy","Redacted for GDPR privacy","Redacted for GDPR privacy","Redacted for GDPR privacy","Redacted for GDPR privacy","Redacted for GDPR privacy","Redacted for GDPR privacy","Redacted for GDPR privacy","Redacted for GDPR privacy","","Redacted for GDPR privacy","Redacted for GDPR privacy","","","","","","","","","","","ns1.adhdns.biz","ns2.adhdns.biz","","","clientTransferProhibited","","",""
"31","shkollatd.com","2019-12-03 14:27:07","2019-12-02","2019-12-02","2020-12-02","48","eNom, Inc.","whois.enom.com","http://www.enom.com","REDACTED FOR PRIVACY","REDACTED FOR PRIVACY","REDACTED FOR PRIVACY","REDACTED FOR PRIVACY","Kosovo","REDACTED FOR PRIVACY","Serbia","","REDACTED FOR PRIVACY","REDACTED FOR PRIVACY","REDACTED FOR PRIVACY","REDACTED FOR PRIVACY","REDACTED FOR PRIVACY","REDACTED FOR PRIVACY","REDACTED FOR PRIVACY","REDACTED FOR PRIVACY","REDACTED FOR PRIVACY","","REDACTED FOR PRIVACY","REDACTED FOR PRIVACY","REDACTED FOR PRIVACY","REDACTED FOR PRIVACY","REDACTED FOR PRIVACY","REDACTED FOR PRIVACY","REDACTED FOR PRIVACY","REDACTED FOR PRIVACY","REDACTED FOR PRIVACY","","REDACTED FOR PRIVACY","REDACTED FOR PRIVACY","","","","","","","","","","","ns1.a2hosting.com","ns2.a2hosting.com","ns3.a2hosting.com","ns4.a2hosting.com","addPeriod","clientTransferProhibited","",""
"32","streberka.com","2019-12-03 17:11:12","2019-12-02","2019-12-02","2020-12-02","69","Tucows Domains Inc.","whois.tucows.com","http://domainhelp.opensrs.net","REDACTED FOR PRIVACY","REDACTED FOR PRIVACY","REDACTED FOR PRIVACY","REDACTED FOR PRIVACY","XX","REDACTED FOR PRIVACY","Serbia","","REDACTED FOR PRIVACY","REDACTED FOR PRIVACY","REDACTED FOR PRIVACY","REDACTED FOR PRIVACY","REDACTED FOR PRIVACY","REDACTED FOR PRIVACY","REDACTED FOR PRIVACY","REDACTED FOR PRIVACY","REDACTED FOR PRIVACY","","REDACTED FOR PRIVACY","REDACTED FOR PRIVACY","REDACTED FOR PRIVACY","REDACTED FOR PRIVACY","REDACTED FOR PRIVACY","REDACTED FOR PRIVACY","REDACTED FOR PRIVACY","REDACTED FOR PRIVACY","REDACTED FOR PRIVACY","","REDACTED FOR PRIVACY","REDACTED FOR PRIVACY","","","","","","","","","","","ns1.gnld1006.siteground.eu","ns2.gnld1006.siteground.eu","","","clientTransferProhibited","clientUpdateProhibited","",""
"33","supply-canada.com","2019-12-03 16:05:27","2019-12-01","2019-12-01","2020-12-01","146","GoDaddy.com, LLC","whois.godaddy.com","http://registrar.godaddy.com","","","","","Srbija","","Serbia","","","","","","","","","","","","","","","","","","","","","","","","","","","","","","","","","","ns27.domaincontrol.com","ns28.domaincontrol.com","","","clientDeleteProhibited","clientRenewProhibited","clientTransferProhibited","clientUpdateProhibited"
"34","telpdigital.com","2019-12-03 18:26:33","2019-12-02","2019-12-02","2020-12-02","440","Wild West Domains, LLC","whois.wildwestdomains.com","http://www.wildwestdomains.com","","","","","","","Serbia","","","","","","","","","","","","","","","","","","","","","","","","","","","","","","","","","","ns1.hostingweb.rs","ns2.hostingweb.rs","ns3.hostingweb.rs","","clientDeleteProhibited","clientRenewProhibited","clientTransferProhibited","clientUpdateProhibited"
"35","vrtualize.net","2019-12-03 16:34:22","2019-12-02","2019-12-02","2020-12-02","48","eNom, Inc.","whois.enom.com","http://www.enom.com","REDACTED FOR PRIVACY","REDACTED FOR PRIVACY","REDACTED FOR PRIVACY","REDACTED FOR PRIVACY","Kosovo","REDACTED FOR PRIVACY","Serbia","","REDACTED FOR PRIVACY","REDACTED FOR PRIVACY","REDACTED FOR PRIVACY","REDACTED FOR PRIVACY","REDACTED FOR PRIVACY","REDACTED FOR PRIVACY","REDACTED FOR PRIVACY","REDACTED FOR PRIVACY","REDACTED FOR PRIVACY","","REDACTED FOR PRIVACY","REDACTED FOR PRIVACY","REDACTED FOR PRIVACY","REDACTED FOR PRIVACY","REDACTED FOR PRIVACY","REDACTED FOR PRIVACY","REDACTED FOR PRIVACY","REDACTED FOR PRIVACY","REDACTED FOR PRIVACY","","REDACTED FOR PRIVACY","REDACTED FOR PRIVACY","","","","","","","","","","","ns1.a2hosting.com","ns2.a2hosting.com","ns3.a2hosting.com","ns4.a2hosting.com","addPeriod","clientTransferProhibited","",""
"36","zoka-trade.com","2019-12-03 14:30:17","2019-12-02","2019-12-02","2020-12-02","113","CSL Computer Service Langenbach GmbH d/b/a joker.com","whois.joker.com","http://www.joker.com","Nordnet Doo","Nordnet Doo","","","Serbia","","Serbia","","","","","","","","","","","","","","","","","","","","","","","","","","","","","","","","","","ns11.nordnet.ws","ns22.nordnet.ws","","","clientTransferProhibited","","",""