"num","domain_name","query_time","create_date","update_date","expiry_date","domain_registrar_id","domain_registrar_name","domain_registrar_whois","domain_registrar_url","registrant_name","registrant_company","registrant_address","registrant_city","registrant_state","registrant_zip","registrant_country","registrant_email","registrant_phone","registrant_fax","administrative_name","administrative_company","administrative_address","administrative_city","administrative_state","administrative_zip","administrative_country","administrative_email","administrative_phone","administrative_fax","technical_name","technical_company","technical_address","technical_city","technical_state","technical_zip","technical_country","technical_email","technical_phone","technical_fax","billing_name","billing_company","billing_address","billing_city","billing_state","billing_zip","billing_country","billing_email","billing_phone","billing_fax","name_server_1","name_server_2","name_server_3","name_server_4","domain_status_1","domain_status_2","domain_status_3","domain_status_4"
"1","111111111111114444444444444.com","2019-12-03 15:25:28","2019-12-02","2019-12-02","2020-12-02","146","GoDaddy.com, LLC","whois.godaddy.com","http://registrar.godaddy.com","","","","","Victoria, Mahe","","Seychelles","","","","","","","","","","","","","","","","","","","","","","","","","","","","","","","","","","ns27.domaincontrol.com","ns28.domaincontrol.com","","","clientDeleteProhibited","clientRenewProhibited","clientTransferProhibited","clientUpdateProhibited"
"2","ab1145b758c30.com","2019-12-03 14:31:47","2019-12-01","2019-12-02","2020-12-01","780","NamePal.com #8006","whois.namepal.com","http://namepal.com","Dmitry Vasilev","Elmaco Ltd.","106 PREMIER BUILDING, ALBERT STREET","Victoria","","00000","Seychelles","domkeeper777@gmail.com","+248.37258630645","+248.037258630645","Dmitry Vasilev","Elmaco Ltd.","106 PREMIER BUILDING, ALBERT STREET","Victoria","","00000","Seychelles","domkeeper777@gmail.com","+248.37258630645","+248.037258630645","Dmitry Vasilev","Elmaco Ltd.","106 PREMIER BUILDING, ALBERT STREET","Victoria","","00000","Seychelles","domkeeper777@gmail.com","+248.37258630645","+248.037258630645","","","","","","","","","","","pns1.cloudns.net","pns2.cloudns.net","","","OK","","",""
"3","ab1c403220c27.com","2019-12-03 14:57:20","2019-12-01","2019-12-02","2020-12-01","2861","Name Connection Area LLC","whois.nameconnectionareallc.com","http://www.networksolutions.com","Dmitry Vasilev","Elmaco Ltd.","106 PREMIER BUILDING, ALBERT STREET","Victoria","","00000","Seychelles","domkeeper777@gmail.com","+248.37258630645","+248.037258630645","Dmitry Vasilev","Elmaco Ltd.","106 PREMIER BUILDING, ALBERT STREET","Victoria","","00000","Seychelles","domkeeper777@gmail.com","+248.37258630645","+248.037258630645","Dmitry Vasilev","Elmaco Ltd.","106 PREMIER BUILDING, ALBERT STREET","Victoria","","00000","Seychelles","domkeeper777@gmail.com","+248.37258630645","+248.037258630645","","","","","","","","","","","pns1.cloudns.net","pns2.cloudns.net","","","OK","","",""
"4","ab3520430c23.com","2019-12-03 16:32:03","2019-12-01","2019-12-02","2020-12-01","2900","Wide Left Domains LLC","whois.wideleftdomainsllc.com","http://www.wideleftdomainsllc.com","Dmitry Vasilev","Elmaco Ltd.","106 PREMIER BUILDING, ALBERT STREET","Victoria","","00000","Seychelles","domkeeper777@gmail.com","+248.37258630645","+248.037258630645","Dmitry Vasilev","Elmaco Ltd.","106 PREMIER BUILDING, ALBERT STREET","Victoria","","00000","Seychelles","domkeeper777@gmail.com","+248.37258630645","+248.037258630645","Dmitry Vasilev","Elmaco Ltd.","106 PREMIER BUILDING, ALBERT STREET","Victoria","","00000","Seychelles","domkeeper777@gmail.com","+248.37258630645","+248.037258630645","","","","","","","","","","","pns1.cloudns.net","pns2.cloudns.net","","","OK","","",""
"5","bbse19191.com","2019-12-03 17:02:48","2019-12-01","2019-12-02","2020-12-01","931","UdomainName.com LLC","whois.udomainname.com","http://www.networksolutions.com","Dmitry Vasilev","Elmaco Ltd.","106 PREMIER BUILDING, ALBERT STREET","Victoria","","00000","Seychelles","domkeeper777@gmail.com","+248.37258630645","+248.037258630645","Dmitry Vasilev","Elmaco Ltd.","106 PREMIER BUILDING, ALBERT STREET","Victoria","","00000","Seychelles","domkeeper777@gmail.com","+248.37258630645","+248.037258630645","Dmitry Vasilev","Elmaco Ltd.","106 PREMIER BUILDING, ALBERT STREET","Victoria","","00000","Seychelles","domkeeper777@gmail.com","+248.37258630645","+248.037258630645","","","","","","","","","","","pns1.cloudns.net","pns2.cloudns.net","","","OK","","",""
"6","choicecarseychelles.com","2019-12-03 18:52:36","2019-12-02","2019-12-02","2021-12-02","146","GoDaddy.com, LLC","whois.godaddy.com","http://registrar.godaddy.com","CHALETS COTE MER, PRASLIN","CHALETS COTE MER, PRASLIN","","","MAHE","","Seychelles","","","","","","","","","","","","","","","","","","","","","","","","","","","","","","","","","","ns27.domaincontrol.com","ns28.domaincontrol.com","","","clientDeleteProhibited","clientRenewProhibited","clientTransferProhibited","clientUpdateProhibited"
"7","juliesboutique.com","2019-12-03 16:49:45","2019-12-02","2019-12-02","2020-12-02","69","Tucows Domains Inc.","whois.tucows.com","http://domainhelp.opensrs.net","REDACTED FOR PRIVACY","REDACTED FOR PRIVACY","REDACTED FOR PRIVACY","REDACTED FOR PRIVACY","Mahe","REDACTED FOR PRIVACY","Seychelles","","REDACTED FOR PRIVACY","REDACTED FOR PRIVACY","REDACTED FOR PRIVACY","REDACTED FOR PRIVACY","REDACTED FOR PRIVACY","REDACTED FOR PRIVACY","REDACTED FOR PRIVACY","REDACTED FOR PRIVACY","REDACTED FOR PRIVACY","","REDACTED FOR PRIVACY","REDACTED FOR PRIVACY","REDACTED FOR PRIVACY","REDACTED FOR PRIVACY","REDACTED FOR PRIVACY","REDACTED FOR PRIVACY","REDACTED FOR PRIVACY","REDACTED FOR PRIVACY","REDACTED FOR PRIVACY","","REDACTED FOR PRIVACY","REDACTED FOR PRIVACY","","","","","","","","","","","ns1.flokinet.net","ns2.flokinet.net","ns3.flokinet.net","ns4.flokinet.net","clientTransferProhibited","clientUpdateProhibited","",""
"8","l1gbank.com","2019-12-03 15:20:45","2019-12-02","2019-12-01","2020-12-01","1868","Eranet International Limited","whois.eranet.com","http://www.eranet.com","REDACTED FOR PRIVACY","","REDACTED FOR PRIVACY","REDACTED FOR PRIVACY","lu","REDACTED FOR PRIVACY","Seychelles","","REDACTED FOR PRIVACY","REDACTED FOR PRIVACY","REDACTED FOR PRIVACY","REDACTED FOR PRIVACY","REDACTED FOR PRIVACY","REDACTED FOR PRIVACY","REDACTED FOR PRIVACY","REDACTED FOR PRIVACY","REDACTED FOR PRIVACY","","REDACTED FOR PRIVACY","REDACTED FOR PRIVACY","REDACTED FOR PRIVACY","REDACTED FOR PRIVACY","REDACTED FOR PRIVACY","REDACTED FOR PRIVACY","REDACTED FOR PRIVACY","REDACTED FOR PRIVACY","REDACTED FOR PRIVACY","","REDACTED FOR PRIVACY","REDACTED FOR PRIVACY","","","","","","","","","","","ns200.01isp.com","ns201.01isp.net","","","clientTransferProhibited","","",""
"9","lctseychelles.com","2019-12-03 15:58:14","2019-12-02","2019-12-02","2020-12-02","69","Tucows Domains Inc.","whois.tucows.com","http://domainhelp.opensrs.net","REDACTED FOR PRIVACY","REDACTED FOR PRIVACY","REDACTED FOR PRIVACY","REDACTED FOR PRIVACY","XX","REDACTED FOR PRIVACY","Seychelles","","REDACTED FOR PRIVACY","REDACTED FOR PRIVACY","REDACTED FOR PRIVACY","REDACTED FOR PRIVACY","REDACTED FOR PRIVACY","REDACTED FOR PRIVACY","REDACTED FOR PRIVACY","REDACTED FOR PRIVACY","REDACTED FOR PRIVACY","","REDACTED FOR PRIVACY","REDACTED FOR PRIVACY","REDACTED FOR PRIVACY","REDACTED FOR PRIVACY","REDACTED FOR PRIVACY","REDACTED FOR PRIVACY","REDACTED FOR PRIVACY","REDACTED FOR PRIVACY","REDACTED FOR PRIVACY","","REDACTED FOR PRIVACY","REDACTED FOR PRIVACY","","","","","","","","","","","ns1.giow1021.siteground.us","ns2.giow1021.siteground.us","","","clientTransferProhibited","clientUpdateProhibited","",""
"10","seyashley.com","2019-12-03 18:23:43","2019-12-02","2019-12-02","2021-12-02","3817","Wix.com Ltd.","","","ASHLEY ROSE","ASHLEY ROSE","Baie Ste Anne","Victoria","","","Seychelles","seychellesashley@gmail.com","+248.2631862","","ASHLEY ROSE","ASHLEY ROSE","Baie Ste Anne","Victoria","","","Seychelles","seychellesashley@gmail.com","+248.2631862","","ASHLEY ROSE","ASHLEY ROSE","Baie Ste Anne","Victoria","","","Seychelles","seychellesashley@gmail.com","+248.2631862","","","","","","","","","","","","ns12.wixdns.net","ns13.wixdns.net","","","clientTransferProhibited","clientUpdateProhibited","",""
"11","shirtnew.com","2019-12-03 14:18:48","2019-12-01","2019-12-02","2020-12-01","2349","Moon Shot Domains, LLC","whois.moonshotdomains.com","http://www.moonshotdomains.com","Dmitry Vasilev","Elmaco Ltd.","106 PREMIER BUILDING, ALBERT STREET","Victoria","","00000","Seychelles","domkeeper777@gmail.com","+248.37258630645","+248.037258630645","Dmitry Vasilev","Elmaco Ltd.","106 PREMIER BUILDING, ALBERT STREET","Victoria","","00000","Seychelles","domkeeper777@gmail.com","+248.37258630645","+248.037258630645","Dmitry Vasilev","Elmaco Ltd.","106 PREMIER BUILDING, ALBERT STREET","Victoria","","00000","Seychelles","domkeeper777@gmail.com","+248.37258630645","+248.037258630645","","","","","","","","","","","pns1.cloudns.net","pns2.cloudns.net","","","OK","","",""
"12","superior-offer.com","2019-12-03 16:01:12","2019-12-02","2019-12-02","2020-12-02","146","GoDaddy.com, LLC","whois.godaddy.com","http://registrar.godaddy.com","","","","","Victoria, Mahe","","Seychelles","","","","","","","","","","","","","","","","","","","","","","","","","","","","","","","","","","alice.ns.cloudflare.com","joel.ns.cloudflare.com","","","clientDeleteProhibited","clientRenewProhibited","clientTransferProhibited","clientUpdateProhibited"