"num","domain_name","query_time","create_date","update_date","expiry_date","domain_registrar_id","domain_registrar_name","domain_registrar_whois","domain_registrar_url","registrant_name","registrant_company","registrant_address","registrant_city","registrant_state","registrant_zip","registrant_country","registrant_email","registrant_phone","registrant_fax","administrative_name","administrative_company","administrative_address","administrative_city","administrative_state","administrative_zip","administrative_country","administrative_email","administrative_phone","administrative_fax","technical_name","technical_company","technical_address","technical_city","technical_state","technical_zip","technical_country","technical_email","technical_phone","technical_fax","billing_name","billing_company","billing_address","billing_city","billing_state","billing_zip","billing_country","billing_email","billing_phone","billing_fax","name_server_1","name_server_2","name_server_3","name_server_4","domain_status_1","domain_status_2","domain_status_3","domain_status_4"
"1","app-smartbit.com","2019-12-03 15:38:35","2019-12-02","2019-12-02","2020-12-02","1505","Gransy s.r.o. d/b/a subreg.cz","whois.regtons.com","http://regtons.com","Not Disclosed Not Disclosed","SMARTBIT, POSLOVNO SVETOVANJE D.O.O.","Not Disclosed","Not Disclosed","","Not Disclosed","Slovenia","webproxy@whoisprotection.domains","Not Disclosed","Not Disclosed","Not Disclosed Not Disclosed","","Not Disclosed","Not Disclosed","Not Disclosed","Not Disclosed","Slovenia","webproxy@whoisprotection.domains","Not Disclosed","Not Disclosed","Not Disclosed Not Disclosed","","Not Disclosed","Not Disclosed","Not Disclosed","Not Disclosed","Slovenia","webproxy@whoisprotection.domains","Not Disclosed","Not Disclosed","","","","","","","","","","","rns3.neoserv.si","rns4.neoserv.si","","","clientTransferProhibited","","",""
"2","coursesellingmastery.com","2019-12-03 18:26:16","2019-12-02","2019-12-02","2021-12-02","146","GoDaddy.com, LLC","whois.godaddy.com","http://registrar.godaddy.com","Darko Majcen","","Pacinje 27/a","Dornava","Pacinje","2252","Slovenia","karrax22@gmail.com","38631280004","","Darko Majcen","","Pacinje 27/a","Dornava","Pacinje","2252","Slovenia","karrax22@gmail.com","38631280004","","Darko Majcen","","Pacinje 27/a","Dornava","Pacinje","2252","Slovenia","karrax22@gmail.com","38631280004","","","","","","","","","","","","ns27.domaincontrol.com","ns28.domaincontrol.com","","","clientDeleteProhibited","clientRenewProhibited","clientTransferProhibited","clientUpdateProhibited"
"3","daum-net.com","2019-12-03 18:50:13","2019-12-02","2019-12-02","2020-12-02","303","PDR Ltd. d/b/a PublicDomainRegistry.com","whois.publicdomainregistry.com","http://www.publicdomainregistry.com","GDPR Masked","GDPR Masked","GDPR Masked GDPR Masked GDPR Masked","GDPR Masked","Dunajska 71 1311 Turjak","GDPR Masked","Slovenia","gdpr-masking@gdpr-masked.com","+GDPR Masked.GDPR Masked","+GDPR Masked.GDPR Masked","GDPR Masked","GDPR Masked","GDPR Masked GDPR Masked GDPR Masked","GDPR Masked","Dunajska 71 1311 Turjak","GDPR Masked","Slovenia","gdpr-masking@gdpr-masked.com","+GDPR Masked.GDPR Masked","+GDPR Masked.GDPR Masked","GDPR Masked","GDPR Masked","GDPR Masked GDPR Masked GDPR Masked","GDPR Masked","Dunajska 71 1311 Turjak","GDPR Masked","Slovenia","gdpr-masking@gdpr-masked.com","+GDPR Masked.GDPR Masked","+GDPR Masked.GDPR Masked","","","","","","","","","","","monovm.earth.orderbox-dns.com","monovm.mars.orderbox-dns.com","monovm.mercury.orderbox-dns.com","monovm.venus.orderbox-dns.com","clientTransferProhibited","","",""
"4","dom-adapt.company","2019-12-03 18:45:37","2019-12-02","2019-12-02","2020-12-02","113","CSL Computer Service Langenbach GmbH d/b/a joker.com","whois.joker.com","http://www.joker.com","REDACTED FOR PRIVACY","Birooprema d.o.o.","REDACTED FOR PRIVACY","REDACTED FOR PRIVACY","","REDACTED FOR PRIVACY","Slovenia","","REDACTED FOR PRIVACY","REDACTED FOR PRIVACY","","","","","","","","","","","","","","","","","","","","","","","","","","","","","","","","","","","addPeriod","clientTransferProhibited","",""
"5","eastarjett.com","2019-12-03 16:35:47","2019-12-02","2019-12-02","2020-12-02","303","PDR Ltd. d/b/a PublicDomainRegistry.com","whois.publicdomainregistry.com","http://www.publicdomainregistry.com","GDPR Masked","GDPR Masked","GDPR Masked GDPR Masked GDPR Masked","GDPR Masked","Dunajska 71 1311 Turjak","GDPR Masked","Slovenia","gdpr-masking@gdpr-masked.com","+GDPR Masked.GDPR Masked","+GDPR Masked.GDPR Masked","GDPR Masked","GDPR Masked","GDPR Masked GDPR Masked GDPR Masked","GDPR Masked","Dunajska 71 1311 Turjak","GDPR Masked","Slovenia","gdpr-masking@gdpr-masked.com","+GDPR Masked.GDPR Masked","+GDPR Masked.GDPR Masked","GDPR Masked","GDPR Masked","GDPR Masked GDPR Masked GDPR Masked","GDPR Masked","Dunajska 71 1311 Turjak","GDPR Masked","Slovenia","gdpr-masking@gdpr-masked.com","+GDPR Masked.GDPR Masked","+GDPR Masked.GDPR Masked","","","","","","","","","","","monovm.earth.orderbox-dns.com","monovm.mars.orderbox-dns.com","monovm.mercury.orderbox-dns.com","monovm.venus.orderbox-dns.com","clientTransferProhibited","","",""
"6","enilas.com","2019-12-03 15:47:16","2019-12-01","2019-12-01","2020-12-01","146","GoDaddy.com, LLC","whois.godaddy.com","http://registrar.godaddy.com","","","","","Ljubljana","","Slovenia","","","","","","","","","","","","","","","","","","","","","","","","","","","","","","","","","","ns27.domaincontrol.com","ns28.domaincontrol.com","","","clientDeleteProhibited","clientRenewProhibited","clientTransferProhibited","clientUpdateProhibited"
"7","fablili.com","2019-12-03 14:36:26","2019-12-01","2019-12-01","2020-12-01","1505","Gransy s.r.o. d/b/a subreg.cz","whois.regtons.com","http://regtons.com","Not Disclosed Not Disclosed","UAU, POSLOVNO SVETOVANJE, MARTIN MANIAS S.P.","Not Disclosed","Not Disclosed","","Not Disclosed","Slovenia","webproxy@whoisprotection.domains","Not Disclosed","Not Disclosed","Not Disclosed Not Disclosed","","Not Disclosed","Not Disclosed","Not Disclosed","Not Disclosed","Slovenia","webproxy@whoisprotection.domains","Not Disclosed","Not Disclosed","Not Disclosed Not Disclosed","","Not Disclosed","Not Disclosed","Not Disclosed","Not Disclosed","Slovenia","webproxy@whoisprotection.domains","Not Disclosed","Not Disclosed","","","","","","","","","","","ns19.neoserv.si","ns20.neoserv.si","","","clientTransferProhibited","","",""
"8","fastcastme.com","2019-12-03 18:59:54","2019-12-02","2019-12-02","2021-12-02","146","GoDaddy.com, LLC","whois.godaddy.com","http://registrar.godaddy.com","Fastcast Influence d.o.o.","Fastcast Influence d.o.o.","","","Ljubljana","","Slovenia","","","","","","","","","","","","","","","","","","","","","","","","","","","","","","","","","","ns27.domaincontrol.com","ns28.domaincontrol.com","","","clientDeleteProhibited","clientRenewProhibited","clientTransferProhibited","clientUpdateProhibited"
"9","firavase.com","2019-12-03 14:56:48","2019-12-02","2019-12-02","2020-12-02","1724","Stork Registry Inc.","whois.domain-registry.nl","http://storkregistry.com","GDPR Masked","GDPR Masked","GDPR Masked GDPR Masked GDPR Masked","GDPR Masked","Slovenia","GDPR Masked","Slovenia","gdpr-masking@gdpr-masked.com","+GDPR Masked.GDPR Masked","+GDPR Masked.GDPR Masked","GDPR Masked","GDPR Masked","GDPR Masked GDPR Masked GDPR Masked","GDPR Masked","Slovenia","GDPR Masked","Slovenia","gdpr-masking@gdpr-masked.com","+GDPR Masked.GDPR Masked","+GDPR Masked.GDPR Masked","GDPR Masked","GDPR Masked","GDPR Masked GDPR Masked GDPR Masked","GDPR Masked","Slovenia","GDPR Masked","Slovenia","gdpr-masking@gdpr-masked.com","+GDPR Masked.GDPR Masked","+GDPR Masked.GDPR Masked","","","","","","","","","","","dns1.siel.si","dns2.siel.si","dns3.siel.si","","clientTransferProhibited","","",""
"10","hifreind-shipping.com","2019-12-03 15:16:36","2019-12-02","2019-12-02","2020-12-02","303","PDR Ltd. d/b/a PublicDomainRegistry.com","whois.publicdomainregistry.com","http://www.publicdomainregistry.com","GDPR Masked","GDPR Masked","GDPR Masked GDPR Masked GDPR Masked","GDPR Masked","Dunajska 71 1311 Turjak","GDPR Masked","Slovenia","gdpr-masking@gdpr-masked.com","+GDPR Masked.GDPR Masked","+GDPR Masked.GDPR Masked","GDPR Masked","GDPR Masked","GDPR Masked GDPR Masked GDPR Masked","GDPR Masked","Dunajska 71 1311 Turjak","GDPR Masked","Slovenia","gdpr-masking@gdpr-masked.com","+GDPR Masked.GDPR Masked","+GDPR Masked.GDPR Masked","GDPR Masked","GDPR Masked","GDPR Masked GDPR Masked GDPR Masked","GDPR Masked","Dunajska 71 1311 Turjak","GDPR Masked","Slovenia","gdpr-masking@gdpr-masked.com","+GDPR Masked.GDPR Masked","+GDPR Masked.GDPR Masked","","","","","","","","","","","monovm.earth.orderbox-dns.com","monovm.mars.orderbox-dns.com","monovm.mercury.orderbox-dns.com","monovm.venus.orderbox-dns.com","clientTransferProhibited","","",""
"11","hmelonada.com","2019-12-03 17:14:38","2019-12-02","2019-12-02","2020-12-02","48","eNom, Inc.","whois.enom.com","http://www.enom.com","REDACTED FOR PRIVACY","REDACTED FOR PRIVACY","REDACTED FOR PRIVACY","REDACTED FOR PRIVACY","NA","REDACTED FOR PRIVACY","Slovenia","","REDACTED FOR PRIVACY","REDACTED FOR PRIVACY","REDACTED FOR PRIVACY","REDACTED FOR PRIVACY","REDACTED FOR PRIVACY","REDACTED FOR PRIVACY","REDACTED FOR PRIVACY","REDACTED FOR PRIVACY","REDACTED FOR PRIVACY","","REDACTED FOR PRIVACY","REDACTED FOR PRIVACY","REDACTED FOR PRIVACY","REDACTED FOR PRIVACY","REDACTED FOR PRIVACY","REDACTED FOR PRIVACY","REDACTED FOR PRIVACY","REDACTED FOR PRIVACY","REDACTED FOR PRIVACY","","REDACTED FOR PRIVACY","REDACTED FOR PRIVACY","","","","","","","","","","","ns217.superhosting.bg","ns218.superhosting.bg","","","addPeriod","clientTransferProhibited","",""
"12","izberikupi.com","2019-12-03 19:14:03","2019-12-02","2019-12-02","2020-12-02","1505","Gransy s.r.o. d/b/a subreg.cz","whois.regtons.com","http://regtons.com","Not Disclosed Not Disclosed","","Not Disclosed","Not Disclosed","","Not Disclosed","Slovenia","webproxy@whoisprotection.domains","Not Disclosed","Not Disclosed","Not Disclosed Not Disclosed","","Not Disclosed","Not Disclosed","Not Disclosed","Not Disclosed","Slovenia","webproxy@whoisprotection.domains","Not Disclosed","Not Disclosed","Not Disclosed Not Disclosed","","Not Disclosed","Not Disclosed","Not Disclosed","Not Disclosed","Slovenia","webproxy@whoisprotection.domains","Not Disclosed","Not Disclosed","","","","","","","","","","","ns13.neoserv.si","ns14.neoserv.si","","","clientTransferProhibited","","",""
"13","jetski-performance.com","2019-12-03 17:32:39","2019-12-02","2019-12-02","2020-12-02","1505","Gransy s.r.o. d/b/a subreg.cz","whois.regtons.com","http://regtons.com","Not Disclosed Not Disclosed","87NAUTICA, VZDRZEVANJE PLOVIL, D.O.O.","Not Disclosed","Not Disclosed","","Not Disclosed","Slovenia","webproxy@whoisprotection.domains","Not Disclosed","Not Disclosed","Not Disclosed Not Disclosed","","Not Disclosed","Not Disclosed","Not Disclosed","Not Disclosed","Slovenia","webproxy@whoisprotection.domains","Not Disclosed","Not Disclosed","Not Disclosed Not Disclosed","","Not Disclosed","Not Disclosed","Not Disclosed","Not Disclosed","Slovenia","webproxy@whoisprotection.domains","Not Disclosed","Not Disclosed","","","","","","","","","","","ns10.neoserv.si","ns9.neoserv.si","","","clientTransferProhibited","","",""
"14","obtos.com","2019-12-03 16:23:05","2019-12-01","2019-12-01","2020-12-01","146","GoDaddy.com, LLC","whois.godaddy.com","http://registrar.godaddy.com","","","","","Ljubljana","","Slovenia","","","","","","","","","","","","","","","","","","","","","","","","","","","","","","","","","","ns27.domaincontrol.com","ns28.domaincontrol.com","","","clientDeleteProhibited","clientRenewProhibited","clientTransferProhibited","clientUpdateProhibited"
"15","onefritoken.com","2019-12-03 17:18:05","2019-12-02","2019-12-02","2020-12-02","146","GoDaddy.com, LLC","whois.godaddy.com","http://registrar.godaddy.com","","","","","","","Slovenia","","","","","","","","","","","","","","","","","","","","","","","","","","","","","","","","","","ns27.domaincontrol.com","ns28.domaincontrol.com","","","clientDeleteProhibited","clientRenewProhibited","clientTransferProhibited","clientUpdateProhibited"
"16","onversed.com","2019-12-03 15:06:15","2019-12-01","2019-12-01","2020-12-01","303","PDR Ltd. d/b/a PublicDomainRegistry.com","whois.publicdomainregistry.com","http://www.publicdomainregistry.com","GDPR Masked","GDPR Masked","GDPR Masked GDPR Masked GDPR Masked","GDPR Masked","Zasavje","GDPR Masked","Slovenia","gdpr-masking@gdpr-masked.com","+GDPR Masked.GDPR Masked","+GDPR Masked.GDPR Masked","GDPR Masked","GDPR Masked","GDPR Masked GDPR Masked GDPR Masked","GDPR Masked","Zasavje","GDPR Masked","Slovenia","gdpr-masking@gdpr-masked.com","+GDPR Masked.GDPR Masked","+GDPR Masked.GDPR Masked","GDPR Masked","GDPR Masked","GDPR Masked GDPR Masked GDPR Masked","GDPR Masked","Zasavje","GDPR Masked","Slovenia","gdpr-masking@gdpr-masked.com","+GDPR Masked.GDPR Masked","+GDPR Masked.GDPR Masked","","","","","","","","","","","dns1.webicom.si","dns2.webicom.si","","","clientTransferProhibited","","",""
"17","pametnahisakokelj.com","2019-12-03 17:15:10","2019-12-01","2019-12-01","2020-12-01","146","GoDaddy.com, LLC","whois.godaddy.com","http://registrar.godaddy.com","","","","","\u0160empeter","","Slovenia","","","","","","","","","","","","","","","","","","","","","","","","","","","","","","","","","","ns27.domaincontrol.com","ns28.domaincontrol.com","","","clientDeleteProhibited","clientRenewProhibited","clientTransferProhibited","clientUpdateProhibited"
"18","pisceesvn.com","2019-12-03 16:11:48","2019-12-01","2019-12-01","2020-12-01","303","PDR Ltd. d/b/a PublicDomainRegistry.com","whois.publicdomainregistry.com","http://www.publicdomainregistry.com","GDPR Masked","GDPR Masked","GDPR Masked GDPR Masked GDPR Masked","GDPR Masked","Dunajska 71 1311 Turjak","GDPR Masked","Slovenia","gdpr-masking@gdpr-masked.com","+GDPR Masked.GDPR Masked","+GDPR Masked.GDPR Masked","GDPR Masked","GDPR Masked","GDPR Masked GDPR Masked GDPR Masked","GDPR Masked","Dunajska 71 1311 Turjak","GDPR Masked","Slovenia","gdpr-masking@gdpr-masked.com","+GDPR Masked.GDPR Masked","+GDPR Masked.GDPR Masked","GDPR Masked","GDPR Masked","GDPR Masked GDPR Masked GDPR Masked","GDPR Masked","Dunajska 71 1311 Turjak","GDPR Masked","Slovenia","gdpr-masking@gdpr-masked.com","+GDPR Masked.GDPR Masked","+GDPR Masked.GDPR Masked","","","","","","","","","","","monovm.earth.orderbox-dns.com","monovm.mars.orderbox-dns.com","monovm.mercury.orderbox-dns.com","monovm.venus.orderbox-dns.com","clientTransferProhibited","","",""
"19","polartistika.com","2019-12-03 14:20:36","2019-12-02","2019-12-02","2020-12-02","303","PDR Ltd. d/b/a PublicDomainRegistry.com","whois.publicdomainregistry.com","http://www.publicdomainregistry.com","GDPR Masked","GDPR Masked","GDPR Masked GDPR Masked GDPR Masked","GDPR Masked","Dunajska 71 1311 Turjak","GDPR Masked","Slovenia","gdpr-masking@gdpr-masked.com","+GDPR Masked.GDPR Masked","+GDPR Masked.GDPR Masked","GDPR Masked","GDPR Masked","GDPR Masked GDPR Masked GDPR Masked","GDPR Masked","Dunajska 71 1311 Turjak","GDPR Masked","Slovenia","gdpr-masking@gdpr-masked.com","+GDPR Masked.GDPR Masked","+GDPR Masked.GDPR Masked","GDPR Masked","GDPR Masked","GDPR Masked GDPR Masked GDPR Masked","GDPR Masked","Dunajska 71 1311 Turjak","GDPR Masked","Slovenia","gdpr-masking@gdpr-masked.com","+GDPR Masked.GDPR Masked","+GDPR Masked.GDPR Masked","","","","","","","","","","","monovm.earth.orderbox-dns.com","monovm.mars.orderbox-dns.com","monovm.mercury.orderbox-dns.com","monovm.venus.orderbox-dns.com","clientTransferProhibited","","",""
"20","poweritservces.com","2019-12-03 15:11:19","2019-12-01","2019-12-01","2020-12-01","303","PDR Ltd. d/b/a PublicDomainRegistry.com","whois.publicdomainregistry.com","http://www.publicdomainregistry.com","GDPR Masked","GDPR Masked","GDPR Masked GDPR Masked GDPR Masked","GDPR Masked","Dunajska 71 1311 Turjak","GDPR Masked","Slovenia","gdpr-masking@gdpr-masked.com","+GDPR Masked.GDPR Masked","+GDPR Masked.GDPR Masked","GDPR Masked","GDPR Masked","GDPR Masked GDPR Masked GDPR Masked","GDPR Masked","Dunajska 71 1311 Turjak","GDPR Masked","Slovenia","gdpr-masking@gdpr-masked.com","+GDPR Masked.GDPR Masked","+GDPR Masked.GDPR Masked","GDPR Masked","GDPR Masked","GDPR Masked GDPR Masked GDPR Masked","GDPR Masked","Dunajska 71 1311 Turjak","GDPR Masked","Slovenia","gdpr-masking@gdpr-masked.com","+GDPR Masked.GDPR Masked","+GDPR Masked.GDPR Masked","","","","","","","","","","","monovm.earth.orderbox-dns.com","monovm.mars.orderbox-dns.com","monovm.mercury.orderbox-dns.com","monovm.venus.orderbox-dns.com","clientTransferProhibited","","",""
"21","ski-straps.com","2019-12-03 19:10:31","2019-12-02","2019-12-02","2020-12-02","113","CSL Computer Service Langenbach GmbH d/b/a joker.com","whois.joker.com","http://www.joker.com","SMUCARSKI KLUB KRANJ","SMUCARSKI KLUB KRANJ","","","","","Slovenia","","","","","","","","","","","","","","","","","","","","","","","","","","","","","","","","","","cdns1.controlpanel.si","cdns2.controlpanel.si","","","clientTransferProhibited","","",""
"22","sp-helpdesk.com","2019-12-03 16:33:27","2019-12-02","2019-12-02","2020-12-02","146","GoDaddy.com, LLC","whois.godaddy.com","http://registrar.godaddy.com","","","","","Nicosia","","Slovenia","","","","","","","","","","","","","","","","","","","","","","","","","","","","","","","","","","ns1.digitalocean.com","ns2.digitalocean.com","ns3.digitalocean.com","","clientDeleteProhibited","clientRenewProhibited","clientTransferProhibited","clientUpdateProhibited"
"23","stajling.com","2019-12-03 17:01:15","2019-12-02","2019-12-02","2020-12-02","113","CSL Computer Service Langenbach GmbH d/b/a joker.com","whois.joker.com","http://www.joker.com","SLOTAS d.o.o.","SLOTAS d.o.o.","","","","","Slovenia","","","","","","","","","","","","","","","","","","","","","","","","","","","","","","","","","","cdns1.controlpanel.si","cdns2.controlpanel.si","","","clientTransferProhibited","","",""
"24","svetjunakov.com","2019-12-03 17:35:12","2019-12-02","2019-12-02","2021-12-02","146","GoDaddy.com, LLC","whois.godaddy.com","http://registrar.godaddy.com","","","","","Ljubljana","","Slovenia","","","","","","","","","","","","","","","","","","","","","","","","","","","","","","","","","","ns27.domaincontrol.com","ns28.domaincontrol.com","","","clientDeleteProhibited","clientRenewProhibited","clientTransferProhibited","clientUpdateProhibited"
"25","symphonyofnature.com","2019-12-03 17:00:40","2019-12-02","2019-12-02","2020-12-02","303","PDR Ltd. d/b/a PublicDomainRegistry.com","whois.publicdomainregistry.com","http://www.publicdomainregistry.com","GDPR Masked","GDPR Masked","GDPR Masked GDPR Masked GDPR Masked","GDPR Masked","Savinjska","GDPR Masked","Slovenia","gdpr-masking@gdpr-masked.com","+GDPR Masked.GDPR Masked","+GDPR Masked.GDPR Masked","GDPR Masked","GDPR Masked","GDPR Masked GDPR Masked GDPR Masked","GDPR Masked","Savinjska","GDPR Masked","Slovenia","gdpr-masking@gdpr-masked.com","+GDPR Masked.GDPR Masked","+GDPR Masked.GDPR Masked","GDPR Masked","GDPR Masked","GDPR Masked GDPR Masked GDPR Masked","GDPR Masked","Savinjska","GDPR Masked","Slovenia","gdpr-masking@gdpr-masked.com","+GDPR Masked.GDPR Masked","+GDPR Masked.GDPR Masked","","","","","","","","","","","ns1.limonet.com","ns2.limonet.com","","","clientTransferProhibited","","",""
"26","tccult.com","2019-12-03 15:57:29","2019-12-02","2019-12-02","2021-12-02","146","GoDaddy.com, LLC","whois.godaddy.com","http://registrar.godaddy.com","Robi Rokavec","AlphaWolves","Zbilje 3F","MEDVODE","OSREDNJA SLOVENIJA","1215","Slovenia","robi.rokavec@gmail.com","+386.41844601","","Robi Rokavec","AlphaWolves","Zbilje 3F","MEDVODE","OSREDNJA SLOVENIJA","1215","Slovenia","robi.rokavec@gmail.com","+386.41844601","","Robi Rokavec","AlphaWolves","Zbilje 3F","MEDVODE","OSREDNJA SLOVENIJA","1215","Slovenia","robi.rokavec@gmail.com","+386.41844601","","","","","","","","","","","","ns21.domaincontrol.com","ns22.domaincontrol.com","","","clientDeleteProhibited","clientRenewProhibited","clientTransferProhibited","clientUpdateProhibited"
"27","usel-tr.com","2019-12-03 17:40:47","2019-12-02","2019-12-02","2020-12-02","303","PDR Ltd. d/b/a PublicDomainRegistry.com","whois.publicdomainregistry.com","http://www.publicdomainregistry.com","GDPR Masked","GDPR Masked","GDPR Masked GDPR Masked GDPR Masked","GDPR Masked","Dunajska 71 1311 Turjak","GDPR Masked","Slovenia","gdpr-masking@gdpr-masked.com","+GDPR Masked.GDPR Masked","+GDPR Masked.GDPR Masked","GDPR Masked","GDPR Masked","GDPR Masked GDPR Masked GDPR Masked","GDPR Masked","Dunajska 71 1311 Turjak","GDPR Masked","Slovenia","gdpr-masking@gdpr-masked.com","+GDPR Masked.GDPR Masked","+GDPR Masked.GDPR Masked","GDPR Masked","GDPR Masked","GDPR Masked GDPR Masked GDPR Masked","GDPR Masked","Dunajska 71 1311 Turjak","GDPR Masked","Slovenia","gdpr-masking@gdpr-masked.com","+GDPR Masked.GDPR Masked","+GDPR Masked.GDPR Masked","","","","","","","","","","","monovm.earth.orderbox-dns.com","monovm.mars.orderbox-dns.com","monovm.mercury.orderbox-dns.com","monovm.venus.orderbox-dns.com","clientTransferProhibited","","",""
"28","wheretobuygardengnomes.com","2019-12-03 18:57:07","2019-12-02","2019-12-02","2020-12-02","146","GoDaddy.com, LLC","whois.godaddy.com","http://registrar.godaddy.com","Simon \u0160inigoj s.p.","Simon \u0160inigoj s.p.","","","Nova Gorica","","Slovenia","","","","","","","","","","","","","","","","","","","","","","","","","","","","","","","","","","rns5.neoserv.si","rns6.neoserv.si","","","clientDeleteProhibited","clientRenewProhibited","clientTransferProhibited","clientUpdateProhibited"