"num","domain_name","query_time","create_date","update_date","expiry_date","domain_registrar_id","domain_registrar_name","domain_registrar_whois","domain_registrar_url","registrant_name","registrant_company","registrant_address","registrant_city","registrant_state","registrant_zip","registrant_country","registrant_email","registrant_phone","registrant_fax","administrative_name","administrative_company","administrative_address","administrative_city","administrative_state","administrative_zip","administrative_country","administrative_email","administrative_phone","administrative_fax","technical_name","technical_company","technical_address","technical_city","technical_state","technical_zip","technical_country","technical_email","technical_phone","technical_fax","billing_name","billing_company","billing_address","billing_city","billing_state","billing_zip","billing_country","billing_email","billing_phone","billing_fax","name_server_1","name_server_2","name_server_3","name_server_4","domain_status_1","domain_status_2","domain_status_3","domain_status_4"
"1","aloquence-industry.com","2019-12-03 14:38:29","2019-12-02","2019-12-02","2020-12-02","1505","Gransy s.r.o. d/b/a subreg.cz","whois.regtons.com","http://regtons.com","Not Disclosed Not Disclosed","22MEDIA s.r.o.","Not Disclosed","Not Disclosed","","Not Disclosed","Slovakia","webproxy@whoisprotection.domains","Not Disclosed","Not Disclosed","Not Disclosed Not Disclosed","","Not Disclosed","Not Disclosed","Not Disclosed","Not Disclosed","Slovakia","webproxy@whoisprotection.domains","Not Disclosed","Not Disclosed","Not Disclosed Not Disclosed","","Not Disclosed","Not Disclosed","Not Disclosed","Not Disclosed","Slovakia","webproxy@whoisprotection.domains","Not Disclosed","Not Disclosed","","","","","","","","","","","ns1.websupport.sk","ns2.websupport.sk","ns3.websupport.sk","","OK","","",""
"2","amerthavillas.com","2019-12-03 14:39:21","2019-12-01","","2020-12-01","1505","Gransy s.r.o. d/b/a subreg.cz","whois.regtons.com","http://regtons.com","Not Disclosed Not Disclosed","","Not Disclosed","Not Disclosed","","Not Disclosed","Slovakia","webproxy@whoisprotection.domains","Not Disclosed","Not Disclosed","Not Disclosed Not Disclosed","","Not Disclosed","Not Disclosed","Not Disclosed","Not Disclosed","Slovakia","webproxy@whoisprotection.domains","Not Disclosed","Not Disclosed","Not Disclosed Not Disclosed","","Not Disclosed","Not Disclosed","Not Disclosed","Not Disclosed","Slovakia","webproxy@whoisprotection.domains","Not Disclosed","Not Disclosed","","","","","","","","","","","ns1.websupport.sk","ns2.websupport.sk","ns3.websupport.sk","","","","",""
"3","arthurndean.com","2019-12-03 18:56:37","2019-12-02","2019-12-02","2020-12-02","48","eNom, Inc.","whois.enom.com","http://www.enom.com","REDACTED FOR PRIVACY","REDACTED FOR PRIVACY","REDACTED FOR PRIVACY","REDACTED FOR PRIVACY","Trencin","REDACTED FOR PRIVACY","Slovakia","","REDACTED FOR PRIVACY","REDACTED FOR PRIVACY","REDACTED FOR PRIVACY","REDACTED FOR PRIVACY","REDACTED FOR PRIVACY","REDACTED FOR PRIVACY","REDACTED FOR PRIVACY","REDACTED FOR PRIVACY","REDACTED FOR PRIVACY","","REDACTED FOR PRIVACY","REDACTED FOR PRIVACY","REDACTED FOR PRIVACY","REDACTED FOR PRIVACY","REDACTED FOR PRIVACY","REDACTED FOR PRIVACY","REDACTED FOR PRIVACY","REDACTED FOR PRIVACY","REDACTED FOR PRIVACY","","REDACTED FOR PRIVACY","REDACTED FOR PRIVACY","","","","","","","","","","","ns5.servergenie.com","ns6.servergenie.com","ns7.servergenie.com","ns8.servergenie.com","addPeriod","clientTransferProhibited","",""
"4","balance4you.life","2019-12-03 15:12:57","2019-12-02","2019-12-02","2020-12-02","146","GoDaddy.com, LLC","whois.godaddy.com","http://registrar.godaddy.com","REDACTED FOR PRIVACY","","REDACTED FOR PRIVACY","REDACTED FOR PRIVACY","Trnava","REDACTED FOR PRIVACY","Slovakia","","REDACTED FOR PRIVACY","REDACTED FOR PRIVACY","","","","","","","","","","","","","","","","","","","","","","","","","","","","","","","","","","","addPeriod","clientDeleteProhibited","clientRenewProhibited","clientTransferProhibited"
"5","betterandhealthyme.com","2019-12-03 17:59:05","2019-12-02","2019-12-02","2021-12-02","146","GoDaddy.com, LLC","whois.godaddy.com","http://registrar.godaddy.com","","","","","BA","","Slovakia","","","","","","","","","","","","","","","","","","","","","","","","","","","","","","","","","","ns27.domaincontrol.com","ns28.domaincontrol.com","","","clientDeleteProhibited","clientRenewProhibited","clientTransferProhibited","clientUpdateProhibited"
"6","braingenjor2019.com","2019-12-03 15:06:03","2019-12-02","2019-12-02","2020-12-02","1505","Gransy s.r.o. d/b/a subreg.cz","whois.regtons.com","http://regtons.com","Not Disclosed Not Disclosed","Avasoft s.r.o.","Not Disclosed","Not Disclosed","","Not Disclosed","Slovakia","webproxy@whoisprotection.domains","Not Disclosed","Not Disclosed","Not Disclosed Not Disclosed","","Not Disclosed","Not Disclosed","Not Disclosed","Not Disclosed","Slovakia","webproxy@whoisprotection.domains","Not Disclosed","Not Disclosed","Not Disclosed Not Disclosed","","Not Disclosed","Not Disclosed","Not Disclosed","Not Disclosed","Slovakia","webproxy@whoisprotection.domains","Not Disclosed","Not Disclosed","","","","","","","","","","","ns1.websupport.sk","ns2.websupport.sk","ns3.websupport.sk","","OK","","",""
"7","bukitvillabali.com","2019-12-03 17:03:59","2019-12-01","","2020-12-01","1505","Gransy s.r.o. d/b/a subreg.cz","whois.regtons.com","http://regtons.com","Not Disclosed Not Disclosed","","Not Disclosed","Not Disclosed","","Not Disclosed","Slovakia","webproxy@whoisprotection.domains","Not Disclosed","Not Disclosed","Not Disclosed Not Disclosed","","Not Disclosed","Not Disclosed","Not Disclosed","Not Disclosed","Slovakia","webproxy@whoisprotection.domains","Not Disclosed","Not Disclosed","Not Disclosed Not Disclosed","","Not Disclosed","Not Disclosed","Not Disclosed","Not Disclosed","Slovakia","webproxy@whoisprotection.domains","Not Disclosed","Not Disclosed","","","","","","","","","","","ns1.websupport.sk","ns2.websupport.sk","ns3.websupport.sk","","","","",""
"8","doorbox.biz","2019-12-03 17:43:05","2019-11-29","","2020-11-29","1505","Gransy s.r.o. d/b/a subreg.cz","whois.regtons.com","http://regtons.com","","","","","","","Slovakia","","","","","","","","","","","","","","","","","","","","","","","","","","","","","","","","","","ns1.websupport.sk","ns2.websupport.sk","ns3.websupport.sk","","addPeriod","ok","",""
"9","ea3fecom.com","2019-12-03 14:29:50","2019-12-01","2019-12-01","2021-12-01","146","GoDaddy.com, LLC","whois.godaddy.com","http://registrar.godaddy.com","PUPOPS s.r.o.","PUPOPS s.r.o.","","","Bratislava","","Slovakia","","","","","","","","","","","","","","","","","","","","","","","","","","","","","","","","","","ns27.domaincontrol.com","ns28.domaincontrol.com","","","clientDeleteProhibited","clientRenewProhibited","clientTransferProhibited","clientUpdateProhibited"
"10","edymaxfm.com","2019-12-03 17:15:26","2019-12-02","2019-12-02","2020-12-02","69","Tucows Domains Inc.","whois.tucows.com","http://domainhelp.opensrs.net","REDACTED FOR PRIVACY","REDACTED FOR PRIVACY","REDACTED FOR PRIVACY","REDACTED FOR PRIVACY","REDACTED FOR PRIVACY","REDACTED FOR PRIVACY","Slovakia","","REDACTED FOR PRIVACY","REDACTED FOR PRIVACY","REDACTED FOR PRIVACY","REDACTED FOR PRIVACY","REDACTED FOR PRIVACY","REDACTED FOR PRIVACY","REDACTED FOR PRIVACY","REDACTED FOR PRIVACY","REDACTED FOR PRIVACY","","REDACTED FOR PRIVACY","REDACTED FOR PRIVACY","REDACTED FOR PRIVACY","REDACTED FOR PRIVACY","REDACTED FOR PRIVACY","REDACTED FOR PRIVACY","REDACTED FOR PRIVACY","REDACTED FOR PRIVACY","REDACTED FOR PRIVACY","","REDACTED FOR PRIVACY","REDACTED FOR PRIVACY","","","","","","","","","","","ns.forpsi.cz","ns.forpsi.it","ns.forpsi.net","","clientTransferProhibited","clientUpdateProhibited","",""
"11","famespotters.com","2019-12-03 17:38:08","2019-12-01","2019-12-01","2020-12-01","146","GoDaddy.com, LLC","whois.godaddy.com","http://registrar.godaddy.com","ganizani chiwaura","SKEnglish","Radnicne Namestie 38/19","Banska Stiavnica","N/A","96901","Slovakia","ganizani@hotmail.com","+421.9141074760","","ganizani chiwaura","SKEnglish","Radnicne Namestie 38/19","Banska Stiavnica","N/A","96901","Slovakia","ganizani@hotmail.com","+421.9141074760","","ganizani chiwaura","SKEnglish","Radnicne Namestie 38/19","Banska Stiavnica","N/A","96901","Slovakia","ganizani@hotmail.com","+421.9141074760","","","","","","","","","","","","ns27.domaincontrol.com","ns28.domaincontrol.com","","","clientDeleteProhibited","clientRenewProhibited","clientTransferProhibited","clientUpdateProhibited"
"12","habibivillabali.com","2019-12-03 15:59:39","2019-12-01","2019-12-01","2020-12-01","1505","Gransy s.r.o. d/b/a subreg.cz","whois.regtons.com","http://regtons.com","Not Disclosed Not Disclosed","","Not Disclosed","Not Disclosed","","Not Disclosed","Slovakia","webproxy@whoisprotection.domains","Not Disclosed","Not Disclosed","Not Disclosed Not Disclosed","","Not Disclosed","Not Disclosed","Not Disclosed","Not Disclosed","Slovakia","webproxy@whoisprotection.domains","Not Disclosed","Not Disclosed","Not Disclosed Not Disclosed","","Not Disclosed","Not Disclosed","Not Disclosed","Not Disclosed","Slovakia","webproxy@whoisprotection.domains","Not Disclosed","Not Disclosed","","","","","","","","","","","ns1.websupport.sk","ns2.websupport.sk","ns3.websupport.sk","","OK","","",""
"13","happyhormon.com","2019-12-03 18:17:05","2019-12-02","2019-12-02","2020-12-02","3817","Wix.com Ltd.","","","Statutory Masking Enabled","Statutory Masking Enabled","Statutory Masking Enabled","Statutory Masking Enabled","","Statutory Masking Enabled","Slovakia","happyhormon.com@wix-domains.com","Statutory Masking Enabled","Statutory Masking Enabled","Statutory Masking Enabled","Statutory Masking Enabled","Statutory Masking Enabled","Statutory Masking Enabled","","Statutory Masking Enabled","Slovakia","tomas@orolin.com","Statutory Masking Enabled","Statutory Masking Enabled","Statutory Masking Enabled","Statutory Masking Enabled","Statutory Masking Enabled","Statutory Masking Enabled","","Statutory Masking Enabled","Slovakia","tomas@orolin.com","Statutory Masking Enabled","Statutory Masking Enabled","","","","","","","","","","","ns0.wixdns.net","ns1.wixdns.net","","","clientTransferProhibited","clientUpdateProhibited","",""
"14","isecure.digital","2019-12-03 18:27:03","2019-12-02","2019-12-02","2020-12-02","1505","Gransy s.r.o. d/b/a subreg.cz","whois.regtons.com","http://regtons.com","REDACTED FOR PRIVACY","i-Secure, s.r.o.","REDACTED FOR PRIVACY","REDACTED FOR PRIVACY","","REDACTED FOR PRIVACY","Slovakia","","REDACTED FOR PRIVACY","REDACTED FOR PRIVACY","","","","","","","","","","","","","","","","","","","","","","","","","","","","","","","","","","","addPeriod","","",""
"15","jasonadean.com","2019-12-03 17:41:43","2019-12-02","2019-12-02","2020-12-02","48","eNom, Inc.","whois.enom.com","http://www.enom.com","REDACTED FOR PRIVACY","REDACTED FOR PRIVACY","REDACTED FOR PRIVACY","REDACTED FOR PRIVACY","Trencin","REDACTED FOR PRIVACY","Slovakia","","REDACTED FOR PRIVACY","REDACTED FOR PRIVACY","REDACTED FOR PRIVACY","REDACTED FOR PRIVACY","REDACTED FOR PRIVACY","REDACTED FOR PRIVACY","REDACTED FOR PRIVACY","REDACTED FOR PRIVACY","REDACTED FOR PRIVACY","","REDACTED FOR PRIVACY","REDACTED FOR PRIVACY","REDACTED FOR PRIVACY","REDACTED FOR PRIVACY","REDACTED FOR PRIVACY","REDACTED FOR PRIVACY","REDACTED FOR PRIVACY","REDACTED FOR PRIVACY","REDACTED FOR PRIVACY","","REDACTED FOR PRIVACY","REDACTED FOR PRIVACY","","","","","","","","","","","ns5.servergenie.com","ns6.servergenie.com","ns7.servergenie.com","ns8.servergenie.com","addPeriod","clientTransferProhibited","",""
"16","kosicehalfmarathon.com","2019-12-03 14:49:44","2019-12-01","2019-12-01","2020-12-01","69","Tucows Domains Inc.","whois.tucows.com","http://domainhelp.opensrs.net","REDACTED FOR PRIVACY","REDACTED FOR PRIVACY","REDACTED FOR PRIVACY","REDACTED FOR PRIVACY","REDACTED FOR PRIVACY","REDACTED FOR PRIVACY","Slovakia","","REDACTED FOR PRIVACY","REDACTED FOR PRIVACY","REDACTED FOR PRIVACY","REDACTED FOR PRIVACY","REDACTED FOR PRIVACY","REDACTED FOR PRIVACY","REDACTED FOR PRIVACY","REDACTED FOR PRIVACY","REDACTED FOR PRIVACY","","REDACTED FOR PRIVACY","REDACTED FOR PRIVACY","REDACTED FOR PRIVACY","REDACTED FOR PRIVACY","REDACTED FOR PRIVACY","REDACTED FOR PRIVACY","REDACTED FOR PRIVACY","REDACTED FOR PRIVACY","REDACTED FOR PRIVACY","","REDACTED FOR PRIVACY","REDACTED FOR PRIVACY","","","","","","","","","","","ns.forpsi.cz","ns.forpsi.it","ns.forpsi.net","","clientTransferProhibited","clientUpdateProhibited","",""
"17","nakliye-takip-sistemi.com","2019-12-03 18:36:30","2019-12-01","2019-12-01","2020-12-01","886","Domain.com, LLC","whois.domain.com","http://www.domain.com","REDACTED FOR PRIVACY","REDACTED FOR PRIVACY","REDACTED FOR PRIVACY","REDACTED FOR PRIVACY","NA","REDACTED FOR PRIVACY","Slovakia","","REDACTED FOR PRIVACY","REDACTED FOR PRIVACY","REDACTED FOR PRIVACY","REDACTED FOR PRIVACY","REDACTED FOR PRIVACY","REDACTED FOR PRIVACY","REDACTED FOR PRIVACY","REDACTED FOR PRIVACY","REDACTED FOR PRIVACY","","REDACTED FOR PRIVACY","REDACTED FOR PRIVACY","REDACTED FOR PRIVACY","REDACTED FOR PRIVACY","REDACTED FOR PRIVACY","REDACTED FOR PRIVACY","REDACTED FOR PRIVACY","REDACTED FOR PRIVACY","REDACTED FOR PRIVACY","","REDACTED FOR PRIVACY","REDACTED FOR PRIVACY","","","","","","","","","","","ns1.domaincom-default.domainparkingserver.net","ns2.domaincom-default.domainparkingserver.net","","","","","",""
"18","nothingisreal.wtf","2019-12-03 18:20:41","2019-12-02","2019-12-02","2020-12-02","1505","Gransy s.r.o. d/b/a subreg.cz","whois.regtons.com","http://regtons.com","REDACTED FOR PRIVACY","WEcan Production s.r.o.","REDACTED FOR PRIVACY","REDACTED FOR PRIVACY","","REDACTED FOR PRIVACY","Slovakia","","REDACTED FOR PRIVACY","REDACTED FOR PRIVACY","","","","","","","","","","","","","","","","","","","","","","","","","","","","","","","","","","","addPeriod","","",""
"19","ovencrazed.com","2019-12-03 16:04:22","2019-12-02","2019-12-02","2020-12-02","1505","Gransy s.r.o. d/b/a subreg.cz","whois.regtons.com","http://regtons.com","Not Disclosed Not Disclosed","","Not Disclosed","Not Disclosed","","Not Disclosed","Slovakia","webproxy@whoisprotection.domains","Not Disclosed","Not Disclosed","Not Disclosed Not Disclosed","","Not Disclosed","Not Disclosed","Not Disclosed","Not Disclosed","Slovakia","webproxy@whoisprotection.domains","Not Disclosed","Not Disclosed","Not Disclosed Not Disclosed","","Not Disclosed","Not Disclosed","Not Disclosed","Not Disclosed","Slovakia","webproxy@whoisprotection.domains","Not Disclosed","Not Disclosed","","","","","","","","","","","ns1.websupport.sk","ns2.websupport.sk","ns3.websupport.sk","","OK","","",""
"20","short-termrentalwicklow.com","2019-12-03 18:28:57","2019-12-02","","2020-12-02","1505","Gransy s.r.o. d/b/a subreg.cz","whois.regtons.com","http://regtons.com","Not Disclosed Not Disclosed","Epic Travel s.r.o.","Not Disclosed","Not Disclosed","","Not Disclosed","Slovakia","webproxy@whoisprotection.domains","Not Disclosed","Not Disclosed","Not Disclosed Not Disclosed","","Not Disclosed","Not Disclosed","Not Disclosed","Not Disclosed","Slovakia","webproxy@whoisprotection.domains","Not Disclosed","Not Disclosed","Not Disclosed Not Disclosed","","Not Disclosed","Not Disclosed","Not Disclosed","Not Disclosed","Slovakia","webproxy@whoisprotection.domains","Not Disclosed","Not Disclosed","","","","","","","","","","","ns.exohosting.sk","ns1.exohosting.eu","ns3.exohosting.cz","","","","",""
"21","thevacuumfryer.com","2019-12-03 18:52:31","2019-12-02","2019-12-02","2020-12-02","1636","Hostinger, UAB","whois.hostinger.com","http://www.hostinger.com","GDPR Masked","GDPR Masked","GDPR Masked GDPR Masked GDPR Masked","GDPR Masked","Bratislava","GDPR Masked","Slovakia","gdpr-masking@gdpr-masked.com","+GDPR Masked.GDPR Masked","+GDPR Masked.GDPR Masked","GDPR Masked","GDPR Masked","GDPR Masked GDPR Masked GDPR Masked","GDPR Masked","Bratislava","GDPR Masked","Slovakia","gdpr-masking@gdpr-masked.com","+GDPR Masked.GDPR Masked","+GDPR Masked.GDPR Masked","GDPR Masked","GDPR Masked","GDPR Masked GDPR Masked GDPR Masked","GDPR Masked","Bratislava","GDPR Masked","Slovakia","gdpr-masking@gdpr-masked.com","+GDPR Masked.GDPR Masked","+GDPR Masked.GDPR Masked","","","","","","","","","","","ns1.dns-parking.com","ns2.dns-parking.com","","","clientTransferProhibited","","",""
"22","uberbows.net","2019-12-03 15:12:41","2019-12-02","2019-12-02","2020-12-02","886","Domain.com, LLC","whois.domain.com","http://www.domain.com","REDACTED FOR PRIVACY","REDACTED FOR PRIVACY","REDACTED FOR PRIVACY","REDACTED FOR PRIVACY","NA","REDACTED FOR PRIVACY","Slovakia","","REDACTED FOR PRIVACY","REDACTED FOR PRIVACY","REDACTED FOR PRIVACY","REDACTED FOR PRIVACY","REDACTED FOR PRIVACY","REDACTED FOR PRIVACY","REDACTED FOR PRIVACY","REDACTED FOR PRIVACY","REDACTED FOR PRIVACY","","REDACTED FOR PRIVACY","REDACTED FOR PRIVACY","REDACTED FOR PRIVACY","REDACTED FOR PRIVACY","REDACTED FOR PRIVACY","REDACTED FOR PRIVACY","REDACTED FOR PRIVACY","REDACTED FOR PRIVACY","REDACTED FOR PRIVACY","","REDACTED FOR PRIVACY","REDACTED FOR PRIVACY","","","","","","","","","","","ns1.domaincom-default.domainparkingserver.net","ns2.domaincom-default.domainparkingserver.net","","","","","",""
"23","usmailhost.com","2019-12-03 15:17:04","2019-12-01","2019-12-02","2020-12-01","1505","Gransy s.r.o. d/b/a subreg.cz","whois.regtons.com","http://regtons.com","Not Disclosed Not Disclosed","EM TECH s.r.o.","Not Disclosed","Not Disclosed","","Not Disclosed","Slovakia","webproxy@whoisprotection.domains","Not Disclosed","Not Disclosed","Not Disclosed Not Disclosed","","Not Disclosed","Not Disclosed","Not Disclosed","Not Disclosed","Slovakia","webproxy@whoisprotection.domains","Not Disclosed","Not Disclosed","Not Disclosed Not Disclosed","","Not Disclosed","Not Disclosed","Not Disclosed","Not Disclosed","Slovakia","webproxy@whoisprotection.domains","Not Disclosed","Not Disclosed","","","","","","","","","","","ns1.websupport.sk","ns2.websupport.sk","ns3.websupport.sk","","OK","","",""
"24","vcelstvo.com","2019-12-03 15:10:22","2019-12-01","2019-12-01","2020-12-01","955","Launchpad, Inc.","whois.launchpad.com","http://www.launchpad.com","GDPR Masked","GDPR Masked","GDPR Masked GDPR Masked GDPR Masked","GDPR Masked","ZI","GDPR Masked","Slovakia","gdpr-masking@gdpr-masked.com","+GDPR Masked.GDPR Masked","+GDPR Masked.GDPR Masked","GDPR Masked","GDPR Masked","GDPR Masked GDPR Masked GDPR Masked","GDPR Masked","ZI","GDPR Masked","Slovakia","gdpr-masking@gdpr-masked.com","+GDPR Masked.GDPR Masked","+GDPR Masked.GDPR Masked","GDPR Masked","GDPR Masked","GDPR Masked GDPR Masked GDPR Masked","GDPR Masked","ZI","GDPR Masked","Slovakia","gdpr-masking@gdpr-masked.com","+GDPR Masked.GDPR Masked","+GDPR Masked.GDPR Masked","","","","","","","","","","","cns2057.hostgator.com","cns2058.hostgator.com","","","clientTransferProhibited","","",""
"25","woball.net","2019-12-03 16:12:39","2019-12-02","","2020-12-02","1505","Gransy s.r.o. d/b/a subreg.cz","whois.regtons.com","http://regtons.com","Not Disclosed Not Disclosed","","Not Disclosed","Not Disclosed","","Not Disclosed","Slovakia","webproxy@whoisprotection.domains","Not Disclosed","Not Disclosed","Not Disclosed Not Disclosed","","Not Disclosed","Not Disclosed","Not Disclosed","Not Disclosed","Slovakia","webproxy@whoisprotection.domains","Not Disclosed","Not Disclosed","Not Disclosed Not Disclosed","","Not Disclosed","Not Disclosed","Not Disclosed","Not Disclosed","Slovakia","webproxy@whoisprotection.domains","Not Disclosed","Not Disclosed","","","","","","","","","","","ns1.websupport.sk","ns2.websupport.sk","ns3.websupport.sk","","","","",""