"num","domain_name","query_time","create_date","update_date","expiry_date","domain_registrar_id","domain_registrar_name","domain_registrar_whois","domain_registrar_url","registrant_name","registrant_company","registrant_address","registrant_city","registrant_state","registrant_zip","registrant_country","registrant_email","registrant_phone","registrant_fax","administrative_name","administrative_company","administrative_address","administrative_city","administrative_state","administrative_zip","administrative_country","administrative_email","administrative_phone","administrative_fax","technical_name","technical_company","technical_address","technical_city","technical_state","technical_zip","technical_country","technical_email","technical_phone","technical_fax","billing_name","billing_company","billing_address","billing_city","billing_state","billing_zip","billing_country","billing_email","billing_phone","billing_fax","name_server_1","name_server_2","name_server_3","name_server_4","domain_status_1","domain_status_2","domain_status_3","domain_status_4"
"1","daadagroup.com","2019-12-03 14:56:20","2019-12-02","2019-12-02","2020-12-02","146","GoDaddy.com, LLC","whois.godaddy.com","http://registrar.godaddy.com","daada channel official","daada channel official","","","Bay","","Somalia","","","","","","","","","","","","","","","","","","","","","","","","","","","","","","","","","","ns27.domaincontrol.com","ns28.domaincontrol.com","","","clientDeleteProhibited","clientRenewProhibited","clientTransferProhibited","clientUpdateProhibited"
"2","edowcompany.com","2019-12-03 16:31:50","2019-12-02","2019-12-02","2020-12-02","48","eNom, Inc.","whois.enom.com","http://www.enom.com","REDACTED FOR PRIVACY","REDACTED FOR PRIVACY","REDACTED FOR PRIVACY","REDACTED FOR PRIVACY","South West state","REDACTED FOR PRIVACY","Somalia","","REDACTED FOR PRIVACY","REDACTED FOR PRIVACY","REDACTED FOR PRIVACY","REDACTED FOR PRIVACY","REDACTED FOR PRIVACY","REDACTED FOR PRIVACY","REDACTED FOR PRIVACY","REDACTED FOR PRIVACY","REDACTED FOR PRIVACY","","REDACTED FOR PRIVACY","REDACTED FOR PRIVACY","REDACTED FOR PRIVACY","REDACTED FOR PRIVACY","REDACTED FOR PRIVACY","REDACTED FOR PRIVACY","REDACTED FOR PRIVACY","REDACTED FOR PRIVACY","REDACTED FOR PRIVACY","","REDACTED FOR PRIVACY","REDACTED FOR PRIVACY","","","","","","","","","","","ns1.greengeeks.com","ns2.greengeeks.com","","","addPeriod","clientTransferProhibited","",""
"3","halleel.com","2019-12-03 15:25:39","2019-12-02","2019-12-02","2020-12-02","955","Launchpad, Inc.","whois.launchpad.com","http://www.launchpad.com","Yonis Mohamed","None","KM-5, Zope Street Hodan District","Mogadishu","BN","21681","Somalia","ybarise@gmail.com","+252.613669292","","Yonis Mohamed","None","KM-5, Zope Street Hodan District","Mogadishu","BN","21681","Somalia","ybarise@gmail.com","+252.613669292","","Yonis Mohamed","None","KM-5, Zope Street Hodan District","Mogadishu","BN","21681","Somalia","ybarise@gmail.com","+252.613669292","","","","","","","","","","","","ns8213.hostgator.com","ns8214.hostgator.com","","","clientTransferProhibited","","",""
"4","investigationdep.com","2019-12-03 14:18:48","2019-12-02","2019-12-02","2020-12-02","625","Name.com, Inc.","whois.name.com","http://www.name.com","Tabaarak ICT Solution","Tabaarak ICT","KM5 Street","Mogadishu","Banadir","09010","Somalia","info@tabaarakict.com","+252.615914848","","Tabaarak ICT Solution","Tabaarak ICT","KM5 Street","Mogadishu","Banadir","09010","Somalia","info@tabaarakict.com","+252.615914848","","Tabaarak ICT Solution","Tabaarak ICT","KM5 Street","Mogadishu","Banadir","09010","Somalia","info@tabaarakict.com","+252.615914848","","","","","","","","","","","","ns1dhl.name.com","ns2ckr.name.com","ns3bgq.name.com","ns4ksy.name.com","addPeriod","clientTransferProhibited","",""
"5","kaafitech.com","2019-12-03 17:56:02","2019-12-02","2019-12-02","2020-12-02","146","GoDaddy.com, LLC","whois.godaddy.com","http://registrar.godaddy.com","Suuqline","Suuqline","","","Hargeisa","","Somalia","","","","","","","","","","","","","","","","","","","","","","","","","","","","","","","","","","ns27.domaincontrol.com","ns28.domaincontrol.com","","","clientDeleteProhibited","clientRenewProhibited","clientTransferProhibited","clientUpdateProhibited"
"6","kaafitech.net","2019-12-03 14:42:31","2019-12-02","2019-12-02","2020-12-02","146","GoDaddy.com, LLC","whois.godaddy.com","http://registrar.godaddy.com","Suuqline","Suuqline","","","Hargeisa","","Somalia","","","","","","","","","","","","","","","","","","","","","","","","","","","","","","","","","","ns27.domaincontrol.com","ns28.domaincontrol.com","","","clientDeleteProhibited","clientRenewProhibited","clientTransferProhibited","clientUpdateProhibited"
"7","starfarming.net","2019-12-03 15:16:57","2019-12-02","2019-12-02","2020-12-02","69","Tucows Domains Inc.","whois.tucows.com","http://domainhelp.opensrs.net","REDACTED FOR PRIVACY","REDACTED FOR PRIVACY","REDACTED FOR PRIVACY","REDACTED FOR PRIVACY","Banaadir","REDACTED FOR PRIVACY","Somalia","","REDACTED FOR PRIVACY","REDACTED FOR PRIVACY","REDACTED FOR PRIVACY","REDACTED FOR PRIVACY","REDACTED FOR PRIVACY","REDACTED FOR PRIVACY","REDACTED FOR PRIVACY","REDACTED FOR PRIVACY","REDACTED FOR PRIVACY","","REDACTED FOR PRIVACY","REDACTED FOR PRIVACY","REDACTED FOR PRIVACY","REDACTED FOR PRIVACY","REDACTED FOR PRIVACY","REDACTED FOR PRIVACY","REDACTED FOR PRIVACY","REDACTED FOR PRIVACY","REDACTED FOR PRIVACY","","REDACTED FOR PRIVACY","REDACTED FOR PRIVACY","","","","","","","","","","","ns1.yooltech.org","ns2.yooltech.org","ns3.yooltech.org","ns4.yooltech.org","clientTransferProhibited","clientUpdateProhibited","",""
"8","tayotict.com","2019-12-03 14:46:49","2019-12-01","2019-12-01","2020-12-01","955","Launchpad, Inc.","whois.launchpad.com","http://www.launchpad.com","Abdismad Ali","None","Jungale-Yaqshiid","Mogadiahu","BN","00621","Somalia","samadkish1@gmail.com","+252.615873313","","Abdismad Ali","None","Jungale-Yaqshiid","Mogadiahu","BN","00621","Somalia","samadkish1@gmail.com","+252.615873313","","Abdismad Ali","None","Jungale-Yaqshiid","Mogadiahu","BN","00621","Somalia","samadkish1@gmail.com","+252.615873313","","","","","","","","","","","","ns8213.hostgator.com","ns8214.hostgator.com","","","clientTransferProhibited","","",""
"9","wadanispareparts.com","2019-12-03 18:24:08","2019-12-02","2019-12-02","2020-12-02","1154","FastDomain Inc.","whois.fastdomain.com","http://www.fastdomain.com","SAID MOHAMUD SHIRE","","KM4","MOGADISHU","","252","Somalia","im993402@gmail.com","+252.618386985","","SAID MOHAMUD SHIRE","","KM4","MOGADISHU","","252","Somalia","im993402@gmail.com","+252.618386985","","BLUEHOST INC","BLUEHOST.COM","550 E TIMPANOGOS PKWY","OREM","UTAH","84097","United States","support-domain@bluehost.com","+1.8017659400","+1.8017651992","","","","","","","","","","","ns1.bluehost.com","ns2.bluehost.com","","","clientTransferProhibited","","",""