"num","domain_name","query_time","create_date","update_date","expiry_date","domain_registrar_id","domain_registrar_name","domain_registrar_whois","domain_registrar_url","registrant_name","registrant_company","registrant_address","registrant_city","registrant_state","registrant_zip","registrant_country","registrant_email","registrant_phone","registrant_fax","administrative_name","administrative_company","administrative_address","administrative_city","administrative_state","administrative_zip","administrative_country","administrative_email","administrative_phone","administrative_fax","technical_name","technical_company","technical_address","technical_city","technical_state","technical_zip","technical_country","technical_email","technical_phone","technical_fax","billing_name","billing_company","billing_address","billing_city","billing_state","billing_zip","billing_country","billing_email","billing_phone","billing_fax","name_server_1","name_server_2","name_server_3","name_server_4","domain_status_1","domain_status_2","domain_status_3","domain_status_4"
"1","1000maths.com","2019-12-03 15:06:33","2019-12-02","2019-12-02","2020-12-02","303","PDR Ltd. d/b/a PublicDomainRegistry.com","whois.publicdomainregistry.com","http://www.publicdomainregistry.com","Nilupa Thilakarathna","1000maths","Ulpathdeniya, Hidellana, Rathnapura. 0","Rathnapura","Western","00100","Sri Lanka","thilakarathnanilupasn@gmail.com","+94.0715461766","","Nilupa Thilakarathna","1000maths","Ulpathdeniya, Hidellana, Rathnapura. 0","Rathnapura","Western","00100","Sri Lanka","thilakarathnanilupasn@gmail.com","+94.0715461766","","Nilupa Thilakarathna","1000maths","Ulpathdeniya, Hidellana, Rathnapura. 0","Rathnapura","Western","00100","Sri Lanka","thilakarathnanilupasn@gmail.com","+94.0715461766","","","","","","","","","","","","dns20.lankahost.net","dns21.lankahost.net","","","clientTransferProhibited","","",""
"2","avoln.com","2019-12-03 17:48:56","2019-12-02","2019-12-02","2020-12-02","1636","Hostinger, UAB","whois.hostinger.com","http://www.hostinger.com","Hafil Lathief","Hafil Lathief","9116 Dematagoda Rd, Colombo 10.","colombo","western","00100","Sri Lanka","iolathief108@gmail.com","+94.775737981","","Hafil Lathief","Hafil Lathief","9116 Dematagoda Rd, Colombo 10.","colombo","western","00100","Sri Lanka","iolathief108@gmail.com","+94.775737981","","Hafil Lathief","Hafil Lathief","9116 Dematagoda Rd, Colombo 10.","colombo","western","00100","Sri Lanka","iolathief108@gmail.com","+94.775737981","","","","","","","","","","","","ns1.dns-parking.com","ns2.dns-parking.com","","","clientTransferProhibited","","",""
"3","bizyummy.com","2019-12-03 17:03:37","2019-12-02","2019-12-02","2020-12-02","146","GoDaddy.com, LLC","whois.godaddy.com","http://registrar.godaddy.com","Webmates","Webmates","","","Kegalle","","Sri Lanka","","","","","","","","","","","","","","","","","","","","","","","","","","","","","","","","","","ns27.domaincontrol.com","ns28.domaincontrol.com","","","clientDeleteProhibited","clientRenewProhibited","clientTransferProhibited","clientUpdateProhibited"
"4","blumentours.com","2019-12-03 16:30:53","2019-12-02","2019-12-02","2020-12-02","303","PDR Ltd. d/b/a PublicDomainRegistry.com","whois.publicdomainregistry.com","http://www.publicdomainregistry.com","Krishan Suranga silva","The Shopsy (Pvt) Ltd","8/72, Mahalwarawa, Pannipitiya","Pannipitiya","Western","10230","Sri Lanka","info@shopsy.lk","+94.772395979","","Krishan Suranga silva","The Shopsy (Pvt) Ltd","8/72, Mahalwarawa, Pannipitiya","Pannipitiya","Western","10230","Sri Lanka","info@shopsy.lk","+94.772395979","","Krishan Suranga silva","The Shopsy (Pvt) Ltd","8/72, Mahalwarawa, Pannipitiya","Pannipitiya","Western","10230","Sri Lanka","info@shopsy.lk","+94.772395979","","","","","","","","","","","","ns1.bluehost.com","ns2.bluehost.com","","","clientTransferProhibited","","",""
"5","brushstrokeslk.com","2019-12-03 15:28:31","2019-12-02","2019-12-02","2020-12-02","146","GoDaddy.com, LLC","whois.godaddy.com","http://registrar.godaddy.com","","","","","Western Province","","Sri Lanka","","","","","","","","","","","","","","","","","","","","","","","","","","","","","","","","","","ns27.domaincontrol.com","ns28.domaincontrol.com","","","clientDeleteProhibited","clientRenewProhibited","clientTransferProhibited","clientUpdateProhibited"
"6","cnlresort.com","2019-12-03 17:39:04","2019-12-02","2019-12-02","2021-12-02","146","GoDaddy.com, LLC","whois.godaddy.com","http://registrar.godaddy.com","Intahub Private Limited","Intahub Private Limited","","","Western Province","","Sri Lanka","","","","","","","","","","","","","","","","","","","","","","","","","","","","","","","","","","ns27.domaincontrol.com","ns28.domaincontrol.com","","","clientDeleteProhibited","clientRenewProhibited","clientTransferProhibited","clientUpdateProhibited"
"7","desilvaantiques.com","2019-12-03 15:06:19","2019-12-02","2019-12-02","2020-12-02","146","GoDaddy.com, LLC","whois.godaddy.com","http://registrar.godaddy.com","","","","","Colombo","","Sri Lanka","","","","","","","","","","","","","","","","","","","","","","","","","","","","","","","","","","ns21.domaincontrol.com","ns22.domaincontrol.com","","","clientDeleteProhibited","clientRenewProhibited","clientTransferProhibited","clientUpdateProhibited"
"8","disneylandparisrides.com","2019-12-03 15:32:42","2019-12-02","2019-12-02","2020-12-02","1591","Promo People inc.","whois.nic.fr","http://www.ait.com","REDACTED FOR PRIVACY","REDACTED FOR PRIVACY","REDACTED FOR PRIVACY","REDACTED FOR PRIVACY","Colombo","REDACTED FOR PRIVACY","Sri Lanka","","REDACTED FOR PRIVACY","REDACTED FOR PRIVACY","REDACTED FOR PRIVACY","REDACTED FOR PRIVACY","REDACTED FOR PRIVACY","REDACTED FOR PRIVACY","REDACTED FOR PRIVACY","REDACTED FOR PRIVACY","REDACTED FOR PRIVACY","","REDACTED FOR PRIVACY","REDACTED FOR PRIVACY","REDACTED FOR PRIVACY","REDACTED FOR PRIVACY","REDACTED FOR PRIVACY","REDACTED FOR PRIVACY","REDACTED FOR PRIVACY","REDACTED FOR PRIVACY","REDACTED FOR PRIVACY","","REDACTED FOR PRIVACY","REDACTED FOR PRIVACY","","","","","","","","","","","ns1.hostpapa.com","ns2.hostpapa.com","","","clientTransferProhibited","clientUpdateProhibited","",""
"9","easyeazy.com","2019-12-03 16:45:57","2019-12-01","2019-12-01","2020-12-01","146","GoDaddy.com, LLC","whois.godaddy.com","http://registrar.godaddy.com","","","","","Colombo","","Sri Lanka","","","","","","","","","","","","","","","","","","","","","","","","","","","","","","","","","","ns27.domaincontrol.com","ns28.domaincontrol.com","","","clientDeleteProhibited","clientRenewProhibited","clientTransferProhibited","clientUpdateProhibited"
"10","eleganrich.com","2019-12-03 15:28:32","2019-12-02","2019-12-02","2020-12-02","146","GoDaddy.com, LLC","whois.godaddy.com","http://registrar.godaddy.com","","","","","Colombo","","Sri Lanka","","","","","","","","","","","","","","","","","","","","","","","","","","","","","","","","","","ns27.domaincontrol.com","ns28.domaincontrol.com","","","clientDeleteProhibited","clientRenewProhibited","clientTransferProhibited","clientUpdateProhibited"
"11","embilipitiyabricks.com","2019-12-03 15:25:14","2019-12-02","2019-12-02","2020-12-02","303","PDR Ltd. d/b/a PublicDomainRegistry.com","whois.publicdomainregistry.com","http://www.publicdomainregistry.com","Niroshan Channa Paranayapa","","418/1,C Makubura","Pannipitiya","WP","10400","Sri Lanka","niroshanpar@gmail.com","+94.0777338030","","Niroshan Channa Paranayapa","","418/1,C Makubura","Pannipitiya","WP","10400","Sri Lanka","niroshanpar@gmail.com","+94.0777338030","","Niroshan Channa Paranayapa","","418/1,C Makubura","Pannipitiya","WP","10400","Sri Lanka","niroshanpar@gmail.com","+94.0777338030","","","","","","","","","","","","dns3.lankahost.net","dns4.lankahost.net","","","clientTransferProhibited","","",""
"12","esnaoutbound.com","2019-12-03 17:35:37","2019-12-02","2019-12-02","2020-12-02","146","GoDaddy.com, LLC","whois.godaddy.com","http://registrar.godaddy.com","Esna Holidays Pvt Ltd","Esna Holidays Pvt Ltd","","","Western Province","","Sri Lanka","","","","","","","","","","","","","","","","","","","","","","","","","","","","","","","","","","ns27.domaincontrol.com","ns28.domaincontrol.com","","","clientDeleteProhibited","clientRenewProhibited","clientTransferProhibited","clientUpdateProhibited"
"13","evvaru.com","2019-12-03 14:15:57","2019-12-02","2019-12-02","2020-12-02","303","PDR Ltd. d/b/a PublicDomainRegistry.com","whois.publicdomainregistry.com","http://www.publicdomainregistry.com","A.L.FAHEEM MOHAMED","EVVARU","167/3,MAHAWATTHA , MAWANELLA 0","MAWANELLA","Western","00100","Sri Lanka","mefaheem0001@gmail.com","+94.0776671661","","A.L.FAHEEM MOHAMED","EVVARU","167/3,MAHAWATTHA , MAWANELLA 0","MAWANELLA","Western","00100","Sri Lanka","mefaheem0001@gmail.com","+94.0776671661","","A.L.FAHEEM MOHAMED","EVVARU","167/3,MAHAWATTHA , MAWANELLA 0","MAWANELLA","Western","00100","Sri Lanka","mefaheem0001@gmail.com","+94.0776671661","","","","","","","","","","","","dns60.lankahost.net","dns61.lankahost.net","","","clientTransferProhibited","","",""
"14","examslanka.com","2019-12-03 14:18:34","2019-12-02","2019-12-02","2020-12-02","955","Launchpad, Inc.","whois.launchpad.com","http://www.launchpad.com","exams lanka","None","370/1, Galle road,","Panadura","1","12500","Sri Lanka","examslankaofficial@gmail.com","+94.713008937","","exams lanka","None","370/1, Galle road,","Panadura","1","12500","Sri Lanka","examslankaofficial@gmail.com","+94.713008937","","exams lanka","None","370/1, Galle road,","Panadura","1","12500","Sri Lanka","examslankaofficial@gmail.com","+94.713008937","","","","","","","","","","","","ns8099.hostgator.com","ns8100.hostgator.com","","","clientTransferProhibited","","",""
"15","fresveg.com","2019-12-03 16:00:11","2019-12-02","2019-12-02","2022-12-02","146","GoDaddy.com, LLC","whois.godaddy.com","http://registrar.godaddy.com","","","","","WP","","Sri Lanka","","","","","","","","","","","","","","","","","","","","","","","","","","","","","","","","","","ns27.domaincontrol.com","ns28.domaincontrol.com","","","clientDeleteProhibited","clientRenewProhibited","clientTransferProhibited","clientUpdateProhibited"
"16","goldenvalleyengineering.com","2019-12-03 18:40:33","2019-12-02","2019-12-02","2020-12-02","1636","Hostinger, UAB","whois.hostinger.com","http://www.hostinger.com","Abisheaka Karunaratne","Abisheaka Karunaratne","150A, Lucas Perera Mw","Wennappuwa","North Western Province","61170","Sri Lanka","arkarunaratne@gmail.com","+94.778855094","","Abisheaka Karunaratne","Abisheaka Karunaratne","150A, Lucas Perera Mw","Wennappuwa","North Western Province","61170","Sri Lanka","arkarunaratne@gmail.com","+94.778855094","","Abisheaka Karunaratne","Abisheaka Karunaratne","150A, Lucas Perera Mw","Wennappuwa","North Western Province","61170","Sri Lanka","arkarunaratne@gmail.com","+94.778855094","","","","","","","","","","","","ns1.dns-parking.com","ns2.dns-parking.com","","","clientTransferProhibited","","",""
"17","greatsofia.com","2019-12-03 14:36:43","2019-11-30","2019-12-02","2020-11-30","2487","Internet Domain Services BS Corp","whois.publicinterestregistry.net","http://www.internetbs.net","Not disclosed Not disclosed","","Not disclosed, Not disclosed, Not disclosed","Not disclosed","","00000","Sri Lanka","df6ad92f7c6ddc8b9672e809fc092708.gdrp@customers.whoisprivacycorp.com","+1.5163872248","","Not disclosed Not disclosed","","Not disclosed, Not disclosed, Not disclosed","Not disclosed","","00000","Sri Lanka","df6ad92f7c6ddc8b9672e809fc092708.gdrp@customers.whoisprivacycorp.com","+1.5163872248","","Not disclosed Not disclosed","","Not disclosed, Not disclosed, Not disclosed","Not disclosed","","00000","Sri Lanka","df6ad92f7c6ddc8b9672e809fc092708.gdrp@customers.whoisprivacycorp.com","+1.5163872248","","","","","","","","","","","","ns1.daportal.net","ns2.daportal.net","","","clientTransferProhibited","ok","",""
"18","guilion.com","2019-12-03 17:30:40","2019-12-01","2019-12-01","2020-12-01","146","GoDaddy.com, LLC","whois.godaddy.com","http://registrar.godaddy.com","","","","","North Central Province","","Sri Lanka","","","","","","","","","","","","","","","","","","","","","","","","","","","","","","","","","","ns27.domaincontrol.com","ns28.domaincontrol.com","","","clientDeleteProhibited","clientRenewProhibited","clientTransferProhibited","clientUpdateProhibited"
"19","hathnapitiyacodes.com","2019-12-03 14:38:05","2019-12-02","2019-12-02","2020-12-02","146","GoDaddy.com, LLC","whois.godaddy.com","http://registrar.godaddy.com","","","","","Ratnapura","","Sri Lanka","","","","","","","","","","","","","","","","","","","","","","","","","","","","","","","","","","ns1.epizy.com","ns2.epizy.com","","","clientDeleteProhibited","clientRenewProhibited","clientTransferProhibited","clientUpdateProhibited"
"20","hd360degree.com","2019-12-03 17:32:37","2019-12-02","2019-12-02","2020-12-02","625","Name.com, Inc.","whois.name.com","http://www.name.com","Roshan Yaheya","Digital Consultants","101/1, D.S. Wijesinghe Mawatha, , Katubadda","Moratuwa","western","10400","Sri Lanka","roshan_yaheya@yahoo.com","+94.771897562","","Roshan Yaheya","Digital Consultants","101/1, D.S. Wijesinghe Mawatha, , Katubadda","Moratuwa","western","10400","Sri Lanka","roshan_yaheya@yahoo.com","+94.771897562","","Roshan Yaheya","Digital Consultants","101/1, D.S. Wijesinghe Mawatha, , Katubadda","Moratuwa","western","10400","Sri Lanka","roshan_yaheya@yahoo.com","+94.771897562","","","","","","","","","","","","ns1cny.name.com","ns2hjl.name.com","ns3nrz.name.com","ns4clq.name.com","addPeriod","clientTransferProhibited","",""
"21","hotspotslanka.com","2019-12-03 15:35:56","2019-12-02","2019-12-02","2020-12-02","146","GoDaddy.com, LLC","whois.godaddy.com","http://registrar.godaddy.com","","","","","Gampaha","","Sri Lanka","","","","","","","","","","","","","","","","","","","","","","","","","","","","","","","","","","ns27.domaincontrol.com","ns28.domaincontrol.com","","","clientDeleteProhibited","clientRenewProhibited","clientTransferProhibited","clientUpdateProhibited"
"22","inteliseglobal.com","2019-12-03 14:26:20","2019-12-02","2019-12-02","2020-12-02","955","Launchpad, Inc.","whois.launchpad.com","http://www.launchpad.com","Sahesh Rajitha","None","No.35 , Jayasinghe Road, Kirulapana","Colombo","1","10650","Sri Lanka","venukshi@gmail.com","+94.767656813","","Sahesh Rajitha","None","No.35 , Jayasinghe Road, Kirulapana","Colombo","1","10650","Sri Lanka","venukshi@gmail.com","+94.767656813","","Sahesh Rajitha","None","No.35 , Jayasinghe Road, Kirulapana","Colombo","1","10650","Sri Lanka","venukshi@gmail.com","+94.767656813","","","","","","","","","","","","ns8113.hostgator.com","ns8114.hostgator.com","","","clientTransferProhibited","","",""
"23","jithutours.com","2019-12-03 15:00:29","2019-12-02","2019-12-02","2020-12-02","303","PDR Ltd. d/b/a PublicDomainRegistry.com","whois.publicdomainregistry.com","http://www.publicdomainregistry.com","A M S A Bandara","CS SOFT LANKA","CS SOFT LANKA Pahalawatta","Ambalangoda","Western","11600","Sri Lanka","amsabandara@yahoo.com","+94.771807741","","A M S A Bandara","CS SOFT LANKA","CS SOFT LANKA Pahalawatta","Ambalangoda","Western","11600","Sri Lanka","amsabandara@yahoo.com","+94.771807741","","A M S A Bandara","CS SOFT LANKA","CS SOFT LANKA Pahalawatta","Ambalangoda","Western","11600","Sri Lanka","amsabandara@yahoo.com","+94.771807741","","","","","","","","","","","","dns1.lkwebhosting.com","dns2.lkwebhosting.com","","","clientTransferProhibited","","",""
"24","kaminoglobal.biz","2019-12-03 15:36:45","2019-11-29","2019-11-29","2020-11-29","146","GoDaddy.com, LLC","whois.godaddy.com","http://registrar.godaddy.com","","","","","western","","Sri Lanka","","","","","","","","","","","","","","","","","","","","","","","","","","","","","","","","","","ns53.domaincontrol.com","ns54.domaincontrol.com","","","addPeriod","clientDeleteProhibited","clientRenewProhibited","clientTransferProhibited"
"25","kokmaduwa.com","2019-12-03 15:17:52","2019-12-02","2019-12-02","2020-12-02","886","Domain.com, LLC","whois.domain.com","http://www.domain.com","REDACTED FOR PRIVACY","REDACTED FOR PRIVACY","REDACTED FOR PRIVACY","REDACTED FOR PRIVACY","NA","REDACTED FOR PRIVACY","Sri Lanka","","REDACTED FOR PRIVACY","REDACTED FOR PRIVACY","REDACTED FOR PRIVACY","REDACTED FOR PRIVACY","REDACTED FOR PRIVACY","REDACTED FOR PRIVACY","REDACTED FOR PRIVACY","REDACTED FOR PRIVACY","REDACTED FOR PRIVACY","","REDACTED FOR PRIVACY","REDACTED FOR PRIVACY","REDACTED FOR PRIVACY","REDACTED FOR PRIVACY","REDACTED FOR PRIVACY","REDACTED FOR PRIVACY","REDACTED FOR PRIVACY","REDACTED FOR PRIVACY","REDACTED FOR PRIVACY","","REDACTED FOR PRIVACY","REDACTED FOR PRIVACY","","","","","","","","","","","ns1.ipage.com","ns2.ipage.com","","","","","",""
"26","manikgoda.com","2019-12-03 16:56:38","2019-12-02","2019-12-02","2020-12-02","146","GoDaddy.com, LLC","whois.godaddy.com","http://registrar.godaddy.com","","","","","Western Province","","Sri Lanka","","","","","","","","","","","","","","","","","","","","","","","","","","","","","","","","","","ns21.domaincontrol.com","ns22.domaincontrol.com","","","clientDeleteProhibited","clientRenewProhibited","clientTransferProhibited","clientUpdateProhibited"
"27","moneymakecrazy.com","2019-12-03 18:16:59","2019-12-02","2019-12-02","2020-12-02","146","GoDaddy.com, LLC","whois.godaddy.com","http://registrar.godaddy.com","","","","","Kandy","","Sri Lanka","","","","","","","","","","","","","","","","","","","","","","","","","","","","","","","","","","elmo.ns.cloudflare.com","rosa.ns.cloudflare.com","","","clientDeleteProhibited","clientRenewProhibited","clientTransferProhibited","clientUpdateProhibited"
"28","movidhu.com","2019-12-03 15:50:10","2019-12-02","2019-12-02","2020-12-02","1591","Promo People inc.","whois.nic.fr","http://www.ait.com","REDACTED FOR PRIVACY","REDACTED FOR PRIVACY","REDACTED FOR PRIVACY","REDACTED FOR PRIVACY","Colombo","REDACTED FOR PRIVACY","Sri Lanka","","REDACTED FOR PRIVACY","REDACTED FOR PRIVACY","REDACTED FOR PRIVACY","REDACTED FOR PRIVACY","REDACTED FOR PRIVACY","REDACTED FOR PRIVACY","REDACTED FOR PRIVACY","REDACTED FOR PRIVACY","REDACTED FOR PRIVACY","","REDACTED FOR PRIVACY","REDACTED FOR PRIVACY","REDACTED FOR PRIVACY","REDACTED FOR PRIVACY","REDACTED FOR PRIVACY","REDACTED FOR PRIVACY","REDACTED FOR PRIVACY","REDACTED FOR PRIVACY","REDACTED FOR PRIVACY","","REDACTED FOR PRIVACY","REDACTED FOR PRIVACY","","","","","","","","","","","ns1.hostpapa.com","ns2.hostpapa.com","","","clientTransferProhibited","clientUpdateProhibited","",""
"29","mukamoodi.com","2019-12-03 15:57:19","2019-12-02","2019-12-02","2020-12-02","1636","Hostinger, UAB","whois.hostinger.com","http://www.hostinger.com","Anoshan Sritharan","Anoshan Sritharan","Jaffna","Kilinochchi","Nothern","40000","Sri Lanka","steephenpremnath@gmail.com","+94.774179549","","Anoshan Sritharan","Anoshan Sritharan","Jaffna","Kilinochchi","Nothern","40000","Sri Lanka","steephenpremnath@gmail.com","+94.774179549","","Anoshan Sritharan","Anoshan Sritharan","Jaffna","Kilinochchi","Nothern","40000","Sri Lanka","steephenpremnath@gmail.com","+94.774179549","","","","","","","","","","","","ns1.dns-parking.com","ns2.dns-parking.com","","","clientTransferProhibited","","",""
"30","notebookcore.com","2019-12-03 14:33:14","2019-12-02","2019-12-02","2020-12-02","146","GoDaddy.com, LLC","whois.godaddy.com","http://registrar.godaddy.com","Notebook Core","Notebook Core","","","Colombo","","Sri Lanka","","","","","","","","","","","","","","","","","","","","","","","","","","","","","","","","","","ns1.bluehost.com","ns2.bluehost.com","","","clientDeleteProhibited","clientRenewProhibited","clientTransferProhibited","clientUpdateProhibited"
"31","o3synergies.com","2019-12-03 16:15:04","2019-12-02","2019-12-02","2021-12-02","146","GoDaddy.com, LLC","whois.godaddy.com","http://registrar.godaddy.com","","","","","western","","Sri Lanka","","","","","","","","","","","","","","","","","","","","","","","","","","","","","","","","","","ns27.domaincontrol.com","ns28.domaincontrol.com","","","clientDeleteProhibited","clientRenewProhibited","clientTransferProhibited","clientUpdateProhibited"
"32","onaratourssrilanka.com","2019-12-03 18:52:53","2019-12-02","2019-12-02","2020-12-02","303","PDR Ltd. d/b/a PublicDomainRegistry.com","whois.publicdomainregistry.com","http://www.publicdomainregistry.com","mohan gunawardana","lakrandi","165/6,ariyawansa mawatha,molligoda, wadduwa","wadduwa","westen","12250","Sri Lanka","sinhalaboy@gmail.com","+94.779464787","","mohan gunawardana","lakrandi","165/6,ariyawansa mawatha,molligoda, wadduwa","wadduwa","westen","12250","Sri Lanka","sinhalaboy@gmail.com","+94.779464787","","mohan gunawardana","lakrandi","165/6,ariyawansa mawatha,molligoda, wadduwa","wadduwa","westen","12250","Sri Lanka","sinhalaboy@gmail.com","+94.779464787","","","","","","","","","","","","ns1.basdns.com","ns2.basdns.com","","","clientTransferProhibited","","",""
"33","pecrocks.com","2019-12-03 18:12:27","2019-12-02","2019-12-02","2020-12-02","146","GoDaddy.com, LLC","whois.godaddy.com","http://registrar.godaddy.com","","","","","Kandy","","Sri Lanka","","","","","","","","","","","","","","","","","","","","","","","","","","","","","","","","","","ns27.domaincontrol.com","ns28.domaincontrol.com","","","clientDeleteProhibited","clientRenewProhibited","clientTransferProhibited","clientUpdateProhibited"
"34","pjferd.com","2019-12-03 15:16:35","2019-12-01","2019-12-01","2021-12-01","146","GoDaddy.com, LLC","whois.godaddy.com","http://registrar.godaddy.com","","","","","Kalutara","","Sri Lanka","","","","","","","","","","","","","","","","","","","","","","","","","","","","","","","","","","ns27.domaincontrol.com","ns28.domaincontrol.com","","","clientDeleteProhibited","clientRenewProhibited","clientTransferProhibited","clientUpdateProhibited"
"35","ranjithsiyambalapitiya.com","2019-12-03 17:58:59","2019-12-02","2019-12-02","2020-12-02","303","PDR Ltd. d/b/a PublicDomainRegistry.com","whois.publicdomainregistry.com","http://www.publicdomainregistry.com","Amila Jayawardana","Lily Digital (PVT) Ltd","6C 1/1,Old Kottawaroad Kannaththota","Ruwanwalla","Please Select:","71372","Sri Lanka","parindabandara@gmail.com","+94.94112825896","","Amila Jayawardana","Lily Digital (PVT) Ltd","6C 1/1,Old Kottawaroad Kannaththota","Ruwanwalla","Please Select:","71372","Sri Lanka","parindabandara@gmail.com","+94.94112825896","","Amila Jayawardana","Lily Digital (PVT) Ltd","6C 1/1,Old Kottawaroad Kannaththota","Ruwanwalla","Please Select:","71372","Sri Lanka","parindabandara@gmail.com","+94.94112825896","","","","","","","","","","","","ns1.ozonedesk.cloud","ns2.ozonedesk.cloud","","","clientTransferProhibited","","",""
"36","revx.digital","2019-12-03 15:16:41","2019-12-02","2019-12-02","2020-12-02","146","GoDaddy.com, LLC","whois.godaddy.com","http://registrar.godaddy.com","REDACTED FOR PRIVACY","INspire VOyage","REDACTED FOR PRIVACY","REDACTED FOR PRIVACY","West","REDACTED FOR PRIVACY","Sri Lanka","","REDACTED FOR PRIVACY","REDACTED FOR PRIVACY","","","","","","","","","","","","","","","","","","","","","","","","","","","","","","","","","","","addPeriod","clientDeleteProhibited","clientRenewProhibited","clientTransferProhibited"
"37","securatecps.com","2019-12-03 15:20:24","2019-12-01","2019-12-01","2020-12-01","146","GoDaddy.com, LLC","whois.godaddy.com","http://registrar.godaddy.com","Securatec Lanka","Securatec Lanka","","","WP","","Sri Lanka","","","","","","","","","","","","","","","","","","","","","","","","","","","","","","","","","","ns6537.hostgator.com","ns6538.hostgator.com","","","clientDeleteProhibited","clientRenewProhibited","clientTransferProhibited","clientUpdateProhibited"
"38","srilankanantiques.com","2019-12-03 14:28:24","2019-12-02","2019-12-02","2020-12-02","146","GoDaddy.com, LLC","whois.godaddy.com","http://registrar.godaddy.com","","","","","Colombo","","Sri Lanka","","","","","","","","","","","","","","","","","","","","","","","","","","","","","","","","","","ns21.domaincontrol.com","ns22.domaincontrol.com","","","clientDeleteProhibited","clientRenewProhibited","clientTransferProhibited","clientUpdateProhibited"
"39","successautolanka.com","2019-12-03 18:06:36","2019-12-02","2019-12-02","2020-12-02","303","PDR Ltd. d/b/a PublicDomainRegistry.com","whois.publicdomainregistry.com","http://www.publicdomainregistry.com","Krishan Suranga silva","The Shopsy (Pvt) Ltd","8/72, Mahalwarawa, Pannipitiya","Pannipitiya","Western","10230","Sri Lanka","info@shopsy.lk","+94.772395979","","Krishan Suranga silva","The Shopsy (Pvt) Ltd","8/72, Mahalwarawa, Pannipitiya","Pannipitiya","Western","10230","Sri Lanka","info@shopsy.lk","+94.772395979","","Krishan Suranga silva","The Shopsy (Pvt) Ltd","8/72, Mahalwarawa, Pannipitiya","Pannipitiya","Western","10230","Sri Lanka","info@shopsy.lk","+94.772395979","","","","","","","","","","","","ns1.bluehost.com","ns2.bluehost.com","","","clientTransferProhibited","","",""
"40","successwaygt.com","2019-12-03 14:22:54","2019-12-02","2019-12-02","2020-12-02","303","PDR Ltd. d/b/a PublicDomainRegistry.com","whois.publicdomainregistry.com","http://www.publicdomainregistry.com","Ramiz Ramiz","Green Island Holidays","87/A Galle Road, Wellawatha","Colombo","Western","00100","Sri Lanka","rameez50@yahoo.com","+94.772866063","","Ramiz Ramiz","Green Island Holidays","87/A Galle Road, Wellawatha","Colombo","Western","00100","Sri Lanka","rameez50@yahoo.com","+94.772866063","","Ramiz Ramiz","Green Island Holidays","87/A Galle Road, Wellawatha","Colombo","Western","00100","Sri Lanka","rameez50@yahoo.com","+94.772866063","","","","","","","","","","","","dns20.lankahost.net","dns21.lankahost.net","","","clientTransferProhibited","","",""
"41","sunteccampus.com","2019-12-03 19:06:30","2019-12-02","2019-12-02","2022-12-02","146","GoDaddy.com, LLC","whois.godaddy.com","http://registrar.godaddy.com","SUNTEC Campus","SUNTEC Campus","","","North","","Sri Lanka","","","","","","","","","","","","","","","","","","","","","","","","","","","","","","","","","","ns27.domaincontrol.com","ns28.domaincontrol.com","","","clientDeleteProhibited","clientRenewProhibited","clientTransferProhibited","clientUpdateProhibited"
"42","swasthaarana.com","2019-12-03 15:28:23","2019-12-02","2019-12-02","2020-12-02","146","GoDaddy.com, LLC","whois.godaddy.com","http://registrar.godaddy.com","","","","","western","","Sri Lanka","","","","","","","","","","","","","","","","","","","","","","","","","","","","","","","","","","ns21.domaincontrol.com","ns22.domaincontrol.com","","","clientDeleteProhibited","clientRenewProhibited","clientTransferProhibited","clientUpdateProhibited"
"43","sylphresidence.com","2019-12-03 16:56:54","2019-12-02","2019-12-02","2020-12-02","2487","Internet Domain Services BS Corp","whois.publicinterestregistry.net","http://www.internetbs.net","Not disclosed Not disclosed","LankaBiz Holdings","101/1,Pagoda road, Nugegoda","Nugegoda","None (International)","10250","Sri Lanka","bc984e3131be72c1fd37a921abd98eac.gdrp@customers.whoisprivacycorp.com","+1.5163872248","","Not disclosed Not disclosed","LankaBiz Holdings","101/1,Pagoda road, Nugegoda","Nugegoda","None (International)","10250","Sri Lanka","bc984e3131be72c1fd37a921abd98eac.gdrp@customers.whoisprivacycorp.com","+1.5163872248","","Not disclosed Not disclosed","LankaBiz Holdings","101/1,Pagoda road, Nugegoda","Nugegoda","None (International)","10250","Sri Lanka","bc984e3131be72c1fd37a921abd98eac.gdrp@customers.whoisprivacycorp.com","+1.5163872248","","","","","","","","","","","","ns1-space.vivawebhost.com","ns2-space.vivawebhost.com","","","clientTransferProhibited","ok","",""
"44","techtguy.com","2019-12-03 19:00:10","2019-12-02","2019-12-02","2020-12-02","1591","Promo People inc.","whois.nic.fr","http://www.ait.com","REDACTED FOR PRIVACY","REDACTED FOR PRIVACY","REDACTED FOR PRIVACY","REDACTED FOR PRIVACY","Sri Lanka","REDACTED FOR PRIVACY","Sri Lanka","","REDACTED FOR PRIVACY","REDACTED FOR PRIVACY","REDACTED FOR PRIVACY","REDACTED FOR PRIVACY","REDACTED FOR PRIVACY","REDACTED FOR PRIVACY","REDACTED FOR PRIVACY","REDACTED FOR PRIVACY","REDACTED FOR PRIVACY","","REDACTED FOR PRIVACY","REDACTED FOR PRIVACY","REDACTED FOR PRIVACY","REDACTED FOR PRIVACY","REDACTED FOR PRIVACY","REDACTED FOR PRIVACY","REDACTED FOR PRIVACY","REDACTED FOR PRIVACY","REDACTED FOR PRIVACY","","REDACTED FOR PRIVACY","REDACTED FOR PRIVACY","","","","","","","","","","","ns1.hostpapa.com","ns2.hostpapa.com","","","clientTransferProhibited","clientUpdateProhibited","",""
"45","tradisholdings.com","2019-12-03 17:24:38","2019-12-02","2019-12-03","2020-12-02","886","Domain.com, LLC","whois.domain.com","http://www.domain.com","REDACTED FOR PRIVACY","REDACTED FOR PRIVACY","REDACTED FOR PRIVACY","REDACTED FOR PRIVACY","NA","REDACTED FOR PRIVACY","Sri Lanka","","REDACTED FOR PRIVACY","REDACTED FOR PRIVACY","REDACTED FOR PRIVACY","REDACTED FOR PRIVACY","REDACTED FOR PRIVACY","REDACTED FOR PRIVACY","REDACTED FOR PRIVACY","REDACTED FOR PRIVACY","REDACTED FOR PRIVACY","","REDACTED FOR PRIVACY","REDACTED FOR PRIVACY","REDACTED FOR PRIVACY","REDACTED FOR PRIVACY","REDACTED FOR PRIVACY","REDACTED FOR PRIVACY","REDACTED FOR PRIVACY","REDACTED FOR PRIVACY","REDACTED FOR PRIVACY","","REDACTED FOR PRIVACY","REDACTED FOR PRIVACY","","","","","","","","","","","ns1.gsgp1001.siteground.asia","ns2.gsgp1001.siteground.asia","","","","","",""
"46","utubevideopromo.com","2019-12-03 14:24:54","2019-12-02","2019-12-02","2020-12-02","1636","Hostinger, UAB","whois.hostinger.com","http://www.hostinger.com","Dilan Wishvajith","Dilan Wishvajith","No 577, Kandalama","Dambulla","Central Province","21100","Sri Lanka","roshanperara577@gmail.com","+94.712072084","","Dilan Wishvajith","Dilan Wishvajith","No 577, Kandalama","Dambulla","Central Province","21100","Sri Lanka","roshanperara577@gmail.com","+94.712072084","","Dilan Wishvajith","Dilan Wishvajith","No 577, Kandalama","Dambulla","Central Province","21100","Sri Lanka","roshanperara577@gmail.com","+94.712072084","","","","","","","","","","","","ns1.dns-parking.com","ns2.dns-parking.com","","","clientTransferProhibited","","",""
"47","villakahamal.com","2019-12-03 18:39:51","2019-12-02","2019-12-02","2020-12-02","303","PDR Ltd. d/b/a PublicDomainRegistry.com","whois.publicdomainregistry.com","http://www.publicdomainregistry.com","A M S A Bandara","CS SOFT LANKA","CS SOFT LANKA Pahalawatta","Ambalangoda","Western","11600","Sri Lanka","amsabandara@yahoo.com","+94.771807741","","A M S A Bandara","CS SOFT LANKA","CS SOFT LANKA Pahalawatta","Ambalangoda","Western","11600","Sri Lanka","amsabandara@yahoo.com","+94.771807741","","A M S A Bandara","CS SOFT LANKA","CS SOFT LANKA Pahalawatta","Ambalangoda","Western","11600","Sri Lanka","amsabandara@yahoo.com","+94.771807741","","","","","","","","","","","","dns1.lkwebhosting.com","dns2.lkwebhosting.com","","","clientTransferProhibited","","",""
"48","xscalelanka.com","2019-12-03 17:14:03","2019-12-02","2019-12-02","2020-12-02","625","Name.com, Inc.","whois.name.com","http://www.name.com","Thaha Miktham","Creativefast","36/3B1, I.D.H Road, Salamulla, Kolonnawa.","Colombo","Western","10600","Sri Lanka","info@creativefast.com","+94.778131642","","Thaha Miktham","Creativefast","36/3B1, I.D.H Road, Salamulla, Kolonnawa.","Colombo","Western","10600","Sri Lanka","info@creativefast.com","+94.778131642","","Thaha Miktham","Creativefast","36/3B1, I.D.H Road, Salamulla, Kolonnawa.","Colombo","Western","10600","Sri Lanka","info@creativefast.com","+94.778131642","","","","","","","","","","","","eu.solidhosting.pro","in.solidhosting.pro","","","addPeriod","clientTransferProhibited","",""
"49","youtubebestofthebest.com","2019-12-03 16:35:36","2019-12-02","2019-12-02","2020-12-02","146","GoDaddy.com, LLC","whois.godaddy.com","http://registrar.godaddy.com","","","","","na","","Sri Lanka","","","","","","","","","","","","","","","","","","","","","","","","","","","","","","","","","","ns1.dns-parking.com","ns2.dns-parking.com","","","clientDeleteProhibited","clientRenewProhibited","clientTransferProhibited","clientUpdateProhibited"