"num","domain_name","query_time","create_date","update_date","expiry_date","domain_registrar_id","domain_registrar_name","domain_registrar_whois","domain_registrar_url","registrant_name","registrant_company","registrant_address","registrant_city","registrant_state","registrant_zip","registrant_country","registrant_email","registrant_phone","registrant_fax","administrative_name","administrative_company","administrative_address","administrative_city","administrative_state","administrative_zip","administrative_country","administrative_email","administrative_phone","administrative_fax","technical_name","technical_company","technical_address","technical_city","technical_state","technical_zip","technical_country","technical_email","technical_phone","technical_fax","billing_name","billing_company","billing_address","billing_city","billing_state","billing_zip","billing_country","billing_email","billing_phone","billing_fax","name_server_1","name_server_2","name_server_3","name_server_4","domain_status_1","domain_status_2","domain_status_3","domain_status_4"
"1","85213777.com","2019-12-03 17:27:56","2019-12-02","2019-12-02","2020-12-02","48","eNom, Inc.","whois.enom.com","http://www.enom.com","REDACTED FOR PRIVACY","REDACTED FOR PRIVACY","REDACTED FOR PRIVACY","REDACTED FOR PRIVACY","Taiwan","REDACTED FOR PRIVACY","Taiwan","","REDACTED FOR PRIVACY","REDACTED FOR PRIVACY","REDACTED FOR PRIVACY","REDACTED FOR PRIVACY","REDACTED FOR PRIVACY","REDACTED FOR PRIVACY","REDACTED FOR PRIVACY","REDACTED FOR PRIVACY","REDACTED FOR PRIVACY","","REDACTED FOR PRIVACY","REDACTED FOR PRIVACY","REDACTED FOR PRIVACY","REDACTED FOR PRIVACY","REDACTED FOR PRIVACY","REDACTED FOR PRIVACY","REDACTED FOR PRIVACY","REDACTED FOR PRIVACY","REDACTED FOR PRIVACY","","REDACTED FOR PRIVACY","REDACTED FOR PRIVACY","","","","","","","","","","","dns1.name-services.com","dns2.name-services.com","dns3.name-services.com","dns4.name-services.com","addPeriod","ok","",""
"2","ago-shoes.com","2019-12-03 15:54:54","2019-12-02","2019-12-02","2020-12-02","69","Tucows Domains Inc.","whois.tucows.com","http://domainhelp.opensrs.net","REDACTED FOR PRIVACY","REDACTED FOR PRIVACY","REDACTED FOR PRIVACY","REDACTED FOR PRIVACY","New Taipei City","REDACTED FOR PRIVACY","Taiwan","","REDACTED FOR PRIVACY","REDACTED FOR PRIVACY","REDACTED FOR PRIVACY","REDACTED FOR PRIVACY","REDACTED FOR PRIVACY","REDACTED FOR PRIVACY","REDACTED FOR PRIVACY","REDACTED FOR PRIVACY","REDACTED FOR PRIVACY","","REDACTED FOR PRIVACY","REDACTED FOR PRIVACY","REDACTED FOR PRIVACY","REDACTED FOR PRIVACY","REDACTED FOR PRIVACY","REDACTED FOR PRIVACY","REDACTED FOR PRIVACY","REDACTED FOR PRIVACY","REDACTED FOR PRIVACY","","REDACTED FOR PRIVACY","REDACTED FOR PRIVACY","","","","","","","","","","","ns3.ivenue.com","ns4.ivenue.com","","","","","",""
"3","ai-sbd.com","2019-12-03 17:34:49","2019-12-02","2019-12-02","2020-12-02","48","eNom, Inc.","whois.enom.com","http://www.enom.com","REDACTED FOR PRIVACY","REDACTED FOR PRIVACY","REDACTED FOR PRIVACY","REDACTED FOR PRIVACY","REDACTED FOR PRIVACY","REDACTED FOR PRIVACY","Taiwan","","REDACTED FOR PRIVACY","REDACTED FOR PRIVACY","REDACTED FOR PRIVACY","REDACTED FOR PRIVACY","REDACTED FOR PRIVACY","REDACTED FOR PRIVACY","REDACTED FOR PRIVACY","REDACTED FOR PRIVACY","REDACTED FOR PRIVACY","","REDACTED FOR PRIVACY","REDACTED FOR PRIVACY","REDACTED FOR PRIVACY","REDACTED FOR PRIVACY","REDACTED FOR PRIVACY","REDACTED FOR PRIVACY","REDACTED FOR PRIVACY","REDACTED FOR PRIVACY","REDACTED FOR PRIVACY","","REDACTED FOR PRIVACY","REDACTED FOR PRIVACY","","","","","","","","","","","dns1.name-services.com","dns2.name-services.com","dns3.name-services.com","dns4.name-services.com","addPeriod","clientTransferProhibited","",""
"4","aiedusys.com","2019-12-03 16:12:06","2019-12-02","2019-12-02","2020-12-02","146","GoDaddy.com, LLC","whois.godaddy.com","http://registrar.godaddy.com","Xing Hai Tang Ke Ji You Xian Gong Si","Xing Hai Tang Ke Ji You Xian Gong Si","","","Tao \u5712Shi","","Taiwan","","","","","","","","","","","","","","","","","","","","","","","","","","","","","","","","","","ns27.domaincontrol.com","ns28.domaincontrol.com","","","clientDeleteProhibited","clientRenewProhibited","clientTransferProhibited","clientUpdateProhibited"
"5","aifyamy.com","2019-12-03 14:53:28","2019-12-02","2019-12-02","2021-12-02","146","GoDaddy.com, LLC","whois.godaddy.com","http://registrar.godaddy.com","Huang \u9f8d\u570b\u969bShi \u696dYou Xian Gong Si","Huang \u9f8d\u570b\u969bShi \u696dYou Xian Gong Si","","","Tai Bei Shi","","Taiwan","","","","","","","","","","","","","","","","","","","","","","","","","","","","","","","","","","ns27.domaincontrol.com","ns28.domaincontrol.com","","","clientDeleteProhibited","clientRenewProhibited","clientTransferProhibited","clientUpdateProhibited"
"6","alliontest2.com","2019-12-03 15:00:33","2019-12-02","2019-12-02","2021-12-02","146","GoDaddy.com, LLC","whois.godaddy.com","http://registrar.godaddy.com","Bai Jia Tai Gu Fen You Xian Gong Si","Bai Jia Tai Gu Fen You Xian Gong Si","","","Na Gang \u5340","","Taiwan","","","","","","","","","","","","","","","","","","","","","","","","","","","","","","","","","","ns27.domaincontrol.com","ns28.domaincontrol.com","","","clientDeleteProhibited","clientRenewProhibited","clientTransferProhibited","clientUpdateProhibited"
"7","atelierhomebody.com","2019-12-03 17:08:14","2019-12-02","2019-12-02","2020-12-02","440","Wild West Domains, LLC","whois.wildwestdomains.com","http://www.wildwestdomains.com","Atelier HOMEBODY","Atelier HOMEBODY","","","Daan Dist.","","Taiwan","","","","","","","","","","","","","","","","","","","","","","","","","","","","","","","","","","ns27.domaincontrol.com","ns28.domaincontrol.com","","","clientDeleteProhibited","clientRenewProhibited","clientTransferProhibited","clientUpdateProhibited"
"8","azorhnc.com","2019-12-03 15:58:14","2019-12-02","2019-12-02","2022-12-02","146","GoDaddy.com, LLC","whois.godaddy.com","http://registrar.godaddy.com","Ya Suo Ren Wen Gu Fen You Xian Gong Si","Ya Suo Ren Wen Gu Fen You Xian Gong Si","","","Tai Zhong Shi","","Taiwan","","","","","","","","","","","","","","","","","","","","","","","","","","","","","","","","","","ns27.domaincontrol.com","ns28.domaincontrol.com","","","clientDeleteProhibited","clientRenewProhibited","clientTransferProhibited","clientUpdateProhibited"
"9","balicampervans.com","2019-12-03 18:37:23","2019-12-02","2019-12-02","2024-12-02","146","GoDaddy.com, LLC","whois.godaddy.com","http://registrar.godaddy.com","","","","","Ilan","","Taiwan","","","","","","","","","","","","","","","","","","","","","","","","","","","","","","","","","","ns27.domaincontrol.com","ns28.domaincontrol.com","","","clientDeleteProhibited","clientRenewProhibited","clientTransferProhibited","clientUpdateProhibited"
"10","baohualuxury.com","2019-12-03 18:37:16","2019-12-02","2019-12-03","2020-12-02","48","eNom, Inc.","whois.enom.com","http://www.enom.com","REDACTED FOR PRIVACY","REDACTED FOR PRIVACY","REDACTED FOR PRIVACY","REDACTED FOR PRIVACY","REDACTED FOR PRIVACY","REDACTED FOR PRIVACY","Taiwan","","REDACTED FOR PRIVACY","REDACTED FOR PRIVACY","REDACTED FOR PRIVACY","REDACTED FOR PRIVACY","REDACTED FOR PRIVACY","REDACTED FOR PRIVACY","REDACTED FOR PRIVACY","REDACTED FOR PRIVACY","REDACTED FOR PRIVACY","","REDACTED FOR PRIVACY","REDACTED FOR PRIVACY","REDACTED FOR PRIVACY","REDACTED FOR PRIVACY","REDACTED FOR PRIVACY","REDACTED FOR PRIVACY","REDACTED FOR PRIVACY","REDACTED FOR PRIVACY","REDACTED FOR PRIVACY","","REDACTED FOR PRIVACY","REDACTED FOR PRIVACY","","","","","","","","","","","lady.ns.cloudflare.com","todd.ns.cloudflare.com","","","addPeriod","clientTransferProhibited","",""
"11","basiryangimage.com","2019-12-03 18:07:02","2019-12-02","2019-12-02","2020-12-02","3817","Wix.com Ltd.","","","Yang JENLIN","Yang JENLIN","No. 29, Beiping 2nd St., Sanmin Dist.","Kaohsiung City","KHQ","80743","Taiwan","basiryangimage.com@wix-domains.com","+1.4159496022","","Yang JENLIN","Yang JENLIN","No. 29, Beiping 2nd St., Sanmin Dist.","Kaohsiung City","KHQ","80743","Taiwan","basiryangimage@gmail.com","+886.955730367","","Yang JENLIN","Yang JENLIN","No. 29, Beiping 2nd St., Sanmin Dist.","Kaohsiung City","KHQ","80743","Taiwan","basiryangimage@gmail.com","+886.955730367","","","","","","","","","","","","ns12.wixdns.net","ns13.wixdns.net","","","clientTransferProhibited","clientUpdateProhibited","",""
"12","beautifly88.com","2019-12-03 15:09:57","2019-12-02","2019-12-02","2020-12-02","81","Gandi SAS","whois.gandi.net","http://www.gandi.net","REDACTED FOR PRIVACY","","REDACTED FOR PRIVACY","REDACTED FOR PRIVACY","","REDACTED FOR PRIVACY","Taiwan","f9ceea18c07dca567ee5aa180ad9ae17-16365431@contact.gandi.net","REDACTED FOR PRIVACY","REDACTED FOR PRIVACY","REDACTED FOR PRIVACY","REDACTED FOR PRIVACY","REDACTED FOR PRIVACY","REDACTED FOR PRIVACY","REDACTED FOR PRIVACY","REDACTED FOR PRIVACY","REDACTED FOR PRIVACY","f9ceea18c07dca567ee5aa180ad9ae17-16365431@contact.gandi.net","REDACTED FOR PRIVACY","REDACTED FOR PRIVACY","REDACTED FOR PRIVACY","REDACTED FOR PRIVACY","REDACTED FOR PRIVACY","REDACTED FOR PRIVACY","REDACTED FOR PRIVACY","REDACTED FOR PRIVACY","REDACTED FOR PRIVACY","f9ceea18c07dca567ee5aa180ad9ae17-16365431@contact.gandi.net","REDACTED FOR PRIVACY","REDACTED FOR PRIVACY","","","","","","","","","","","a.g-dns.com","b.g-dns.com","c.g-dns.com","","clientTransferProhibited","","",""
"13","beyondnbeyond.com","2019-12-03 16:26:16","2019-12-02","2019-12-02","2020-12-02","146","GoDaddy.com, LLC","whois.godaddy.com","http://registrar.godaddy.com","","","","","Changhua","","Taiwan","","","","","","","","","","","","","","","","","","","","","","","","","","","","","","","","","","ns27.domaincontrol.com","ns28.domaincontrol.com","","","clientDeleteProhibited","clientRenewProhibited","clientTransferProhibited","clientUpdateProhibited"
"14","bioplus-sport.com","2019-12-03 18:20:35","2019-12-02","2019-12-02","2029-12-02","146","GoDaddy.com, LLC","whois.godaddy.com","http://registrar.godaddy.com","Nutri-Bio Co., Ltd.","Nutri-Bio Co., Ltd.","","","Tai Bei Shi","","Taiwan","","","","","","","","","","","","","","","","","","","","","","","","","","","","","","","","","","ns27.domaincontrol.com","ns28.domaincontrol.com","","","clientDeleteProhibited","clientRenewProhibited","clientTransferProhibited","clientUpdateProhibited"
"15","boompg.com","2019-12-03 19:13:19","2019-12-02","2019-12-02","2021-12-02","3817","Wix.com Ltd.","","","Shuailung Wu","Shuailung Wu","4F., No. 47, Dongxing Rd., Xinyi Dist.,","Taipei","TPE","11070","Taiwan","boompg.com@wix-domains.com","+1.4159496022","","Andy Wu","Andy Wu","4F., No. 47, Dongxing Rd., Xinyi Dist.,","Taipei","TPE","11070","Taiwan","andywu@boomft.com.tw","+886.933622942","","Andy Wu","Andy Wu","4F., No. 47, Dongxing Rd., Xinyi Dist.,","Taipei","TPE","11070","Taiwan","andywu@boomft.com.tw","+886.933622942","","","","","","","","","","","","ns6.wixdns.net","ns7.wixdns.net","","","clientTransferProhibited","clientUpdateProhibited","",""
"16","boyxv.com","2019-12-03 18:59:35","2019-12-02","2019-12-02","2020-12-02","146","GoDaddy.com, LLC","whois.godaddy.com","http://registrar.godaddy.com","","","","","Taipei","","Taiwan","","","","","","","","","","","","","","","","","","","","","","","","","","","","","","","","","","a.dnspod.com","b.dnspod.com","c.dnspod.com","","clientDeleteProhibited","clientRenewProhibited","clientTransferProhibited","clientUpdateProhibited"
"17","cell-processing.com","2019-12-03 14:38:07","2019-12-02","2019-12-02","2020-12-02","81","Gandi SAS","whois.gandi.net","http://www.gandi.net","REDACTED FOR PRIVACY","","REDACTED FOR PRIVACY","REDACTED FOR PRIVACY","","REDACTED FOR PRIVACY","Taiwan","916030796868000597924d37806731aa-16363607@contact.gandi.net","REDACTED FOR PRIVACY","REDACTED FOR PRIVACY","REDACTED FOR PRIVACY","REDACTED FOR PRIVACY","REDACTED FOR PRIVACY","REDACTED FOR PRIVACY","REDACTED FOR PRIVACY","REDACTED FOR PRIVACY","REDACTED FOR PRIVACY","916030796868000597924d37806731aa-16363607@contact.gandi.net","REDACTED FOR PRIVACY","REDACTED FOR PRIVACY","REDACTED FOR PRIVACY","REDACTED FOR PRIVACY","REDACTED FOR PRIVACY","REDACTED FOR PRIVACY","REDACTED FOR PRIVACY","REDACTED FOR PRIVACY","REDACTED FOR PRIVACY","916030796868000597924d37806731aa-16363607@contact.gandi.net","REDACTED FOR PRIVACY","REDACTED FOR PRIVACY","","","","","","","","","","","ns29.g-dns.com","ns30.g-dns.com","","","clientTransferProhibited","","",""
"18","changhochien.com","2019-12-03 16:18:49","2019-12-01","2019-12-01","2020-12-01","146","GoDaddy.com, LLC","whois.godaddy.com","http://registrar.godaddy.com","","","","","Xitun Dist.","","Taiwan","","","","","","","","","","","","","","","","","","","","","","","","","","","","","","","","","","ns27.domaincontrol.com","ns28.domaincontrol.com","","","clientDeleteProhibited","clientRenewProhibited","clientTransferProhibited","clientUpdateProhibited"
"19","cheeridea.business","2019-12-03 19:04:36","2019-12-02","2019-12-02","2020-12-02","146","GoDaddy.com, LLC","whois.godaddy.com","http://registrar.godaddy.com","REDACTED FOR PRIVACY","","REDACTED FOR PRIVACY","REDACTED FOR PRIVACY","Taiwan","REDACTED FOR PRIVACY","Taiwan","","REDACTED FOR PRIVACY","REDACTED FOR PRIVACY","","","","","","","","","","","","","","","","","","","","","","","","","","","","","","","","","","","addPeriod","clientDeleteProhibited","clientRenewProhibited","clientTransferProhibited"
"20","chewler.net","2019-12-03 16:39:35","2019-12-02","2019-12-02","2020-12-02","1647","Hosting Concepts B.V. dba Openprovider","whois.registrar.eu","http://www.openprovider.com","REDACTED FOR PRIVACY","","REDACTED FOR PRIVACY","REDACTED FOR PRIVACY","","REDACTED FOR PRIVACY","Taiwan","","REDACTED FOR PRIVACY","REDACTED FOR PRIVACY","REDACTED FOR PRIVACY","REDACTED FOR PRIVACY","REDACTED FOR PRIVACY","REDACTED FOR PRIVACY","REDACTED FOR PRIVACY","REDACTED FOR PRIVACY","REDACTED FOR PRIVACY","","REDACTED FOR PRIVACY","REDACTED FOR PRIVACY","REDACTED FOR PRIVACY","REDACTED FOR PRIVACY","REDACTED FOR PRIVACY","REDACTED FOR PRIVACY","REDACTED FOR PRIVACY","REDACTED FOR PRIVACY","REDACTED FOR PRIVACY","","REDACTED FOR PRIVACY","REDACTED FOR PRIVACY","","","","","","","","","","","ns1.gsgp1001.siteground.asia","ns2.gsgp1001.siteground.asia","","","clientTransferProhibited","","",""
"21","coretech101.com","2019-12-03 15:36:39","2019-12-02","2019-12-02","2020-12-02","1154","FastDomain Inc.","whois.fastdomain.com","http://www.fastdomain.com","GUANYU LIAO","","DAQUAN","TAICHUNG","","403","Taiwan","guanyu.liao@gmail.com","+886.0422598828","","GUANYU LIAO","","DAQUAN","TAICHUNG","","403","Taiwan","guanyu.liao@gmail.com","+886.0422598828","","BLUEHOST INC","BLUEHOST.COM","550 E TIMPANOGOS PKWY","OREM","UTAH","84097","United States","support-domain@bluehost.com","+1.8017659400","+1.8017651992","","","","","","","","","","","ns1.bluehost.com","ns2.bluehost.com","","","clientTransferProhibited","","",""
"22","cpjt88.com","2019-12-03 16:12:08","2019-12-02","2019-12-02","2021-12-02","146","GoDaddy.com, LLC","whois.godaddy.com","http://registrar.godaddy.com","mgm","mgm","","","beijing shi sdfsdhfks d","","Taiwan","","","","","","","","","","","","","","","","","","","","","","","","","","","","","","","","","","ajay.ns.cloudflare.com","ivy.ns.cloudflare.com","","","clientDeleteProhibited","clientRenewProhibited","clientTransferProhibited","clientUpdateProhibited"
"23","dc-saving.com","2019-12-03 14:35:11","2019-12-02","2019-12-02","2020-12-02","81","Gandi SAS","whois.gandi.net","http://www.gandi.net","REDACTED FOR PRIVACY","","REDACTED FOR PRIVACY","REDACTED FOR PRIVACY","","REDACTED FOR PRIVACY","Taiwan","c32ca4c01ad97bc0f279069b93a6bac2-16364007@contact.gandi.net","REDACTED FOR PRIVACY","REDACTED FOR PRIVACY","REDACTED FOR PRIVACY","REDACTED FOR PRIVACY","REDACTED FOR PRIVACY","REDACTED FOR PRIVACY","REDACTED FOR PRIVACY","REDACTED FOR PRIVACY","REDACTED FOR PRIVACY","c32ca4c01ad97bc0f279069b93a6bac2-16364007@contact.gandi.net","REDACTED FOR PRIVACY","REDACTED FOR PRIVACY","REDACTED FOR PRIVACY","REDACTED FOR PRIVACY","REDACTED FOR PRIVACY","REDACTED FOR PRIVACY","REDACTED FOR PRIVACY","REDACTED FOR PRIVACY","REDACTED FOR PRIVACY","c32ca4c01ad97bc0f279069b93a6bac2-16364007@contact.gandi.net","REDACTED FOR PRIVACY","REDACTED FOR PRIVACY","","","","","","","","","","","dilbert.ns.cloudflare.com","leia.ns.cloudflare.com","","","clientTransferProhibited","","",""
"24","ddo1.com","2019-12-03 17:53:28","2019-12-02","2019-12-02","2020-12-02","955","Launchpad, Inc.","whois.launchpad.com","http://www.launchpad.com","Yue  Marketing","None","No 435, Fu Ying Road,","Hsinchuang","NWT","24258","Taiwan","yuemarketing@gmail.com","+886.936343378","","Yue  Marketing","None","No 435, Fu Ying Road,","Hsinchuang","NWT","24258","Taiwan","yuemarketing@gmail.com","+886.936343378","","Yue  Marketing","None","No 435, Fu Ying Road,","Hsinchuang","NWT","24258","Taiwan","yuemarketing@gmail.com","+886.936343378","","","","","","","","","","","","ns8267.hostgator.com","ns8268.hostgator.com","","","clientTransferProhibited","","",""
"25","dsteth.com","2019-12-03 18:06:16","2019-12-02","2019-12-02","2020-12-02","1154","FastDomain Inc.","whois.fastdomain.com","http://www.fastdomain.com","CH LIN","","2F.-1, NO. 169, SEC. 2, CHANGAN E. RD., ZHONGSHAN DIST.","TAIPEI CITY","","104","Taiwan","dstech.win@gmail.com","+886.910043116","","CH LIN","","2F.-1, NO. 169, SEC. 2, CHANGAN E. RD., ZHONGSHAN DIST.","TAIPEI CITY","","104","Taiwan","dstech.win@gmail.com","+886.910043116","","BLUEHOST INC","BLUEHOST.COM","550 E TIMPANOGOS PKWY","OREM","UTAH","84097","United States","support-domain@bluehost.com","+1.8017659400","+1.8017651992","","","","","","","","","","","ns1.bluehost.com","ns2.bluehost.com","","","clientTransferProhibited","","",""
"26","epoxy-highest.com","2019-12-03 15:11:02","2019-12-02","2019-12-02","2020-12-02","3817","Wix.com Ltd.","","","Hung-an Lin","Hung-an Lin","No. 34, Ln. 103, Sec. 1, Youyuan Rd., Dadu Dist.","Taichung City","TXQ","43249","Taiwan","epoxy-highest.com@wix-domains.com","+1.4159496022","","Hung-an Lin","Hung-an Lin","No. 34, Ln. 103, Sec. 1, Youyuan Rd., Dadu Dist.","Taichung City","TXQ","43249","Taiwan","highest.epoxy@gmail.com","+886.975082558","","Hung-an Lin","Hung-an Lin","No. 34, Ln. 103, Sec. 1, Youyuan Rd., Dadu Dist.","Taichung City","TXQ","43249","Taiwan","highest.epoxy@gmail.com","+886.975082558","","","","","","","","","","","","ns0.wixdns.net","ns1.wixdns.net","","","clientTransferProhibited","clientUpdateProhibited","",""
"27","etu2.com","2019-12-03 17:25:16","2019-12-02","2019-12-02","2020-12-02","1154","FastDomain Inc.","whois.fastdomain.com","http://www.fastdomain.com","JASMINE HUANG","","NO 435, FU YING ROAD","HSINCHUANG","","24258","Taiwan","yuemarketing@gmail.com","+886.936343378","","JASMINE HUANG","","NO 435, FU YING ROAD","HSINCHUANG","","24258","Taiwan","yuemarketing@gmail.com","+886.936343378","","BLUEHOST INC","BLUEHOST.COM","550 E TIMPANOGOS PKWY","OREM","UTAH","84097","United States","support-domain@bluehost.com","+1.8017659400","+1.8017651992","","","","","","","","","","","ns1.bluehost.com","ns2.bluehost.com","","","clientTransferProhibited","","",""
"28","fdriver-tech.com","2019-12-03 14:59:38","2019-12-02","2019-12-02","2020-12-02","146","GoDaddy.com, LLC","whois.godaddy.com","http://registrar.godaddy.com","Zhu Shang \u6578Wei Hang \u92b7Ke Ji Gu Fen You Xian Gong Si","Zhu Shang \u6578Wei Hang \u92b7Ke Ji Gu Fen You Xian Gong Si","","","Tai \u7063Sheng","","Taiwan","","","","","","","","","","","","","","","","","","","","","","","","","","","","","","","","","","ns27.domaincontrol.com","ns28.domaincontrol.com","","","clientDeleteProhibited","clientRenewProhibited","clientTransferProhibited","clientUpdateProhibited"
"29","fitdrink1111.com","2019-12-03 15:07:39","2019-12-02","2019-12-02","2021-12-02","69","Tucows Domains Inc.","whois.tucows.com","http://domainhelp.opensrs.net","REDACTED FOR PRIVACY","REDACTED FOR PRIVACY","REDACTED FOR PRIVACY","REDACTED FOR PRIVACY","Taipei City","REDACTED FOR PRIVACY","Taiwan","","REDACTED FOR PRIVACY","REDACTED FOR PRIVACY","REDACTED FOR PRIVACY","REDACTED FOR PRIVACY","REDACTED FOR PRIVACY","REDACTED FOR PRIVACY","REDACTED FOR PRIVACY","REDACTED FOR PRIVACY","REDACTED FOR PRIVACY","","REDACTED FOR PRIVACY","REDACTED FOR PRIVACY","REDACTED FOR PRIVACY","REDACTED FOR PRIVACY","REDACTED FOR PRIVACY","REDACTED FOR PRIVACY","REDACTED FOR PRIVACY","REDACTED FOR PRIVACY","REDACTED FOR PRIVACY","","REDACTED FOR PRIVACY","REDACTED FOR PRIVACY","","","","","","","","","","","ns-cloud-d1.googledomains.com","ns-cloud-d2.googledomains.com","ns-cloud-d3.googledomains.com","ns-cloud-d4.googledomains.com","","","",""
"30","flipconsole.com","2019-12-03 19:00:04","2019-12-02","2019-12-03","2020-12-02","3817","Wix.com Ltd.","","","YU-HSIEN HUANG","YU-HSIEN HUANG","SEC1 HANGJOU S RD","TAIPEI","TPQ","10054","Taiwan","flipconsole.com@wix-domains.com","+1.4159496022","","YU-HSIEN HUANG","YU-HSIEN HUANG","SEC1 HANGJOU S RD","TAIPEI","TPQ","10054","Taiwan","flip@fliparty.tw","+886.932017234","","YU-HSIEN HUANG","YU-HSIEN HUANG","SEC1 HANGJOU S RD","TAIPEI","TPQ","10054","Taiwan","flip@fliparty.tw","+886.932017234","","","","","","","","","","","","ns10.wixdns.net","ns11.wixdns.net","","","clientTransferProhibited","clientUpdateProhibited","",""
"31","foreverlove-art.com","2019-12-03 15:07:26","2019-12-02","2019-12-02","2021-12-02","146","GoDaddy.com, LLC","whois.godaddy.com","http://registrar.godaddy.com","","","","","TAIWAN, R.O.C.","","Taiwan","","","","","","","","","","","","","","","","","","","","","","","","","","","","","","","","","","ns27.domaincontrol.com","ns28.domaincontrol.com","","","clientDeleteProhibited","clientRenewProhibited","clientTransferProhibited","clientUpdateProhibited"
"32","fulin-beauty.com","2019-12-03 14:46:43","2019-12-02","2019-12-02","2021-12-02","81","Gandi SAS","whois.gandi.net","http://www.gandi.net","REDACTED FOR PRIVACY","","REDACTED FOR PRIVACY","REDACTED FOR PRIVACY","","REDACTED FOR PRIVACY","Taiwan","89521534493b6a6864f0b50d7fa18c42-16364139@contact.gandi.net","REDACTED FOR PRIVACY","REDACTED FOR PRIVACY","REDACTED FOR PRIVACY","REDACTED FOR PRIVACY","REDACTED FOR PRIVACY","REDACTED FOR PRIVACY","REDACTED FOR PRIVACY","REDACTED FOR PRIVACY","REDACTED FOR PRIVACY","89521534493b6a6864f0b50d7fa18c42-16364139@contact.gandi.net","REDACTED FOR PRIVACY","REDACTED FOR PRIVACY","REDACTED FOR PRIVACY","REDACTED FOR PRIVACY","REDACTED FOR PRIVACY","REDACTED FOR PRIVACY","REDACTED FOR PRIVACY","REDACTED FOR PRIVACY","REDACTED FOR PRIVACY","89521534493b6a6864f0b50d7fa18c42-16364139@contact.gandi.net","REDACTED FOR PRIVACY","REDACTED FOR PRIVACY","","","","","","","","","","","ns29.g-dns.com","ns30.g-dns.com","","","clientTransferProhibited","","",""
"33","gotit27183333.com","2019-12-03 14:29:32","2019-12-02","2019-12-02","2020-12-02","625","Name.com, Inc.","whois.name.com","http://www.name.com","Ho Kung Huang","","Wen Xin Road, four sections of 83 b1","406","Taiwan","406","Taiwan","antonytw53@gmail.com","+886.956441150","","Ho Kung Huang","","Wen Xin Road, four sections of 83 b1","406","Taiwan","406","Taiwan","antonytw53@gmail.com","+886.956441150","","Ho Kung Huang","","Wen Xin Road, four sections of 83 b1","406","Taiwan","406","Taiwan","antonytw53@gmail.com","+886.956441150","","","","","","","","","","","","ns1jlp.name.com","ns2fgp.name.com","ns3fqs.name.com","ns4fpy.name.com","addPeriod","clientTransferProhibited","",""
"34","goyongyong.com","2019-12-03 15:54:19","2019-12-02","2019-12-02","2021-12-02","146","GoDaddy.com, LLC","whois.godaddy.com","http://registrar.godaddy.com","","","","","Zhang Hua Xian","","Taiwan","","","","","","","","","","","","","","","","","","","","","","","","","","","","","","","","","","ns27.domaincontrol.com","ns28.domaincontrol.com","","","clientDeleteProhibited","clientRenewProhibited","clientTransferProhibited","clientUpdateProhibited"
"35","gtmetal.biz","2019-12-03 19:07:30","2019-11-30","2019-11-30","2020-11-30","1647","Hosting Concepts B.V. dba Openprovider","whois.registrar.eu","http://www.openprovider.com","","","","","","","Taiwan","","","","","","","","","","","","","","","","","","","","","","","","","","","","","","","","","","ns1.gsgp1000.siteground.asia","ns2.gsgp1000.siteground.asia","","","addPeriod","clientTransferProhibited","",""
"36","happy629.com","2019-12-03 17:51:48","2019-12-02","2019-12-02","2020-12-02","69","Tucows Domains Inc.","whois.tucows.com","http://domainhelp.opensrs.net","REDACTED FOR PRIVACY","REDACTED FOR PRIVACY","REDACTED FOR PRIVACY","REDACTED FOR PRIVACY","XX","REDACTED FOR PRIVACY","Taiwan","","REDACTED FOR PRIVACY","REDACTED FOR PRIVACY","REDACTED FOR PRIVACY","REDACTED FOR PRIVACY","REDACTED FOR PRIVACY","REDACTED FOR PRIVACY","REDACTED FOR PRIVACY","REDACTED FOR PRIVACY","REDACTED FOR PRIVACY","","REDACTED FOR PRIVACY","REDACTED FOR PRIVACY","REDACTED FOR PRIVACY","REDACTED FOR PRIVACY","REDACTED FOR PRIVACY","REDACTED FOR PRIVACY","REDACTED FOR PRIVACY","REDACTED FOR PRIVACY","REDACTED FOR PRIVACY","","REDACTED FOR PRIVACY","REDACTED FOR PRIVACY","","","","","","","","","","","ns1.gsgp1001.siteground.asia","ns2.gsgp1001.siteground.asia","","","clientTransferProhibited","clientUpdateProhibited","",""
"37","heartofgoldgift.com","2019-12-03 14:45:22","2019-12-02","2019-12-02","2024-12-02","146","GoDaddy.com, LLC","whois.godaddy.com","http://registrar.godaddy.com","Yang Hai \u532f\u570b\u969bYou Xian Gong Si","Yang Hai \u532f\u570b\u969bYou Xian Gong Si","","","Tai \u7063","","Taiwan","","","","","","","","","","","","","","","","","","","","","","","","","","","","","","","","","","ns27.domaincontrol.com","ns28.domaincontrol.com","","","clientDeleteProhibited","clientRenewProhibited","clientTransferProhibited","clientUpdateProhibited"
"38","hyperbussiness.com","2019-12-03 16:04:14","2019-12-02","2019-12-02","2020-12-02","48","eNom, Inc.","whois.enom.com","http://www.enom.com","REDACTED FOR PRIVACY","REDACTED FOR PRIVACY","REDACTED FOR PRIVACY","REDACTED FOR PRIVACY","REDACTED FOR PRIVACY","REDACTED FOR PRIVACY","Taiwan","","REDACTED FOR PRIVACY","REDACTED FOR PRIVACY","REDACTED FOR PRIVACY","REDACTED FOR PRIVACY","REDACTED FOR PRIVACY","REDACTED FOR PRIVACY","REDACTED FOR PRIVACY","REDACTED FOR PRIVACY","REDACTED FOR PRIVACY","","REDACTED FOR PRIVACY","REDACTED FOR PRIVACY","REDACTED FOR PRIVACY","REDACTED FOR PRIVACY","REDACTED FOR PRIVACY","REDACTED FOR PRIVACY","REDACTED FOR PRIVACY","REDACTED FOR PRIVACY","REDACTED FOR PRIVACY","","REDACTED FOR PRIVACY","REDACTED FOR PRIVACY","","","","","","","","","","","dns1.name-services.com","dns2.name-services.com","dns3.name-services.com","dns4.name-services.com","addPeriod","clientTransferProhibited","",""
"39","ilu999.com","2019-12-03 15:10:27","2019-12-02","2019-12-02","2020-12-02","146","GoDaddy.com, LLC","whois.godaddy.com","http://registrar.godaddy.com","","","","","Tai Nan Shi","","Taiwan","","","","","","","","","","","","","","","","","","","","","","","","","","","","","","","","","","ns27.domaincontrol.com","ns28.domaincontrol.com","","","clientDeleteProhibited","clientRenewProhibited","clientTransferProhibited","clientUpdateProhibited"
"40","jciecl.com","2019-12-03 14:46:13","2019-12-02","2019-12-02","2021-12-02","146","GoDaddy.com, LLC","whois.godaddy.com","http://registrar.godaddy.com","Zuo Pie Zi Zheng Ge Hang \u92b7You Xian Gong Si","Zuo Pie Zi Zheng Ge Hang \u92b7You Xian Gong Si","","","Tai Zhong Shi","","Taiwan","","","","","","","","","","","","","","","","","","","","","","","","","","","","","","","","","","ns27.domaincontrol.com","ns28.domaincontrol.com","","","clientDeleteProhibited","clientRenewProhibited","clientTransferProhibited","clientUpdateProhibited"
"41","justfast.net","2019-12-03 16:50:27","2019-12-02","2019-12-02","2020-12-02","81","Gandi SAS","whois.gandi.net","http://www.gandi.net","REDACTED FOR PRIVACY","","REDACTED FOR PRIVACY","REDACTED FOR PRIVACY","","REDACTED FOR PRIVACY","Taiwan","653530af6bf946b2e5e52570bd190030-16363199@contact.gandi.net","REDACTED FOR PRIVACY","REDACTED FOR PRIVACY","REDACTED FOR PRIVACY","REDACTED FOR PRIVACY","REDACTED FOR PRIVACY","REDACTED FOR PRIVACY","REDACTED FOR PRIVACY","REDACTED FOR PRIVACY","REDACTED FOR PRIVACY","653530af6bf946b2e5e52570bd190030-16363199@contact.gandi.net","REDACTED FOR PRIVACY","REDACTED FOR PRIVACY","REDACTED FOR PRIVACY","REDACTED FOR PRIVACY","REDACTED FOR PRIVACY","REDACTED FOR PRIVACY","REDACTED FOR PRIVACY","REDACTED FOR PRIVACY","REDACTED FOR PRIVACY","653530af6bf946b2e5e52570bd190030-16363199@contact.gandi.net","REDACTED FOR PRIVACY","REDACTED FOR PRIVACY","","","","","","","","","","","ns-160-c.gandi.net","ns-237-a.gandi.net","ns-65-b.gandi.net","","clientTransferProhibited","","",""
"42","kai-hsieh.com","2019-12-03 14:39:42","2019-12-02","2019-12-02","2020-12-02","69","Tucows Domains Inc.","whois.tucows.com","http://domainhelp.opensrs.net","REDACTED FOR PRIVACY","REDACTED FOR PRIVACY","REDACTED FOR PRIVACY","REDACTED FOR PRIVACY","XX","REDACTED FOR PRIVACY","Taiwan","","REDACTED FOR PRIVACY","REDACTED FOR PRIVACY","REDACTED FOR PRIVACY","REDACTED FOR PRIVACY","REDACTED FOR PRIVACY","REDACTED FOR PRIVACY","REDACTED FOR PRIVACY","REDACTED FOR PRIVACY","REDACTED FOR PRIVACY","","REDACTED FOR PRIVACY","REDACTED FOR PRIVACY","REDACTED FOR PRIVACY","REDACTED FOR PRIVACY","REDACTED FOR PRIVACY","REDACTED FOR PRIVACY","REDACTED FOR PRIVACY","REDACTED FOR PRIVACY","REDACTED FOR PRIVACY","","REDACTED FOR PRIVACY","REDACTED FOR PRIVACY","","","","","","","","","","","ns1.gsgp1001.siteground.asia","ns2.gsgp1001.siteground.asia","","","clientTransferProhibited","clientUpdateProhibited","",""
"43","katiemeow.com","2019-12-03 15:07:44","2019-12-02","2019-12-03","2020-12-02","81","Gandi SAS","whois.gandi.net","http://www.gandi.net","REDACTED FOR PRIVACY","","REDACTED FOR PRIVACY","REDACTED FOR PRIVACY","","REDACTED FOR PRIVACY","Taiwan","fec2a1a344d84582cca7eacd6609132d-16367115@contact.gandi.net","REDACTED FOR PRIVACY","REDACTED FOR PRIVACY","REDACTED FOR PRIVACY","REDACTED FOR PRIVACY","REDACTED FOR PRIVACY","REDACTED FOR PRIVACY","REDACTED FOR PRIVACY","REDACTED FOR PRIVACY","REDACTED FOR PRIVACY","fec2a1a344d84582cca7eacd6609132d-16367115@contact.gandi.net","REDACTED FOR PRIVACY","REDACTED FOR PRIVACY","REDACTED FOR PRIVACY","REDACTED FOR PRIVACY","REDACTED FOR PRIVACY","REDACTED FOR PRIVACY","REDACTED FOR PRIVACY","REDACTED FOR PRIVACY","REDACTED FOR PRIVACY","fec2a1a344d84582cca7eacd6609132d-16367115@contact.gandi.net","REDACTED FOR PRIVACY","REDACTED FOR PRIVACY","","","","","","","","","","","ns1.bluehost.com","ns2.bluehost.com","","","clientTransferProhibited","","",""
"44","kawsvault.com","2019-12-03 14:30:14","2019-12-02","2019-12-02","2021-12-02","146","GoDaddy.com, LLC","whois.godaddy.com","http://registrar.godaddy.com","Marwin TSE Production Group","Marwin TSE Production Group","","","Taipei","","Taiwan","","","","","","","","","","","","","","","","","","","","","","","","","","","","","","","","","","ns27.domaincontrol.com","ns28.domaincontrol.com","","","clientDeleteProhibited","clientRenewProhibited","clientTransferProhibited","clientUpdateProhibited"
"45","keyajams.com","2019-12-03 16:39:07","2019-12-02","2019-12-02","2021-12-02","146","GoDaddy.com, LLC","whois.godaddy.com","http://registrar.godaddy.com","\u6a38\u5be6Gu Fen You Xian Gong Si","\u6a38\u5be6Gu Fen You Xian Gong Si","","","Tai \u7063","","Taiwan","","","","","","","","","","","","","","","","","","","","","","","","","","","","","","","","","","ns27.domaincontrol.com","ns28.domaincontrol.com","","","clientDeleteProhibited","clientRenewProhibited","clientTransferProhibited","clientUpdateProhibited"
"46","kvktw.com","2019-12-03 17:31:47","2019-12-02","2019-10-18","2020-12-02","460","Web Commerce Communications Limited dba WebNic.cc","whois.webnic.cc","http://www.webnic.cc","?? ?","????????????","?????????28?1?","???","???","10491","Taiwan","service@webdo.com.tw","+886.225362252","+886.","JACK KANG","weshin tech","12F.-3, No.58, Sec. 3, Minquan E. Rd., Zhongshan Dist.,","taipei city","TW","104","Taiwan","service@webdo.com.tw","+886.225172759","+886.","JACK KANG","weshin tech","12F.-3, No.58, Sec. 3, Minquan E. Rd., Zhongshan Dist.,","taipei city","TW","104","Taiwan","service@webdo.com.tw","+886.225172759","+886.","","","","","","","","","","","ns1.ezydomain.com","ns2.ezydomain.com","","","OK","","",""
"47","levelaincarnation.com","2019-12-03 14:30:27","2019-12-01","2019-12-01","2020-12-01","69","Tucows Domains Inc.","whois.tucows.com","http://domainhelp.opensrs.net","REDACTED FOR PRIVACY","REDACTED FOR PRIVACY","REDACTED FOR PRIVACY","REDACTED FOR PRIVACY","XX","REDACTED FOR PRIVACY","Taiwan","","REDACTED FOR PRIVACY","REDACTED FOR PRIVACY","REDACTED FOR PRIVACY","REDACTED FOR PRIVACY","REDACTED FOR PRIVACY","REDACTED FOR PRIVACY","REDACTED FOR PRIVACY","REDACTED FOR PRIVACY","REDACTED FOR PRIVACY","","REDACTED FOR PRIVACY","REDACTED FOR PRIVACY","REDACTED FOR PRIVACY","REDACTED FOR PRIVACY","REDACTED FOR PRIVACY","REDACTED FOR PRIVACY","REDACTED FOR PRIVACY","REDACTED FOR PRIVACY","REDACTED FOR PRIVACY","","REDACTED FOR PRIVACY","REDACTED FOR PRIVACY","","","","","","","","","","","ns1.gsgp1001.siteground.asia","ns2.gsgp1001.siteground.asia","","","clientTransferProhibited","clientUpdateProhibited","",""
"48","like2019-530.com","2019-12-03 16:52:57","2019-12-02","2019-12-02","2020-12-02","146","GoDaddy.com, LLC","whois.godaddy.com","http://registrar.godaddy.com","","","","","Taiwan","","Taiwan","","","","","","","","","","","","","","","","","","","","","","","","","","","","","","","","","","ns27.domaincontrol.com","ns28.domaincontrol.com","","","clientDeleteProhibited","clientRenewProhibited","clientTransferProhibited","clientUpdateProhibited"
"49","like9721-520.com","2019-12-03 16:33:31","2019-12-02","2019-12-02","2020-12-02","146","GoDaddy.com, LLC","whois.godaddy.com","http://registrar.godaddy.com","","","","","Taiwan","","Taiwan","","","","","","","","","","","","","","","","","","","","","","","","","","","","","","","","","","ns27.domaincontrol.com","ns28.domaincontrol.com","","","clientDeleteProhibited","clientRenewProhibited","clientTransferProhibited","clientUpdateProhibited"
"50","like9721-530.com","2019-12-03 14:17:02","2019-12-02","2019-12-02","2020-12-02","146","GoDaddy.com, LLC","whois.godaddy.com","http://registrar.godaddy.com","","","","","Taiwan","","Taiwan","","","","","","","","","","","","","","","","","","","","","","","","","","","","","","","","","","ns27.domaincontrol.com","ns28.domaincontrol.com","","","clientDeleteProhibited","clientRenewProhibited","clientTransferProhibited","clientUpdateProhibited"
"51","likelove001.com","2019-12-03 16:19:33","2019-12-02","2019-12-02","2020-12-02","146","GoDaddy.com, LLC","whois.godaddy.com","http://registrar.godaddy.com","","","","","Taiwan","","Taiwan","","","","","","","","","","","","","","","","","","","","","","","","","","","","","","","","","","ns27.domaincontrol.com","ns28.domaincontrol.com","","","clientDeleteProhibited","clientRenewProhibited","clientTransferProhibited","clientUpdateProhibited"
"52","likelove003.com","2019-12-03 19:02:30","2019-12-02","2019-12-02","2020-12-02","146","GoDaddy.com, LLC","whois.godaddy.com","http://registrar.godaddy.com","","","","","Taiwan","","Taiwan","","","","","","","","","","","","","","","","","","","","","","","","","","","","","","","","","","ns27.domaincontrol.com","ns28.domaincontrol.com","","","clientDeleteProhibited","clientRenewProhibited","clientTransferProhibited","clientUpdateProhibited"
"53","likelove006.com","2019-12-03 14:49:45","2019-12-02","2019-12-02","2020-12-02","146","GoDaddy.com, LLC","whois.godaddy.com","http://registrar.godaddy.com","","","","","Taiwan","","Taiwan","","","","","","","","","","","","","","","","","","","","","","","","","","","","","","","","","","ns27.domaincontrol.com","ns28.domaincontrol.com","","","clientDeleteProhibited","clientRenewProhibited","clientTransferProhibited","clientUpdateProhibited"
"54","likelove009.com","2019-12-03 17:04:23","2019-12-02","2019-12-02","2020-12-02","146","GoDaddy.com, LLC","whois.godaddy.com","http://registrar.godaddy.com","","","","","Taiwan","","Taiwan","","","","","","","","","","","","","","","","","","","","","","","","","","","","","","","","","","ns27.domaincontrol.com","ns28.domaincontrol.com","","","clientDeleteProhibited","clientRenewProhibited","clientTransferProhibited","clientUpdateProhibited"
"55","likelove01.com","2019-12-03 14:36:09","2019-12-02","2019-12-02","2020-12-02","146","GoDaddy.com, LLC","whois.godaddy.com","http://registrar.godaddy.com","","","","","Taiwan","","Taiwan","","","","","","","","","","","","","","","","","","","","","","","","","","","","","","","","","","ns27.domaincontrol.com","ns28.domaincontrol.com","","","clientDeleteProhibited","clientRenewProhibited","clientTransferProhibited","clientUpdateProhibited"
"56","likelove19-530.com","2019-12-03 17:11:33","2019-12-02","2019-12-02","2020-12-02","146","GoDaddy.com, LLC","whois.godaddy.com","http://registrar.godaddy.com","","","","","Taiwan","","Taiwan","","","","","","","","","","","","","","","","","","","","","","","","","","","","","","","","","","ns27.domaincontrol.com","ns28.domaincontrol.com","","","clientDeleteProhibited","clientRenewProhibited","clientTransferProhibited","clientUpdateProhibited"
"57","likelove458.com","2019-12-03 15:35:26","2019-12-02","2019-12-02","2020-12-02","146","GoDaddy.com, LLC","whois.godaddy.com","http://registrar.godaddy.com","","","","","Taiwan","","Taiwan","","","","","","","","","","","","","","","","","","","","","","","","","","","","","","","","","","ns27.domaincontrol.com","ns28.domaincontrol.com","","","clientDeleteProhibited","clientRenewProhibited","clientTransferProhibited","clientUpdateProhibited"
"58","likelove520.com","2019-12-03 15:02:10","2019-12-02","2019-12-02","2020-12-02","146","GoDaddy.com, LLC","whois.godaddy.com","http://registrar.godaddy.com","","","","","Taiwan","","Taiwan","","","","","","","","","","","","","","","","","","","","","","","","","","","","","","","","","","ns27.domaincontrol.com","ns28.domaincontrol.com","","","clientDeleteProhibited","clientRenewProhibited","clientTransferProhibited","clientUpdateProhibited"
"59","likelove568.com","2019-12-03 18:33:59","2019-12-02","2019-12-02","2020-12-02","146","GoDaddy.com, LLC","whois.godaddy.com","http://registrar.godaddy.com","","","","","Taiwan","","Taiwan","","","","","","","","","","","","","","","","","","","","","","","","","","","","","","","","","","ns27.domaincontrol.com","ns28.domaincontrol.com","","","clientDeleteProhibited","clientRenewProhibited","clientTransferProhibited","clientUpdateProhibited"
"60","likelove58.com","2019-12-03 15:57:26","2019-12-02","2019-12-02","2020-12-02","146","GoDaddy.com, LLC","whois.godaddy.com","http://registrar.godaddy.com","","","","","Taiwan","","Taiwan","","","","","","","","","","","","","","","","","","","","","","","","","","","","","","","","","","ns27.domaincontrol.com","ns28.domaincontrol.com","","","clientDeleteProhibited","clientRenewProhibited","clientTransferProhibited","clientUpdateProhibited"
"61","likelove588.com","2019-12-03 16:47:19","2019-12-02","2019-12-02","2020-12-02","146","GoDaddy.com, LLC","whois.godaddy.com","http://registrar.godaddy.com","","","","","Taiwan","","Taiwan","","","","","","","","","","","","","","","","","","","","","","","","","","","","","","","","","","ns27.domaincontrol.com","ns28.domaincontrol.com","","","clientDeleteProhibited","clientRenewProhibited","clientTransferProhibited","clientUpdateProhibited"
"62","linilinil.com","2019-12-03 16:30:32","2019-12-01","2019-12-01","2020-12-01","69","Tucows Domains Inc.","whois.tucows.com","http://domainhelp.opensrs.net","REDACTED FOR PRIVACY","REDACTED FOR PRIVACY","REDACTED FOR PRIVACY","REDACTED FOR PRIVACY","XX","REDACTED FOR PRIVACY","Taiwan","","REDACTED FOR PRIVACY","REDACTED FOR PRIVACY","REDACTED FOR PRIVACY","REDACTED FOR PRIVACY","REDACTED FOR PRIVACY","REDACTED FOR PRIVACY","REDACTED FOR PRIVACY","REDACTED FOR PRIVACY","REDACTED FOR PRIVACY","","REDACTED FOR PRIVACY","REDACTED FOR PRIVACY","REDACTED FOR PRIVACY","REDACTED FOR PRIVACY","REDACTED FOR PRIVACY","REDACTED FOR PRIVACY","REDACTED FOR PRIVACY","REDACTED FOR PRIVACY","REDACTED FOR PRIVACY","","REDACTED FOR PRIVACY","REDACTED FOR PRIVACY","","","","","","","","","","","ns1.gsgp1001.siteground.asia","ns2.gsgp1001.siteground.asia","","","clientTransferProhibited","clientUpdateProhibited","",""
"63","linkinsearchings.com","2019-12-03 19:11:11","2019-12-02","2019-12-02","2021-12-02","146","GoDaddy.com, LLC","whois.godaddy.com","http://registrar.godaddy.com","","","","","Taipei","","Taiwan","","","","","","","","","","","","","","","","","","","","","","","","","","","","","","","","","","ns27.domaincontrol.com","ns28.domaincontrol.com","","","clientDeleteProhibited","clientRenewProhibited","clientTransferProhibited","clientUpdateProhibited"
"64","lmicotw.com","2019-12-03 18:09:56","2019-12-01","2019-12-01","2023-12-01","146","GoDaddy.com, LLC","whois.godaddy.com","http://registrar.godaddy.com","Li Ming \u5100Qi You Xian Gong Si","Li Ming \u5100Qi You Xian Gong Si","","","Tai Bei Shi","","Taiwan","","","","","","","","","","","","","","","","","","","","","","","","","","","","","","","","","","ns27.domaincontrol.com","ns28.domaincontrol.com","","","clientDeleteProhibited","clientRenewProhibited","clientTransferProhibited","clientUpdateProhibited"
"65","loopro.net","2019-12-03 14:49:31","2019-12-02","2019-12-02","2020-12-02","48","eNom, Inc.","whois.enom.com","http://www.enom.com","REDACTED FOR PRIVACY","REDACTED FOR PRIVACY","REDACTED FOR PRIVACY","REDACTED FOR PRIVACY","REDACTED FOR PRIVACY","REDACTED FOR PRIVACY","Taiwan","","REDACTED FOR PRIVACY","REDACTED FOR PRIVACY","REDACTED FOR PRIVACY","REDACTED FOR PRIVACY","REDACTED FOR PRIVACY","REDACTED FOR PRIVACY","REDACTED FOR PRIVACY","REDACTED FOR PRIVACY","REDACTED FOR PRIVACY","","REDACTED FOR PRIVACY","REDACTED FOR PRIVACY","REDACTED FOR PRIVACY","REDACTED FOR PRIVACY","REDACTED FOR PRIVACY","REDACTED FOR PRIVACY","REDACTED FOR PRIVACY","REDACTED FOR PRIVACY","REDACTED FOR PRIVACY","","REDACTED FOR PRIVACY","REDACTED FOR PRIVACY","","","","","","","","","","","dns1.name-services.com","dns2.name-services.com","dns3.name-services.com","dns4.name-services.com","addPeriod","clientTransferProhibited","",""
"66","love369-007.com","2019-12-03 17:49:56","2019-12-02","2019-12-02","2020-12-02","146","GoDaddy.com, LLC","whois.godaddy.com","http://registrar.godaddy.com","","","","","Taiwan","","Taiwan","","","","","","","","","","","","","","","","","","","","","","","","","","","","","","","","","","ns27.domaincontrol.com","ns28.domaincontrol.com","","","clientDeleteProhibited","clientRenewProhibited","clientTransferProhibited","clientUpdateProhibited"
"67","love36975.com","2019-12-03 15:00:05","2019-12-02","2019-12-02","2020-12-02","146","GoDaddy.com, LLC","whois.godaddy.com","http://registrar.godaddy.com","","","","","Taiwan","","Taiwan","","","","","","","","","","","","","","","","","","","","","","","","","","","","","","","","","","ns27.domaincontrol.com","ns28.domaincontrol.com","","","clientDeleteProhibited","clientRenewProhibited","clientTransferProhibited","clientUpdateProhibited"
"68","lovehello1314.com","2019-12-03 16:42:05","2019-12-02","2019-12-02","2020-12-02","146","GoDaddy.com, LLC","whois.godaddy.com","http://registrar.godaddy.com","","","","","Taiwan","","Taiwan","","","","","","","","","","","","","","","","","","","","","","","","","","","","","","","","","","ns27.domaincontrol.com","ns28.domaincontrol.com","","","clientDeleteProhibited","clientRenewProhibited","clientTransferProhibited","clientUpdateProhibited"
"69","lovehello666.com","2019-12-03 14:56:23","2019-12-02","2019-12-02","2020-12-02","146","GoDaddy.com, LLC","whois.godaddy.com","http://registrar.godaddy.com","","","","","Taiwan","","Taiwan","","","","","","","","","","","","","","","","","","","","","","","","","","","","","","","","","","ns27.domaincontrol.com","ns28.domaincontrol.com","","","clientDeleteProhibited","clientRenewProhibited","clientTransferProhibited","clientUpdateProhibited"
"70","lovelikelove666.com","2019-12-03 15:38:38","2019-12-02","2019-12-02","2020-12-02","146","GoDaddy.com, LLC","whois.godaddy.com","http://registrar.godaddy.com","","","","","Taiwan","","Taiwan","","","","","","","","","","","","","","","","","","","","","","","","","","","","","","","","","","ns27.domaincontrol.com","ns28.domaincontrol.com","","","clientDeleteProhibited","clientRenewProhibited","clientTransferProhibited","clientUpdateProhibited"
"71","mabiopc.club","2019-12-03 16:18:00","2019-12-02","2019-12-02","2020-12-02","81","Gandi SAS","whois.gandi.net","http://www.gandi.net","","","","","","","Taiwan","","","","","","","","","","","","","","","","","","","","","","","","","","","","","","","","","","ns-165-a.gandi.net","ns-226-c.gandi.net","ns-41-b.gandi.net","","addPeriod","clientTransferProhibited","",""
"72","manchunchang.com","2019-12-03 16:34:21","2019-12-02","2019-12-02","2020-12-02","48","eNom, Inc.","whois.enom.com","http://www.enom.com","REDACTED FOR PRIVACY","REDACTED FOR PRIVACY","REDACTED FOR PRIVACY","REDACTED FOR PRIVACY","REDACTED FOR PRIVACY","REDACTED FOR PRIVACY","Taiwan","","REDACTED FOR PRIVACY","REDACTED FOR PRIVACY","REDACTED FOR PRIVACY","REDACTED FOR PRIVACY","REDACTED FOR PRIVACY","REDACTED FOR PRIVACY","REDACTED FOR PRIVACY","REDACTED FOR PRIVACY","REDACTED FOR PRIVACY","","REDACTED FOR PRIVACY","REDACTED FOR PRIVACY","REDACTED FOR PRIVACY","REDACTED FOR PRIVACY","REDACTED FOR PRIVACY","REDACTED FOR PRIVACY","REDACTED FOR PRIVACY","REDACTED FOR PRIVACY","REDACTED FOR PRIVACY","","REDACTED FOR PRIVACY","REDACTED FOR PRIVACY","","","","","","","","","","","dns1.name-services.com","dns2.name-services.com","dns3.name-services.com","dns4.name-services.com","addPeriod","clientTransferProhibited","",""
"73","mardisonmardison.com","2019-12-03 14:25:25","2019-12-02","2019-12-02","2020-12-02","440","Wild West Domains, LLC","whois.wildwestdomains.com","http://www.wildwestdomains.com","Kai Li Jin Biotech Co., Ltd.","Kai Li Jin Biotech Co., Ltd.","","","Madou","","Taiwan","","","","","","","","","","","","","","","","","","","","","","","","","","","","","","","","","","ns27.domaincontrol.com","ns28.domaincontrol.com","","","clientDeleteProhibited","clientRenewProhibited","clientTransferProhibited","clientUpdateProhibited"
"74","megajoyful.com","2019-12-03 15:17:04","2019-12-02","2019-12-02","2021-12-02","3817","Wix.com Ltd.","","","CHEN PINJIE","CHEN PINJIE","2F. Aly. 11, Ln. 291, Sec. 1, Mingde Rd., Tucheng","New Taipei","TPQ","23650","Taiwan","megajoyful.com@wix-domains.com","+1.4159496022","","CHEN PINJIE","CHEN PINJIE","2F. Aly. 11, Ln. 291, Sec. 1, Mingde Rd., Tucheng","New Taipei","TPQ","23650","Taiwan","oh502v@gmail.com","+886.930799502","","CHEN PINJIE","CHEN PINJIE","2F. Aly. 11, Ln. 291, Sec. 1, Mingde Rd., Tucheng","New Taipei","TPQ","23650","Taiwan","oh502v@gmail.com","+886.930799502","","","","","","","","","","","","ns0.wixdns.net","ns1.wixdns.net","","","clientTransferProhibited","clientUpdateProhibited","",""
"75","mfjc.cloud","2019-12-03 15:35:20","2019-12-02","2019-12-02","2020-12-02","146","GoDaddy.com, LLC","whois.godaddy.com","http://registrar.godaddy.com","","","","","Xiang Gang","","Taiwan","","","","","","","","","","","","","","","","","","","","","","","","","","","","","","","","","","emma.ns.cloudflare.com","lex.ns.cloudflare.com","","","addPeriod","clientDeleteProhibited","clientRenewProhibited","clientTransferProhibited"
"76","mooaff.com","2019-12-03 15:04:20","2019-12-02","2019-12-02","2020-12-02","146","GoDaddy.com, LLC","whois.godaddy.com","http://registrar.godaddy.com","","","","","Tai \u7063","","Taiwan","","","","","","","","","","","","","","","","","","","","","","","","","","","","","","","","","","ns27.domaincontrol.com","ns28.domaincontrol.com","","","clientDeleteProhibited","clientRenewProhibited","clientTransferProhibited","clientUpdateProhibited"
"77","moobab.com","2019-12-03 18:40:50","2019-12-02","2019-12-02","2020-12-02","146","GoDaddy.com, LLC","whois.godaddy.com","http://registrar.godaddy.com","","","","","Tai \u7063","","Taiwan","","","","","","","","","","","","","","","","","","","","","","","","","","","","","","","","","","ns27.domaincontrol.com","ns28.domaincontrol.com","","","clientDeleteProhibited","clientRenewProhibited","clientTransferProhibited","clientUpdateProhibited"
"78","moobet.com","2019-12-03 17:48:47","2019-12-02","2019-12-02","2020-12-02","146","GoDaddy.com, LLC","whois.godaddy.com","http://registrar.godaddy.com","","","","","Tai \u7063","","Taiwan","","","","","","","","","","","","","","","","","","","","","","","","","","","","","","","","","","ns27.domaincontrol.com","ns28.domaincontrol.com","","","clientDeleteProhibited","clientRenewProhibited","clientTransferProhibited","clientUpdateProhibited"
"79","moobet8.com","2019-12-03 14:38:48","2019-12-02","2019-12-02","2020-12-02","146","GoDaddy.com, LLC","whois.godaddy.com","http://registrar.godaddy.com","","","","","Tai \u7063","","Taiwan","","","","","","","","","","","","","","","","","","","","","","","","","","","","","","","","","","ns27.domaincontrol.com","ns28.domaincontrol.com","","","clientDeleteProhibited","clientRenewProhibited","clientTransferProhibited","clientUpdateProhibited"
"80","mooqui.com","2019-12-03 15:51:09","2019-12-02","2019-12-02","2020-12-02","146","GoDaddy.com, LLC","whois.godaddy.com","http://registrar.godaddy.com","","","","","Tai \u7063","","Taiwan","","","","","","","","","","","","","","","","","","","","","","","","","","","","","","","","","","ns27.domaincontrol.com","ns28.domaincontrol.com","","","clientDeleteProhibited","clientRenewProhibited","clientTransferProhibited","clientUpdateProhibited"
"81","mountainsoriginal.com","2019-12-03 16:38:56","2019-12-02","2019-12-02","2020-12-02","440","Wild West Domains, LLC","whois.wildwestdomains.com","http://www.wildwestdomains.com","MOUNTAINS ORIGINAL CO., LTD.","MOUNTAINS ORIGINAL CO., LTD.","","","ZHUSHAN TOWNSHIP","","Taiwan","","","","","","","","","","","","","","","","","","","","","","","","","","","","","","","","","","ns27.domaincontrol.com","ns28.domaincontrol.com","","","clientDeleteProhibited","clientRenewProhibited","clientTransferProhibited","clientUpdateProhibited"
"82","mr-valley.com","2019-12-03 14:42:28","2019-12-02","2019-12-03","2020-12-02","81","Gandi SAS","whois.gandi.net","http://www.gandi.net","REDACTED FOR PRIVACY","","REDACTED FOR PRIVACY","REDACTED FOR PRIVACY","","REDACTED FOR PRIVACY","Taiwan","08fde1e9b198baeb7d616b6931a8d02b-16367591@contact.gandi.net","REDACTED FOR PRIVACY","REDACTED FOR PRIVACY","REDACTED FOR PRIVACY","REDACTED FOR PRIVACY","REDACTED FOR PRIVACY","REDACTED FOR PRIVACY","REDACTED FOR PRIVACY","REDACTED FOR PRIVACY","REDACTED FOR PRIVACY","08fde1e9b198baeb7d616b6931a8d02b-16367591@contact.gandi.net","REDACTED FOR PRIVACY","REDACTED FOR PRIVACY","REDACTED FOR PRIVACY","REDACTED FOR PRIVACY","REDACTED FOR PRIVACY","REDACTED FOR PRIVACY","REDACTED FOR PRIVACY","REDACTED FOR PRIVACY","REDACTED FOR PRIVACY","08fde1e9b198baeb7d616b6931a8d02b-16367591@contact.gandi.net","REDACTED FOR PRIVACY","REDACTED FOR PRIVACY","","","","","","","","","","","elmo.ns.cloudflare.com","meg.ns.cloudflare.com","","","clientTransferProhibited","","",""
"83","mr-warmth.com","2019-12-03 18:52:27","2019-12-02","2019-12-03","2029-12-02","81","Gandi SAS","whois.gandi.net","http://www.gandi.net","REDACTED FOR PRIVACY","","REDACTED FOR PRIVACY","REDACTED FOR PRIVACY","","REDACTED FOR PRIVACY","Taiwan","feda5845dfc284c84e0dd3e9e474cd62-16365827@contact.gandi.net","REDACTED FOR PRIVACY","REDACTED FOR PRIVACY","REDACTED FOR PRIVACY","REDACTED FOR PRIVACY","REDACTED FOR PRIVACY","REDACTED FOR PRIVACY","REDACTED FOR PRIVACY","REDACTED FOR PRIVACY","REDACTED FOR PRIVACY","feda5845dfc284c84e0dd3e9e474cd62-16365827@contact.gandi.net","REDACTED FOR PRIVACY","REDACTED FOR PRIVACY","REDACTED FOR PRIVACY","REDACTED FOR PRIVACY","REDACTED FOR PRIVACY","REDACTED FOR PRIVACY","REDACTED FOR PRIVACY","REDACTED FOR PRIVACY","REDACTED FOR PRIVACY","feda5845dfc284c84e0dd3e9e474cd62-16365827@contact.gandi.net","REDACTED FOR PRIVACY","REDACTED FOR PRIVACY","","","","","","","","","","","a.dns.gandi.net","b.dns.gandi.net","c.dns.gandi.net","","clientTransferProhibited","","",""
"84","mrs-furniture.com","2019-12-03 14:48:59","2019-12-02","2019-12-02","2020-12-02","3817","Wix.com Ltd.","","","michael micilink","micilink Co., Ltd....","2F, No. 14, Lane 60, Section 3, Minquan East Road,","taipei","TPE","10400","Taiwan","mrs-furniture.com@wix-domains.com","+1.4159496022","","michael micilink","micilink Co., Ltd....","2F, No. 14, Lane 60, Section 3, Minquan East Road,","taipei","TPE","10400","Taiwan","bigborar@gmail.com","+886.225171606","","michael micilink","micilink Co., Ltd....","2F, No. 14, Lane 60, Section 3, Minquan East Road,","taipei","TPE","10400","Taiwan","bigborar@gmail.com","+886.225171606","","","","","","","","","","","","ns6.wixdns.net","ns7.wixdns.net","","","clientTransferProhibited","clientUpdateProhibited","",""
"85","mrsfurniture-tw.com","2019-12-03 18:53:33","2019-12-02","2019-12-02","2020-12-02","3817","Wix.com Ltd.","","","floor micilink","micilink Group Furniture Co., Ltd....","2F, No. 14, Lane 60, Section 3, Minquan East Road,","taipei","TPE","10400","Taiwan","mrsfurniture-tw.com@wix-domains.com","+1.4159496022","","floor micilink","micilink Group Furniture Co., Ltd....","2F, No. 14, Lane 60, Section 3, Minquan East Road,","taipei","TPE","10400","Taiwan","bigborar@gmail.com","+886.225171606","","floor micilink","micilink Group Furniture Co., Ltd....","2F, No. 14, Lane 60, Section 3, Minquan East Road,","taipei","TPE","10400","Taiwan","bigborar@gmail.com","+886.225171606","","","","","","","","","","","","ns6.wixdns.net","ns7.wixdns.net","","","clientTransferProhibited","clientUpdateProhibited","",""
"86","mtshdc.com","2019-12-03 19:06:59","2019-12-02","2019-12-02","2021-12-02","146","GoDaddy.com, LLC","whois.godaddy.com","http://registrar.godaddy.com","Hao \u9edeZi \u6578Wei \u5275Yi You Xian Gong Si","Hao \u9edeZi \u6578Wei \u5275Yi You Xian Gong Si","","","Na Gang \u5340","","Taiwan","","","","","","","","","","","","","","","","","","","","","","","","","","","","","","","","","","ns21.domaincontrol.com","ns22.domaincontrol.com","","","clientDeleteProhibited","clientRenewProhibited","clientTransferProhibited","clientUpdateProhibited"
"87","myselfshop2019.com","2019-12-03 17:00:08","2019-12-02","2019-12-02","2020-12-02","146","GoDaddy.com, LLC","whois.godaddy.com","http://registrar.godaddy.com","Zhu Shang \u6578Wei Hang \u92b7Ke Ji Gu Fen You Xian Gong Si","Zhu Shang \u6578Wei Hang \u92b7Ke Ji Gu Fen You Xian Gong Si","","","Tai \u7063Sheng","","Taiwan","","","","","","","","","","","","","","","","","","","","","","","","","","","","","","","","","","ns27.domaincontrol.com","ns28.domaincontrol.com","","","clientDeleteProhibited","clientRenewProhibited","clientTransferProhibited","clientUpdateProhibited"
"88","nervedwp.com","2019-12-03 17:53:11","2019-12-01","2019-12-02","2020-12-01","1591","Promo People inc.","whois.nic.fr","http://www.ait.com","REDACTED FOR PRIVACY","REDACTED FOR PRIVACY","REDACTED FOR PRIVACY","REDACTED FOR PRIVACY","AB","REDACTED FOR PRIVACY","Taiwan","","REDACTED FOR PRIVACY","REDACTED FOR PRIVACY","REDACTED FOR PRIVACY","REDACTED FOR PRIVACY","REDACTED FOR PRIVACY","REDACTED FOR PRIVACY","REDACTED FOR PRIVACY","REDACTED FOR PRIVACY","REDACTED FOR PRIVACY","","REDACTED FOR PRIVACY","REDACTED FOR PRIVACY","REDACTED FOR PRIVACY","REDACTED FOR PRIVACY","REDACTED FOR PRIVACY","REDACTED FOR PRIVACY","REDACTED FOR PRIVACY","REDACTED FOR PRIVACY","REDACTED FOR PRIVACY","","REDACTED FOR PRIVACY","REDACTED FOR PRIVACY","","","","","","","","","","","ns1.hostpapa.com","ns2.hostpapa.com","","","clientTransferProhibited","clientUpdateProhibited","",""
"89","one7fashion.com","2019-12-03 18:28:54","2019-12-02","2019-12-02","2020-12-02","1387","1API GmbH","whois.1api.net","http://www.1api.net","REDACTED FOR PRIVACY","REDACTED FOR PRIVACY","REDACTED FOR PRIVACY","REDACTED FOR PRIVACY","TAIBEI","REDACTED FOR PRIVACY","Taiwan","","REDACTED FOR PRIVACY","","REDACTED FOR PRIVACY","REDACTED FOR PRIVACY","REDACTED FOR PRIVACY","REDACTED FOR PRIVACY","REDACTED FOR PRIVACY","REDACTED FOR PRIVACY","REDACTED FOR PRIVACY","","REDACTED FOR PRIVACY","","REDACTED FOR PRIVACY","REDACTED FOR PRIVACY","REDACTED FOR PRIVACY","REDACTED FOR PRIVACY","REDACTED FOR PRIVACY","REDACTED FOR PRIVACY","REDACTED FOR PRIVACY","","REDACTED FOR PRIVACY","","","","","","","","","","","","jo.ns.cloudflare.com","tim.ns.cloudflare.com","","","clientTransferProhibited","","",""
"90","pinnawala.com","2019-12-03 14:26:32","2019-12-01","2019-12-01","2020-12-01","3381","DropCatch.com 1172 LLC","","","Fang-Ken Lin","","No.12, Jhong Sing Rd., SiaJhuan, Jinhu Township","Kinmen","Fukien","89141","Taiwan","lin@pharmacist.tw","+886.975760202","","Fang-Ken Lin","","No.12, Jhong Sing Rd., SiaJhuan, Jinhu Township","Kinmen","Fukien","89141","Taiwan","lin@pharmacist.tw","+886.975760202","","Fang-Ken Lin","","No.12, Jhong Sing Rd., SiaJhuan, Jinhu Township","Kinmen","Fukien","89141","Taiwan","lin@pharmacist.tw","+886.975760202","","","","","","","","","","","","","","","","clientTransferProhibited","","",""
"91","pramesbeauty.com","2019-12-03 15:24:07","2019-12-02","2019-12-02","2021-12-02","146","GoDaddy.com, LLC","whois.godaddy.com","http://registrar.godaddy.com","Yun Wei Ke Ji Gu Fen You Xian Gong Si","Yun Wei Ke Ji Gu Fen You Xian Gong Si","","","Tao \u5712Shi","","Taiwan","","","","","","","","","","","","","","","","","","","","","","","","","","","","","","","","","","ns27.domaincontrol.com","ns28.domaincontrol.com","","","clientDeleteProhibited","clientRenewProhibited","clientTransferProhibited","clientUpdateProhibited"
"92","prameshealth.com","2019-12-03 18:06:47","2019-12-02","2019-12-02","2021-12-02","146","GoDaddy.com, LLC","whois.godaddy.com","http://registrar.godaddy.com","Yun Wei Ke Ji Gu Fen You Xian Gong Si","Yun Wei Ke Ji Gu Fen You Xian Gong Si","","","Tao \u5712Shi","","Taiwan","","","","","","","","","","","","","","","","","","","","","","","","","","","","","","","","","","ns27.domaincontrol.com","ns28.domaincontrol.com","","","clientDeleteProhibited","clientRenewProhibited","clientTransferProhibited","clientUpdateProhibited"
"93","pramess.com","2019-12-03 14:42:22","2019-12-02","2019-12-02","2021-12-02","146","GoDaddy.com, LLC","whois.godaddy.com","http://registrar.godaddy.com","Yun Wei Ke Ji Gu Fen You Xian Gong Si","Yun Wei Ke Ji Gu Fen You Xian Gong Si","","","Tao \u5712Shi","","Taiwan","","","","","","","","","","","","","","","","","","","","","","","","","","","","","","","","","","ns27.domaincontrol.com","ns28.domaincontrol.com","","","clientDeleteProhibited","clientRenewProhibited","clientTransferProhibited","clientUpdateProhibited"
"94","promise-power.com","2019-12-03 17:06:42","2019-12-02","2019-12-02","2021-12-02","146","GoDaddy.com, LLC","whois.godaddy.com","http://registrar.godaddy.com","Yun Wei Ke Ji Gu Fen You Xian Gong Si","Yun Wei Ke Ji Gu Fen You Xian Gong Si","","","Tao \u5712Shi","","Taiwan","","","","","","","","","","","","","","","","","","","","","","","","","","","","","","","","","","ns27.domaincontrol.com","ns28.domaincontrol.com","","","clientDeleteProhibited","clientRenewProhibited","clientTransferProhibited","clientUpdateProhibited"
"95","qubapk.com","2019-12-03 15:20:32","2019-12-02","2019-12-02","2020-12-02","146","GoDaddy.com, LLC","whois.godaddy.com","http://registrar.godaddy.com","","","","","Taipei","","Taiwan","","","","","","","","","","","","","","","","","","","","","","","","","","","","","","","","","","a.dnspod.com","b.dnspod.com","c.dnspod.com","","clientDeleteProhibited","clientRenewProhibited","clientTransferProhibited","clientUpdateProhibited"
"96","qubxv.com","2019-12-03 15:10:05","2019-12-02","2019-12-02","2020-12-02","146","GoDaddy.com, LLC","whois.godaddy.com","http://registrar.godaddy.com","","","","","Taipei","","Taiwan","","","","","","","","","","","","","","","","","","","","","","","","","","","","","","","","","","a.dnspod.com","b.dnspod.com","c.dnspod.com","","clientDeleteProhibited","clientRenewProhibited","clientTransferProhibited","clientUpdateProhibited"
"97","relay-888.com","2019-12-03 15:00:48","2019-12-02","2019-12-02","2020-12-02","146","GoDaddy.com, LLC","whois.godaddy.com","http://registrar.godaddy.com","","","","","Taichung City 407","","Taiwan","","","","","","","","","","","","","","","","","","","","","","","","","","","","","","","","","","ns27.domaincontrol.com","ns28.domaincontrol.com","","","clientDeleteProhibited","clientRenewProhibited","clientTransferProhibited","clientUpdateProhibited"
"98","rgyard.com","2019-12-03 14:36:03","2019-12-02","2019-12-02","2021-12-02","146","GoDaddy.com, LLC","whois.godaddy.com","http://registrar.godaddy.com","","","","","Zhongli Dist.","","Taiwan","","","","","","","","","","","","","","","","","","","","","","","","","","","","","","","","","","ns27.domaincontrol.com","ns28.domaincontrol.com","","","clientDeleteProhibited","clientRenewProhibited","clientTransferProhibited","clientUpdateProhibited"
"99","richer.tools","2019-12-03 15:56:02","2019-12-02","2019-12-02","2020-12-02","81","Gandi SAS","whois.gandi.net","http://www.gandi.net","REDACTED FOR PRIVACY","","REDACTED FOR PRIVACY","REDACTED FOR PRIVACY","","REDACTED FOR PRIVACY","Taiwan","","REDACTED FOR PRIVACY","REDACTED FOR PRIVACY","","","","","","","","","","","","","","","","","","","","","","","","","","","","","","","","","","","addPeriod","clientTransferProhibited","",""
"100","rmour-image.com","2019-12-03 15:42:53","2019-12-02","2019-12-02","2021-12-02","146","GoDaddy.com, LLC","whois.godaddy.com","http://registrar.godaddy.com","\u5bf6\u9f8d\u6578Wei Ke Ji You Xian Gong Si","\u5bf6\u9f8d\u6578Wei Ke Ji You Xian Gong Si","","","Xin Bei Shi","","Taiwan","","","","","","","","","","","","","","","","","","","","","","","","","","","","","","","","","","ns27.domaincontrol.com","ns28.domaincontrol.com","","","clientDeleteProhibited","clientRenewProhibited","clientTransferProhibited","clientUpdateProhibited"
"101","robertenglish-tw.com","2019-12-03 18:10:32","2019-12-02","2019-12-02","2020-12-02","146","GoDaddy.com, LLC","whois.godaddy.com","http://registrar.godaddy.com","Zhu Shang \u6578Wei Hang \u92b7Ke Ji Gu Fen You Xian Gong Si","Zhu Shang \u6578Wei Hang \u92b7Ke Ji Gu Fen You Xian Gong Si","","","Tai \u7063Sheng","","Taiwan","","","","","","","","","","","","","","","","","","","","","","","","","","","","","","","","","","ns27.domaincontrol.com","ns28.domaincontrol.com","","","clientDeleteProhibited","clientRenewProhibited","clientTransferProhibited","clientUpdateProhibited"
"102","rookiegrowthdiary.com","2019-12-03 14:36:29","2019-12-02","2019-12-02","2021-12-02","146","GoDaddy.com, LLC","whois.godaddy.com","http://registrar.godaddy.com","","","","","Xin Bei Shi","","Taiwan","","","","","","","","","","","","","","","","","","","","","","","","","","","","","","","","","","ns27.domaincontrol.com","ns28.domaincontrol.com","","","clientDeleteProhibited","clientRenewProhibited","clientTransferProhibited","clientUpdateProhibited"
"103","scanfloor-tw.com","2019-12-03 17:18:12","2019-12-02","2019-12-03","2020-12-02","3817","Wix.com Ltd.","","","CCIfloor scanteak","scanteak Group Furniture Co., Ltd....","2F, No. 14, Lane 60, Section 3, Minquan East Road,","taipei","TW-TPE","10400","Taiwan","ccifloor.taiwan@gmail.com","+886.225171606","","CCIfloor scanteak","scanteak Group Furniture Co., Ltd....","2F, No. 14, Lane 60, Section 3, Minquan East Road,","taipei","TW-TPE","10400","Taiwan","ccifloor.taiwan@gmail.com","+886.225171606","","CCIfloor scanteak","scanteak Group Furniture Co., Ltd....","2F, No. 14, Lane 60, Section 3, Minquan East Road,","taipei","TW-TPE","10400","Taiwan","ccifloor.taiwan@gmail.com","+886.225171606","","","","","","","","","","","","ns6.wixdns.net","ns7.wixdns.net","","","clientTransferProhibited","clientUpdateProhibited","",""
"104","scartrader.com","2019-12-03 15:35:15","2019-12-02","2019-12-02","2029-12-02","146","GoDaddy.com, LLC","whois.godaddy.com","http://registrar.godaddy.com","Da Dow Cultural and Creative Co., Ltd.","Da Dow Cultural and Creative Co., Ltd.","","","Taiwan","","Taiwan","","","","","","","","","","","","","","","","","","","","","","","","","","","","","","","","","","ns27.domaincontrol.com","ns28.domaincontrol.com","","","clientDeleteProhibited","clientRenewProhibited","clientTransferProhibited","clientUpdateProhibited"
"105","simple-guaranteed.club","2019-12-03 16:31:01","2019-12-02","","2021-12-02","1336","Net-Chinese Co., Ltd.","whois.net-chinese.com.tw","http://www.net-chinese.com.tw","Delta Electronics, Inc.","Delta Electronics, Inc.","","","","","Taiwan","","","","","","","","","","","","","","","","","","","","","","","","","","","","","","","","","","ens1.net-chinese.com.tw","ens2.net-chinese.com.tw","","","addPeriod","ok","",""
"106","sintron.ltd","2019-12-03 18:49:37","2019-12-02","2019-12-02","2020-12-02","146","GoDaddy.com, LLC","whois.godaddy.com","http://registrar.godaddy.com","REDACTED FOR PRIVACY","","REDACTED FOR PRIVACY","REDACTED FOR PRIVACY","Tainan","REDACTED FOR PRIVACY","Taiwan","","REDACTED FOR PRIVACY","REDACTED FOR PRIVACY","","","","","","","","","","","","","","","","","","","","","","","","","","","","","","","","","","","addPeriod","clientDeleteProhibited","clientRenewProhibited","clientTransferProhibited"
"107","starlight1688.com","2019-12-03 18:23:04","2019-12-02","2019-12-02","2020-12-02","146","GoDaddy.com, LLC","whois.godaddy.com","http://registrar.godaddy.com","","","","","Taiwan","","Taiwan","","","","","","","","","","","","","","","","","","","","","","","","","","","","","","","","","","ns27.domaincontrol.com","ns28.domaincontrol.com","","","clientDeleteProhibited","clientRenewProhibited","clientTransferProhibited","clientUpdateProhibited"
"108","studytoast.com","2019-12-03 17:28:33","2019-12-02","2019-12-02","2020-12-02","69","Tucows Domains Inc.","whois.tucows.com","http://domainhelp.opensrs.net","REDACTED FOR PRIVACY","REDACTED FOR PRIVACY","REDACTED FOR PRIVACY","REDACTED FOR PRIVACY","XX","REDACTED FOR PRIVACY","Taiwan","","REDACTED FOR PRIVACY","REDACTED FOR PRIVACY","REDACTED FOR PRIVACY","REDACTED FOR PRIVACY","REDACTED FOR PRIVACY","REDACTED FOR PRIVACY","REDACTED FOR PRIVACY","REDACTED FOR PRIVACY","REDACTED FOR PRIVACY","","REDACTED FOR PRIVACY","REDACTED FOR PRIVACY","REDACTED FOR PRIVACY","REDACTED FOR PRIVACY","REDACTED FOR PRIVACY","REDACTED FOR PRIVACY","REDACTED FOR PRIVACY","REDACTED FOR PRIVACY","REDACTED FOR PRIVACY","","REDACTED FOR PRIVACY","REDACTED FOR PRIVACY","","","","","","","","","","","ns1.gsgp1001.siteground.asia","ns2.gsgp1001.siteground.asia","","","clientTransferProhibited","clientUpdateProhibited","",""
"109","sulinn33.com","2019-12-03 15:32:14","2019-12-02","2019-12-02","2020-12-02","69","Tucows Domains Inc.","whois.tucows.com","http://domainhelp.opensrs.net","REDACTED FOR PRIVACY","REDACTED FOR PRIVACY","REDACTED FOR PRIVACY","REDACTED FOR PRIVACY","Taoyuan","REDACTED FOR PRIVACY","Taiwan","","REDACTED FOR PRIVACY","REDACTED FOR PRIVACY","REDACTED FOR PRIVACY","REDACTED FOR PRIVACY","REDACTED FOR PRIVACY","REDACTED FOR PRIVACY","REDACTED FOR PRIVACY","REDACTED FOR PRIVACY","REDACTED FOR PRIVACY","","REDACTED FOR PRIVACY","REDACTED FOR PRIVACY","REDACTED FOR PRIVACY","REDACTED FOR PRIVACY","REDACTED FOR PRIVACY","REDACTED FOR PRIVACY","REDACTED FOR PRIVACY","REDACTED FOR PRIVACY","REDACTED FOR PRIVACY","","REDACTED FOR PRIVACY","REDACTED FOR PRIVACY","","","","","","","","","","","dina.ns.cloudflare.com","ray.ns.cloudflare.com","","","","","",""
"110","taiwan520.club","2019-12-03 16:35:17","2019-12-02","2019-12-02","2020-12-02","146","GoDaddy.com, LLC","whois.godaddy.com","http://registrar.godaddy.com","","","","","Tai \u7063","","Taiwan","","","","","","","","","","","","","","","","","","","","","","","","","","","","","","","","","","ns27.domaincontrol.com","ns28.domaincontrol.com","","","addPeriod","clientDeleteProhibited","clientRenewProhibited","clientTransferProhibited"
"111","taoanclinc.com","2019-12-03 14:36:53","2019-12-02","2019-12-02","2021-12-02","146","GoDaddy.com, LLC","whois.godaddy.com","http://registrar.godaddy.com","Tao An \u8a3aSuo","Tao An \u8a3aSuo","","","Tao \u5712\u7e23","","Taiwan","","","","","","","","","","","","","","","","","","","","","","","","","","","","","","","","","","ns27.domaincontrol.com","ns28.domaincontrol.com","","","clientDeleteProhibited","clientRenewProhibited","clientTransferProhibited","clientUpdateProhibited"
"112","themilys.com","2019-12-03 15:29:15","2019-12-02","2019-12-02","2021-12-02","146","GoDaddy.com, LLC","whois.godaddy.com","http://registrar.godaddy.com","","","","","Tai Bei Shi","","Taiwan","","","","","","","","","","","","","","","","","","","","","","","","","","","","","","","","","","ns27.domaincontrol.com","ns28.domaincontrol.com","","","OK","","",""
"113","toatoabuy.com","2019-12-03 17:42:55","2019-12-02","2019-12-02","2020-12-02","3817","Wix.com Ltd.","","","YU YING LIN","YU YING LIN","4F., No. 175, Wenwu Rd.","Dajia Dist","TXQ","43747","Taiwan","toatoabuy.com@wix-domains.com","+1.4159496022","","YU YING LIN","YU YING LIN","4F., No. 175, Wenwu Rd.","Dajia Dist","TXQ","43747","Taiwan","toatoabuy@gmail.com","+886.958551069","","YU YING LIN","YU YING LIN","4F., No. 175, Wenwu Rd.","Dajia Dist","TXQ","43747","Taiwan","toatoabuy@gmail.com","+886.958551069","","","","","","","","","","","","ns6.wixdns.net","ns7.wixdns.net","","","clientTransferProhibited","clientUpdateProhibited","",""
"114","topclean365.com","2019-12-03 14:23:43","2019-12-02","2019-12-02","2020-12-02","48","eNom, Inc.","whois.enom.com","http://www.enom.com","REDACTED FOR PRIVACY","REDACTED FOR PRIVACY","REDACTED FOR PRIVACY","REDACTED FOR PRIVACY","Xinyi Dist","REDACTED FOR PRIVACY","Taiwan","","REDACTED FOR PRIVACY","REDACTED FOR PRIVACY","REDACTED FOR PRIVACY","REDACTED FOR PRIVACY","REDACTED FOR PRIVACY","REDACTED FOR PRIVACY","REDACTED FOR PRIVACY","REDACTED FOR PRIVACY","REDACTED FOR PRIVACY","","REDACTED FOR PRIVACY","REDACTED FOR PRIVACY","REDACTED FOR PRIVACY","REDACTED FOR PRIVACY","REDACTED FOR PRIVACY","REDACTED FOR PRIVACY","REDACTED FOR PRIVACY","REDACTED FOR PRIVACY","REDACTED FOR PRIVACY","","REDACTED FOR PRIVACY","REDACTED FOR PRIVACY","","","","","","","","","","","dns1.name-services.com","dns2.name-services.com","dns3.name-services.com","dns4.name-services.com","addPeriod","clientTransferProhibited","",""
"115","twengo.net","2019-12-03 16:25:12","2019-12-02","2019-12-02","2020-12-02","1647","Hosting Concepts B.V. dba Openprovider","whois.registrar.eu","http://www.openprovider.com","REDACTED FOR PRIVACY","","REDACTED FOR PRIVACY","REDACTED FOR PRIVACY","","REDACTED FOR PRIVACY","Taiwan","","REDACTED FOR PRIVACY","REDACTED FOR PRIVACY","REDACTED FOR PRIVACY","REDACTED FOR PRIVACY","REDACTED FOR PRIVACY","REDACTED FOR PRIVACY","REDACTED FOR PRIVACY","REDACTED FOR PRIVACY","REDACTED FOR PRIVACY","","REDACTED FOR PRIVACY","REDACTED FOR PRIVACY","REDACTED FOR PRIVACY","REDACTED FOR PRIVACY","REDACTED FOR PRIVACY","REDACTED FOR PRIVACY","REDACTED FOR PRIVACY","REDACTED FOR PRIVACY","REDACTED FOR PRIVACY","","REDACTED FOR PRIVACY","REDACTED FOR PRIVACY","","","","","","","","","","","ns1.gsgp1001.siteground.asia","ns2.gsgp1001.siteground.asia","","","clientTransferProhibited","","",""
"116","u-bestwater.com","2019-12-03 16:05:01","2019-12-02","2019-12-02","2020-12-02","146","GoDaddy.com, LLC","whois.godaddy.com","http://registrar.godaddy.com","Zhu Shang \u6578Wei Hang \u92b7Ke Ji Gu Fen You Xian Gong Si","Zhu Shang \u6578Wei Hang \u92b7Ke Ji Gu Fen You Xian Gong Si","","","Tai \u7063Sheng","","Taiwan","","","","","","","","","","","","","","","","","","","","","","","","","","","","","","","","","","ns27.domaincontrol.com","ns28.domaincontrol.com","","","clientDeleteProhibited","clientRenewProhibited","clientTransferProhibited","clientUpdateProhibited"
"117","w3-demo.com","2019-12-03 17:31:46","2019-12-02","2019-12-02","2020-12-02","146","GoDaddy.com, LLC","whois.godaddy.com","http://registrar.godaddy.com","","","","","\u81fa\u7063","","Taiwan","","","","","","","","","","","","","","","","","","","","","","","","","","","","","","","","","","arch.ns.cloudflare.com","roxy.ns.cloudflare.com","","","clientDeleteProhibited","clientRenewProhibited","clientTransferProhibited","clientUpdateProhibited"
"118","webforads.com","2019-12-03 15:28:31","2019-12-01","2019-12-01","2020-12-01","955","Launchpad, Inc.","whois.launchpad.com","http://www.launchpad.com","HSIN-CHIA YEN","None","2F., No.92, Sec. 1, Chongqing N. Rd., Datong Dist., Taipei City","Taipei City","Taiwan","103","Taiwan","godaddy.admin@gmail.com","+886.225550983","","HSIN-CHIA YEN","None","2F., No.92, Sec. 1, Chongqing N. Rd., Datong Dist., Taipei City","Taipei City","Taiwan","103","Taiwan","godaddy.admin@gmail.com","+886.225550983","","HSIN-CHIA YEN","None","2F., No.92, Sec. 1, Chongqing N. Rd., Datong Dist., Taipei City","Taipei City","Taiwan","103","Taiwan","godaddy.admin@gmail.com","+886.225550983","","","","","","","","","","","","sns3.win.hostgator.com","sns4.win.hostgator.com","","","clientTransferProhibited","","",""
"119","yasibaoming6.com","2019-12-03 16:43:32","2019-12-02","2019-12-02","2020-12-02","146","GoDaddy.com, LLC","whois.godaddy.com","http://registrar.godaddy.com","","","","","234234","","Taiwan","","","","","","","","","","","","","","","","","","","","","","","","","","","","","","","","","","ns27.domaincontrol.com","ns28.domaincontrol.com","","","clientDeleteProhibited","clientRenewProhibited","clientTransferProhibited","clientUpdateProhibited"
"120","yazhi-shang.com","2019-12-03 16:24:35","2019-12-02","2019-12-02","2020-12-02","69","Tucows Domains Inc.","whois.tucows.com","http://domainhelp.opensrs.net","REDACTED FOR PRIVACY","REDACTED FOR PRIVACY","REDACTED FOR PRIVACY","REDACTED FOR PRIVACY","XX","REDACTED FOR PRIVACY","Taiwan","","REDACTED FOR PRIVACY","REDACTED FOR PRIVACY","REDACTED FOR PRIVACY","REDACTED FOR PRIVACY","REDACTED FOR PRIVACY","REDACTED FOR PRIVACY","REDACTED FOR PRIVACY","REDACTED FOR PRIVACY","REDACTED FOR PRIVACY","","REDACTED FOR PRIVACY","REDACTED FOR PRIVACY","REDACTED FOR PRIVACY","REDACTED FOR PRIVACY","REDACTED FOR PRIVACY","REDACTED FOR PRIVACY","REDACTED FOR PRIVACY","REDACTED FOR PRIVACY","REDACTED FOR PRIVACY","","REDACTED FOR PRIVACY","REDACTED FOR PRIVACY","","","","","","","","","","","ns1.gsgp1001.siteground.asia","ns2.gsgp1001.siteground.asia","","","clientTransferProhibited","clientUpdateProhibited","",""
"121","yearningforlife1268.com","2019-12-03 19:07:03","2019-12-02","2019-12-02","2020-12-02","1564","TLD Registrar Solutions Ltd.","whois.tldregistrarsolutions.com","http://www.tldregistrarsolutions.com","Not disclosed Not disclosed","","Not disclosed, Not disclosed, Not disclosed","Not disclosed","taiwan","00000","Taiwan","6f758b3c29166d31387f363bae18c77d.gdrp@customers.whoisprivacycorp.com","+1.5163872248","","Not disclosed Not disclosed","","Not disclosed, Not disclosed, Not disclosed","Not disclosed","taiwan","00000","Taiwan","6f758b3c29166d31387f363bae18c77d.gdrp@customers.whoisprivacycorp.com","+1.5163872248","","Not disclosed Not disclosed","","Not disclosed, Not disclosed, Not disclosed","Not disclosed","taiwan","00000","Taiwan","6f758b3c29166d31387f363bae18c77d.gdrp@customers.whoisprivacycorp.com","+1.5163872248","","","","","","","","","","","","v1s1.xundns.com","v1s2.xundns.com","","","clientTransferProhibited","ok","",""
"122","yuniquebackyard.com","2019-12-03 15:21:43","2019-12-02","2019-12-02","2021-12-02","81","Gandi SAS","whois.gandi.net","http://www.gandi.net","REDACTED FOR PRIVACY","","REDACTED FOR PRIVACY","REDACTED FOR PRIVACY","","REDACTED FOR PRIVACY","Taiwan","aab3a5122e356b3d3a25724e30b63611-16369419@contact.gandi.net","REDACTED FOR PRIVACY","REDACTED FOR PRIVACY","REDACTED FOR PRIVACY","REDACTED FOR PRIVACY","REDACTED FOR PRIVACY","REDACTED FOR PRIVACY","REDACTED FOR PRIVACY","REDACTED FOR PRIVACY","REDACTED FOR PRIVACY","aab3a5122e356b3d3a25724e30b63611-16369419@contact.gandi.net","REDACTED FOR PRIVACY","REDACTED FOR PRIVACY","REDACTED FOR PRIVACY","REDACTED FOR PRIVACY","REDACTED FOR PRIVACY","REDACTED FOR PRIVACY","REDACTED FOR PRIVACY","REDACTED FOR PRIVACY","REDACTED FOR PRIVACY","aab3a5122e356b3d3a25724e30b63611-16369419@contact.gandi.net","REDACTED FOR PRIVACY","REDACTED FOR PRIVACY","","","","","","","","","","","a.g-dns.com","b.g-dns.com","c.g-dns.com","","clientTransferProhibited","","",""
"123","yuntecholine.com","2019-12-03 14:56:44","2019-12-02","2019-12-02","2020-12-02","106","Ascio Technologies, Inc. Danmark - Filial af Ascio technologies, Inc. USA","whois.ascio.com","http://www.ascio.com","Not Disclosed","Not Disclosed","Not Disclosed","Not Disclosed","","Not Disclosed","Taiwan","","Not Disclosed","Not Disclosed","Not Disclosed","Not Disclosed","Not Disclosed","Not Disclosed","Not Disclosed","Not Disclosed","Not Disclosed","","Not Disclosed","Not Disclosed","Not Disclosed","Not Disclosed","Not Disclosed","Not Disclosed","Not Disclosed","Not Disclosed","Not Disclosed","","Not Disclosed","Not Disclosed","","","","","","","","","","","dns1.123hjemmeside.dk","dns2.123hjemmeside.dk","dns3.123hjemmeside.dk","","OK","","",""