"num","domain_name","query_time","create_date","update_date","expiry_date","domain_registrar_id","domain_registrar_name","domain_registrar_whois","domain_registrar_url","registrant_name","registrant_company","registrant_address","registrant_city","registrant_state","registrant_zip","registrant_country","registrant_email","registrant_phone","registrant_fax","administrative_name","administrative_company","administrative_address","administrative_city","administrative_state","administrative_zip","administrative_country","administrative_email","administrative_phone","administrative_fax","technical_name","technical_company","technical_address","technical_city","technical_state","technical_zip","technical_country","technical_email","technical_phone","technical_fax","billing_name","billing_company","billing_address","billing_city","billing_state","billing_zip","billing_country","billing_email","billing_phone","billing_fax","name_server_1","name_server_2","name_server_3","name_server_4","domain_status_1","domain_status_2","domain_status_3","domain_status_4"
"1","ajirahub.net","2019-12-03 17:34:56","2019-12-02","2019-12-02","2020-12-02","303","PDR Ltd. d/b/a PublicDomainRegistry.com","whois.publicdomainregistry.com","http://www.publicdomainregistry.com","Nixon  Isalu","Dreamchasers Solutions Limted","37 Bagamoyo Road, GEPF House, 4th Floor Regent Estate, Victoria Area","Dar es salaam","Kinondoni","25055","Tanzania","info@dreamchasers.co.tz","+255.757571785","","Nixon  Isalu","Dreamchasers Solutions Limted","37 Bagamoyo Road, GEPF House, 4th Floor Regent Estate, Victoria Area","Dar es salaam","Kinondoni","25055","Tanzania","info@dreamchasers.co.tz","+255.757571785","","Nixon  Isalu","Dreamchasers Solutions Limted","37 Bagamoyo Road, GEPF House, 4th Floor Regent Estate, Victoria Area","Dar es salaam","Kinondoni","25055","Tanzania","info@dreamchasers.co.tz","+255.757571785","","","","","","","","","","","","ns1.kwetu.host","ns2.kwetu.host","","","clientTransferProhibited","","",""
"2","belltro.com","2019-12-03 17:46:28","2019-12-02","2019-12-02","2020-12-02","1636","Hostinger, UAB","whois.hostinger.com","http://www.hostinger.com","Frederick Apina","Frederick Apina","P.o Box 1624","Dodoma","Tanzania","00000","Tanzania","henrynicholaus@gmail.com","+255.654486200","","Frederick Apina","Frederick Apina","P.o Box 1624","Dodoma","Tanzania","00000","Tanzania","henrynicholaus@gmail.com","+255.654486200","","Frederick Apina","Frederick Apina","P.o Box 1624","Dodoma","Tanzania","00000","Tanzania","henrynicholaus@gmail.com","+255.654486200","","","","","","","","","","","","ns1.dns-parking.com","ns2.dns-parking.com","","","clientTransferProhibited","","",""
"3","businesscongolese.com","2019-12-03 17:18:46","2019-12-02","2019-12-02","2020-12-02","303","PDR Ltd. d/b/a PublicDomainRegistry.com","whois.publicdomainregistry.com","http://www.publicdomainregistry.com","Samson Kapuya","Business Congolese","Dar es Salaam Kinondoni","Dar es Salaam","Dar es Salaam","14130","Tanzania","bcongolese@gmail.com","+255.689780212","","Dudumizi Technologies","Duhosting Web Services","2nd floor Nyuki House Tegeta Nyuki","Dar es Salaam","","60170","Tanzania","info@dudumizi.co.tz","+255.768816728","","Dudumizi Technologies","Duhosting Web Services","2nd floor Nyuki House Tegeta Nyuki","Dar es Salaam","","60170","Tanzania","info@dudumizi.co.tz","+255.768816728","","","","","","","","","","","","ns1.dudumizi.net","ns2.dudumizi.net","","","clientTransferProhibited","","",""
"4","chatfasta.com","2019-12-03 16:04:44","2019-12-02","2019-12-02","2020-12-02","69","Tucows Domains Inc.","whois.tucows.com","http://domainhelp.opensrs.net","REDACTED FOR PRIVACY","REDACTED FOR PRIVACY","REDACTED FOR PRIVACY","REDACTED FOR PRIVACY","Kigoma","REDACTED FOR PRIVACY","Tanzania","","REDACTED FOR PRIVACY","REDACTED FOR PRIVACY","REDACTED FOR PRIVACY","REDACTED FOR PRIVACY","REDACTED FOR PRIVACY","REDACTED FOR PRIVACY","REDACTED FOR PRIVACY","REDACTED FOR PRIVACY","REDACTED FOR PRIVACY","","REDACTED FOR PRIVACY","REDACTED FOR PRIVACY","REDACTED FOR PRIVACY","REDACTED FOR PRIVACY","REDACTED FOR PRIVACY","REDACTED FOR PRIVACY","REDACTED FOR PRIVACY","REDACTED FOR PRIVACY","REDACTED FOR PRIVACY","","REDACTED FOR PRIVACY","REDACTED FOR PRIVACY","","","","","","","","","","","martha.ns.cloudflare.com","quentin.ns.cloudflare.com","","","","","",""
"5","explorertoursandsafaris.com","2019-12-03 14:53:51","2019-12-02","2019-12-02","2020-12-02","69","Tucows Domains Inc.","whois.tucows.com","http://domainhelp.opensrs.net","REDACTED FOR PRIVACY","REDACTED FOR PRIVACY","REDACTED FOR PRIVACY","REDACTED FOR PRIVACY","tanzania","REDACTED FOR PRIVACY","Tanzania","","REDACTED FOR PRIVACY","REDACTED FOR PRIVACY","REDACTED FOR PRIVACY","REDACTED FOR PRIVACY","REDACTED FOR PRIVACY","REDACTED FOR PRIVACY","REDACTED FOR PRIVACY","REDACTED FOR PRIVACY","REDACTED FOR PRIVACY","","REDACTED FOR PRIVACY","REDACTED FOR PRIVACY","REDACTED FOR PRIVACY","REDACTED FOR PRIVACY","REDACTED FOR PRIVACY","REDACTED FOR PRIVACY","REDACTED FOR PRIVACY","REDACTED FOR PRIVACY","REDACTED FOR PRIVACY","","REDACTED FOR PRIVACY","REDACTED FOR PRIVACY","","","","","","","","","","","dns1400a.trouble-free.net","dns1400b.trouble-free.net","","","","","",""
"6","festivaloffers365.com","2019-12-03 18:50:19","2019-12-02","2019-12-02","2020-12-02","146","GoDaddy.com, LLC","whois.godaddy.com","http://registrar.godaddy.com","","","","","Tanzania Mainland","","Tanzania","","","","","","","","","","","","","","","","","","","","","","","","","","","","","","","","","","ns1.byet.org","ns2.byet.org","ns3.byet.org","ns4.byet.org","clientDeleteProhibited","clientRenewProhibited","clientTransferProhibited","clientUpdateProhibited"
"7","fracamageneralsupplies.com","2019-12-03 17:56:12","2019-12-02","2019-12-02","2021-12-02","146","GoDaddy.com, LLC","whois.godaddy.com","http://registrar.godaddy.com","fracamageneralsuppies","fracamageneralsuppies","","","coast region","","Tanzania","","","","","","","","","","","","","","","","","","","","","","","","","","","","","","","","","","ns27.domaincontrol.com","ns28.domaincontrol.com","","","clientDeleteProhibited","clientRenewProhibited","clientTransferProhibited","clientUpdateProhibited"
"8","furahatoursandsafaris.com","2019-12-03 17:49:30","2019-12-02","2019-12-02","2020-12-02","69","Tucows Domains Inc.","whois.tucows.com","http://domainhelp.opensrs.net","REDACTED FOR PRIVACY","REDACTED FOR PRIVACY","REDACTED FOR PRIVACY","REDACTED FOR PRIVACY","tanzania","REDACTED FOR PRIVACY","Tanzania","","REDACTED FOR PRIVACY","REDACTED FOR PRIVACY","REDACTED FOR PRIVACY","REDACTED FOR PRIVACY","REDACTED FOR PRIVACY","REDACTED FOR PRIVACY","REDACTED FOR PRIVACY","REDACTED FOR PRIVACY","REDACTED FOR PRIVACY","","REDACTED FOR PRIVACY","REDACTED FOR PRIVACY","REDACTED FOR PRIVACY","REDACTED FOR PRIVACY","REDACTED FOR PRIVACY","REDACTED FOR PRIVACY","REDACTED FOR PRIVACY","REDACTED FOR PRIVACY","REDACTED FOR PRIVACY","","REDACTED FOR PRIVACY","REDACTED FOR PRIVACY","","","","","","","","","","","cdns1.interserver.net","cdns2.interserver.net","cdns3.interserver.net","","OK","","",""
"9","jalsqshe.com","2019-12-03 15:25:22","2019-12-02","2019-12-02","2020-12-02","303","PDR Ltd. d/b/a PublicDomainRegistry.com","whois.publicdomainregistry.com","http://www.publicdomainregistry.com","Evans Raphael Temba","Morani Creativity","Kijenge Mwanama","Arusha","Arusha","25555","Tanzania","moranicreativity@gmail.com","+255.764888119","","Dudumizi Technologies","Duhosting Web Services","2nd floor Nyuki House Tegeta Nyuki","Dar es Salaam","","60170","Tanzania","info@dudumizi.co.tz","+255.768816728","","Dudumizi Technologies","Duhosting Web Services","2nd floor Nyuki House Tegeta Nyuki","Dar es Salaam","","60170","Tanzania","info@dudumizi.co.tz","+255.768816728","","","","","","","","","","","","ns1.server224.iseencloud.com","ns2.server224.iseencloud.com","","","clientTransferProhibited","","",""
"10","jobscholarshipnewz.com","2019-12-03 17:18:07","2019-12-02","2019-12-02","2020-12-02","146","GoDaddy.com, LLC","whois.godaddy.com","http://registrar.godaddy.com","","","","","dar es salaam","","Tanzania","","","","","","","","","","","","","","","","","","","","","","","","","","","","","","","","","","ns21.domaincontrol.com","ns22.domaincontrol.com","","","OK","","",""
"11","kadofleva.com","2019-12-03 15:10:29","2019-12-02","2019-12-02","2020-12-02","146","GoDaddy.com, LLC","whois.godaddy.com","http://registrar.godaddy.com","","","","","Tanzania","","Tanzania","","","","","","","","","","","","","","","","","","","","","","","","","","","","","","","","","","ns27.domaincontrol.com","ns28.domaincontrol.com","","","clientDeleteProhibited","clientRenewProhibited","clientTransferProhibited","clientUpdateProhibited"
"12","klludandjumbo.com","2019-12-03 16:22:09","2019-12-02","2019-12-02","2021-12-02","3817","Wix.com Ltd.","","","Abbas Kisumoh","Yukon Trading Company Limited","810/75 Indira Gandhi Street/ Morogoro Road","Dar es Salaam","","","Tanzania","klludandjumbo.com@wix-domains.com","+1.4159496022","","Abbas Kisumoh","Yukon Trading Company Limited","810/75 Indira Gandhi Street/ Morogoro Road","Dar es Salaam","","","Tanzania","tradeatyukon@gmail.com","+255.715267779","","Abbas Kisumoh","Yukon Trading Company Limited","810/75 Indira Gandhi Street/ Morogoro Road","Dar es Salaam","","","Tanzania","tradeatyukon@gmail.com","+255.715267779","","","","","","","","","","","","ns14.wixdns.net","ns15.wixdns.net","","","clientTransferProhibited","clientUpdateProhibited","",""
"13","magnoverata.com","2019-12-03 14:28:14","2019-12-02","2019-12-02","2020-12-02","48","eNom, Inc.","whois.enom.com","http://www.enom.com","REDACTED FOR PRIVACY","REDACTED FOR PRIVACY","REDACTED FOR PRIVACY","REDACTED FOR PRIVACY","Mwanza","REDACTED FOR PRIVACY","Tanzania","","REDACTED FOR PRIVACY","REDACTED FOR PRIVACY","REDACTED FOR PRIVACY","REDACTED FOR PRIVACY","REDACTED FOR PRIVACY","REDACTED FOR PRIVACY","REDACTED FOR PRIVACY","REDACTED FOR PRIVACY","REDACTED FOR PRIVACY","","REDACTED FOR PRIVACY","REDACTED FOR PRIVACY","REDACTED FOR PRIVACY","REDACTED FOR PRIVACY","REDACTED FOR PRIVACY","REDACTED FOR PRIVACY","REDACTED FOR PRIVACY","REDACTED FOR PRIVACY","REDACTED FOR PRIVACY","","REDACTED FOR PRIVACY","REDACTED FOR PRIVACY","","","","","","","","","","","ams-ns1.greengeeks.com","chi-ns2.greengeeks.com","","","addPeriod","clientTransferProhibited","",""
"14","mauwezo.com","2019-12-03 17:21:25","2019-12-02","2019-12-02","2020-12-02","146","GoDaddy.com, LLC","whois.godaddy.com","http://registrar.godaddy.com","","","","","Mwanza","","Tanzania","","","","","","","","","","","","","","","","","","","","","","","","","","","","","","","","","","dns1.namecheaphosting.com","dns2.namecheaphosting.com","","","clientDeleteProhibited","clientRenewProhibited","clientTransferProhibited","clientUpdateProhibited"
"15","mussafrancophonetours.com","2019-12-03 18:13:03","2019-12-02","2019-12-02","2020-12-02","303","PDR Ltd. d/b/a PublicDomainRegistry.com","whois.publicdomainregistry.com","http://www.publicdomainregistry.com","MAULID ABDULLA USSI","AB TECHNOLOGIES","Zanzibar","Bwejuu","Zanzibar","18838","Tanzania","abtechnologiestz@gmail.com","+255.773277762","","Dudumizi Technologies","Duhosting Web Services","2nd floor Nyuki House Tegeta Nyuki","Dar es Salaam","","60170","Tanzania","info@dudumizi.co.tz","+255.768816728","","Dudumizi Technologies","Duhosting Web Services","2nd floor Nyuki House Tegeta Nyuki","Dar es Salaam","","60170","Tanzania","info@dudumizi.co.tz","+255.768816728","","","","","","","","","","","","ns1.dudumizi.net","ns2.dudumizi.net","","","clientTransferProhibited","","",""
"16","shuleplus.com","2019-12-03 17:06:28","2019-12-02","2019-12-02","2020-12-02","146","GoDaddy.com, LLC","whois.godaddy.com","http://registrar.godaddy.com","SHULE PLUS","SHULE PLUS","","","Dar es salaam","","Tanzania","","","","","","","","","","","","","","","","","","","","","","","","","","","","","","","","","","ns27.domaincontrol.com","ns28.domaincontrol.com","","","clientDeleteProhibited","clientRenewProhibited","clientTransferProhibited","clientUpdateProhibited"
"17","talentika.net","2019-12-03 18:09:49","2019-12-02","2019-12-02","2020-12-02","303","PDR Ltd. d/b/a PublicDomainRegistry.com","whois.publicdomainregistry.com","http://www.publicdomainregistry.com","Nixon  Isalu","Dreamchasers Solutions Limted","37 Bagamoyo Road, GEPF House, 4th Floor Regent Estate, Victoria Area","Dar es salaam","Kinondoni","25055","Tanzania","info@dreamchasers.co.tz","+255.757571785","","Nixon  Isalu","Dreamchasers Solutions Limted","37 Bagamoyo Road, GEPF House, 4th Floor Regent Estate, Victoria Area","Dar es salaam","Kinondoni","25055","Tanzania","info@dreamchasers.co.tz","+255.757571785","","Nixon  Isalu","Dreamchasers Solutions Limted","37 Bagamoyo Road, GEPF House, 4th Floor Regent Estate, Victoria Area","Dar es salaam","Kinondoni","25055","Tanzania","info@dreamchasers.co.tz","+255.757571785","","","","","","","","","","","","ns1.kwetu.host","ns2.kwetu.host","","","clientTransferProhibited","","",""
"18","tzudaku.com","2019-12-03 19:14:12","2019-12-02","2019-12-02","2020-12-02","146","GoDaddy.com, LLC","whois.godaddy.com","http://registrar.godaddy.com","","","","","Mwanza","","Tanzania","","","","","","","","","","","","","","","","","","","","","","","","","","","","","","","","","","dns1.namecheaphosting.com","dns2.namecheaphosting.com","","","clientDeleteProhibited","clientRenewProhibited","clientTransferProhibited","clientUpdateProhibited"