"num","domain_name","query_time","create_date","update_date","expiry_date","domain_registrar_id","domain_registrar_name","domain_registrar_whois","domain_registrar_url","registrant_name","registrant_company","registrant_address","registrant_city","registrant_state","registrant_zip","registrant_country","registrant_email","registrant_phone","registrant_fax","administrative_name","administrative_company","administrative_address","administrative_city","administrative_state","administrative_zip","administrative_country","administrative_email","administrative_phone","administrative_fax","technical_name","technical_company","technical_address","technical_city","technical_state","technical_zip","technical_country","technical_email","technical_phone","technical_fax","billing_name","billing_company","billing_address","billing_city","billing_state","billing_zip","billing_country","billing_email","billing_phone","billing_fax","name_server_1","name_server_2","name_server_3","name_server_4","domain_status_1","domain_status_2","domain_status_3","domain_status_4"
"1","ayodiran.com","2019-12-03 17:44:41","2019-12-02","2019-12-02","2020-12-02","74","Online SAS","whois.bookmyname.com","http://www.bookmyname.com","REDACTED FOR PRIVACY","","REDACTED FOR PRIVACY","REDACTED FOR PRIVACY","","REDACTED FOR PRIVACY","Togo","50d001314e97b0e8.1457454@spamfree.bookmyname.com","REDACTED FOR PRIVACY","REDACTED FOR PRIVACY","Alexandre YEPES","O2SWITCH","222 Boulevard Gustave Flaubert, For Customer","CLERMONT FERRAND","","63000","France","dns-nospam@o2switch.fr","+33.444446040","+33.444446041","Alexandre YEPES","O2SWITCH","222 Boulevard Gustave Flaubert, For Customer","CLERMONT FERRAND","","63000","France","dns-nospam@o2switch.fr","+33.444446040","+33.444446041","","","","","","","","","","","ns1.o2switch.net","ns2.o2switch.net","","","clientTransferProhibited","","",""
"2","chemstelo.com","2019-12-03 18:20:52","2019-12-01","2019-12-01","2020-12-01","1630","Ligne Web Services SARL","whois.nic.fr","http://www.ait.com","","","","","","","Togo","94fececfd23883848c01abac79e2f600@whois-anonymous.com","","","","","","","","","Togo","94fececfd23883848c01abac79e2f600@whois-anonymous.com","","","","","","","","","Togo","94fececfd23883848c01abac79e2f600@whois-anonymous.com","","","","","","","","","Togo","94fececfd23883848c01abac79e2f600@whois-anonymous.com","","","","","","","More","clientTransferProhibited","informations","on"
"3","fatakapay.com","2019-12-03 15:31:31","2019-12-02","2019-12-02","2020-12-02","1630","Ligne Web Services SARL","whois.nic.fr","http://www.ait.com","","","","","","","Togo","c0ba12e18c7a5e00ebe358199c2f256f@whois-anonymous.com","","","","","","","","","Togo","c0ba12e18c7a5e00ebe358199c2f256f@whois-anonymous.com","","","","","","","","","Togo","c0ba12e18c7a5e00ebe358199c2f256f@whois-anonymous.com","","","","","","","","","Togo","c0ba12e18c7a5e00ebe358199c2f256f@whois-anonymous.com","","","","","","","More","clientTransferProhibited","informations","on"
"4","fatakapay.net","2019-12-03 15:21:07","2019-12-02","2019-12-02","2020-12-02","1630","Ligne Web Services SARL","whois.nic.fr","http://www.ait.com","","","","","","","Togo","c0ba12e18c7a5e00ebe358199c2f256f@whois-anonymous.com","","","","","","","","","Togo","c0ba12e18c7a5e00ebe358199c2f256f@whois-anonymous.com","","","","","","","","","Togo","c0ba12e18c7a5e00ebe358199c2f256f@whois-anonymous.com","","","","","","","","","Togo","c0ba12e18c7a5e00ebe358199c2f256f@whois-anonymous.com","","","","","","","More","informations","on",""
"5","free-pub.com","2019-12-03 14:24:54","2019-12-02","2019-12-02","2020-12-02","1630","Ligne Web Services SARL","whois.nic.fr","http://www.ait.com","","","","","","","Togo","c0ba12e18c7a5e00ebe358199c2f256f@whois-anonymous.com","","","","","","","","","Togo","c0ba12e18c7a5e00ebe358199c2f256f@whois-anonymous.com","","","","","","","","","Togo","c0ba12e18c7a5e00ebe358199c2f256f@whois-anonymous.com","","","","","","","","","Togo","c0ba12e18c7a5e00ebe358199c2f256f@whois-anonymous.com","","","","","","","More","clientTransferProhibited","informations","on"