"num","domain_name","query_time","create_date","update_date","expiry_date","domain_registrar_id","domain_registrar_name","domain_registrar_whois","domain_registrar_url","registrant_name","registrant_company","registrant_address","registrant_city","registrant_state","registrant_zip","registrant_country","registrant_email","registrant_phone","registrant_fax","administrative_name","administrative_company","administrative_address","administrative_city","administrative_state","administrative_zip","administrative_country","administrative_email","administrative_phone","administrative_fax","technical_name","technical_company","technical_address","technical_city","technical_state","technical_zip","technical_country","technical_email","technical_phone","technical_fax","billing_name","billing_company","billing_address","billing_city","billing_state","billing_zip","billing_country","billing_email","billing_phone","billing_fax","name_server_1","name_server_2","name_server_3","name_server_4","domain_status_1","domain_status_2","domain_status_3","domain_status_4"
"1","africafemmedigitale.com","2019-12-03 17:59:51","2019-12-02","2019-12-02","2020-12-02","303","PDR Ltd. d/b/a PublicDomainRegistry.com","whois.publicdomainregistry.com","http://www.publicdomainregistry.com","bouhechem abderrazek","Phenix Concept","ariena borj baccouch","tunis","tunis","1000","Tunisia","mouldi.benbouzid.cst@gmail.com","+216.92681198","","VIP Domaine","VIP DOMAINE","12 av cyrus le grand 0","tunis","tunis","1000","Tunisia","welcome@vipdomaine.net","+216.53222105","","VIP Domaine","VIP DOMAINE","12 av cyrus le grand 0","tunis","tunis","1000","Tunisia","welcome@vipdomaine.net","+216.53222105","","","","","","","","","","","","ns40.ideama2.com","ns41.ideama2.com","","","clientTransferProhibited","","",""
"2","amer-importexport.com","2019-12-03 14:32:20","2019-12-02","2019-12-02","2020-12-02","433","OVH sas","whois.ovh.com","http://www.ovh.com","Smart2do Technologies","Smart2do Technologies","","","","","Tunisia","45tjwslbx6hvss6bys9e@p.o-w-o.info","","","","","","","","","","ndq09m7wm8u7wchhez7x@i.o-w-o.info","","","","","","","","","","ndq09m7wm8u7wchhez7x@i.o-w-o.info","","","","","","","","","","","","","dns105.ovh.net","ns105.ovh.net","","","clientDeleteProhibited","clientTransferProhibited","",""
"3","animeystore.com","2019-12-03 15:03:47","2019-12-01","2019-12-01","2020-12-01","433","OVH sas","whois.ovh.com","http://www.ovh.com","","","","","","","Tunisia","7grs0wv77hv5g6hlu074@l.o-w-o.info","","","","","","","","","","lp0qskjnewoz1gs36axt@w.o-w-o.info","","","","","","","","","","lp0qskjnewoz1gs36axt@w.o-w-o.info","","","","","","","","","","","","","dns105.ovh.net","ns105.ovh.net","","","clientDeleteProhibited","clientTransferProhibited","",""
"4","asl-tunisie.com","2019-12-03 15:43:10","2019-12-02","2019-12-02","2020-12-02","433","OVH sas","whois.ovh.com","http://www.ovh.com","","","","","","","Tunisia","40zxnv0eeau01ed75a3s@t.o-w-o.info","","","","","","","","","","abhlqzgdmdab9hnrjb67@u.o-w-o.info","","","","","","","","","","abhlqzgdmdab9hnrjb67@u.o-w-o.info","","","","","","","","","","","","","dns105.ovh.net","ns105.ovh.net","","","clientDeleteProhibited","clientTransferProhibited","",""
"5","asmabelhassine.com","2019-12-03 17:59:43","2019-12-02","2019-12-02","2020-12-02","433","OVH sas","whois.ovh.com","http://www.ovh.com","PiLand","PiLand","","","Technologique","","Tunisia","yniu839iuo5y21i512a2@a.o-w-o.info","","","","","","","","","","a2tflt5ey2hcgitar2o8@a.o-w-o.info","","","","","","","","","","0d0cvru41ding9n8lho5@v.o-w-o.info","","","","","","","","","","","","","ns1.tunitech.net","ns2.tunitech.net","","","clientDeleteProhibited","clientTransferProhibited","",""
"6","b9addech.com","2019-12-03 17:24:54","2019-12-02","2019-12-02","2020-12-02","433","OVH sas","whois.ovh.com","http://www.ovh.com","","","","","","","Tunisia","78si332qrrgjav22455r@n.o-w-o.info","","","","","","","","","","p8sfv2tkpa9yfpcetz39@h.o-w-o.info","","","","","","","","","","p8sfv2tkpa9yfpcetz39@h.o-w-o.info","","","","","","","","","","","","","dns105.ovh.net","ns105.ovh.net","","","clientDeleteProhibited","clientTransferProhibited","",""
"7","beauchik.com","2019-12-03 14:35:36","2019-12-02","2019-12-02","2020-12-02","433","OVH sas","whois.ovh.com","http://www.ovh.com","","","","","tozeur","","Tunisia","lzystd77n8l8nfa3stfv@j.o-w-o.info","","","","","","","","","","a2tflt5ey2hcgitar2o8@a.o-w-o.info","","","","","","","","","","2j6zlg5yujoup9omo0ck@p.o-w-o.info","","","","","","","","","","","","","dns1.tunet.tn","dns2.tunet.tn","","","clientDeleteProhibited","clientTransferProhibited","",""
"8","boracayandleisure.com","2019-12-03 16:31:55","2019-12-02","2019-12-02","2020-12-02","48","eNom, Inc.","whois.enom.com","http://www.enom.com","REDACTED FOR PRIVACY","REDACTED FOR PRIVACY","REDACTED FOR PRIVACY","REDACTED FOR PRIVACY","Ben Arous","REDACTED FOR PRIVACY","Tunisia","","REDACTED FOR PRIVACY","REDACTED FOR PRIVACY","REDACTED FOR PRIVACY","REDACTED FOR PRIVACY","REDACTED FOR PRIVACY","REDACTED FOR PRIVACY","REDACTED FOR PRIVACY","REDACTED FOR PRIVACY","REDACTED FOR PRIVACY","","REDACTED FOR PRIVACY","REDACTED FOR PRIVACY","REDACTED FOR PRIVACY","REDACTED FOR PRIVACY","REDACTED FOR PRIVACY","REDACTED FOR PRIVACY","REDACTED FOR PRIVACY","REDACTED FOR PRIVACY","REDACTED FOR PRIVACY","","REDACTED FOR PRIVACY","REDACTED FOR PRIVACY","","","","","","","","","","","ns1.a2hosting.com","ns2.a2hosting.com","ns3.a2hosting.com","ns4.a2hosting.com","addPeriod","ok","",""
"9","creatdesign.net","2019-12-03 16:22:32","2019-12-02","2019-12-02","2020-12-02","433","OVH sas","whois.ovh.com","http://www.ovh.com","","","","","","","Tunisia","txjk2kbqpbqvl65nqcnr@q.o-w-o.info","","","","","","","","","","3it2jmw2rls07x5mbqsr@g.o-w-o.info","","","","","","","","","","3it2jmw2rls07x5mbqsr@g.o-w-o.info","","","","","","","","","","","","","dns105.ovh.net","ns105.ovh.net","","","clientDeleteProhibited","clientTransferProhibited","",""
"10","djerbacar.com","2019-12-03 18:16:17","2019-12-02","2019-12-02","2020-12-02","433","OVH sas","whois.ovh.com","http://www.ovh.com","","","","","","","Tunisia","2fhaf6i57kjrenbxeell@a.o-w-o.info","","","","","","","","","","2z35p7uypcirf0gw27ep@h.o-w-o.info","","","","","","","","","","2z35p7uypcirf0gw27ep@h.o-w-o.info","","","","","","","","","","","","","dns105.ovh.net","ns105.ovh.net","","","clientDeleteProhibited","clientTransferProhibited","",""
"11","douroudigger.com","2019-12-03 17:25:29","2019-12-02","2019-12-02","2020-12-02","146","GoDaddy.com, LLC","whois.godaddy.com","http://registrar.godaddy.com","","","","","Megrine","","Tunisia","","","","","","","","","","","","","","","","","","","","","","","","","","","","","","","","","","ns27.domaincontrol.com","ns28.domaincontrol.com","","","clientDeleteProhibited","clientRenewProhibited","clientTransferProhibited","clientUpdateProhibited"
"12","dreamnet-security.net","2019-12-03 16:22:11","2019-12-02","2019-12-02","2020-12-02","88","Namebay SAM","whois.namebay.com","http://www.namebay.com","REDACTED FOR PRIVACY","Topnet","REDACTED FOR PRIVACY","REDACTED FOR PRIVACY","TN","REDACTED FOR PRIVACY","Tunisia","","REDACTED FOR PRIVACY","REDACTED FOR PRIVACY","REDACTED FOR PRIVACY","REDACTED FOR PRIVACY","REDACTED FOR PRIVACY","REDACTED FOR PRIVACY","REDACTED FOR PRIVACY","REDACTED FOR PRIVACY","REDACTED FOR PRIVACY","","REDACTED FOR PRIVACY","REDACTED FOR PRIVACY","REDACTED FOR PRIVACY","REDACTED FOR PRIVACY","REDACTED FOR PRIVACY","REDACTED FOR PRIVACY","REDACTED FOR PRIVACY","REDACTED FOR PRIVACY","REDACTED FOR PRIVACY","","REDACTED FOR PRIVACY","REDACTED FOR PRIVACY","","","","","","","","","","","ns1.topnet.tn","ns2.topnet.tn","ns3.topnet.tn","","OK","","",""
"13","hi-chirurgien-dentiste.com","2019-12-03 15:39:32","2019-12-02","2019-12-02","2020-12-02","303","PDR Ltd. d/b/a PublicDomainRegistry.com","whois.publicdomainregistry.com","http://www.publicdomainregistry.com","Saif Boussarsar","","La Soukra Ariana","Tunis","Ariana","2080","Tunisia","saif.boussarsar@yahoo.fr","+216.22979045","","VIP Domaine","VIP DOMAINE","12 av cyrus le grand 0","tunis","tunis","1000","Tunisia","welcome@vipdomaine.net","+216.53222105","","VIP Domaine","VIP DOMAINE","12 av cyrus le grand 0","tunis","tunis","1000","Tunisia","welcome@vipdomaine.net","+216.53222105","","","","","","","","","","","","ns55.ideama2.com","ns56.ideama2.com","","","clientTransferProhibited","","",""
"14","hidallashotel.com","2019-12-03 14:26:46","2019-12-02","2019-12-03","2020-12-02","1591","Promo People inc.","whois.nic.fr","http://www.ait.com","REDACTED FOR PRIVACY","REDACTED FOR PRIVACY","REDACTED FOR PRIVACY","REDACTED FOR PRIVACY","REDACTED FOR PRIVACY","REDACTED FOR PRIVACY","Tunisia","","REDACTED FOR PRIVACY","REDACTED FOR PRIVACY","REDACTED FOR PRIVACY","REDACTED FOR PRIVACY","REDACTED FOR PRIVACY","REDACTED FOR PRIVACY","REDACTED FOR PRIVACY","REDACTED FOR PRIVACY","REDACTED FOR PRIVACY","","REDACTED FOR PRIVACY","REDACTED FOR PRIVACY","REDACTED FOR PRIVACY","REDACTED FOR PRIVACY","REDACTED FOR PRIVACY","REDACTED FOR PRIVACY","REDACTED FOR PRIVACY","REDACTED FOR PRIVACY","REDACTED FOR PRIVACY","","REDACTED FOR PRIVACY","REDACTED FOR PRIVACY","","","","","","","","","","","ns1.hostpapa.com","ns2.hostpapa.com","","","clientTransferProhibited","clientUpdateProhibited","",""
"15","iqratunisie.com","2019-12-03 14:56:49","2019-12-02","2019-12-02","2020-12-02","433","OVH sas","whois.ovh.com","http://www.ovh.com","","","","","","","Tunisia","onpurshig9u1v602v7bk@m.o-w-o.info","","","","","","","","","","fgr4f073b393ynjyf1dp@b.o-w-o.info","","","","","","","","","","fgr4f073b393ynjyf1dp@b.o-w-o.info","","","","","","","","","","","","","dns105.ovh.net","ns105.ovh.net","","","clientDeleteProhibited","clientTransferProhibited","",""
"16","itsis2020.com","2019-12-03 17:21:16","2019-12-02","2019-12-02","2020-12-02","433","OVH sas","whois.ovh.com","http://www.ovh.com","","","","","","","Tunisia","98e952nzrt5fq5o64rj5@t.o-w-o.info","","","","","","","","","","vpxu2ss1asnnqi739ft7@q.o-w-o.info","","","","","","","","","","vpxu2ss1asnnqi739ft7@q.o-w-o.info","","","","","","","","","","","","","dns105.ovh.net","ns105.ovh.net","","","clientDeleteProhibited","clientTransferProhibited","",""
"17","julia-sante.com","2019-12-03 15:35:21","2019-12-02","2019-12-02","2020-12-02","433","OVH sas","whois.ovh.com","http://www.ovh.com","Ste ENVISION","Ste ENVISION","","","","","Tunisia","fhm4jddni4ywgtg4c9gu@q.o-w-o.info","","","","","","","","","","njk4cszk7qz8nro59w9f@o.o-w-o.info","","","","","","","","","","njk4cszk7qz8nro59w9f@o.o-w-o.info","","","","","","","","","","","","","dns105.ovh.net","ns105.ovh.net","","","clientDeleteProhibited","clientTransferProhibited","",""
"18","larbidesrevetements.com","2019-12-03 17:41:49","2019-12-02","2019-12-02","2020-12-02","433","OVH sas","whois.ovh.com","http://www.ovh.com","ZenHosting","ZenHosting","","","","","Tunisia","cg8yw1fknsie3m2qcd48@u.o-w-o.info","","","","","","","","","","wu1gs25wh77bidgaqe4f@c.o-w-o.info","","","","","","","","","","wu1gs25wh77bidgaqe4f@c.o-w-o.info","","","","","","","","","","","","","dns1.zenhosting.info","dns2.zenhosting.info","dns3.zenhosting.info","dns4.zenhosting.info","clientDeleteProhibited","clientTransferProhibited","",""
"19","lzindustrie.com","2019-12-03 17:22:04","2019-12-02","2019-12-02","2020-12-02","433","OVH sas","whois.ovh.com","http://www.ovh.com","ZenHosting","ZenHosting","","","","","Tunisia","ujcftfh60jjdjfry4dkd@h.o-w-o.info","","","","","","","","","","wu1gs25wh77bidgaqe4f@c.o-w-o.info","","","","","","","","","","wu1gs25wh77bidgaqe4f@c.o-w-o.info","","","","","","","","","","","","","dns1.zenhosting.info","dns2.zenhosting.info","dns3.zenhosting.info","dns4.zenhosting.info","clientDeleteProhibited","clientTransferProhibited","",""
"20","mohamed-bessi.com","2019-12-03 18:22:23","2019-12-01","2019-12-01","2020-12-01","433","OVH sas","whois.ovh.com","http://www.ovh.com","Cron Solution","Cron Solution","","","","","Tunisia","ojv0k3qpvh3fkr48iljt@y.o-w-o.info","","","","","","","","","","r71oern8yfh9k031vg14@x.o-w-o.info","","","","","","","","","","r71oern8yfh9k031vg14@x.o-w-o.info","","","","","","","","","","","","","dns105.ovh.net","ns105.ovh.net","","","clientDeleteProhibited","clientTransferProhibited","",""
"21","nextlevel-services.com","2019-12-03 18:26:54","2019-12-02","2019-12-02","2020-12-02","433","OVH sas","whois.ovh.com","http://www.ovh.com","","","","","","","Tunisia","xit5dmbbqoyjq56wn22l@b.o-w-o.info","","","","","","","","","","0dokz2n54ha0pyx19qv6@z.o-w-o.info","","","","","","","","","","0dokz2n54ha0pyx19qv6@z.o-w-o.info","","","","","","","","","","","","","dns105.ovh.net","ns105.ovh.net","","","clientDeleteProhibited","clientTransferProhibited","",""
"22","olimp216.com","2019-12-03 18:52:46","2019-12-02","2019-12-02","2020-12-02","146","GoDaddy.com, LLC","whois.godaddy.com","http://registrar.godaddy.com","","","","","Jebeniana","","Tunisia","","","","","","","","","","","","","","","","","","","","","","","","","","","","","","","","","","ns27.domaincontrol.com","ns28.domaincontrol.com","","","clientDeleteProhibited","clientRenewProhibited","clientTransferProhibited","clientUpdateProhibited"
"23","phytoessentia.com","2019-12-03 15:43:10","2019-12-02","2019-12-02","2020-12-02","303","PDR Ltd. d/b/a PublicDomainRegistry.com","whois.publicdomainregistry.com","http://www.publicdomainregistry.com","Hatem Hamouda","dada","03, rue 8003 montplaisir 0","Tunis","tunis","1073","Tunisia","studio@dadacrea.com","+216.27194177","","VIP Domaine","VIP DOMAINE","12 av cyrus le grand 0","tunis","tunis","1000","Tunisia","welcome@vipdomaine.net","+216.53222105","","VIP Domaine","VIP DOMAINE","12 av cyrus le grand 0","tunis","tunis","1000","Tunisia","welcome@vipdomaine.net","+216.53222105","","","","","","","","","","","","ns1.hebergement-cpanel.com","ns2.hebergement-cpanel.com","","","clientTransferProhibited","","",""
"24","salamfm.com","2019-12-03 17:21:38","2019-12-01","2019-12-01","2020-12-01","48","eNom, Inc.","whois.enom.com","http://www.enom.com","REDACTED FOR PRIVACY","REDACTED FOR PRIVACY","REDACTED FOR PRIVACY","REDACTED FOR PRIVACY","bizerte","REDACTED FOR PRIVACY","Tunisia","","REDACTED FOR PRIVACY","REDACTED FOR PRIVACY","REDACTED FOR PRIVACY","REDACTED FOR PRIVACY","REDACTED FOR PRIVACY","REDACTED FOR PRIVACY","REDACTED FOR PRIVACY","REDACTED FOR PRIVACY","REDACTED FOR PRIVACY","","REDACTED FOR PRIVACY","REDACTED FOR PRIVACY","REDACTED FOR PRIVACY","REDACTED FOR PRIVACY","REDACTED FOR PRIVACY","REDACTED FOR PRIVACY","REDACTED FOR PRIVACY","REDACTED FOR PRIVACY","REDACTED FOR PRIVACY","","REDACTED FOR PRIVACY","REDACTED FOR PRIVACY","","","","","","","","","","","ns1.a2hosting.com","ns2.a2hosting.com","ns3.a2hosting.com","ns4.a2hosting.com","addPeriod","clientTransferProhibited","",""
"25","sayaprouction.com","2019-12-03 14:32:00","2019-12-02","2019-12-02","2020-12-02","433","OVH sas","whois.ovh.com","http://www.ovh.com","","","","","","","Tunisia","am0e0z0m1mb37ejaa7fl@a.o-w-o.info","","","","","","","","","","x1oumrujjmub7c89u8wi@v.o-w-o.info","","","","","","","","","","x1oumrujjmub7c89u8wi@v.o-w-o.info","","","","","","","","","","","","","dns105.ovh.net","ns105.ovh.net","","","clientDeleteProhibited","clientTransferProhibited","",""
"26","sgmti.com","2019-12-03 14:23:11","2019-12-02","2019-12-02","2020-12-02","88","Namebay SAM","whois.namebay.com","http://www.namebay.com","REDACTED FOR PRIVACY","Topnet","REDACTED FOR PRIVACY","REDACTED FOR PRIVACY","TN","REDACTED FOR PRIVACY","Tunisia","","REDACTED FOR PRIVACY","REDACTED FOR PRIVACY","REDACTED FOR PRIVACY","REDACTED FOR PRIVACY","REDACTED FOR PRIVACY","REDACTED FOR PRIVACY","REDACTED FOR PRIVACY","REDACTED FOR PRIVACY","REDACTED FOR PRIVACY","","REDACTED FOR PRIVACY","REDACTED FOR PRIVACY","REDACTED FOR PRIVACY","REDACTED FOR PRIVACY","REDACTED FOR PRIVACY","REDACTED FOR PRIVACY","REDACTED FOR PRIVACY","REDACTED FOR PRIVACY","REDACTED FOR PRIVACY","","REDACTED FOR PRIVACY","REDACTED FOR PRIVACY","","","","","","","","","","","ns1.topnet.tn","ns2.topnet.tn","ns3.topnet.tn","","OK","","",""
"27","smeks.agency","2019-12-03 18:46:46","2019-12-02","2019-12-02","2020-12-02","433","OVH sas","whois.ovh.com","http://www.ovh.com","REDACTED FOR PRIVACY","SMART CYBER SOFT","REDACTED FOR PRIVACY","REDACTED FOR PRIVACY","","REDACTED FOR PRIVACY","Tunisia","","REDACTED FOR PRIVACY","REDACTED FOR PRIVACY","","","","","","","","","","","","","","","","","","","","","","","","","","","","","","","","","","","addPeriod","clientDeleteProhibited","clientTransferProhibited",""
"28","storeiptv.com","2019-12-03 14:57:12","2019-12-02","2019-12-02","2020-12-02","146","GoDaddy.com, LLC","whois.godaddy.com","http://registrar.godaddy.com","","","","","TUNIS","","Tunisia","","","","","","","","","","","","","","","","","","","","","","","","","","","","","","","","","","ns27.domaincontrol.com","ns28.domaincontrol.com","","","clientDeleteProhibited","clientRenewProhibited","clientTransferProhibited","clientUpdateProhibited"
"29","tawsel.net","2019-12-03 14:38:42","2019-11-30","2019-12-01","2020-11-30","48","eNom, Inc.","whois.enom.com","http://www.enom.com","REDACTED FOR PRIVACY","REDACTED FOR PRIVACY","REDACTED FOR PRIVACY","REDACTED FOR PRIVACY","Tunis","REDACTED FOR PRIVACY","Tunisia","","REDACTED FOR PRIVACY","REDACTED FOR PRIVACY","REDACTED FOR PRIVACY","REDACTED FOR PRIVACY","REDACTED FOR PRIVACY","REDACTED FOR PRIVACY","REDACTED FOR PRIVACY","REDACTED FOR PRIVACY","REDACTED FOR PRIVACY","","REDACTED FOR PRIVACY","REDACTED FOR PRIVACY","REDACTED FOR PRIVACY","REDACTED FOR PRIVACY","REDACTED FOR PRIVACY","REDACTED FOR PRIVACY","REDACTED FOR PRIVACY","REDACTED FOR PRIVACY","REDACTED FOR PRIVACY","","REDACTED FOR PRIVACY","REDACTED FOR PRIVACY","","","","","","","","","","","cns7.my-hosting-panel.com","cns8.my-hosting-panel.com","","","addPeriod","clientTransferProhibited","",""
"30","tinasty.com","2019-12-03 16:52:00","2019-12-02","2019-12-02","2020-12-02","433","OVH sas","whois.ovh.com","http://www.ovh.com","","","","","","","Tunisia","avmzzyydyyz4cbofhyvl@v.o-w-o.info","","","","","","","","","","6kbjuqecl9iusal39nh5@g.o-w-o.info","","","","","","","","","","6kbjuqecl9iusal39nh5@g.o-w-o.info","","","","","","","","","","","","","dns105.ovh.net","ns105.ovh.net","","","clientDeleteProhibited","clientTransferProhibited","",""
"31","tinasty.net","2019-12-03 18:26:41","2019-12-02","2019-12-02","2020-12-02","433","OVH sas","whois.ovh.com","http://www.ovh.com","","","","","","","Tunisia","c5i8h4t306d7ff0p4iaq@f.o-w-o.info","","","","","","","","","","6kbjuqecl9iusal39nh5@g.o-w-o.info","","","","","","","","","","6kbjuqecl9iusal39nh5@g.o-w-o.info","","","","","","","","","","","","","dns105.ovh.net","ns105.ovh.net","","","clientDeleteProhibited","clientTransferProhibited","",""
"32","travel-sage.com","2019-12-03 14:33:29","2019-12-02","2019-12-03","2020-12-02","1591","Promo People inc.","whois.nic.fr","http://www.ait.com","REDACTED FOR PRIVACY","REDACTED FOR PRIVACY","REDACTED FOR PRIVACY","REDACTED FOR PRIVACY","REDACTED FOR PRIVACY","REDACTED FOR PRIVACY","Tunisia","","REDACTED FOR PRIVACY","REDACTED FOR PRIVACY","REDACTED FOR PRIVACY","REDACTED FOR PRIVACY","REDACTED FOR PRIVACY","REDACTED FOR PRIVACY","REDACTED FOR PRIVACY","REDACTED FOR PRIVACY","REDACTED FOR PRIVACY","","REDACTED FOR PRIVACY","REDACTED FOR PRIVACY","REDACTED FOR PRIVACY","REDACTED FOR PRIVACY","REDACTED FOR PRIVACY","REDACTED FOR PRIVACY","REDACTED FOR PRIVACY","REDACTED FOR PRIVACY","REDACTED FOR PRIVACY","","REDACTED FOR PRIVACY","REDACTED FOR PRIVACY","","","","","","","","","","","ns1.hostpapa.com","ns2.hostpapa.com","","","clientTransferProhibited","clientUpdateProhibited","",""
"33","tripcrawlr.com","2019-12-03 15:27:48","2019-12-02","2019-12-03","2020-12-02","1591","Promo People inc.","whois.nic.fr","http://www.ait.com","REDACTED FOR PRIVACY","REDACTED FOR PRIVACY","REDACTED FOR PRIVACY","REDACTED FOR PRIVACY","REDACTED FOR PRIVACY","REDACTED FOR PRIVACY","Tunisia","","REDACTED FOR PRIVACY","REDACTED FOR PRIVACY","REDACTED FOR PRIVACY","REDACTED FOR PRIVACY","REDACTED FOR PRIVACY","REDACTED FOR PRIVACY","REDACTED FOR PRIVACY","REDACTED FOR PRIVACY","REDACTED FOR PRIVACY","","REDACTED FOR PRIVACY","REDACTED FOR PRIVACY","REDACTED FOR PRIVACY","REDACTED FOR PRIVACY","REDACTED FOR PRIVACY","REDACTED FOR PRIVACY","REDACTED FOR PRIVACY","REDACTED FOR PRIVACY","REDACTED FOR PRIVACY","","REDACTED FOR PRIVACY","REDACTED FOR PRIVACY","","","","","","","","","","","ns1.hostpapa.com","ns2.hostpapa.com","","","clientTransferProhibited","clientUpdateProhibited","",""
"34","tunisiesoft.com","2019-12-03 14:41:59","2019-12-02","2019-12-02","2020-12-02","88","Namebay SAM","whois.namebay.com","http://www.namebay.com","REDACTED FOR PRIVACY","Topnet","REDACTED FOR PRIVACY","REDACTED FOR PRIVACY","TN","REDACTED FOR PRIVACY","Tunisia","","REDACTED FOR PRIVACY","REDACTED FOR PRIVACY","REDACTED FOR PRIVACY","REDACTED FOR PRIVACY","REDACTED FOR PRIVACY","REDACTED FOR PRIVACY","REDACTED FOR PRIVACY","REDACTED FOR PRIVACY","REDACTED FOR PRIVACY","","REDACTED FOR PRIVACY","REDACTED FOR PRIVACY","REDACTED FOR PRIVACY","REDACTED FOR PRIVACY","REDACTED FOR PRIVACY","REDACTED FOR PRIVACY","REDACTED FOR PRIVACY","REDACTED FOR PRIVACY","REDACTED FOR PRIVACY","","REDACTED FOR PRIVACY","REDACTED FOR PRIVACY","","","","","","","","","","","ns1.topnet.tn","ns2.topnet.tn","ns3.topnet.tn","","OK","","",""
"35","yassine-hammami.com","2019-12-03 18:21:57","2019-12-02","2019-12-02","2020-12-02","146","GoDaddy.com, LLC","whois.godaddy.com","http://registrar.godaddy.com","","","","","Skanes","","Tunisia","","","","","","","","","","","","","","","","","","","","","","","","","","","","","","","","","","ns27.domaincontrol.com","ns28.domaincontrol.com","","","clientDeleteProhibited","clientRenewProhibited","clientTransferProhibited","clientUpdateProhibited"