"num","domain_name","query_time","create_date","update_date","expiry_date","domain_registrar_id","domain_registrar_name","domain_registrar_whois","domain_registrar_url","registrant_name","registrant_company","registrant_address","registrant_city","registrant_state","registrant_zip","registrant_country","registrant_email","registrant_phone","registrant_fax","administrative_name","administrative_company","administrative_address","administrative_city","administrative_state","administrative_zip","administrative_country","administrative_email","administrative_phone","administrative_fax","technical_name","technical_company","technical_address","technical_city","technical_state","technical_zip","technical_country","technical_email","technical_phone","technical_fax","billing_name","billing_company","billing_address","billing_city","billing_state","billing_zip","billing_country","billing_email","billing_phone","billing_fax","name_server_1","name_server_2","name_server_3","name_server_4","domain_status_1","domain_status_2","domain_status_3","domain_status_4"
"1","alexandertechniquekarter.com","2019-12-03 18:53:30","2019-12-02","2019-12-02","2020-12-02","600","Rebel.com Corp.","whois.rebel.com","http://www.rebel.com","Privacy Hero Inc","Privacy Hero Inc.","Neptune Court, Suite 204, Allegro Rd","Grace Bay","Providenciales","TKCA 1ZZ","Turks and Caicos Islands","4wy0qcls1i7m2keo@privacyhero.company","+1.8664973235","+1.6137061248","Privacy Hero Inc","Privacy Hero Inc.","Neptune Court, Suite 204, Allegro Rd","Grace Bay","Providenciales","TKCA 1ZZ","Turks and Caicos Islands","4wy0qcls1i7m2keo@privacyhero.company","+1.8664973235","+1.6137061248","Privacy Hero Inc","Privacy Hero Inc.","Neptune Court, Suite 204, Allegro Rd","Grace Bay","Providenciales","TKCA 1ZZ","Turks and Caicos Islands","4wy0qcls1i7m2keo@privacyhero.company","+1.8664973235","+1.6137061248","","","","","","","","","","","dns.rebel.com","dns2.rebel.com","","","","","",""
"2","gardencaremelbourne.com","2019-12-03 17:24:26","2019-12-02","2019-12-02","2020-12-02","600","Rebel.com Corp.","whois.rebel.com","http://www.rebel.com","Privacy Hero Inc","Privacy Hero Inc.","Neptune Court, Suite 204, Allegro Rd","Grace Bay","Providenciales","TKCA 1ZZ","Turks and Caicos Islands","23ovtkfm5yg12y1k@privacyhero.company","+1.8664973235","+1.6137061248","Privacy Hero Inc","Privacy Hero Inc.","Neptune Court, Suite 204, Allegro Rd","Grace Bay","Providenciales","TKCA 1ZZ","Turks and Caicos Islands","23ovtkfm5yg12y1k@privacyhero.company","+1.8664973235","+1.6137061248","Privacy Hero Inc","Privacy Hero Inc.","Neptune Court, Suite 204, Allegro Rd","Grace Bay","Providenciales","TKCA 1ZZ","Turks and Caicos Islands","23ovtkfm5yg12y1k@privacyhero.company","+1.8664973235","+1.6137061248","","","","","","","","","","","ns.my-ehost.com","ns2.my-ehost.com","","","","","",""
"3","hashtagtruth.net","2019-12-03 15:13:42","2019-12-01","2019-12-01","2020-12-01","600","Rebel.com Corp.","whois.rebel.com","http://www.rebel.com","Privacy Hero Inc","Privacy Hero Inc.","Neptune Court, Suite 204, Allegro Rd","Grace Bay","Providenciales","TKCA 1ZZ","Turks and Caicos Islands","tioeg3idx5fxqh09@privacyhero.company","+1.8664973235","+1.6137061248","Privacy Hero Inc","Privacy Hero Inc.","Neptune Court, Suite 204, Allegro Rd","Grace Bay","Providenciales","TKCA 1ZZ","Turks and Caicos Islands","tioeg3idx5fxqh09@privacyhero.company","+1.8664973235","+1.6137061248","Privacy Hero Inc","Privacy Hero Inc.","Neptune Court, Suite 204, Allegro Rd","Grace Bay","Providenciales","TKCA 1ZZ","Turks and Caicos Islands","tioeg3idx5fxqh09@privacyhero.company","+1.8664973235","+1.6137061248","","","","","","","","","","","dns.namescout.com","dns2.namescout.com","","","","","",""
"4","hashtagtruthbook.com","2019-12-03 14:22:48","2019-12-01","2019-12-01","2020-12-01","600","Rebel.com Corp.","whois.rebel.com","http://www.rebel.com","Privacy Hero Inc","Privacy Hero Inc.","Neptune Court, Suite 204, Allegro Rd","Grace Bay","Providenciales","TKCA 1ZZ","Turks and Caicos Islands","tioeg3idx5fxqh09@privacyhero.company","+1.8664973235","+1.6137061248","Privacy Hero Inc","Privacy Hero Inc.","Neptune Court, Suite 204, Allegro Rd","Grace Bay","Providenciales","TKCA 1ZZ","Turks and Caicos Islands","tioeg3idx5fxqh09@privacyhero.company","+1.8664973235","+1.6137061248","Privacy Hero Inc","Privacy Hero Inc.","Neptune Court, Suite 204, Allegro Rd","Grace Bay","Providenciales","TKCA 1ZZ","Turks and Caicos Islands","tioeg3idx5fxqh09@privacyhero.company","+1.8664973235","+1.6137061248","","","","","","","","","","","dns.namescout.com","dns2.namescout.com","","","","","",""
"5","stanbrookscorp.com","2019-12-03 16:48:53","2019-12-02","2019-12-02","2020-12-02","81","Gandi SAS","whois.gandi.net","http://www.gandi.net","REDACTED FOR PRIVACY","","REDACTED FOR PRIVACY","REDACTED FOR PRIVACY","","REDACTED FOR PRIVACY","Turks and Caicos Islands","c1edca94b2dfcd2727e2534c30ba0cb5-16368147@contact.gandi.net","REDACTED FOR PRIVACY","REDACTED FOR PRIVACY","REDACTED FOR PRIVACY","REDACTED FOR PRIVACY","REDACTED FOR PRIVACY","REDACTED FOR PRIVACY","REDACTED FOR PRIVACY","REDACTED FOR PRIVACY","REDACTED FOR PRIVACY","c1edca94b2dfcd2727e2534c30ba0cb5-16368147@contact.gandi.net","REDACTED FOR PRIVACY","REDACTED FOR PRIVACY","REDACTED FOR PRIVACY","REDACTED FOR PRIVACY","REDACTED FOR PRIVACY","REDACTED FOR PRIVACY","REDACTED FOR PRIVACY","REDACTED FOR PRIVACY","REDACTED FOR PRIVACY","c1edca94b2dfcd2727e2534c30ba0cb5-16368147@contact.gandi.net","REDACTED FOR PRIVACY","REDACTED FOR PRIVACY","","","","","","","","","","","ns-127-c.gandi.net","ns-195-a.gandi.net","ns-51-b.gandi.net","","clientTransferProhibited","","",""