"num","domain_name","query_time","create_date","update_date","expiry_date","domain_registrar_id","domain_registrar_name","domain_registrar_whois","domain_registrar_url","registrant_name","registrant_company","registrant_address","registrant_city","registrant_state","registrant_zip","registrant_country","registrant_email","registrant_phone","registrant_fax","administrative_name","administrative_company","administrative_address","administrative_city","administrative_state","administrative_zip","administrative_country","administrative_email","administrative_phone","administrative_fax","technical_name","technical_company","technical_address","technical_city","technical_state","technical_zip","technical_country","technical_email","technical_phone","technical_fax","billing_name","billing_company","billing_address","billing_city","billing_state","billing_zip","billing_country","billing_email","billing_phone","billing_fax","name_server_1","name_server_2","name_server_3","name_server_4","domain_status_1","domain_status_2","domain_status_3","domain_status_4"
"1","cvklakesideresortguesthouse.com","2019-12-03 16:03:59","2019-12-02","2019-12-02","2020-12-02","625","Name.com, Inc.","whois.name.com","http://www.name.com","Royal Sites","Royal Sites Ltd","P. O Box 21806","Kampala","00","00","Uganda","mdillys@gmail.com","+256.776700683","","Royal Sites","Royal Sites Ltd","P. O Box 21806","Kampala","00","00","Uganda","mdillys@gmail.com","+256.776700683","","Royal Sites","Royal Sites Ltd","P. O Box 21806","Kampala","00","00","Uganda","mdillys@gmail.com","+256.776700683","","","","","","","","","","","","ns1.speedydns.net","ns2.speedydns.net","","","addPeriod","clientTransferProhibited","",""
"2","deejaysting.com","2019-12-03 17:45:30","2019-12-02","2019-12-02","2020-12-02","1154","FastDomain Inc.","whois.fastdomain.com","http://www.fastdomain.com","HUSEIN SSEKITO","RETRO MEDIA UGANDA","06 KAMPALA ROAD KAWUKU","KAMPALA","","256","Uganda","retromediaug@gmail.com","+256.787340398","","HUSEIN SSEKITO","RETRO MEDIA UGANDA","06 KAMPALA ROAD KAWUKU","KAMPALA","","256","Uganda","retromediaug@gmail.com","+256.787340398","","BLUEHOST INC","BLUEHOST.COM","550 E TIMPANOGOS PKWY","OREM","UTAH","84097","United States","support-domain@bluehost.com","+1.8017659400","+1.8017651992","","","","","","","","","","","ns1.bluehost.com","ns2.bluehost.com","","","clientTransferProhibited","","",""
"3","deltanetfiber.com","2019-12-03 18:43:31","2019-12-02","2019-12-02","2020-12-02","303","PDR Ltd. d/b/a PublicDomainRegistry.com","whois.publicdomainregistry.com","http://www.publicdomainregistry.com","Masaba Peter","","Mulago","KAMPALA","East Africa","256","Uganda","setup1443@gmail.com","+256.789625506","","Masaba Peter","","Mulago","KAMPALA","East Africa","256","Uganda","setup1443@gmail.com","+256.789625506","","Masaba Peter","","Mulago","KAMPALA","East Africa","256","Uganda","setup1443@gmail.com","+256.789625506","","","","","","","","","","","","ns1.ds1094.tmddedicated.eu","ns2.ds1094.tmddedicated.eu","","","clientTransferProhibited","","",""
"4","friendsnaturesafaris.com","2019-12-03 14:43:51","2019-12-02","2019-12-02","2020-12-02","48","eNom, Inc.","whois.enom.com","http://www.enom.com","REDACTED FOR PRIVACY","REDACTED FOR PRIVACY","REDACTED FOR PRIVACY","REDACTED FOR PRIVACY","Central","REDACTED FOR PRIVACY","Uganda","","REDACTED FOR PRIVACY","REDACTED FOR PRIVACY","REDACTED FOR PRIVACY","REDACTED FOR PRIVACY","REDACTED FOR PRIVACY","REDACTED FOR PRIVACY","REDACTED FOR PRIVACY","REDACTED FOR PRIVACY","REDACTED FOR PRIVACY","","REDACTED FOR PRIVACY","REDACTED FOR PRIVACY","REDACTED FOR PRIVACY","REDACTED FOR PRIVACY","REDACTED FOR PRIVACY","REDACTED FOR PRIVACY","REDACTED FOR PRIVACY","REDACTED FOR PRIVACY","REDACTED FOR PRIVACY","","REDACTED FOR PRIVACY","REDACTED FOR PRIVACY","","","","","","","","","","","ns1.webhostingpad.com","ns2.webhostingpad.com","","","addPeriod","clientTransferProhibited","",""
"5","gosmsuganda.com","2019-12-03 16:53:55","2019-12-02","2019-12-02","2020-12-02","303","PDR Ltd. d/b/a PublicDomainRegistry.com","whois.publicdomainregistry.com","http://www.publicdomainregistry.com","Edgar Wagimweri","GoSMS Uganda","Ntinda 0000","Kampala","0000","0000","Uganda","ewagimweri@gmail.com","+256.704900950","","Edgar Wagimweri","GoSMS Uganda","Ntinda 0000","Kampala","0000","0000","Uganda","ewagimweri@gmail.com","+256.704900950","","Edgar Wagimweri","GoSMS Uganda","Ntinda 0000","Kampala","0000","0000","Uganda","ewagimweri@gmail.com","+256.704900950","","","","","","","","","","","","ns220.jubileewebhost.com","ns221.jubileewebhost.com","ns222.jubileewebhost.com","ns223.jubileewebhost.com","clientTransferProhibited","","",""
"6","incredibleyouthinternational.com","2019-12-03 14:17:02","2019-12-02","2019-12-02","2020-12-02","303","PDR Ltd. d/b/a PublicDomainRegistry.com","whois.publicdomainregistry.com","http://www.publicdomainregistry.com","Premar Systems","Premar Systems-SMC Ltd","Kisakye Complex Spring Road Bugolobi Kampala","Kampala","Kampala","00100","Uganda","info@premar.tech","+256.256704066314","","Premar Systems","Premar Systems-SMC Ltd","Kisakye Complex Spring Road Bugolobi Kampala","Kampala","Kampala","00100","Uganda","info@premar.tech","+256.256704066314","","Premar Systems","Premar Systems-SMC Ltd","Kisakye Complex Spring Road Bugolobi Kampala","Kampala","Kampala","00100","Uganda","info@premar.tech","+256.256704066314","","","","","","","","","","","","ns1.servconfig.com","ns2.servconfig.com","","","clientTransferProhibited","","",""
"7","jandiraclub.com","2019-12-03 15:11:16","2019-12-02","2019-12-02","2020-12-02","1564","TLD Registrar Solutions Ltd.","whois.tldregistrarsolutions.com","http://www.tldregistrarsolutions.com","Not disclosed Not disclosed","","Not disclosed, Not disclosed, Not disclosed","Not disclosed","","00000","Uganda","20462570ac5941c1ccb4f0472dcdc04d.gdrp@customers.whoisprivacycorp.com","+1.5163872248","","Not disclosed Not disclosed","","Not disclosed, Not disclosed, Not disclosed","Not disclosed","","00000","Uganda","20462570ac5941c1ccb4f0472dcdc04d.gdrp@customers.whoisprivacycorp.com","+1.5163872248","","Not disclosed Not disclosed","","Not disclosed, Not disclosed, Not disclosed","Not disclosed","","00000","Uganda","20462570ac5941c1ccb4f0472dcdc04d.gdrp@customers.whoisprivacycorp.com","+1.5163872248","","","","","","","","","","","","ns3.mavenserverz.com","ns4.mavenserverz.com","","","clientTransferProhibited","ok","",""
"8","jetmediaug.biz","2019-12-03 16:15:56","2019-11-30","2019-11-30","2020-11-30","303","PDR Ltd. d/b/a PublicDomainRegistry.com","whois.publicdomainregistry.com","http://www.publicdomainregistry.com","JetMedia 256","JetMedia 256","","","Kampala","","Uganda","","","","","","","","","","","","","","","","","","","","","","","","","","","","","","","","","","ns1.dreamhost.com","ns2.dreamhost.com","ns3.dreamhost.com","","addPeriod","clientTransferProhibited","",""
"9","jusureconstructioncompanyltd.com","2019-12-03 16:46:03","2019-12-02","2019-12-02","2020-12-02","48","eNom, Inc.","whois.enom.com","http://www.enom.com","REDACTED FOR PRIVACY","REDACTED FOR PRIVACY","REDACTED FOR PRIVACY","REDACTED FOR PRIVACY","Kampala","REDACTED FOR PRIVACY","Uganda","","REDACTED FOR PRIVACY","REDACTED FOR PRIVACY","REDACTED FOR PRIVACY","REDACTED FOR PRIVACY","REDACTED FOR PRIVACY","REDACTED FOR PRIVACY","REDACTED FOR PRIVACY","REDACTED FOR PRIVACY","REDACTED FOR PRIVACY","","REDACTED FOR PRIVACY","REDACTED FOR PRIVACY","REDACTED FOR PRIVACY","REDACTED FOR PRIVACY","REDACTED FOR PRIVACY","REDACTED FOR PRIVACY","REDACTED FOR PRIVACY","REDACTED FOR PRIVACY","REDACTED FOR PRIVACY","","REDACTED FOR PRIVACY","REDACTED FOR PRIVACY","","","","","","","","","","","ns1.nextelsystems.com","ns2.nextelsystems.com","","","addPeriod","clientTransferProhibited","",""
"10","movichotelug.com","2019-12-03 15:49:51","2019-12-02","2019-12-02","2020-12-02","1390","Mesh Digital Limited","whois.meshdigital.com","http://www.meshdigital.com","REDACTED FOR PRIVACY","","REDACTED FOR PRIVACY","REDACTED FOR PRIVACY","","REDACTED FOR PRIVACY","Uganda","","REDACTED FOR PRIVACY","REDACTED FOR PRIVACY","","","","","","","","","","","","","","","","","","","","","","","","","","","","","","","ns1.dualinfosolutions.info","ns2.dualinfosolutions.info","","","OK","","",""
"11","nativeug.com","2019-12-03 14:38:40","2019-12-02","2019-12-02","2020-12-02","1591","Promo People inc.","whois.nic.fr","http://www.ait.com","REDACTED FOR PRIVACY","REDACTED FOR PRIVACY","REDACTED FOR PRIVACY","REDACTED FOR PRIVACY","REDACTED FOR PRIVACY","REDACTED FOR PRIVACY","Uganda","","REDACTED FOR PRIVACY","REDACTED FOR PRIVACY","REDACTED FOR PRIVACY","REDACTED FOR PRIVACY","REDACTED FOR PRIVACY","REDACTED FOR PRIVACY","REDACTED FOR PRIVACY","REDACTED FOR PRIVACY","REDACTED FOR PRIVACY","","REDACTED FOR PRIVACY","REDACTED FOR PRIVACY","REDACTED FOR PRIVACY","REDACTED FOR PRIVACY","REDACTED FOR PRIVACY","REDACTED FOR PRIVACY","REDACTED FOR PRIVACY","REDACTED FOR PRIVACY","REDACTED FOR PRIVACY","","REDACTED FOR PRIVACY","REDACTED FOR PRIVACY","","","","","","","","","","","ns1.hostpapa.com","ns2.hostpapa.com","","","clientTransferProhibited","clientUpdateProhibited","",""
"12","okalstyles.com","2019-12-03 17:29:25","2019-12-02","2019-12-02","2020-12-02","625","Name.com, Inc.","whois.name.com","http://www.name.com","Ronald Mawejje","","Plot 16B Martin Road Old Kampala","Kampala","Uganda","256","Uganda","crystalwebsitehosting@gmail.com","+256.704506126","","Ronald Mawejje","","Plot 16B Martin Road Old Kampala","Kampala","Uganda","256","Uganda","crystalwebsitehosting@gmail.com","+256.704506126","","Ronald Mawejje","","Plot 16B Martin Road Old Kampala","Kampala","Uganda","256","Uganda","crystalwebsitehosting@gmail.com","+256.704506126","","","","","","","","","","","","ns1.gorillatourbooking.com","ns2.gorillatourbooking.com","","","addPeriod","clientTransferProhibited","",""
"13","petertwesigye.com","2019-12-03 18:33:13","2019-12-02","","2020-12-02","1068","NameCheap, Inc.","whois.namecheap.com","http://www.namecheap.com","Ayebare Joshua","Forbes Software Hub and IT Consults","SouthWing STF 066, Wandegeya Market","Kampala","NA","256","Uganda","joshayeb@gmail.com","+256.783399000","","Ayebare Joshua","Forbes Software Hub and IT Consults","SouthWing STF 066, Wandegeya Market","Kampala","NA","256","Uganda","joshayeb@gmail.com","+256.783399000","","Ayebare Joshua","Forbes Software Hub and IT Consults","SouthWing STF 066, Wandegeya Market","Kampala","NA","256","Uganda","joshayeb@gmail.com","+256.783399000","","","","","","","","","","","","dns1.registrar-servers.com","dns2.registrar-servers.com","","","addPeriod","clientTransferProhibited","",""
"14","pristinepsycare.com","2019-12-03 15:32:09","2019-12-02","2019-12-02","2020-12-02","1390","Mesh Digital Limited","whois.meshdigital.com","http://www.meshdigital.com","REDACTED FOR PRIVACY","","REDACTED FOR PRIVACY","REDACTED FOR PRIVACY","","REDACTED FOR PRIVACY","Uganda","","REDACTED FOR PRIVACY","REDACTED FOR PRIVACY","","","","","","","","","","","","","","","","","","","","","","","","","","","","","","","ns1.crystalwebhosting.com","ns2.crystalwebhosting.com","","","OK","","",""
"15","sandhbolt.com","2019-12-03 19:02:29","2019-12-02","2019-12-02","2020-12-02","1390","Mesh Digital Limited","whois.meshdigital.com","http://www.meshdigital.com","REDACTED FOR PRIVACY","","REDACTED FOR PRIVACY","REDACTED FOR PRIVACY","","REDACTED FOR PRIVACY","Uganda","","REDACTED FOR PRIVACY","REDACTED FOR PRIVACY","","","","","","","","","","","","","","","","","","","","","","","","","","","","","","","ns1.crystalwebhosting.com","ns2.crystalwebhosting.com","","","OK","","",""
"16","smartrideug.com","2019-12-03 17:51:51","2019-12-02","2019-12-02","2020-12-02","955","Launchpad, Inc.","whois.launchpad.com","http://www.launchpad.com","OKETAYOT PAUL","Website","134 Bukoto street","KAMPALA","Kampala","2560","Uganda","oketayotpaul@gmail.com","+256.704637395","","OKETAYOT PAUL","Website","134 Bukoto street","KAMPALA","Kampala","2560","Uganda","oketayotpaul@gmail.com","+256.704637395","","OKETAYOT PAUL","Website","134 Bukoto street","KAMPALA","Kampala","2560","Uganda","oketayotpaul@gmail.com","+256.704637395","","","","","","","","","","","","ns1157.websitewelcome.com","ns1158.websitewelcome.com","","","clientTransferProhibited","","",""
"17","stmarysdentalservices.com","2019-12-03 17:02:55","2019-12-02","2019-12-02","2020-12-02","1390","Mesh Digital Limited","whois.meshdigital.com","http://www.meshdigital.com","REDACTED FOR PRIVACY","","REDACTED FOR PRIVACY","REDACTED FOR PRIVACY","","REDACTED FOR PRIVACY","Uganda","","REDACTED FOR PRIVACY","REDACTED FOR PRIVACY","","","","","","","","","","","","","","","","","","","","","","","","","","","","","","","ns1.crystalwebhosting.com","ns2.crystalwebhosting.com","","","OK","","",""
"18","triptogorillas.com","2019-12-03 16:23:14","2019-12-02","2019-12-02","2020-12-02","440","Wild West Domains, LLC","whois.wildwestdomains.com","http://www.wildwestdomains.com","","","","","Kampala","","Uganda","","","","","","","","","","","","","","","","","","","","","","","","","","","","","","","","","","ns1.ipage.com","ns2.ipage.com","","","clientDeleteProhibited","clientRenewProhibited","clientTransferProhibited","clientUpdateProhibited"
"19","tsanta-es.com","2019-12-03 19:00:25","2019-12-02","2019-12-02","2020-12-02","303","PDR Ltd. d/b/a PublicDomainRegistry.com","whois.publicdomainregistry.com","http://www.publicdomainregistry.com","lace invest","","military","kampala","kampala","00256","Uganda","tdptcw@gmail.com","+256.802154346754","","lace invest","","military","kampala","kampala","00256","Uganda","tdptcw@gmail.com","+256.802154346754","","lace invest","","military","kampala","kampala","00256","Uganda","tdptcw@gmail.com","+256.802154346754","","","","","","","","","","","","monovm.earth.orderbox-dns.com","monovm.mars.orderbox-dns.com","monovm.mercury.orderbox-dns.com","monovm.venus.orderbox-dns.com","clientTransferProhibited","","",""
"20","winnextechnicalservices.com","2019-12-03 15:42:47","2019-12-01","2019-12-01","2020-12-01","1636","Hostinger, UAB","whois.hostinger.com","http://www.hostinger.com","Winnex Technical Services","Winnex Technical Services","Mukwano Courts","Kampala","Kampala","256","Uganda","aftigroup@gmail.com","+256.782565761","","Winnex Technical Services","Winnex Technical Services","Mukwano Courts","Kampala","Kampala","256","Uganda","aftigroup@gmail.com","+256.782565761","","Winnex Technical Services","Winnex Technical Services","Mukwano Courts","Kampala","Kampala","256","Uganda","aftigroup@gmail.com","+256.782565761","","","","","","","","","","","","ns1.dns-parking.com","ns2.dns-parking.com","","","clientTransferProhibited","","",""
"21","wunderbarafricasafaris.com","2019-12-03 18:56:44","2019-12-02","2019-12-02","2020-12-02","1390","Mesh Digital Limited","whois.meshdigital.com","http://www.meshdigital.com","REDACTED FOR PRIVACY","","REDACTED FOR PRIVACY","REDACTED FOR PRIVACY","","REDACTED FOR PRIVACY","Uganda","","REDACTED FOR PRIVACY","REDACTED FOR PRIVACY","","","","","","","","","","","","","","","","","","","","","","","","","","","","","","","ns1.crystalwebhosting.com","ns2.crystalwebhosting.com","","","OK","","",""