"num","domain_name","query_time","create_date","update_date","expiry_date","domain_registrar_id","domain_registrar_name","domain_registrar_whois","domain_registrar_url","registrant_name","registrant_company","registrant_address","registrant_city","registrant_state","registrant_zip","registrant_country","registrant_email","registrant_phone","registrant_fax","administrative_name","administrative_company","administrative_address","administrative_city","administrative_state","administrative_zip","administrative_country","administrative_email","administrative_phone","administrative_fax","technical_name","technical_company","technical_address","technical_city","technical_state","technical_zip","technical_country","technical_email","technical_phone","technical_fax","billing_name","billing_company","billing_address","billing_city","billing_state","billing_zip","billing_country","billing_email","billing_phone","billing_fax","name_server_1","name_server_2","name_server_3","name_server_4","domain_status_1","domain_status_2","domain_status_3","domain_status_4"
"1","5brujas.com","2019-12-03 19:11:00","2019-12-01","2019-12-01","2021-12-01","146","GoDaddy.com, LLC","whois.godaddy.com","http://registrar.godaddy.com","","","","","Canelones","","Uruguay","","","","","","","","","","","","","","","","","","","","","","","","","","","","","","","","","","ns1.hostmonster.com","ns2.hostmonster.com","","","clientDeleteProhibited","clientRenewProhibited","clientTransferProhibited","clientUpdateProhibited"
"2","abogadoabogados.com","2019-12-03 18:16:05","2019-12-01","2019-12-01","2020-12-01","146","GoDaddy.com, LLC","whois.godaddy.com","http://registrar.godaddy.com","","","","","Montevideo","","Uruguay","","","","","","","","","","","","","","","","","","","","","","","","","","","","","","","","","","ns1.dreamhost.com","ns2.dreamhost.com","ns3.dreamhost.com","","clientDeleteProhibited","clientRenewProhibited","clientTransferProhibited","clientUpdateProhibited"
"3","aef-uruguay.com","2019-12-03 18:34:13","2019-12-02","2019-12-02","2020-12-02","146","GoDaddy.com, LLC","whois.godaddy.com","http://registrar.godaddy.com","","","","","Montevideo","","Uruguay","","","","","","","","","","","","","","","","","","","","","","","","","","","","","","","","","","ns27.domaincontrol.com","ns28.domaincontrol.com","","","clientDeleteProhibited","clientRenewProhibited","clientTransferProhibited","clientUpdateProhibited"
"4","aefuruguay.com","2019-12-03 17:07:50","2019-12-02","2019-12-02","2020-12-02","146","GoDaddy.com, LLC","whois.godaddy.com","http://registrar.godaddy.com","","","","","Montevideo","","Uruguay","","","","","","","","","","","","","","","","","","","","","","","","","","","","","","","","","","ns27.domaincontrol.com","ns28.domaincontrol.com","","","clientDeleteProhibited","clientRenewProhibited","clientTransferProhibited","clientUpdateProhibited"
"5","chinaclubworldcup.com","2019-12-03 19:10:51","2019-12-01","2019-12-01","2020-12-01","303","PDR Ltd. d/b/a PublicDomainRegistry.com","whois.publicdomainregistry.com","http://www.publicdomainregistry.com","Alberto Martin Scasso Volonte","AMS CO.","Guayaqui 3425","Montevideo","Montevideo","11000","Uruguay","ams.uy@live.com","+598.91800001","","Alberto Martin Scasso Volonte","AMS CO.","Guayaqui 3425","Montevideo","Montevideo","11000","Uruguay","ams.uy@live.com","+598.91800001","","Alberto Martin Scasso Volonte","AMS CO.","Guayaqui 3425","Montevideo","Montevideo","11000","Uruguay","ams.uy@live.com","+598.91800001","","","","","","","","","","","","dns1.hostingenlaweb.com","ns1-diagonal.hostingenlaweb.com","ns1-gaucho.hostingenlaweb.com","ns1-uy.hostingenlaweb.com","clientTransferProhibited","","",""
"6","clubworldcupchina.com","2019-12-03 18:12:27","2019-12-01","2019-12-01","2020-12-01","303","PDR Ltd. d/b/a PublicDomainRegistry.com","whois.publicdomainregistry.com","http://www.publicdomainregistry.com","Alberto Martin Scasso Volonte","AMS CO.","Guayaqui 3425","Montevideo","Montevideo","11000","Uruguay","ams.uy@live.com","+598.91800001","","Alberto Martin Scasso Volonte","AMS CO.","Guayaqui 3425","Montevideo","Montevideo","11000","Uruguay","ams.uy@live.com","+598.91800001","","Alberto Martin Scasso Volonte","AMS CO.","Guayaqui 3425","Montevideo","Montevideo","11000","Uruguay","ams.uy@live.com","+598.91800001","","","","","","","","","","","","dns1.hostingenlaweb.com","ns1-diagonal.hostingenlaweb.com","ns1-gaucho.hostingenlaweb.com","ns1-uy.hostingenlaweb.com","clientTransferProhibited","","",""
"7","diagnosticoauditivo.com","2019-12-03 18:26:56","2019-12-02","2019-12-02","2020-12-02","3817","Wix.com Ltd.","","","Juan Ignacio Seijas","Diagnostico Auditivo","Nicaragua 2422","Montevideo","","11800","Uruguay","diagnosticoauditivo.com@wix-domains.com","+1.4159496022","","Juan Ignacio Seijas","Diagnostico Auditivo","Nicaragua 2422","Montevideo","","11800","Uruguay","nacho0292@hotmail.com","+598.96865050","","Juan Ignacio Seijas","Diagnostico Auditivo","Nicaragua 2422","Montevideo","","11800","Uruguay","nacho0292@hotmail.com","+598.96865050","","","","","","","","","","","","ns10.wixdns.net","ns11.wixdns.net","","","clientTransferProhibited","clientUpdateProhibited","",""
"8","dilanperes.com","2019-12-03 17:16:39","2019-12-02","2019-12-02","2020-12-02","146","GoDaddy.com, LLC","whois.godaddy.com","http://registrar.godaddy.com","","","","","Rio Negro","","Uruguay","","","","","","","","","","","","","","","","","","","","","","","","","","","","","","","","","","ns27.domaincontrol.com","ns28.domaincontrol.com","","","clientDeleteProhibited","clientRenewProhibited","clientTransferProhibited","clientUpdateProhibited"
"9","disruptya.com","2019-12-03 15:24:28","2019-12-01","2019-12-01","2020-12-01","303","PDR Ltd. d/b/a PublicDomainRegistry.com","whois.publicdomainregistry.com","http://www.publicdomainregistry.com","Oliver Viana","Kemacoko","M25 S13 Shangrila","Ciudad de la Costa","Canelones","15001","Uruguay","silvertunning@gmail.com","+598.6114578","","Oliver Viana","Kemacoko","M25 S13 Shangrila","Ciudad de la Costa","Canelones","15001","Uruguay","silvertunning@gmail.com","+598.6114578","","Oliver Viana","Kemacoko","M25 S13 Shangrila","Ciudad de la Costa","Canelones","15001","Uruguay","silvertunning@gmail.com","+598.6114578","","","","","","","","","","","","ns1.bh-47.webhostbox.net","ns2.bh-47.webhostbox.net","","","clientTransferProhibited","","",""
"10","easyairport.biz","2019-12-03 14:25:09","2019-11-29","2019-11-29","2020-11-29","146","GoDaddy.com, LLC","whois.godaddy.com","http://registrar.godaddy.com","","","","","Cenelones","","Uruguay","","","","","","","","","","","","","","","","","","","","","","","","","","","","","","","","","","ns53.domaincontrol.com","ns54.domaincontrol.com","","","addPeriod","clientDeleteProhibited","clientRenewProhibited","clientTransferProhibited"
"11","edenreduy.com","2019-12-03 17:18:52","2019-12-02","2019-12-02","2021-12-02","146","GoDaddy.com, LLC","whois.godaddy.com","http://registrar.godaddy.com","","","","","Montevideo","","Uruguay","","","","","","","","","","","","","","","","","","","","","","","","","","","","","","","","","","ns27.domaincontrol.com","ns28.domaincontrol.com","","","clientDeleteProhibited","clientRenewProhibited","clientTransferProhibited","clientUpdateProhibited"
"12","eduwebit.com","2019-12-03 16:34:11","2019-12-02","2019-12-02","2020-12-02","303","PDR Ltd. d/b/a PublicDomainRegistry.com","whois.publicdomainregistry.com","http://www.publicdomainregistry.com","Julian Sosa","J.S. SERVICE","Godoy 4737 bis","Montevideo","Montevideo","11400","Uruguay","jsserviceuy@gmail.com","+598.25252173","","Julian Sosa","J.S. SERVICE","Godoy 4737 bis","Montevideo","Montevideo","11400","Uruguay","jsserviceuy@gmail.com","+598.25252173","","Julian Sosa","J.S. SERVICE","Godoy 4737 bis","Montevideo","Montevideo","11400","Uruguay","jsserviceuy@gmail.com","+598.25252173","","","","","","","","","","","","tina.ns.cloudflare.com","tony.ns.cloudflare.com","","","clientTransferProhibited","","",""
"13","gaboncio.com","2019-12-03 15:14:09","2019-12-02","2019-12-02","2020-12-02","146","GoDaddy.com, LLC","whois.godaddy.com","http://registrar.godaddy.com","Dot Qual Informatica","Dot Qual Informatica","","","Montevideo","","Uruguay","","","","","","","","","","","","","","","","","","","","","","","","","","","","","","","","","","ns607.websitewelcome.com","ns608.websitewelcome.com","","","clientDeleteProhibited","clientRenewProhibited","clientTransferProhibited","clientUpdateProhibited"
"14","gasmico.com","2019-12-03 16:49:28","2019-12-02","2019-12-02","2020-12-02","146","GoDaddy.com, LLC","whois.godaddy.com","http://registrar.godaddy.com","","","","","San Jose","","Uruguay","","","","","","","","","","","","","","","","","","","","","","","","","","","","","","","","","","ns27.domaincontrol.com","ns28.domaincontrol.com","","","clientDeleteProhibited","clientRenewProhibited","clientTransferProhibited","clientUpdateProhibited"
"15","javibrianthe.com","2019-12-03 14:23:01","2019-12-02","2019-12-02","2020-12-02","146","GoDaddy.com, LLC","whois.godaddy.com","http://registrar.godaddy.com","","","","","San Jose","","Uruguay","","","","","","","","","","","","","","","","","","","","","","","","","","","","","","","","","","ns6561.hostgator.com","ns6562.hostgator.com","","","clientDeleteProhibited","clientRenewProhibited","clientTransferProhibited","clientUpdateProhibited"
"16","maestrasconscientes.com","2019-12-03 14:32:31","2019-12-02","2019-12-02","2020-12-02","303","PDR Ltd. d/b/a PublicDomainRegistry.com","whois.publicdomainregistry.com","http://www.publicdomainregistry.com","Silvia Aguirre","","Carmen 704","Carmelo","Colonia","70100","Uruguay","silviaaguirre210@gmail.com","+598.98834269","","Silvia Aguirre","","Carmen 704","Carmelo","Colonia","70100","Uruguay","silviaaguirre210@gmail.com","+598.98834269","","Silvia Aguirre","","Carmen 704","Carmelo","Colonia","70100","Uruguay","silviaaguirre210@gmail.com","+598.98834269","","","","","","","","","","","","ns1.servidorlinux15.com","ns2.servidorlinux15.com","","","clientTransferProhibited","","",""
"17","mandalauruguay.com","2019-12-03 15:32:46","2019-12-01","2019-12-01","2020-12-01","1647","Hosting Concepts B.V. dba Openprovider","whois.registrar.eu","http://www.openprovider.com","REDACTED FOR PRIVACY","MandalaUruguay","REDACTED FOR PRIVACY","REDACTED FOR PRIVACY","salto","REDACTED FOR PRIVACY","Uruguay","","REDACTED FOR PRIVACY","REDACTED FOR PRIVACY","REDACTED FOR PRIVACY","REDACTED FOR PRIVACY","REDACTED FOR PRIVACY","REDACTED FOR PRIVACY","REDACTED FOR PRIVACY","REDACTED FOR PRIVACY","REDACTED FOR PRIVACY","","REDACTED FOR PRIVACY","REDACTED FOR PRIVACY","REDACTED FOR PRIVACY","REDACTED FOR PRIVACY","REDACTED FOR PRIVACY","REDACTED FOR PRIVACY","REDACTED FOR PRIVACY","REDACTED FOR PRIVACY","REDACTED FOR PRIVACY","","REDACTED FOR PRIVACY","REDACTED FOR PRIVACY","","","","","","","","","","","dns1.sered.net","dns2.sered.net","","","clientTransferProhibited","ok","",""
"18","perlaingoldseguros.com","2019-12-03 14:16:32","2019-12-02","2019-12-02","2020-12-02","3817","Wix.com Ltd.","","","PERLA INGOLD","PERLA INGOLD","18 de JULIO 1516/1101","MONTEVIDEO","","11200","Uruguay","perlaingoldseguros.com@wix-domains.com","+1.4159496022","","PERLA INGOLD","PERLA INGOLD","18 de JULIO 1516/1101","MONTEVIDEO","","11200","Uruguay","info@perlaingoldseguros.com.uy","+598.24006821","","PERLA INGOLD","PERLA INGOLD","18 de JULIO 1516/1101","MONTEVIDEO","","11200","Uruguay","info@perlaingoldseguros.com.uy","+598.24006821","","","","","","","","","","","","ns6.wixdns.net","ns7.wixdns.net","","","clientTransferProhibited","clientUpdateProhibited","",""
"19","portugalspain2030.com","2019-12-03 16:01:09","2019-12-01","2019-12-01","2020-12-01","303","PDR Ltd. d/b/a PublicDomainRegistry.com","whois.publicdomainregistry.com","http://www.publicdomainregistry.com","Alberto Martin Scasso Volonte","AMS CO.","Guayaqui 3425","Montevideo","Montevideo","11000","Uruguay","ams.uy@live.com","+598.91800001","","Alberto Martin Scasso Volonte","AMS CO.","Guayaqui 3425","Montevideo","Montevideo","11000","Uruguay","ams.uy@live.com","+598.91800001","","Alberto Martin Scasso Volonte","AMS CO.","Guayaqui 3425","Montevideo","Montevideo","11000","Uruguay","ams.uy@live.com","+598.91800001","","","","","","","","","","","","dns1.hostingenlaweb.com","ns1-diagonal.hostingenlaweb.com","ns1-gaucho.hostingenlaweb.com","ns1-uy.hostingenlaweb.com","clientTransferProhibited","","",""
"20","spainportugal2030.com","2019-12-03 16:10:24","2019-12-01","2019-12-01","2020-12-01","303","PDR Ltd. d/b/a PublicDomainRegistry.com","whois.publicdomainregistry.com","http://www.publicdomainregistry.com","Alberto Martin Scasso Volonte","AMS CO.","Guayaqui 3425","Montevideo","Montevideo","11000","Uruguay","ams.uy@live.com","+598.91800001","","Alberto Martin Scasso Volonte","AMS CO.","Guayaqui 3425","Montevideo","Montevideo","11000","Uruguay","ams.uy@live.com","+598.91800001","","Alberto Martin Scasso Volonte","AMS CO.","Guayaqui 3425","Montevideo","Montevideo","11000","Uruguay","ams.uy@live.com","+598.91800001","","","","","","","","","","","","dns1.hostingenlaweb.com","ns1-diagonal.hostingenlaweb.com","ns1-gaucho.hostingenlaweb.com","ns1-uy.hostingenlaweb.com","clientTransferProhibited","","",""
"21","tostadocafe.com","2019-12-03 15:38:13","2019-12-02","2019-12-02","2020-12-02","69","Tucows Domains Inc.","whois.tucows.com","http://domainhelp.opensrs.net","REDACTED FOR PRIVACY","REDACTED FOR PRIVACY","REDACTED FOR PRIVACY","REDACTED FOR PRIVACY","XX","REDACTED FOR PRIVACY","Uruguay","","REDACTED FOR PRIVACY","REDACTED FOR PRIVACY","REDACTED FOR PRIVACY","REDACTED FOR PRIVACY","REDACTED FOR PRIVACY","REDACTED FOR PRIVACY","REDACTED FOR PRIVACY","REDACTED FOR PRIVACY","REDACTED FOR PRIVACY","","REDACTED FOR PRIVACY","REDACTED FOR PRIVACY","REDACTED FOR PRIVACY","REDACTED FOR PRIVACY","REDACTED FOR PRIVACY","REDACTED FOR PRIVACY","REDACTED FOR PRIVACY","REDACTED FOR PRIVACY","REDACTED FOR PRIVACY","","REDACTED FOR PRIVACY","REDACTED FOR PRIVACY","","","","","","","","","","","ns1.us210.siteground.us","ns2.us210.siteground.us","","","clientTransferProhibited","clientUpdateProhibited","",""
"22","trouvojobs.com","2019-12-03 18:19:19","2019-12-02","2019-12-02","2020-12-02","146","GoDaddy.com, LLC","whois.godaddy.com","http://registrar.godaddy.com","Joan Diaz","buscojobs","Pza. Independencia 749 piso 2","Montevideo","Montevideo","11000","Uruguay","administrator@buscojobs.com","+598.29034151","","Joan Diaz","buscojobs","Pza. Independencia 749 piso 2","Montevideo","Montevideo","11000","Uruguay","administrator@buscojobs.com","+598.29034151","","Joan Diaz","buscojobs","Pza. Independencia 749 piso 2","Montevideo","Montevideo","11000","Uruguay","administrator@buscojobs.com","+598.29034151","","","","","","","","","","","","pdns11.domaincontrol.com","pdns12.domaincontrol.com","","","clientDeleteProhibited","clientRenewProhibited","clientTransferProhibited","clientUpdateProhibited"
"23","uruguaygifts.com","2019-12-03 17:00:23","2019-12-02","2019-12-02","2020-12-02","1388","Dattatec.com SRL","whois.dattatec.com","http://www.dattatec.com","Santiago Gaitan","Santiago Gaitan","Francisco Bauza 3310","Montevideo","Montevideo","11300","Uruguay","gaitan@wdigital.net","+2.6288085","","Santiago Gaitan","Santiago Gaitan","Francisco Bauza 3310","Montevideo","Montevideo","11300","Uruguay","gaitan@wdigital.net","+2.6288085","","Santiago Gaitan","Santiago Gaitan","Francisco Bauza 3310","Montevideo","Montevideo","11300","Uruguay","gaitan@wdigital.net","+2.6288085","","","","","","","","","","","","ns1.donweb.cl","ns1.donweb.co","ns1.donweb.mx","ns1.donweb.uy","OK","","",""