"num","domain_name","query_time","create_date","update_date","expiry_date","domain_registrar_id","domain_registrar_name","domain_registrar_whois","domain_registrar_url","registrant_name","registrant_company","registrant_address","registrant_city","registrant_state","registrant_zip","registrant_country","registrant_email","registrant_phone","registrant_fax","administrative_name","administrative_company","administrative_address","administrative_city","administrative_state","administrative_zip","administrative_country","administrative_email","administrative_phone","administrative_fax","technical_name","technical_company","technical_address","technical_city","technical_state","technical_zip","technical_country","technical_email","technical_phone","technical_fax","billing_name","billing_company","billing_address","billing_city","billing_state","billing_zip","billing_country","billing_email","billing_phone","billing_fax","name_server_1","name_server_2","name_server_3","name_server_4","domain_status_1","domain_status_2","domain_status_3","domain_status_4"
"1","2cantos.com","2019-12-03 15:11:04","2019-12-02","2019-12-02","2020-12-02","146","GoDaddy.com, LLC","whois.godaddy.com","http://registrar.godaddy.com","2cantos","2cantos","","","DC","","US Virgin Islands","","","","","","","","","","","","","","","","","","","","","","","","","","","","","","","","","","ns21.domaincontrol.com","ns22.domaincontrol.com","","","clientDeleteProhibited","clientRenewProhibited","clientTransferProhibited","clientUpdateProhibited"
"2","freeversebooks.com","2019-12-03 15:47:19","2019-12-02","2019-12-02","2021-12-02","146","GoDaddy.com, LLC","whois.godaddy.com","http://registrar.godaddy.com","","","","","SC","","US Virgin Islands","","","","","","","","","","","","","","","","","","","","","","","","","","","","","","","","","","ns27.domaincontrol.com","ns28.domaincontrol.com","","","clientDeleteProhibited","clientRenewProhibited","clientTransferProhibited","clientUpdateProhibited"
"3","freeversepublishing.com","2019-12-03 17:40:52","2019-12-02","2019-12-02","2021-12-02","146","GoDaddy.com, LLC","whois.godaddy.com","http://registrar.godaddy.com","","","","","SC","","US Virgin Islands","","","","","","","","","","","","","","","","","","","","","","","","","","","","","","","","","","ns27.domaincontrol.com","ns28.domaincontrol.com","","","clientDeleteProhibited","clientRenewProhibited","clientTransferProhibited","clientUpdateProhibited"
"4","majestyhorizon.com","2019-12-03 16:42:14","2019-12-02","2019-12-02","2020-12-02","48","eNom, Inc.","whois.enom.com","http://www.enom.com","REDACTED FOR PRIVACY","REDACTED FOR PRIVACY","REDACTED FOR PRIVACY","REDACTED FOR PRIVACY","Virgin Islands","REDACTED FOR PRIVACY","US Virgin Islands","","REDACTED FOR PRIVACY","REDACTED FOR PRIVACY","REDACTED FOR PRIVACY","REDACTED FOR PRIVACY","REDACTED FOR PRIVACY","REDACTED FOR PRIVACY","REDACTED FOR PRIVACY","REDACTED FOR PRIVACY","REDACTED FOR PRIVACY","","REDACTED FOR PRIVACY","REDACTED FOR PRIVACY","REDACTED FOR PRIVACY","REDACTED FOR PRIVACY","REDACTED FOR PRIVACY","REDACTED FOR PRIVACY","REDACTED FOR PRIVACY","REDACTED FOR PRIVACY","REDACTED FOR PRIVACY","","REDACTED FOR PRIVACY","REDACTED FOR PRIVACY","","","","","","","","","","","ns1.a2hosting.com","ns2.a2hosting.com","ns3.a2hosting.com","ns4.a2hosting.com","addPeriod","clientTransferProhibited","",""
"5","rustbeltzen.com","2019-12-03 15:21:49","2019-12-01","2019-12-01","2020-12-01","146","GoDaddy.com, LLC","whois.godaddy.com","http://registrar.godaddy.com","","","","","CA","","US Virgin Islands","","","","","","","","","","","","","","","","","","","","","","","","","","","","","","","","","","ns27.domaincontrol.com","ns28.domaincontrol.com","","","clientDeleteProhibited","clientRenewProhibited","clientTransferProhibited","clientUpdateProhibited"
"6","volkan-guven.com","2019-12-03 18:22:19","2019-12-02","2019-12-03","2020-12-02","1636","Hostinger, UAB","whois.hostinger.com","http://www.hostinger.com","GDPR Masked","GDPR Masked","GDPR Masked GDPR Masked GDPR Masked","GDPR Masked","Zuckinge","GDPR Masked","US Virgin Islands","gdpr-masking@gdpr-masked.com","+GDPR Masked.GDPR Masked","+GDPR Masked.GDPR Masked","GDPR Masked","GDPR Masked","GDPR Masked GDPR Masked GDPR Masked","GDPR Masked","Zuckinge","GDPR Masked","US Virgin Islands","gdpr-masking@gdpr-masked.com","+GDPR Masked.GDPR Masked","+GDPR Masked.GDPR Masked","GDPR Masked","GDPR Masked","GDPR Masked GDPR Masked GDPR Masked","GDPR Masked","Zuckinge","GDPR Masked","US Virgin Islands","gdpr-masking@gdpr-masked.com","+GDPR Masked.GDPR Masked","+GDPR Masked.GDPR Masked","","","","","","","","","","","ns1.dns-parking.com","ns2.dns-parking.com","","","clientTransferProhibited","","",""