"num","domain_name","query_time","create_date","update_date","expiry_date","domain_registrar_id","domain_registrar_name","domain_registrar_whois","domain_registrar_url","registrant_name","registrant_company","registrant_address","registrant_city","registrant_state","registrant_zip","registrant_country","registrant_email","registrant_phone","registrant_fax","administrative_name","administrative_company","administrative_address","administrative_city","administrative_state","administrative_zip","administrative_country","administrative_email","administrative_phone","administrative_fax","technical_name","technical_company","technical_address","technical_city","technical_state","technical_zip","technical_country","technical_email","technical_phone","technical_fax","billing_name","billing_company","billing_address","billing_city","billing_state","billing_zip","billing_country","billing_email","billing_phone","billing_fax","name_server_1","name_server_2","name_server_3","name_server_4","domain_status_1","domain_status_2","domain_status_3","domain_status_4"
"1","2fast2food.com","2019-12-03 15:24:31","2019-12-02","2019-12-02","2020-12-02","146","GoDaddy.com, LLC","whois.godaddy.com","http://registrar.godaddy.com","Mega Byte, C.A.","Mega Byte, C.A.","","","Carabobo","","Venezuela","","","","","","","","","","","","","","","","","","","","","","","","","","","","","","","","","","ns27.domaincontrol.com","ns28.domaincontrol.com","","","clientDeleteProhibited","clientRenewProhibited","clientTransferProhibited","clientUpdateProhibited"
"2","4tamexinek.com","2019-12-03 18:26:36","2019-12-02","2019-12-02","2020-12-02","303","PDR Ltd. d/b/a PublicDomainRegistry.com","whois.publicdomainregistry.com","http://www.publicdomainregistry.com","Edgardo Navas","","Calle Guaicaipuro","Tucupido","Guarico","2350","Venezuela","cr603636@gmail.com","+58.4160425942","","Edgardo Navas","","Calle Guaicaipuro","Tucupido","Guarico","2350","Venezuela","cr603636@gmail.com","+58.4160425942","","Edgardo Navas","","Calle Guaicaipuro","Tucupido","Guarico","2350","Venezuela","cr603636@gmail.com","+58.4160425942","","","","","","","","","","","","ns3.puntohost.com","ns4.puntohost.com","","","clientTransferProhibited","","",""
"3","a-s-services.com","2019-12-03 16:38:49","2019-12-02","2019-12-02","2020-12-02","303","PDR Ltd. d/b/a PublicDomainRegistry.com","whois.publicdomainregistry.com","http://www.publicdomainregistry.com","Akuaro  Ship Service CA","Akuaro Ship Service, C.A.","CC Manza, tercer piso, oficina 23C","Puerto Cabello","Carabobo","2050","Venezuela","akuaroshipca@gmail.com","+58.4144150666","","Akuaro  Ship Service CA","Akuaro Ship Service, C.A.","CC Manza, tercer piso, oficina 23C","Puerto Cabello","Carabobo","2050","Venezuela","akuaroshipca@gmail.com","+58.4144150666","","Akuaro  Ship Service CA","Akuaro Ship Service, C.A.","CC Manza, tercer piso, oficina 23C","Puerto Cabello","Carabobo","2050","Venezuela","akuaroshipca@gmail.com","+58.4144150666","","","","","","","","","","","","ns5.conectarhosting.com","ns6.conectarhosting.com","","","clientTransferProhibited","","",""
"4","accesofirmadigital.com","2019-12-03 17:52:39","2019-12-02","2019-12-02","2020-12-02","303","PDR Ltd. d/b/a PublicDomainRegistry.com","whois.publicdomainregistry.com","http://www.publicdomainregistry.com","Angel Martinez","R&R Info","Puntarenas, Fraycasiano ,Barrio San Luis","San Jose","Puntarenas","6010","Venezuela","angelmartinezlazo56@gmail.com","+506.70944372","","Angel Martinez","R&R Info","Puntarenas, Fraycasiano ,Barrio San Luis","San Jose","Puntarenas","6010","Venezuela","angelmartinezlazo56@gmail.com","+506.70944372","","Angel Martinez","R&R Info","Puntarenas, Fraycasiano ,Barrio San Luis","San Jose","Puntarenas","6010","Venezuela","angelmartinezlazo56@gmail.com","+506.70944372","","","","","","","","","","","","matrix1.adclichosting.com","matrix2.adclichosting.com","","","clientTransferProhibited","","",""
"5","angelechenagucia.com","2019-12-03 16:12:39","2019-12-02","2019-12-02","2020-12-02","146","GoDaddy.com, LLC","whois.godaddy.com","http://registrar.godaddy.com","","","","","Distrito Capital","","Venezuela","","","","","","","","","","","","","","","","","","","","","","","","","","","","","","","","","","ns27.domaincontrol.com","ns28.domaincontrol.com","","","clientDeleteProhibited","clientRenewProhibited","clientTransferProhibited","clientUpdateProhibited"
"6","camiladelasrosas.com","2019-12-03 15:47:27","2019-12-02","2019-12-02","2021-12-02","146","GoDaddy.com, LLC","whois.godaddy.com","http://registrar.godaddy.com","","","","","Miranda","","Venezuela","","","","","","","","","","","","","","","","","","","","","","","","","","","","","","","","","","ns27.domaincontrol.com","ns28.domaincontrol.com","","","clientDeleteProhibited","clientRenewProhibited","clientTransferProhibited","clientUpdateProhibited"
"7","cdelasrosas.com","2019-12-03 16:08:25","2019-12-02","2019-12-02","2020-12-02","146","GoDaddy.com, LLC","whois.godaddy.com","http://registrar.godaddy.com","","","","","Miranda","","Venezuela","","","","","","","","","","","","","","","","","","","","","","","","","","","","","","","","","","ns27.domaincontrol.com","ns28.domaincontrol.com","","","clientDeleteProhibited","clientRenewProhibited","clientTransferProhibited","clientUpdateProhibited"
"8","ceramicalibre.com","2019-12-03 16:45:05","2019-12-02","2019-12-02","2020-12-02","76","Nominalia Internet S.L.","whois.nominalia.com","http://www.nominalia.com","REDACTED FOR PRIVACY","REDACTED FOR PRIVACY","REDACTED FOR PRIVACY","REDACTED FOR PRIVACY","Zulia","REDACTED FOR PRIVACY","Venezuela","","REDACTED.FORPRIVACY","REDACTED.FORPRIVACY","REDACTED FOR PRIVACY","REDACTED FOR PRIVACY","REDACTED FOR PRIVACY","REDACTED FOR PRIVACY","Zulia","REDACTED FOR PRIVACY","Venezuela","","REDACTED.FORPRIVACY","REDACTED.FORPRIVACY","REDACTED FOR PRIVACY","REDACTED FOR PRIVACY","REDACTED FOR PRIVACY","REDACTED FOR PRIVACY","Barcelona","REDACTED FOR PRIVACY","Spain","","REDACTED.FORPRIVACY","REDACTED.FORPRIVACY","","","","","","","","","","","dns1.nominalia.com","dns2.nominalia.com","","","OK","","",""
"9","corpoalarmsecurity.com","2019-12-03 14:42:25","2019-12-02","2019-12-02","2020-12-02","303","PDR Ltd. d/b/a PublicDomainRegistry.com","whois.publicdomainregistry.com","http://www.publicdomainregistry.com","Luis emilio Rodriguez hidalgo","","Carrera 5 entre calles 5 y 6, centro de Urena","Urena","Tachira","5048","Venezuela","emilio.2807@gmail.com","+58.4127862645","","Luis emilio Rodriguez hidalgo","","Carrera 5 entre calles 5 y 6, centro de Urena","Urena","Tachira","5048","Venezuela","emilio.2807@gmail.com","+58.4127862645","","Luis emilio Rodriguez hidalgo","","Carrera 5 entre calles 5 y 6, centro de Urena","Urena","Tachira","5048","Venezuela","emilio.2807@gmail.com","+58.4127862645","","","","","","","","","","","","ns19.conectarhosting.com","ns20.conectarhosting.com","","","clientTransferProhibited","","",""
"10","corporacionagroalimentoslostresgrandes.com","2019-12-03 15:31:42","2019-12-02","2019-12-02","2020-12-02","303","PDR Ltd. d/b/a PublicDomainRegistry.com","whois.publicdomainregistry.com","http://www.publicdomainregistry.com","Vito Sanchez","Kyv","Zona industrial","Valencia","Valencia","0241","Venezuela","quaranta97@outlook.com","+58.4142946008","","Vito Sanchez","Kyv","Zona industrial","Valencia","Valencia","0241","Venezuela","quaranta97@outlook.com","+58.4142946008","","Vito Sanchez","Kyv","Zona industrial","Valencia","Valencia","0241","Venezuela","quaranta97@outlook.com","+58.4142946008","","","","","","","","","","","","ns10.neboxhost.com","ns11.neboxhost.com","","","clientTransferProhibited","","",""
"11","diariodemillonarios.com","2019-12-03 17:18:07","2019-12-02","2019-12-02","2020-12-02","1005","NetEarth One Inc. d/b/a NetEarth","whois.advancedregistrar.com","http://www.netearthone.com","emmily maduro","stellar publicidad","Av el rosario, quinta cemela, los chorros","caracas","Miranda","1070","Venezuela","emaduro2307@gmail.com","+58.4242899730","","emmily maduro","stellar publicidad","Av el rosario, quinta cemela, los chorros","caracas","Miranda","1070","Venezuela","emaduro2307@gmail.com","+58.4242899730","","emmily maduro","stellar publicidad","Av el rosario, quinta cemela, los chorros","caracas","Miranda","1070","Venezuela","emaduro2307@gmail.com","+58.4242899730","","","","","","","","","","","","net-ns1.banahosting.com","net-ns2.banahosting.com","net-ns3.banahosting.com","net-ns4.banahosting.com","clientTransferProhibited","","",""
"12","fundacionsomoselson.com","2019-12-03 17:38:05","2019-12-02","2019-12-02","2020-12-02","303","PDR Ltd. d/b/a PublicDomainRegistry.com","whois.publicdomainregistry.com","http://www.publicdomainregistry.com","Juan Hernandez","Somos el Son","Caracas","Caracas","Distrito Capital","1010","Venezuela","somoselson@gmail.com","+58.04120123044","","Juan Hernandez","Somos el Son","Caracas","Caracas","Distrito Capital","1010","Venezuela","somoselson@gmail.com","+58.04120123044","","Juan Hernandez","Somos el Son","Caracas","Caracas","Distrito Capital","1010","Venezuela","somoselson@gmail.com","+58.04120123044","","","","","","","","","","","","ns7.globalhostla.com","ns8.globalhostla.com","","","clientTransferProhibited","","",""
"13","gomarkethinkagency.com","2019-12-03 18:26:25","2019-12-02","2019-12-02","2020-12-02","955","Launchpad, Inc.","whois.launchpad.com","http://www.launchpad.com","Daniel Pimentel","None","Sabana grande, av. solano","Caracas","W","1050","Venezuela","gomarkethinkagency@gmail.com","+58.4141719543","","Daniel Pimentel","None","Sabana grande, av. solano","Caracas","W","1050","Venezuela","gomarkethinkagency@gmail.com","+58.4141719543","","Daniel Pimentel","None","Sabana grande, av. solano","Caracas","W","1050","Venezuela","gomarkethinkagency@gmail.com","+58.4141719543","","","","","","","","","","","","ns8293.hostgator.com","ns8294.hostgator.com","","","clientTransferProhibited","","",""
"14","grupocinc.com","2019-12-03 16:07:41","2019-12-01","2019-12-01","2020-12-01","625","Name.com, Inc.","whois.name.com","http://www.name.com","Arnoldo Eloy Benitez Rivas","ArnoldoEloy.Net","Sucre","Cagua","Aragua","2122","Venezuela","arnoldoeloy@gmail.com","+58.4124672420","","Arnoldo Eloy Benitez Rivas","ArnoldoEloy.Net","Sucre","Cagua","Aragua","2122","Venezuela","arnoldoeloy@gmail.com","+58.4124672420","","Arnoldo Eloy Benitez Rivas","ArnoldoEloy.Net","Sucre","Cagua","Aragua","2122","Venezuela","arnoldoeloy@gmail.com","+58.4124672420","","","","","","","","","","","","dns2004a.trouble-free.net","dns2004b.trouble-free.net","","","addPeriod","clientTransferProhibited","",""
"15","investmentsvenezuela.com","2019-12-03 15:20:27","2019-12-02","2019-12-02","2020-12-02","2","Network Solutions, LLC","whois.networksolutions.com","http://networksolutions.com","Sucre, Alejandro","Crece Pymes","Qta. 330, Ave. Sur, Calle B7-1","Caracas","Miranda","1080","Venezuela","alexsucre@hotmail.com","+58.17789532808","","Sucre, Alejandro","Crece Pymes","Qta. 330, Ave. Sur, Calle B7-1","Caracas","Miranda","1080","Venezuela","alexsucre@hotmail.com","+58.17789532808","","Sucre, Alejandro","Crece Pymes","Qta. 330, Ave. Sur, Calle B7-1","Caracas","Miranda","1080","Venezuela","alexsucre@hotmail.com","+58.17789532808","","","","","","","","","","","","ns89.worldnic.com","ns90.worldnic.com","","","clientTransferProhibited","","",""
"16","lucenttech.club","2019-12-03 17:53:09","2019-12-02","2019-12-02","2020-12-02","146","GoDaddy.com, LLC","whois.godaddy.com","http://registrar.godaddy.com","Lucent Technologies Venezuela, S.A.","Lucent Technologies Venezuela, S.A.","","","Miranda","","Venezuela","","","","","","","","","","","","","","","","","","","","","","","","","","","","","","","","","","ns27.domaincontrol.com","ns28.domaincontrol.com","","","addPeriod","clientDeleteProhibited","clientRenewProhibited","clientTransferProhibited"
"17","minerasantodomingoaugold.com","2019-12-03 17:02:57","2019-12-02","2019-12-02","2020-12-02","303","PDR Ltd. d/b/a PublicDomainRegistry.com","whois.publicdomainregistry.com","http://www.publicdomainregistry.com","Wilver Antonio Santoyo Curbata","Arte Flims C.A.","Sector Palo Sano","boca de uchire","Anzoategui","6005","Venezuela","privacydomain@arteflims.net.ve","+58.4147960654","","Wilver Antonio Santoyo Curbata","Arte Flims C.A.","Sector Palo Sano","boca de uchire","Anzoategui","6005","Venezuela","privacydomain@arteflims.net.ve","+58.4147960654","","Wilver Antonio Santoyo Curbata","Arte Flims C.A.","Sector Palo Sano","boca de uchire","Anzoategui","6005","Venezuela","privacydomain@arteflims.net.ve","+58.4147960654","","","","","","","","","","","","ns15.netcrohosting.com","ns16.netcrohosting.com","","","clientTransferProhibited","","",""
"18","morelynx.com","2019-12-03 17:55:36","2019-12-02","2019-12-02","2020-12-02","303","PDR Ltd. d/b/a PublicDomainRegistry.com","whois.publicdomainregistry.com","http://www.publicdomainregistry.com","Daniel Reyes","Daniel Reyes","Urb. Las Minas Calle Los Alpes","san antonio de los altos","Miranda","1204","Venezuela","cassuma@gmail.com","+58.2123261662","+58.2123261662","Daniel Reyes","Daniel Reyes","Urb. Las Minas Calle Los Alpes","san antonio de los altos","Miranda","1204","Venezuela","cassuma@gmail.com","+58.2123261662","+58.2123261662","Daniel Reyes","Daniel Reyes","Urb. Las Minas Calle Los Alpes","san antonio de los altos","Miranda","1204","Venezuela","cassuma@gmail.com","+58.2123261662","+58.2123261662","","","","","","","","","","","sid.ns.cloudflare.com","uma.ns.cloudflare.com","","","clientTransferProhibited","","",""
"19","morelynx.net","2019-12-03 18:30:27","2019-12-02","2019-12-02","2020-12-02","303","PDR Ltd. d/b/a PublicDomainRegistry.com","whois.publicdomainregistry.com","http://www.publicdomainregistry.com","Daniel Reyes","Daniel Reyes","Urb. Las Minas Calle Los Alpes","san antonio de los altos","Miranda","1204","Venezuela","cassuma@gmail.com","+58.2123261662","+58.2123261662","Daniel Reyes","Daniel Reyes","Urb. Las Minas Calle Los Alpes","san antonio de los altos","Miranda","1204","Venezuela","cassuma@gmail.com","+58.2123261662","+58.2123261662","Daniel Reyes","Daniel Reyes","Urb. Las Minas Calle Los Alpes","san antonio de los altos","Miranda","1204","Venezuela","cassuma@gmail.com","+58.2123261662","+58.2123261662","","","","","","","","","","","sid.ns.cloudflare.com","uma.ns.cloudflare.com","","","clientTransferProhibited","","",""
"20","morena2021.com","2019-12-03 16:31:40","2019-12-02","2019-12-02","2020-12-02","303","PDR Ltd. d/b/a PublicDomainRegistry.com","whois.publicdomainregistry.com","http://www.publicdomainregistry.com","jose martinez","viral netk","social media manager","maracay","aragua","2103","Venezuela","josemtz_47@hotmail.com","+58.4168453902","","jose martinez","viral netk","social media manager","maracay","aragua","2103","Venezuela","josemtz_47@hotmail.com","+58.4168453902","","jose martinez","viral netk","social media manager","maracay","aragua","2103","Venezuela","josemtz_47@hotmail.com","+58.4168453902","","","","","","","","","","","","ns1.dnsflexy.net","ns2.dnsflexy.net","ns3.dnsflexy.net","ns4.dnsflexy.net","clientTransferProhibited","","",""
"21","mundoclover.com","2019-12-03 16:01:44","2019-12-02","2019-12-01","2020-12-02","1388","Dattatec.com SRL","whois.dattatec.com","http://www.dattatec.com","Luis Cordero","Luis Cordero","CALLE ARISMENDI","LECHERIA","ANZOATEGUI","2000","Venezuela","corderochang@gmail.com","+58.3058775","","Luis Cordero","Luis Cordero","CALLE ARISMENDI","LECHERIA","ANZOATEGUI","2000","Venezuela","corderochang@gmail.com","+58.3058775","","Luis Cordero","Luis Cordero","CALLE ARISMENDI","LECHERIA","ANZOATEGUI","2000","Venezuela","corderochang@gmail.com","+58.3058775","","","","","","","","","","","","ns1.donweb.cl","ns1.donweb.co","ns1.donweb.mx","ns1.donweb.uy","OK","","",""
"22","narcolandia.com","2019-12-03 18:37:06","2019-12-01","2019-12-01","2020-12-01","146","GoDaddy.com, LLC","whois.godaddy.com","http://registrar.godaddy.com","Personal","Personal","","","Aragua","","Venezuela","","","","","","","","","","","","","","","","","","","","","","","","","","","","","","","","","","ns27.domaincontrol.com","ns28.domaincontrol.com","","","clientDeleteProhibited","clientRenewProhibited","clientTransferProhibited","clientUpdateProhibited"
"23","natbynataliaperez.com","2019-12-03 18:13:00","2019-12-02","2019-12-02","2020-12-02","146","GoDaddy.com, LLC","whois.godaddy.com","http://registrar.godaddy.com","","","","","Miranda","","Venezuela","","","","","","","","","","","","","","","","","","","","","","","","","","","","","","","","","","ns27.domaincontrol.com","ns28.domaincontrol.com","","","clientDeleteProhibited","clientRenewProhibited","clientTransferProhibited","clientUpdateProhibited"
"24","nelavivas.com","2019-12-03 18:39:44","2019-12-02","2019-12-02","2020-12-02","1636","Hostinger, UAB","whois.hostinger.com","http://www.hostinger.com","Marianela Vivas","Marianela Vivas","Urb. Valle Alto, circunvalacion 2.","Maracaibo","Zulia","4001","Venezuela","lehuertad95@gmail.com","+57.3058094689","","Marianela Vivas","Marianela Vivas","Urb. Valle Alto, circunvalacion 2.","Maracaibo","Zulia","4001","Venezuela","lehuertad95@gmail.com","+57.3058094689","","Marianela Vivas","Marianela Vivas","Urb. Valle Alto, circunvalacion 2.","Maracaibo","Zulia","4001","Venezuela","lehuertad95@gmail.com","+57.3058094689","","","","","","","","","","","","ns1.dns-parking.com","ns2.dns-parking.com","","","clientTransferProhibited","","",""
"25","observacionyconsciencia.com","2019-12-03 14:36:04","2019-12-02","2019-12-02","2020-12-02","1647","Hosting Concepts B.V. dba Openprovider","whois.registrar.eu","http://www.openprovider.com","REDACTED FOR PRIVACY","","REDACTED FOR PRIVACY","REDACTED FOR PRIVACY","distrito capital","REDACTED FOR PRIVACY","Venezuela","","REDACTED FOR PRIVACY","REDACTED FOR PRIVACY","REDACTED FOR PRIVACY","REDACTED FOR PRIVACY","REDACTED FOR PRIVACY","REDACTED FOR PRIVACY","REDACTED FOR PRIVACY","REDACTED FOR PRIVACY","REDACTED FOR PRIVACY","","REDACTED FOR PRIVACY","REDACTED FOR PRIVACY","REDACTED FOR PRIVACY","REDACTED FOR PRIVACY","REDACTED FOR PRIVACY","REDACTED FOR PRIVACY","REDACTED FOR PRIVACY","REDACTED FOR PRIVACY","REDACTED FOR PRIVACY","","REDACTED FOR PRIVACY","REDACTED FOR PRIVACY","","","","","","","","","","","dns1.sered.net","dns2.sered.net","dns3.sered.net","dns4.sered.net","clientTransferProhibited","ok","",""
"26","paulfrangieh.com","2019-12-03 18:56:57","2019-12-02","2019-12-02","2020-12-02","303","PDR Ltd. d/b/a PublicDomainRegistry.com","whois.publicdomainregistry.com","http://www.publicdomainregistry.com","Paul Frangieh","","Av 10 Complejo Residencial El Rosal Torre Norte I piso 11 Apto A","Maracaibo","Zulia","1040","Venezuela","paulfrangieh@hotmail.com","+58.4246600400","","Paul Frangieh","","Av 10 Complejo Residencial El Rosal Torre Norte I piso 11 Apto A","Maracaibo","Zulia","1040","Venezuela","paulfrangieh@hotmail.com","+58.4246600400","","Paul Frangieh","","Av 10 Complejo Residencial El Rosal Torre Norte I piso 11 Apto A","Maracaibo","Zulia","1040","Venezuela","paulfrangieh@hotmail.com","+58.4246600400","","","","","","","","","","","","ns5.conectarhosting.com","ns6.conectarhosting.com","","","clientTransferProhibited","","",""
"27","ricardomaslara.com","2019-12-03 14:16:05","2019-12-02","2019-12-02","2020-12-02","303","PDR Ltd. d/b/a PublicDomainRegistry.com","whois.publicdomainregistry.com","http://www.publicdomainregistry.com","Paul Frangieh","","Av 10 Complejo Residencial El Rosal Torre Norte I piso 11 Apto A","Maracaibo","Zulia","1040","Venezuela","paulfrangieh@hotmail.com","+58.4246600400","","Paul Frangieh","","Av 10 Complejo Residencial El Rosal Torre Norte I piso 11 Apto A","Maracaibo","Zulia","1040","Venezuela","paulfrangieh@hotmail.com","+58.4246600400","","Paul Frangieh","","Av 10 Complejo Residencial El Rosal Torre Norte I piso 11 Apto A","Maracaibo","Zulia","1040","Venezuela","paulfrangieh@hotmail.com","+58.4246600400","","","","","","","","","","","","ns10.conectarhosting.com","ns9.conectarhosting.com","","","clientTransferProhibited","","",""
"28","vapeospot.com","2019-12-03 17:24:09","2019-12-02","2019-12-02","2020-12-02","3817","Wix.com Ltd.","","","Rino Napolitano","VAPEO SPOT","centro comercial manzanares plazas","caracas","","1070","Venezuela","vapeospot.com@wix-domains.com","+1.4159496022","","Rino Napolitano","VAPEO SPOT","centro comercial manzanares plazas","caracas","","1070","Venezuela","rino.napolitano@outlook.com","+58.4246420138","","Rino Napolitano","VAPEO SPOT","centro comercial manzanares plazas","caracas","","1070","Venezuela","rino.napolitano@outlook.com","+58.4246420138","","","","","","","","","","","","ns4.wixdns.net","ns5.wixdns.net","","","clientTransferProhibited","clientUpdateProhibited","",""
"29","venezuelalotienetodo.com","2019-12-03 17:52:06","2019-12-02","2019-12-02","2020-12-02","303","PDR Ltd. d/b/a PublicDomainRegistry.com","whois.publicdomainregistry.com","http://www.publicdomainregistry.com","Fundacion Gato Rojo","FUNDAGAR","calle guaicaipuro edif la estrella piso 2 local 7 Urb el pueblo","los teques","miranda","1204","Venezuela","fgatorojo@gmail.com","+58.2125642015","","Fundacion Gato Rojo","FUNDAGAR","calle guaicaipuro edif la estrella piso 2 local 7 Urb el pueblo","los teques","miranda","1204","Venezuela","fgatorojo@gmail.com","+58.2125642015","","Fundacion Gato Rojo","FUNDAGAR","calle guaicaipuro edif la estrella piso 2 local 7 Urb el pueblo","los teques","miranda","1204","Venezuela","fgatorojo@gmail.com","+58.2125642015","","","","","","","","","","","","ns7.tepuyserver.net","ns8.tepuyserver.net","","","clientTransferProhibited","","",""