"num","domain_name","query_time","create_date","update_date","expiry_date","domain_registrar_id","domain_registrar_name","domain_registrar_whois","domain_registrar_url","registrant_name","registrant_company","registrant_address","registrant_city","registrant_state","registrant_zip","registrant_country","registrant_email","registrant_phone","registrant_fax","administrative_name","administrative_company","administrative_address","administrative_city","administrative_state","administrative_zip","administrative_country","administrative_email","administrative_phone","administrative_fax","technical_name","technical_company","technical_address","technical_city","technical_state","technical_zip","technical_country","technical_email","technical_phone","technical_fax","billing_name","billing_company","billing_address","billing_city","billing_state","billing_zip","billing_country","billing_email","billing_phone","billing_fax","name_server_1","name_server_2","name_server_3","name_server_4","domain_status_1","domain_status_2","domain_status_3","domain_status_4"
"1","aeyemen.com","2019-12-03 16:50:06","2019-12-02","2019-12-02","2020-12-02","48","eNom, Inc.","whois.enom.com","http://www.enom.com","REDACTED FOR PRIVACY","REDACTED FOR PRIVACY","REDACTED FOR PRIVACY","REDACTED FOR PRIVACY","Sanaa","REDACTED FOR PRIVACY","Yemen","","REDACTED FOR PRIVACY","REDACTED FOR PRIVACY","REDACTED FOR PRIVACY","REDACTED FOR PRIVACY","REDACTED FOR PRIVACY","REDACTED FOR PRIVACY","REDACTED FOR PRIVACY","REDACTED FOR PRIVACY","REDACTED FOR PRIVACY","","REDACTED FOR PRIVACY","REDACTED FOR PRIVACY","REDACTED FOR PRIVACY","REDACTED FOR PRIVACY","REDACTED FOR PRIVACY","REDACTED FOR PRIVACY","REDACTED FOR PRIVACY","REDACTED FOR PRIVACY","REDACTED FOR PRIVACY","","REDACTED FOR PRIVACY","REDACTED FOR PRIVACY","","","","","","","","","","","ns1000.mochahost.com","ns2000.mochahost.com","","","addPeriod","clientTransferProhibited","",""
"2","alsabeqlight.com","2019-12-03 14:15:48","2019-12-02","2019-12-02","2020-12-02","886","Domain.com, LLC","whois.domain.com","http://www.domain.com","REDACTED FOR PRIVACY","REDACTED FOR PRIVACY","REDACTED FOR PRIVACY","REDACTED FOR PRIVACY","NA","REDACTED FOR PRIVACY","Yemen","","REDACTED FOR PRIVACY","REDACTED FOR PRIVACY","REDACTED FOR PRIVACY","REDACTED FOR PRIVACY","REDACTED FOR PRIVACY","REDACTED FOR PRIVACY","REDACTED FOR PRIVACY","REDACTED FOR PRIVACY","REDACTED FOR PRIVACY","","REDACTED FOR PRIVACY","REDACTED FOR PRIVACY","REDACTED FOR PRIVACY","REDACTED FOR PRIVACY","REDACTED FOR PRIVACY","REDACTED FOR PRIVACY","REDACTED FOR PRIVACY","REDACTED FOR PRIVACY","REDACTED FOR PRIVACY","","REDACTED FOR PRIVACY","REDACTED FOR PRIVACY","","","","","","","","","","","ns1.ipage.com","ns2.ipage.com","","","","","",""
"3","hanager.net","2019-12-03 15:16:27","2019-12-02","2019-12-02","2020-12-02","625","Name.com, Inc.","whois.name.com","http://www.name.com","mahmood sharem","","taiz st.","sana'a","sana'a","00967","Yemen","p.03@hotmail.com","+967.712111656","","mahmood sharem","","taiz st.","sana'a","sana'a","00967","Yemen","hm3f.111@gmail.com","+967.712111656","","mahmood sharem","","taiz st.","sana'a","sana'a","00967","Yemen","p.03@hotmail.com","+967.712111656","","","","","","","","","","","","ns1psw.name.com","ns2dfg.name.com","ns3gxy.name.com","ns4dls.name.com","addPeriod","clientTransferProhibited","",""
"4","mxmobileinc.com","2019-12-03 15:25:33","2019-12-02","2019-12-02","2020-12-02","106","Ascio Technologies, Inc. Danmark - Filial af Ascio technologies, Inc. USA","whois.ascio.com","http://www.ascio.com","Not Disclosed","Not Disclosed","Not Disclosed","Not Disclosed","","Not Disclosed","Yemen","","Not Disclosed","Not Disclosed","Not Disclosed","Not Disclosed","Not Disclosed","Not Disclosed","Not Disclosed","Not Disclosed","Not Disclosed","","Not Disclosed","Not Disclosed","Not Disclosed","Not Disclosed","Not Disclosed","Not Disclosed","Not Disclosed","Not Disclosed","Not Disclosed","","Not Disclosed","Not Disclosed","","","","","","","","","","","dns1.123hjemmeside.dk","dns2.123hjemmeside.dk","dns3.123hjemmeside.dk","","OK","","",""
"5","o2yemen.com","2019-12-03 19:10:29","2019-12-02","2019-12-02","2020-12-02","146","GoDaddy.com, LLC","whois.godaddy.com","http://registrar.godaddy.com","","","","","sana'a","","Yemen","","","","","","","","","","","","","","","","","","","","","","","","","","","","","","","","","","ns27.domaincontrol.com","ns28.domaincontrol.com","","","clientDeleteProhibited","clientRenewProhibited","clientTransferProhibited","clientUpdateProhibited"
"6","smartsagetutoring.com","2019-12-03 16:19:04","2019-11-30","2019-12-01","2020-11-30","48","eNom, Inc.","whois.enom.com","http://www.enom.com","REDACTED FOR PRIVACY","REDACTED FOR PRIVACY","REDACTED FOR PRIVACY","REDACTED FOR PRIVACY","Sanaa","REDACTED FOR PRIVACY","Yemen","","REDACTED FOR PRIVACY","REDACTED FOR PRIVACY","REDACTED FOR PRIVACY","REDACTED FOR PRIVACY","REDACTED FOR PRIVACY","REDACTED FOR PRIVACY","REDACTED FOR PRIVACY","REDACTED FOR PRIVACY","REDACTED FOR PRIVACY","","REDACTED FOR PRIVACY","REDACTED FOR PRIVACY","REDACTED FOR PRIVACY","REDACTED FOR PRIVACY","REDACTED FOR PRIVACY","REDACTED FOR PRIVACY","REDACTED FOR PRIVACY","REDACTED FOR PRIVACY","REDACTED FOR PRIVACY","","REDACTED FOR PRIVACY","REDACTED FOR PRIVACY","","","","","","","","","","","cns7.my-hosting-panel.com","cns8.my-hosting-panel.com","","","addPeriod","clientTransferProhibited","",""
"7","takween.biz","2019-12-03 15:53:23","2019-11-29","2019-11-29","2020-11-29","625","Name.com, Inc.","whois.name.com","http://www.name.com","Raid Afif Alabsi","AlsaedaHost","Alashbt Street","Taiz","Yemen","00967","Yemen","sales@alsaeda.com","+967.771659772","","Raid Afif Alabsi","AlsaedaHost","Alashbt Street","Taiz","Yemen","00967","Yemen","sales@alsaeda.com","+967.771659772","","Raid Afif Alabsi","AlsaedaHost","Alashbt Street","Taiz","Yemen","00967","Yemen","sales@alsaeda.com","+967.771659772","","","","","","","","","","","","ns1.topyemen.org","ns2.topyemen.org","","","addPeriod","clientTransferProhibited","",""
"8","yemenxr.com","2019-12-03 15:42:44","2019-12-02","2019-12-03","2020-12-02","625","Name.com, Inc.","whois.name.com","http://www.name.com","HIMYAR ALJEDRI","YEMEN","YEMEN-SANAA","SANAA","SANAA","967","Yemen","info.samaa@gmail.com","+967.714060582","","HIMYAR ALJEDRI","YEMEN","YEMEN-SANAA","SANAA","SANAA","967","Yemen","info.samaa@gmail.com","+967.714060582","","HIMYAR ALJEDRI","YEMEN","YEMEN-SANAA","SANAA","SANAA","967","Yemen","info.samaa@gmail.com","+967.714060582","","","","","","","","","","","","ns1.samaanetwork.net","ns2.samaanetwork.net","","","addPeriod","clientTransferProhibited","",""