"num","domain_name","query_time","create_date","update_date","expiry_date","domain_registrar_id","domain_registrar_name","domain_registrar_whois","domain_registrar_url","registrant_name","registrant_company","registrant_address","registrant_city","registrant_state","registrant_zip","registrant_country","registrant_email","registrant_phone","registrant_fax","administrative_name","administrative_company","administrative_address","administrative_city","administrative_state","administrative_zip","administrative_country","administrative_email","administrative_phone","administrative_fax","technical_name","technical_company","technical_address","technical_city","technical_state","technical_zip","technical_country","technical_email","technical_phone","technical_fax","billing_name","billing_company","billing_address","billing_city","billing_state","billing_zip","billing_country","billing_email","billing_phone","billing_fax","name_server_1","name_server_2","name_server_3","name_server_4","domain_status_1","domain_status_2","domain_status_3","domain_status_4"
"1","edutechzambia.com","2019-12-03 18:10:42","2019-12-02","2019-12-02","2020-12-02","955","Launchpad, Inc.","whois.launchpad.com","http://www.launchpad.com","Bernard Mutanga","None","Ndola","Ndola","08","10101","Zambia","bernard.edutech@yahoo.com","+260.967997507","","Bernard Mutanga","None","Ndola","Ndola","08","10101","Zambia","bernard.edutech@yahoo.com","+260.967997507","","Bernard Mutanga","None","Ndola","Ndola","08","10101","Zambia","bernard.edutech@yahoo.com","+260.967997507","","","","","","","","","","","","ns8025.hostgator.com","ns8026.hostgator.com","","","clientTransferProhibited","","",""
"2","informatixzm.com","2019-12-03 17:48:01","2019-12-02","2019-12-02","2020-12-02","146","GoDaddy.com, LLC","whois.godaddy.com","http://registrar.godaddy.com","Axis Solution Pvt Ltd","Axis Solution Pvt Ltd","","","Lusaka","","Zambia","","","","","","","","","","","","","","","","","","","","","","","","","","","","","","","","","","ns27.domaincontrol.com","ns28.domaincontrol.com","","","clientDeleteProhibited","clientRenewProhibited","clientTransferProhibited","clientUpdateProhibited"
"3","mountpealven.com","2019-12-03 16:52:29","2019-12-02","2019-12-02","2020-12-02","886","Domain.com, LLC","whois.domain.com","http://www.domain.com","REDACTED FOR PRIVACY","REDACTED FOR PRIVACY","REDACTED FOR PRIVACY","REDACTED FOR PRIVACY","NA","REDACTED FOR PRIVACY","Zambia","","REDACTED FOR PRIVACY","REDACTED FOR PRIVACY","REDACTED FOR PRIVACY","REDACTED FOR PRIVACY","REDACTED FOR PRIVACY","REDACTED FOR PRIVACY","REDACTED FOR PRIVACY","REDACTED FOR PRIVACY","REDACTED FOR PRIVACY","","REDACTED FOR PRIVACY","REDACTED FOR PRIVACY","REDACTED FOR PRIVACY","REDACTED FOR PRIVACY","REDACTED FOR PRIVACY","REDACTED FOR PRIVACY","REDACTED FOR PRIVACY","REDACTED FOR PRIVACY","REDACTED FOR PRIVACY","","REDACTED FOR PRIVACY","REDACTED FOR PRIVACY","","","","","","","","","","","ns1.ipage.com","ns2.ipage.com","","","","","",""
"4","sikezm.com","2019-12-03 19:13:50","2019-12-02","2019-12-02","2020-12-02","146","GoDaddy.com, LLC","whois.godaddy.com","http://registrar.godaddy.com","Sikedelic International Ltd","Sikedelic International Ltd","","","ZAMBIA","","Zambia","","","","","","","","","","","","","","","","","","","","","","","","","","","","","","","","","","ns27.domaincontrol.com","ns28.domaincontrol.com","","","clientDeleteProhibited","clientRenewProhibited","clientTransferProhibited","clientUpdateProhibited"
"5","straightedgecon.com","2019-12-03 16:18:04","2019-12-02","2019-12-02","2020-12-02","146","GoDaddy.com, LLC","whois.godaddy.com","http://registrar.godaddy.com","","","","","LUSAKA","","Zambia","","","","","","","","","","","","","","","","","","","","","","","","","","","","","","","","","","ns27.domaincontrol.com","ns28.domaincontrol.com","","","clientDeleteProhibited","clientRenewProhibited","clientTransferProhibited","clientUpdateProhibited"
"6","vsinkalageneraldealers.com","2019-12-03 14:50:39","2019-12-01","2019-12-01","2020-12-01","3817","Wix.com Ltd.","","","VICTOR SINKALA","VICTOR SINKALA","Farm No.1202 Chisamba, Zambia","Lusaka","","10101","Zambia","vsinkalageneraldealers.com@wix-domains.com","+260.966735651","","VICTOR SINKALA","VICTOR SINKALA","Farm No.1202 Chisamba, Zambia","Lusaka","","10101","Zambia","leonardsinkala36@gmail.com","+260.966735651","","VICTOR SINKALA","VICTOR SINKALA","Farm No.1202 Chisamba, Zambia","Lusaka","","10101","Zambia","leonardsinkala36@gmail.com","+260.966735651","","","","","","","","","","","","ns14.wixdns.net","ns15.wixdns.net","","","clientTransferProhibited","clientUpdateProhibited","",""